NPC_MANGA_GREETING_30c82f62-776d-43c0-8ffd-bd82ccf5e01a	*Mentre ti avvicini, Manga è affiancato da due guardie di Earlwood, la cui presenza qui è chiaramente fuori luogo.*<x1/><x2/>"Viandante, bentornato. Questi due stavano giusto andando via."
NPC_MANGA_GREETING_4219d665-8478-4f11-b39c-5ee6a9ad7ae7	"Viandante, benvenuto. Mi sono stabilito qui e ho allestito una fucina con i mezzi a disposizione."<x1/><x2/>"Per ora è modesta, ma solida."
NPC_MANGA_GREETING_6a3b2ae1-3e3a-4f3e-b98b-418e4b55bdd5	*Manga posa il martello e ti dedica tutta la sua attenzione.*<x1/><x2/>"Viandante, sei tornato. Con delle risposte, confido. Parla. Quale verità hai strappato a questo groviglio?"
NPC_MANGA_GREETING_7b03e94d-0102-4981-9aa4-57eab891fc1e	"Eccoti di nuovo. Parla, dunque: vuoi affilare la lama o temprare i pensieri?"
NPC_MANGA_GREETING_8e29fa3c-fb49-4bce-8f91-009d1792a295	*Davanti a te si erge un minotauro alto e dalle spalle larghe, con le corna recise di netto. Al tuo avvicinarsi si volta con calma e precisione.*<x1/><x2/>“Sei tu quello di cui si parla a mezza voce. Se cerchi acciaio o parole, posso offrirti entrambi. Mi chiamo Manga.”
NPC_MANGA_GREETING_a0b8f0fa-bfa5-4a77-8c3a-e7b55f06fcd6	"Viandante, devo porre un peso sulle tue spalle. Ci era stata promessa una spedizione di armi, ormai in grave ritardo. Senza di essa siamo impreparati alle prove che ci attendono."
NPC_MANGA_GREETING_a4b16137-40cf-47c6-9667-f012438b211c	*Mentre ti avvicini, Manga rimane immobile accanto alla fucina, a braccia conserte, con lo sguardo gravato da una cupa preoccupazione.*<x1/><x2/>"Hm. Sei tornato, viandante. Cosa ti porta alla mia fucina in un momento simile?"
NPC_MANGA_PLAYER_00f5c19f-bff2-401d-a7b4-f49b01622ea3_HEROIC	Un monito. Allora dietro dev'esserci un atto vergognoso.
NPC_MANGA_PLAYER_00f5c19f-bff2-401d-a7b4-f49b01622ea3_JOKER	Un monito inciso addosso. Qualunque cosa tu abbia fatto, ha lasciato il segno.
NPC_MANGA_PLAYER_00f5c19f-bff2-401d-a7b4-f49b01622ea3_SCHOLAR	Un monito. Bisogna dunque aver commesso qualcosa di disonorevole.
NPC_MANGA_PLAYER_00f5c19f-bff2-401d-a7b4-f49b01622ea3_STOIC	Un monito. Devi aver fatto qualcosa di vergognoso.
NPC_MANGA_PLAYER_01848e8d-4e01-4f90-8783-9261b9f5b23a_BASE	"Ho completato la forgiatura runica."
NPC_MANGA_PLAYER_0486d443-c5a6-4abe-b9d7-082a3ef489cc_HEROIC	Quale forza possiede un Goblin per abbattere un Minotauro?
NPC_MANGA_PLAYER_0486d443-c5a6-4abe-b9d7-082a3ef489cc_JOKER	Come fa proprio un Goblin a stendere un Minotauro?
NPC_MANGA_PLAYER_0486d443-c5a6-4abe-b9d7-082a3ef489cc_SCHOLAR	Cosa occorrerebbe a un Goblin per abbattere un Minotauro?
NPC_MANGA_PLAYER_0486d443-c5a6-4abe-b9d7-082a3ef489cc_STOIC	Come può un Goblin abbattere un Minotauro?
NPC_MANGA_PLAYER_04e260f4-9ee9-4b78-9900-3642699366f3_HEROIC	Bene. Continua a dimostrare il tuo valore e verrò a cercarti.
NPC_MANGA_PLAYER_04e260f4-9ee9-4b78-9900-3642699366f3_JOKER	Bene. Continua a stupirmi e potrei perfino venire a cercarti.
NPC_MANGA_PLAYER_04e260f4-9ee9-4b78-9900-3642699366f3_SCHOLAR	Bene. Dimostra che non è merito di una sola giornata propizia e verrò a cercarti.
NPC_MANGA_PLAYER_04e260f4-9ee9-4b78-9900-3642699366f3_STOIC	Bene. Dimostra ancora il tuo valore. Ti cercherò.
NPC_MANGA_PLAYER_06d17702-558e-49e6-a5e8-7b4d213a8c4e_HEROIC	Hai voltato le spalle alla tua patria per un credo sconsiderato.
NPC_MANGA_PLAYER_06d17702-558e-49e6-a5e8-7b4d213a8c4e_JOKER	Hai barattato una patria con una filosofia. Valeva di più la patria.
NPC_MANGA_PLAYER_06d17702-558e-49e6-a5e8-7b4d213a8c4e_SCHOLAR	Hai abbandonato la tua patria per seguire una dottrina priva di fondamento.
NPC_MANGA_PLAYER_06d17702-558e-49e6-a5e8-7b4d213a8c4e_STOIC	Hai tradito la tua patria per una filosofia stolta.
NPC_MANGA_PLAYER_0894f3c8-e448-478a-8050-a51baaf88726_HEROIC	Sono lieto che tu abbia resistito e sia giunto fin qui.
NPC_MANGA_PLAYER_0894f3c8-e448-478a-8050-a51baaf88726_JOKER	Bello sapere che ce l'hai fatta e sei arrivato qui tutto intero.
NPC_MANGA_PLAYER_0894f3c8-e448-478a-8050-a51baaf88726_SCHOLAR	Sono lieto che tu sia sopravvissuto. Fra tutte le vie di fuga, la tua ti ha condotto qui.
NPC_MANGA_PLAYER_0894f3c8-e448-478a-8050-a51baaf88726_STOIC	Sono contento che tu sia sopravvissuto e arrivato qui.
NPC_MANGA_PLAYER_0bb54c6f-8bbd-42c0-b5f8-21f4ba46c359_HEROIC	Come giudichi la situazione?
NPC_MANGA_PLAYER_0bb54c6f-8bbd-42c0-b5f8-21f4ba46c359_JOKER	Allora, che verdetto arriva dall'incudine?
NPC_MANGA_PLAYER_0bb54c6f-8bbd-42c0-b5f8-21f4ba46c359_SCHOLAR	Qual è la tua opinione ponderata sulla questione?
NPC_MANGA_PLAYER_0bb54c6f-8bbd-42c0-b5f8-21f4ba46c359_STOIC	Come la vedi?
NPC_MANGA_PLAYER_138ab709-3b89-463a-ae5a-a2bb16666f75_HEROIC	Dove c'è spazio nel Santuario. Ti sintonizzerò con i Varchi; il resto del cammino spetta a te.
NPC_MANGA_PLAYER_138ab709-3b89-463a-ae5a-a2bb16666f75_JOKER	Ovunque nel Santuario, purché non sia la mia tenda. Ti porteranno i Varchi; io non mi carico un'incudine.
NPC_MANGA_PLAYER_138ab709-3b89-463a-ae5a-a2bb16666f75_SCHOLAR	Qualunque spiazzo nel Santuario. Ti sintonizzerò; a coprire la distanza penseranno i Varchi, non io.
NPC_MANGA_PLAYER_138ab709-3b89-463a-ae5a-a2bb16666f75_STOIC	Dove c'è spazio. Ti sintonizzerò con i Varchi.
NPC_MANGA_PLAYER_13a4faa7-63a3-42f7-8bfd-7a1fc87fd02a_HEROIC	Ammirevole. Tu resti fedele a quei valori?
NPC_MANGA_PLAYER_13a4faa7-63a3-42f7-8bfd-7a1fc87fd02a_JOKER	Ammirevole, davvero. Te li porti ancora dietro, quei valori?
NPC_MANGA_PLAYER_13a4faa7-63a3-42f7-8bfd-7a1fc87fd02a_SCHOLAR	Ammirevole. E tu? Quei valori reggono ancora, così lontano da casa?
NPC_MANGA_PLAYER_13a4faa7-63a3-42f7-8bfd-7a1fc87fd02a_STOIC	È ammirevole. Condividi ancora i loro valori?
NPC_MANGA_PLAYER_1834b1de-63ef-4c59-9fd6-29f17f75ad9e_BASE	“Ti capita mai di rimpiangere quella scelta?”
NPC_MANGA_PLAYER_183d5efe-956e-4eb8-af5b-faa1c9e00ef9_HEROIC	Certo, Manga. La tua causa avrà la mia forza ogni volta che servirà.
NPC_MANGA_PLAYER_183d5efe-956e-4eb8-af5b-faa1c9e00ef9_JOKER	Certo, Manga. Indicami chi ha bisogno di una bella dissuasione.
NPC_MANGA_PLAYER_183d5efe-956e-4eb8-af5b-faa1c9e00ef9_SCHOLAR	Certo, Manga. La mia forza è a tua disposizione: basta che tu ne esprima il bisogno.
NPC_MANGA_PLAYER_183d5efe-956e-4eb8-af5b-faa1c9e00ef9_STOIC	Certo, Manga. Puoi sempre contare sulla mia forza.
NPC_MANGA_PLAYER_1874017c-376b-45cb-9849-d14d0592e98f_HEROIC	Hai combattuto lì di persona? Allora voglio sentirne la verità.
NPC_MANGA_PLAYER_1874017c-376b-45cb-9849-d14d0592e98f_JOKER	C'eri? Dammi la versione senza i ritocchi del bardo.
NPC_MANGA_PLAYER_1874017c-376b-45cb-9849-d14d0592e98f_SCHOLAR	Ne sei stato testimone diretto? Che cosa accadde davvero laggiù?
NPC_MANGA_PLAYER_1874017c-376b-45cb-9849-d14d0592e98f_STOIC	C'eri? Cos'è successo?
NPC_MANGA_PLAYER_2353990b-b3e5-4e63-95ff-f07f26333950_HEROIC	E quale ruolo spetta alle donne?
NPC_MANGA_PLAYER_2353990b-b3e5-4e63-95ff-f07f26333950_JOKER	E le donne? Anche loro hanno diritto alle corna?
NPC_MANGA_PLAYER_2353990b-b3e5-4e63-95ff-f07f26333950_SCHOLAR	Quale considerazione è riservata alle donne?
NPC_MANGA_PLAYER_2353990b-b3e5-4e63-95ff-f07f26333950_STOIC	E le donne?
NPC_MANGA_PLAYER_23910b84-4620-497b-9d51-ce2b6c290e1e_HEROIC	A cosa serve il muro dei Treant?
NPC_MANGA_PLAYER_23910b84-4620-497b-9d51-ce2b6c290e1e_JOKER	Il muro dei Treant? Di chi è stata l'idea?
NPC_MANGA_PLAYER_23910b84-4620-497b-9d51-ce2b6c290e1e_SCHOLAR	Che cos'è il muro dei Treant e chi l'ha costruito?
NPC_MANGA_PLAYER_23910b84-4620-497b-9d51-ce2b6c290e1e_STOIC	Cosa sai del muro dei Treant?
NPC_MANGA_PLAYER_245264f1-5899-4d33-a453-2ad19a871158_HEROIC	Prima viene il bisogno. La necessità vi risponde.
NPC_MANGA_PLAYER_245264f1-5899-4d33-a453-2ad19a871158_JOKER	Buffo: il bisogno non va mai in giro senza la cugina necessità.
NPC_MANGA_PLAYER_245264f1-5899-4d33-a453-2ad19a871158_SCHOLAR	La necessità nasce direttamente dal bisogno, e l'uno rafforza l'altra.
NPC_MANGA_PLAYER_245264f1-5899-4d33-a453-2ad19a871158_STOIC	Il bisogno genera la necessità.
NPC_MANGA_PLAYER_25a6b966-6948-4a01-94ae-dfc1364101d4_HEROIC	I goblin minacciavano spesso la tua patria?
NPC_MANGA_PLAYER_25a6b966-6948-4a01-94ae-dfc1364101d4_JOKER	La tua patria brulicava di goblin o non erano poi così comuni?
NPC_MANGA_PLAYER_25a6b966-6948-4a01-94ae-dfc1364101d4_SCHOLAR	I goblin erano numerosi nella tua patria, oppure li hai conosciuti solo qui?
NPC_MANGA_PLAYER_25a6b966-6948-4a01-94ae-dfc1364101d4_STOIC	Era comune trovare goblin nella tua patria?
NPC_MANGA_PLAYER_26800938-8a23-42f5-b341-14e2d2f06d8a_HEROIC	Nel Santuario. Ti sintonizzerò io stesso; i Varchi ti porteranno lì.
NPC_MANGA_PLAYER_26800938-8a23-42f5-b341-14e2d2f06d8a_JOKER	Nel Santuario, dove l'incudine non sveglia i vicini. Un Varco porterà lì te e il tuo martello.
NPC_MANGA_PLAYER_26800938-8a23-42f5-b341-14e2d2f06d8a_SCHOLAR	Il Santuario. Io ti sintonizzo; i Varchi coprono la distanza. La tua fucina ti aspetterà.
NPC_MANGA_PLAYER_26800938-8a23-42f5-b341-14e2d2f06d8a_STOIC	Il Santuario. La mia magia ti sintonizza. I Varchi ti trasportano.
NPC_MANGA_PLAYER_27299363-acbd-499c-bdf4-a32d4e088d15_HEROIC	Allora in questo villaggio ci tocca il peso di troppe anime deboli.
NPC_MANGA_PLAYER_27299363-acbd-499c-bdf4-a32d4e088d15_JOKER	Questo villaggio ha pescato la pagliuzza corta: un intero raccolto di smidollati.
NPC_MANGA_PLAYER_27299363-acbd-499c-bdf4-a32d4e088d15_SCHOLAR	Allora questo villaggio ha una sovrabbondanza di individui deboli.
NPC_MANGA_PLAYER_27299363-acbd-499c-bdf4-a32d4e088d15_STOIC	Troppi deboli in questo villaggio. Una condanna.
NPC_MANGA_PLAYER_29902dbb-85fc-4dc9-bc8f-27b5b055a1d1_HEROIC	Scegliere di aiutare anziché fuggire rivela il vero carattere di una persona.
NPC_MANGA_PLAYER_29902dbb-85fc-4dc9-bc8f-27b5b055a1d1_JOKER	Sei rimasto ad aiutare. Di solito la gente scopre di avere impegni urgenti altrove.
NPC_MANGA_PLAYER_29902dbb-85fc-4dc9-bc8f-27b5b055a1d1_SCHOLAR	Sei rimasto ad aiutare quando fuggire sarebbe costato meno. È già molto eloquente.
NPC_MANGA_PLAYER_29902dbb-85fc-4dc9-bc8f-27b5b055a1d1_STOIC	Hai scelto di aiutare anziché fuggire. Dice molto di te.
NPC_MANGA_PLAYER_2a39dffd-e0c9-4dd2-82c2-5a263e5d4ff5_BASE	"Ho trovato le tue armi scomparse."
NPC_MANGA_PLAYER_2a64713d-07bf-4002-9541-f0ace6962b6b_HEROIC	Quelli come loro girano liberamente qui. Andrebbero cacciati.
NPC_MANGA_PLAYER_2a64713d-07bf-4002-9541-f0ace6962b6b_JOKER	Quelli come loro passeggiano qui come fossero a casa propria. Vado a prendere la scopa?
NPC_MANGA_PLAYER_2a64713d-07bf-4002-9541-f0ace6962b6b_SCHOLAR	Quelli come loro circolano liberamente qui. Dammi una ragione per lasciarli restare.
NPC_MANGA_PLAYER_2a64713d-07bf-4002-9541-f0ace6962b6b_STOIC	Strano vederli girare liberamente qui. Dovremmo cacciarli.
NPC_MANGA_PLAYER_2a75674d-ae31-4807-843f-bb0c2e0dd4c0_HEROIC	Erano solo guardie rinnegate, avvoltoi che predavano i deboli.
NPC_MANGA_PLAYER_2a75674d-ae31-4807-843f-bb0c2e0dd4c0_JOKER	Solo uno stormo di guardie rinnegate: avvoltoi che girano in tondo sulla propria debolezza.
NPC_MANGA_PLAYER_2a75674d-ae31-4807-843f-bb0c2e0dd4c0_SCHOLAR	Guardie rinnegate. Avvoltoi per indole, deboli sotto ogni altro aspetto.
NPC_MANGA_PLAYER_2a75674d-ae31-4807-843f-bb0c2e0dd4c0_STOIC	Un gruppo di guardie rinnegate. Avvoltoi e deboli.
NPC_MANGA_PLAYER_2c3b9aa9-c942-46a9-942c-9d28c7e23c36_BASE	“Perché il Sindaco non ha mandato dei soldati?”
NPC_MANGA_PLAYER_32d07e4a-57ef-4674-8f14-9a6657b90301_HEROIC	Sei davvero uno di quei pochi uomini rari, Manga.
NPC_MANGA_PLAYER_32d07e4a-57ef-4674-8f14-9a6657b90301_JOKER	Quelli rari come te non capitano mica tutti i giorni, Manga.
NPC_MANGA_PLAYER_32d07e4a-57ef-4674-8f14-9a6657b90301_SCHOLAR	Secondo ogni criterio che conosco, rientri fra quei rari individui, Manga.
NPC_MANGA_PLAYER_32d07e4a-57ef-4674-8f14-9a6657b90301_STOIC	Sei uno di quei pochi, Manga.
NPC_MANGA_PLAYER_33903654-1126-483b-b05b-12f0a24625bd_HEROIC	I miei doveri non mi lasciano spazio per queste faccende.
NPC_MANGA_PLAYER_33903654-1126-483b-b05b-12f0a24625bd_JOKER	Magari la mia agenda prevedesse certi passatempi.
NPC_MANGA_PLAYER_33903654-1126-483b-b05b-12f0a24625bd_SCHOLAR	Ogni ora a mia disposizione è già impegnata. Questo non ne vale una.
NPC_MANGA_PLAYER_33903654-1126-483b-b05b-12f0a24625bd_STOIC	Non ho tempo per queste cose.
NPC_MANGA_PLAYER_3394dfe1-6e6e-4113-96be-763dc8edf4af_HEROIC	I lupi le hanno trascinate nella foresta. Un Treant le sorvegliava.
NPC_MANGA_PLAYER_3394dfe1-6e6e-4113-96be-763dc8edf4af_JOKER	I lupi facevano i facchini e un Treant il custode. Strana società.
NPC_MANGA_PLAYER_3394dfe1-6e6e-4113-96be-763dc8edf4af_SCHOLAR	I lupi le hanno trascinate lì e un Treant le sorvegliava. Le sorvegliava: non era semplicemente nei paraggi.
NPC_MANGA_PLAYER_3394dfe1-6e6e-4113-96be-763dc8edf4af_STOIC	I lupi le hanno trascinate nella foresta. Un Treant faceva la guardia.
NPC_MANGA_PLAYER_36f8972a-82f2-410b-889d-750021d4374a_HEROIC	È una cultura arretrata, senza dubbio.
NPC_MANGA_PLAYER_36f8972a-82f2-410b-889d-750021d4374a_JOKER	Arretrata è un complimento. Quella cultura sta ancora litigando con la ruota.
NPC_MANGA_PLAYER_36f8972a-82f2-410b-889d-750021d4374a_SCHOLAR	Arretrata è riduttivo. Quella cultura si è fossilizzata secoli fa.
NPC_MANGA_PLAYER_36f8972a-82f2-410b-889d-750021d4374a_STOIC	Una cultura arretrata.
NPC_MANGA_PLAYER_36fcd436-2a6b-4733-a5fb-7693b5b16a17_HEROIC	Dove si trova Xwin?
NPC_MANGA_PLAYER_36fcd436-2a6b-4733-a5fb-7693b5b16a17_JOKER	E Xwin dove si nasconde sulla mappa?
NPC_MANGA_PLAYER_36fcd436-2a6b-4733-a5fb-7693b5b16a17_SCHOLAR	Dove si trova Xwin, e a quale distanza?
NPC_MANGA_PLAYER_36fcd436-2a6b-4733-a5fb-7693b5b16a17_STOIC	Dov'è Xwin?
NPC_MANGA_PLAYER_385ebabe-8605-43fc-b58a-e744e71a04af_HEROIC	Volterai davvero le spalle ai tuoi fratelli?
NPC_MANGA_PLAYER_385ebabe-8605-43fc-b58a-e744e71a04af_JOKER	Complotti contro i tuoi fratelli? Li scegli bene, i nemici.
NPC_MANGA_PLAYER_385ebabe-8605-43fc-b58a-e744e71a04af_SCHOLAR	Un tradimento ai danni dei tuoi stessi fratelli? Illustrami il ragionamento.
NPC_MANGA_PLAYER_385ebabe-8605-43fc-b58a-e744e71a04af_STOIC	Pensi di tradire i tuoi fratelli?
NPC_MANGA_PLAYER_397ab9db-cc15-4025-8f25-79c9f87e9a59_HEROIC	Non può essere vero. Nessuno sopravvive a una cosa simile.
NPC_MANGA_PLAYER_397ab9db-cc15-4025-8f25-79c9f87e9a59_JOKER	Bella storia. Scommetto che migliora a ogni boccale di birra.
NPC_MANGA_PLAYER_397ab9db-cc15-4025-8f25-79c9f87e9a59_SCHOLAR	Nessuno sopravvive a una cosa del genere. Ciò che ti hanno riferito si è ingigantito a ogni racconto.
NPC_MANGA_PLAYER_397ab9db-cc15-4025-8f25-79c9f87e9a59_STOIC	È inventato. Non se ne esce vivi.
NPC_MANGA_PLAYER_3ab48ba2-6600-48f8-a467-80fb1c48fdb1_HEROIC	Dammi un giudizio sincero su Corin.
NPC_MANGA_PLAYER_3ab48ba2-6600-48f8-a467-80fb1c48fdb1_JOKER	Corin. Che si dice del capitano alla fucina?
NPC_MANGA_PLAYER_3ab48ba2-6600-48f8-a467-80fb1c48fdb1_SCHOLAR	Come valuteresti Corin?
NPC_MANGA_PLAYER_3ab48ba2-6600-48f8-a467-80fb1c48fdb1_STOIC	Cosa pensi di Corin?
NPC_MANGA_PLAYER_3b56af36-e3f7-480b-85c0-c50eb995d0cf_HEROIC	Capisco: la forza ci dà i mezzi per liberarci dalla necessità.
NPC_MANGA_PLAYER_3b56af36-e3f7-480b-85c0-c50eb995d0cf_JOKER	Capisco: con la forza ti compri una via d'uscita dalla necessità.
NPC_MANGA_PLAYER_3b56af36-e3f7-480b-85c0-c50eb995d0cf_SCHOLAR	Dunque la libertà dalla necessità si acquista attraverso la forza.
NPC_MANGA_PLAYER_3b56af36-e3f7-480b-85c0-c50eb995d0cf_STOIC	Capisco. La forza ci libera dalla necessità.
NPC_MANGA_PLAYER_3ba4ae60-d030-42e7-b0e0-9f44f2a6e66e_HEROIC	La crisi richiede la tua attenzione più di queste domande, non credi?
NPC_MANGA_PLAYER_3ba4ae60-d030-42e7-b0e0-9f44f2a6e66e_JOKER	A meno che la crisi non si risolva da sola, le domande possono aspettare, no?
NPC_MANGA_PLAYER_3ba4ae60-d030-42e7-b0e0-9f44f2a6e66e_SCHOLAR	Il tuo tempo non sarebbe meglio impiegato nell'affrontare la crisi che in queste domande?
NPC_MANGA_PLAYER_3ba4ae60-d030-42e7-b0e0-9f44f2a6e66e_STOIC	Non dovresti occuparti della crisi anziché fare domande?
NPC_MANGA_PLAYER_3ce79d4b-6fc5-4481-a504-337850a9ca0b_HEROIC	Lo spero anch'io. Il tempo passato con te è ben speso.
NPC_MANGA_PLAYER_3ce79d4b-6fc5-4481-a504-337850a9ca0b_JOKER	Più tempo con te e la tua fucina? Me ne farò una ragione.
NPC_MANGA_PLAYER_3ce79d4b-6fc5-4481-a504-337850a9ca0b_SCHOLAR	Avremo dunque più tempo insieme. Devo dire che il conto mi piace.
NPC_MANGA_PLAYER_3ce79d4b-6fc5-4481-a504-337850a9ca0b_STOIC	Più tempo insieme, allora.
NPC_MANGA_PLAYER_3ed3d649-14a3-4c62-8f2a-4d2ea2e2f89a_HEROIC	Risparmiami la leggenda. Dimmi cos'è successo.
NPC_MANGA_PLAYER_3ed3d649-14a3-4c62-8f2a-4d2ea2e2f89a_JOKER	Una leggenda, dunque. Con o senza ricami?
NPC_MANGA_PLAYER_3ed3d649-14a3-4c62-8f2a-4d2ea2e2f89a_SCHOLAR	Questo esordio ha il ritmo di una leggenda. Io cerco fatti.
NPC_MANGA_PLAYER_3ed3d649-14a3-4c62-8f2a-4d2ea2e2f89a_STOIC	Sembra l'inizio di una leggenda.
NPC_MANGA_PLAYER_4a0d2c0f-546b-45e9-8e28-21d6c896b8e6_HEROIC	Li hai incontrati nel periodo trascorso là?
NPC_MANGA_PLAYER_4a0d2c0f-546b-45e9-8e28-21d6c896b8e6_JOKER	Ti è passato qualche goblin fra i piedi, a casa tua, o all'epoca erano più furbi?
NPC_MANGA_PLAYER_4a0d2c0f-546b-45e9-8e28-21d6c896b8e6_SCHOLAR	Erano presenti durante la tua permanenza là?
NPC_MANGA_PLAYER_4a0d2c0f-546b-45e9-8e28-21d6c896b8e6_STOIC	Li hai incontrati quando eri là?
NPC_MANGA_PLAYER_4aade76b-2353-4620-b80b-e1835305376b_HEROIC	Era necessario, e così è stato fatto.
NPC_MANGA_PLAYER_4aade76b-2353-4620-b80b-e1835305376b_JOKER	Quando serve una cosa, la fai. Facile.
NPC_MANGA_PLAYER_4aade76b-2353-4620-b80b-e1835305376b_SCHOLAR	Le mie azioni sono state dettate unicamente dalla necessità.
NPC_MANGA_PLAYER_4aade76b-2353-4620-b80b-e1835305376b_STOIC	Ho fatto solo il necessario.
NPC_MANGA_PLAYER_507f09aa-e6f5-4e0f-a282-3cb73b3c18f1_HEROIC	È sopravvissuto, completamente solo?
NPC_MANGA_PLAYER_507f09aa-e6f5-4e0f-a282-3cb73b3c18f1_JOKER	Sempre da solo, e respira ancora?
NPC_MANGA_PLAYER_507f09aa-e6f5-4e0f-a282-3cb73b3c18f1_SCHOLAR	Ha resistito senza alcun aiuto?
NPC_MANGA_PLAYER_507f09aa-e6f5-4e0f-a282-3cb73b3c18f1_STOIC	È sopravvissuto da solo?
NPC_MANGA_PLAYER_50cfc3d6-7d20-466f-8d00-d395ba9bc57f_HEROIC	Qualunque pensiero ti occupi la mente, ti ascolterò volentieri.
NPC_MANGA_PLAYER_50cfc3d6-7d20-466f-8d00-d395ba9bc57f_JOKER	Sembra che tu nasconda un segreto dietro quelle corna.
NPC_MANGA_PLAYER_50cfc3d6-7d20-466f-8d00-d395ba9bc57f_SCHOLAR	Stai soppesando qualcosa. Di che si tratta?
NPC_MANGA_PLAYER_50cfc3d6-7d20-466f-8d00-d395ba9bc57f_STOIC	Hai qualcosa in mente?
NPC_MANGA_PLAYER_51b8d8da-2159-46a0-9de1-06a6ed6f6a62_BASE	"Non ho potuto fare a meno di notare che hai le corna recise."
NPC_MANGA_PLAYER_52215722-bdc2-40fb-96a1-6a8c4877e133_HEROIC	I lupi l'hanno trascinata nella foresta e un Treant si è messo fra me e il carico. Le parole non basteranno.
NPC_MANGA_PLAYER_52215722-bdc2-40fb-96a1-6a8c4877e133_JOKER	L'hanno portata via i lupi, poi un Treant ha avuto da ridire quando l'ho ripresa. Accetto pagamenti di ogni tipo, tranne le parole.
NPC_MANGA_PLAYER_52215722-bdc2-40fb-96a1-6a8c4877e133_SCHOLAR	I lupi hanno spostato la carovana; un Treant l'ha difesa. Nota la sequenza, e ricorda quel «più delle parole» che mi è dovuto.
NPC_MANGA_PLAYER_52215722-bdc2-40fb-96a1-6a8c4877e133_STOIC	Lupi. Foresta. Un Treant. Avevi detto che mi avresti dovuto più delle parole.
NPC_MANGA_PLAYER_524983b7-8a4d-4092-a024-1276ba029ec1_BASE	Sei l'unico fabbro del villaggio?
NPC_MANGA_PLAYER_5269e195-e660-4b89-b513-179b7fba0faf_HEROIC	Quello sguardo... sono caduti altri avventurieri?
NPC_MANGA_PLAYER_5269e195-e660-4b89-b513-179b7fba0faf_JOKER	Che faccia è quella? Un altro gruppo di avventurieri ha tirato le cuoia?
NPC_MANGA_PLAYER_5269e195-e660-4b89-b513-179b7fba0faf_SCHOLAR	Di nuovo quell'espressione. Quanti sono morti, stavolta?
NPC_MANGA_PLAYER_5269e195-e660-4b89-b513-179b7fba0faf_STOIC	Quella faccia. Sono morti altri avventurieri?
NPC_MANGA_PLAYER_52f2a4ae-b0bc-4a68-8d7f-9d14c779d4c4_HEROIC	Hai perso la tua casa perché hai difeso ciò che era giusto.
NPC_MANGA_PLAYER_52f2a4ae-b0bc-4a68-8d7f-9d14c779d4c4_JOKER	Il reato è l'onestà, il prezzo l'esilio. La virtù frequenta gente costosa.
NPC_MANGA_PLAYER_52f2a4ae-b0bc-4a68-8d7f-9d14c779d4c4_SCHOLAR	L'esilio come prezzo della rettitudine. Un bilancio che non torna.
NPC_MANGA_PLAYER_52f2a4ae-b0bc-4a68-8d7f-9d14c779d4c4_STOIC	Hai perso la tua casa per aver fatto la cosa giusta.
NPC_MANGA_PLAYER_53ef28ce-5b2b-4c10-b0c5-c9a51ef1f15c_HEROIC	I lupi hanno teso un agguato alla carovana e l'hanno trascinata nella foresta. Quando abbiamo recuperato le armi, un Treant ha attaccato.
NPC_MANGA_PLAYER_53ef28ce-5b2b-4c10-b0c5-c9a51ef1f15c_JOKER	I lupi hanno trascinato la carovana nella foresta. Andare a riprenderla ha svegliato un Treant. Ovvio.
NPC_MANGA_PLAYER_53ef28ce-5b2b-4c10-b0c5-c9a51ef1f15c_SCHOLAR	I lupi hanno portato la carovana nella foresta. Ancora più strano: recuperarla ha provocato la reazione di un Treant.
NPC_MANGA_PLAYER_53ef28ce-5b2b-4c10-b0c5-c9a51ef1f15c_STOIC	I lupi hanno assalito la carovana e l'hanno trascinata nella foresta. Al recupero delle armi, un Treant ha attaccato.
NPC_MANGA_PLAYER_56537493-efdc-42b4-919c-0c6c32419522_HEROIC	Grazie. Cerco di aiutare dove posso, e ti considero un amico.
NPC_MANGA_PLAYER_56537493-efdc-42b4-919c-0c6c32419522_JOKER	Grazie, faccio quel che posso. A quanto pare, anche agli eroi serve un amico.
NPC_MANGA_PLAYER_56537493-efdc-42b4-919c-0c6c32419522_SCHOLAR	Grazie. Faccio ciò che le circostanze richiedono, e ti annovero fra i miei amici.
NPC_MANGA_PLAYER_56537493-efdc-42b4-919c-0c6c32419522_STOIC	Grazie. Faccio quel che posso e ti considero un amico.
NPC_MANGA_PLAYER_56ebc7e0-1429-4dec-b2f6-6d0f5e8ced8a_HEROIC	Dato che non li aiuti, devono procurarsi armi con ogni mezzo rimasto.
NPC_MANGA_PLAYER_56ebc7e0-1429-4dec-b2f6-6d0f5e8ced8a_JOKER	Gli neghi la fucina e il cimitero diventa un'armeria.
NPC_MANGA_PLAYER_56ebc7e0-1429-4dec-b2f6-6d0f5e8ced8a_SCHOLAR	Nega loro la tua fucina e troveranno alternative peggiori. Un semplice rapporto di causa ed effetto.
NPC_MANGA_PLAYER_56ebc7e0-1429-4dec-b2f6-6d0f5e8ced8a_STOIC	Non li aiuti. Devono trovare armi in altri modi.
NPC_MANGA_PLAYER_572d4d3e-5f3d-4fc4-8d18-cf7f0051528d_HEROIC	È la coercizione a forzarci la mano.
NPC_MANGA_PLAYER_572d4d3e-5f3d-4fc4-8d18-cf7f0051528d_JOKER	Di nuovo la coercizione. Non bussa mai, entra e basta.
NPC_MANGA_PLAYER_572d4d3e-5f3d-4fc4-8d18-cf7f0051528d_SCHOLAR	La coercizione ci forza la mano, ma vorrei conoscerne i limiti.
NPC_MANGA_PLAYER_572d4d3e-5f3d-4fc4-8d18-cf7f0051528d_STOIC	La coercizione ci forza la mano.
NPC_MANGA_PLAYER_5e308b81-8fb0-4759-b3b6-5b701da9c5db_HEROIC	Recupererò l'attrezzatura. Il resto può aspettare.
NPC_MANGA_PLAYER_5e308b81-8fb0-4759-b3b6-5b701da9c5db_JOKER	Recupero l'attrezzatura. Tieni la lezione per qualcuno che abbia uno sgabello.
NPC_MANGA_PLAYER_5e308b81-8fb0-4759-b3b6-5b701da9c5db_SCHOLAR	Ne prendo nota. Prima l'attrezzatura; approfondirò la teoria in un'altra occasione.
NPC_MANGA_PLAYER_5e308b81-8fb0-4759-b3b6-5b701da9c5db_STOIC	Recupero l'attrezzatura. Lezione dopo.
NPC_MANGA_PLAYER_6025f32a-3084-4adf-81cc-973e0f06687e_HEROIC	Parla chiaro.
NPC_MANGA_PLAYER_6025f32a-3084-4adf-81cc-973e0f06687e_JOKER	Saltiamo gli indovinelli.
NPC_MANGA_PLAYER_6025f32a-3084-4adf-81cc-973e0f06687e_SCHOLAR	Ti prego di essere diretto.
NPC_MANGA_PLAYER_6025f32a-3084-4adf-81cc-973e0f06687e_STOIC	Vieni al punto.
NPC_MANGA_PLAYER_6041a659-b455-4bce-994c-331b6a492150_HEROIC	La gente di Xwin deve davvero incarnare la fierezza.
NPC_MANGA_PLAYER_6041a659-b455-4bce-994c-331b6a492150_JOKER	La gente di Xwin, fiera? Con corna come le tue, chi oserebbe contraddirla?
NPC_MANGA_PLAYER_6041a659-b455-4bce-994c-331b6a492150_SCHOLAR	La fierezza sarebbe il frutto naturale di una terra come Xwin.
NPC_MANGA_PLAYER_6041a659-b455-4bce-994c-331b6a492150_STOIC	La gente di Xwin dev'essere fiera.
NPC_MANGA_PLAYER_610a177b-8c87-4c8f-9d1f-54cd34251bc0_BASE	"La tua fucina sembra messa insieme alla buona. Cos'è successo?"
NPC_MANGA_PLAYER_64ed2e9b-bff2-495b-bce2-c8186a8e74ed_HEROIC	Dimmi il crimine. Voglio sentirlo da te, non dalle voci.
NPC_MANGA_PLAYER_64ed2e9b-bff2-495b-bce2-c8186a8e74ed_JOKER	Quale crimine ti costa le corna? Dev'essere una bella storia.
NPC_MANGA_PLAYER_64ed2e9b-bff2-495b-bce2-c8186a8e74ed_SCHOLAR	Qual era il crimine, e perché sono state recise proprio le tue?
NPC_MANGA_PLAYER_64ed2e9b-bff2-495b-bce2-c8186a8e74ed_STOIC	Qual è stato il tuo crimine? Perché ti hanno tolto le corna?
NPC_MANGA_PLAYER_66f2fa6d-7b77-463e-b5e2-c5e32f02a07f_HEROIC	Se le troverò, ci penserò. Non faccio promesse.
NPC_MANGA_PLAYER_66f2fa6d-7b77-463e-b5e2-c5e32f02a07f_JOKER	Se le armi saltano fuori, magari gli dedico un pensiero.
NPC_MANGA_PLAYER_66f2fa6d-7b77-463e-b5e2-c5e32f02a07f_SCHOLAR	Se mi imbatterò nelle armi, valuterò se vale la pena riportarle.
NPC_MANGA_PLAYER_66f2fa6d-7b77-463e-b5e2-c5e32f02a07f_STOIC	Se trovo le armi, ci penserò.
NPC_MANGA_PLAYER_67c5f5f4-d11e-4185-a5dd-15bea9807157_HEROIC	Vorrebbero che abbandonassi la causa di Alaric e ti piegassi di nuovo al volere del Sindaco?
NPC_MANGA_PLAYER_67c5f5f4-d11e-4185-a5dd-15bea9807157_JOKER	Vorrebbero che mollassi Alaric e tornassi strisciando ai piedi del Sindaco?
NPC_MANGA_PLAYER_67c5f5f4-d11e-4185-a5dd-15bea9807157_SCHOLAR	Intendono indurti a rinnegare Alaric per tornare agli ordini del Sindaco?
NPC_MANGA_PLAYER_67c5f5f4-d11e-4185-a5dd-15bea9807157_STOIC	Vogliono che tu tradisca Alaric e torni ai piedi del Sindaco?
NPC_MANGA_PLAYER_6a9790a5-daa0-4b7c-9c2d-5b4eb85ba721_HEROIC	Qual è l'origine dei Goblin?
NPC_MANGA_PLAYER_6a9790a5-daa0-4b7c-9c2d-5b4eb85ba721_JOKER	Da dove saltano fuori i Goblin? Nessuno ammette di averli creati.
NPC_MANGA_PLAYER_6a9790a5-daa0-4b7c-9c2d-5b4eb85ba721_SCHOLAR	Dove si riproducono i Goblin? Dev'esserci un luogo da cui provengono.
NPC_MANGA_PLAYER_6a9790a5-daa0-4b7c-9c2d-5b4eb85ba721_STOIC	Da dove vengono i Goblin?
NPC_MANGA_PLAYER_6d5edc83-e7d8-471b-afde-d023c7605b9f_HEROIC	Ho trovato le guardie rinnegate e le ho persuase a rinunciare ai loro intenti per il bene di tutti.
NPC_MANGA_PLAYER_6d5edc83-e7d8-471b-afde-d023c7605b9f_JOKER	Guardie rinnegate, fatte ragionare. Ha sorpreso perfino me.
NPC_MANGA_PLAYER_6d5edc83-e7d8-471b-afde-d023c7605b9f_SCHOLAR	Guardie rinnegate. Le ho trovate e dissuase con le mie argomentazioni. Talvolta la ragione funziona ancora.
NPC_MANGA_PLAYER_6d5edc83-e7d8-471b-afde-d023c7605b9f_STOIC	Ho rintracciato le guardie rinnegate e le ho convinte a smettere.
NPC_MANGA_PLAYER_6de66a07-5aa6-4b6f-8040-c3301ced690a_HEROIC	Il Santuario è più forte perché ci sei tu. È così semplice.
NPC_MANGA_PLAYER_6de66a07-5aa6-4b6f-8040-c3301ced690a_JOKER	Sei la spina dorsale di questo Santuario. Noi altri facciamo soprattutto arredamento.
NPC_MANGA_PLAYER_6de66a07-5aa6-4b6f-8040-c3301ced690a_SCHOLAR	Togli la fucina dal Santuario e guarda cosa resta in piedi. Qui il tuo contributo conta.
NPC_MANGA_PLAYER_6de66a07-5aa6-4b6f-8040-c3301ced690a_STOIC	Sei una parte essenziale del Santuario. Una fonte di forza.
NPC_MANGA_PLAYER_6fae99c1-521f-4d35-92fc-c1bfcdd8dc09_HEROIC	Dimmi cosa bisogna fare.
NPC_MANGA_PLAYER_6fae99c1-521f-4d35-92fc-c1bfcdd8dc09_JOKER	Qual è la commissione? Le mie mani cominciavano a oziare in modo sospetto.
NPC_MANGA_PLAYER_6fae99c1-521f-4d35-92fc-c1bfcdd8dc09_SCHOLAR	Quale compito preciso vorresti affidarmi?
NPC_MANGA_PLAYER_6fae99c1-521f-4d35-92fc-c1bfcdd8dc09_STOIC	Cosa devo fare?
NPC_MANGA_PLAYER_705ecd4b-c6a9-4503-ac68-a7927733047d_HEROIC	Il suo odio è giustificato. I Goblin non meritano la nostra pietà.
NPC_MANGA_PLAYER_705ecd4b-c6a9-4503-ac68-a7927733047d_JOKER	C'è davvero bisogno di giustificare l'odio per i goblin? Ne hai mai annusato uno?
NPC_MANGA_PLAYER_705ecd4b-c6a9-4503-ac68-a7927733047d_SCHOLAR	Il suo odio è una conclusione logica. I Goblin forniscono nuove prove ogni giorno.
NPC_MANGA_PLAYER_705ecd4b-c6a9-4503-ac68-a7927733047d_STOIC	Fa bene a odiarli. I Goblin sono creature disgustose.
NPC_MANGA_PLAYER_72ad01b2-b7e4-4df6-9ee3-e0b4b0f377f9_BASE	"Dimmi di più sulla forgiatura runica"
NPC_MANGA_PLAYER_738ebe19-1bf9-4e36-8efb-29062a9588a9_HEROIC	Le città del tuo popolo poggiano sulla sofferenza degli innocenti.
NPC_MANGA_PLAYER_738ebe19-1bf9-4e36-8efb-29062a9588a9_JOKER	Le città del tuo popolo ammucchiano ricchezze sulla schiena degli innocenti.
NPC_MANGA_PLAYER_738ebe19-1bf9-4e36-8efb-29062a9588a9_SCHOLAR	Le vostre città sono state pagate con il saccheggio. Ogni singola pietra.
NPC_MANGA_PLAYER_738ebe19-1bf9-4e36-8efb-29062a9588a9_STOIC	Le città del tuo popolo sono costruite depredando gli innocenti.
NPC_MANGA_PLAYER_78bb10c0-ec95-4a1d-bf8a-337730924272_BASE	“Tu e Alaric eravate già amici, allora?”
NPC_MANGA_PLAYER_7b2c8e88-f135-4233-88b1-d78d440fa62e_HEROIC	Ho capito. Me ne occuperò con cura.
NPC_MANGA_PLAYER_7b2c8e88-f135-4233-88b1-d78d440fa62e_JOKER	Capito. Sembra una passeggiata su una corda ben tesa.
NPC_MANGA_PLAYER_7b2c8e88-f135-4233-88b1-d78d440fa62e_SCHOLAR	Ho capito. Nulla di ciò che descrivi sembra al di sopra delle mie capacità.
NPC_MANGA_PLAYER_7b2c8e88-f135-4233-88b1-d78d440fa62e_STOIC	Capito. Dovrebbe essere facile per me.
NPC_MANGA_PLAYER_7d34ff76-2734-4176-8a27-d89f7fcaf750_BASE	"Puoi fabbricarmi dell'equipaggiamento?"
NPC_MANGA_PLAYER_7e5d9469-984f-4f96-849b-46bfbcf13e07_BASE	Perché non aiuti entrambe le parti contemporaneamente?
NPC_MANGA_PLAYER_7f429445-ff57-4392-9fa7-b0f4b27a64b8_HEROIC	Conosco l'arte della forgiatura runica. Puoi mettere la tua abilità al servizio del mio equipaggiamento per rafforzarlo?
NPC_MANGA_PLAYER_7f429445-ff57-4392-9fa7-b0f4b27a64b8_JOKER	Forgiatura runica, sì, la conosco. Pensi di poter rendere il mio equipaggiamento un po' meno imbarazzante?
NPC_MANGA_PLAYER_7f429445-ff57-4392-9fa7-b0f4b27a64b8_SCHOLAR	Conosco la forgiatura runica. La tua fucina potrebbe migliorare ulteriormente il mio equipaggiamento?
NPC_MANGA_PLAYER_7f429445-ff57-4392-9fa7-b0f4b27a64b8_STOIC	Conosco la forgiatura runica. Puoi migliorare il mio equipaggiamento?
NPC_MANGA_PLAYER_81675445-1172-4439-a705-a5a80326d1f8_HEROIC	È davvero terribile. Quale scopo li ha spinti ad agire così?
NPC_MANGA_PLAYER_81675445-1172-4439-a705-a5a80326d1f8_JOKER	Davvero una brutta storia. Che gli è saltato in testa?
NPC_MANGA_PLAYER_81675445-1172-4439-a705-a5a80326d1f8_SCHOLAR	È davvero inquietante. Quali ragioni hanno motivato quella decisione?
NPC_MANGA_PLAYER_81675445-1172-4439-a705-a5a80326d1f8_STOIC	È terribile. Perché farlo?
NPC_MANGA_PLAYER_81e60e6c-ae6c-4228-ba47-61d3d05ec0b8_BASE	Perché non ti fidi dei testimoni?
NPC_MANGA_PLAYER_83ab7ae5-9d9e-4909-bad5-7b456c146c63_BASE	"Gli insegnamenti dei Principi Primi ci dicono che siamo esseri divisi, contesi fra i principi e le iniquità. Pace e potere coesistono in noi: siamo noi a renderlo possibile."
NPC_MANGA_PLAYER_84d03ada-4567-4d46-8a7a-a3118bb47881_HEROIC	Sarebbe un privilegio conoscere più a fondo il tuo pensiero.
NPC_MANGA_PLAYER_84d03ada-4567-4d46-8a7a-a3118bb47881_JOKER	Baratterei del buon ferro per un'ora dentro quella testa.
NPC_MANGA_PLAYER_84d03ada-4567-4d46-8a7a-a3118bb47881_SCHOLAR	Sarebbe un onore approfondire la conoscenza del tuo pensiero.
NPC_MANGA_PLAYER_84d03ada-4567-4d46-8a7a-a3118bb47881_STOIC	È un onore conoscere meglio il tuo pensiero.
NPC_MANGA_PLAYER_8867998e-ba6b-4438-923d-5cd1e356a82e_HEROIC	Qualcosa ti pesa. Dimmi come posso aiutarti.
NPC_MANGA_PLAYER_8867998e-ba6b-4438-923d-5cd1e356a82e_JOKER	Hai una faccia preoccupata. Serve una mano?
NPC_MANGA_PLAYER_8867998e-ba6b-4438-923d-5cd1e356a82e_SCHOLAR	Leggo preoccupazione sul tuo volto. Qual è la causa, e posso essere d'aiuto?
NPC_MANGA_PLAYER_8867998e-ba6b-4438-923d-5cd1e356a82e_STOIC	Sembri preoccupato. Posso aiutare?
NPC_MANGA_PLAYER_8a2891aa-8a8e-4d4f-b8c5-50f15b445af4_HEROIC	Indicami dove c'è bisogno di me.
NPC_MANGA_PLAYER_8a2891aa-8a8e-4d4f-b8c5-50f15b445af4_JOKER	Passami il problema. Prendere le cose a botte è la mia specialità.
NPC_MANGA_PLAYER_8a2891aa-8a8e-4d4f-b8c5-50f15b445af4_SCHOLAR	Quale aiuto sarebbe più utile? Le mani o il sapere?
NPC_MANGA_PLAYER_8a2891aa-8a8e-4d4f-b8c5-50f15b445af4_STOIC	Come posso aiutare?
NPC_MANGA_PLAYER_8b616f10-5dbb-48a4-9011-21f4887a0494_HEROIC	Ho abbattuto il Re Goblin.
NPC_MANGA_PLAYER_8b616f10-5dbb-48a4-9011-21f4887a0494_JOKER	Il Re Goblin è morto. I suoi sudditi non la stanno prendendo bene.
NPC_MANGA_PLAYER_8b616f10-5dbb-48a4-9011-21f4887a0494_SCHOLAR	Il Re Goblin è stato ucciso.
NPC_MANGA_PLAYER_8b616f10-5dbb-48a4-9011-21f4887a0494_STOIC	Re Goblin ucciso.
NPC_MANGA_PLAYER_8c6a875c-3f87-4cf6-8585-cd61b25e2f1e_BASE	"Sì, finché avremo la forza di mantenerla. È la forza a mantenere la pace in un mondo di potere."
NPC_MANGA_PLAYER_8f1897b3-034b-43ab-b93b-4e199434e6d7_HEROIC	Non possiamo tollerare un simile oltraggio ai morti.
NPC_MANGA_PLAYER_8f1897b3-034b-43ab-b93b-4e199434e6d7_JOKER	Derubare i morti. Persino i corvi aspettano il loro turno.
NPC_MANGA_PLAYER_8f1897b3-034b-43ab-b93b-4e199434e6d7_SCHOLAR	È inquietante osservare una tale mancanza di rispetto per i morti.
NPC_MANGA_PLAYER_8f1897b3-034b-43ab-b93b-4e199434e6d7_STOIC	È terribile. Non hanno rispetto per i morti.
NPC_MANGA_PLAYER_8f84cd21-19e1-4076-8e25-e9131ef90bee_HEROIC	Benvenuto. Come potresti aiutare il Santuario?
NPC_MANGA_PLAYER_8f84cd21-19e1-4076-8e25-e9131ef90bee_JOKER	Benvenuto. Hai qualche asso nella manica per il Santuario?
NPC_MANGA_PLAYER_8f84cd21-19e1-4076-8e25-e9131ef90bee_SCHOLAR	Benvenuto. E quale beneficio apporti al Santuario?
NPC_MANGA_PLAYER_8f84cd21-19e1-4076-8e25-e9131ef90bee_STOIC	Benvenuto. Cosa puoi offrire al Santuario?
NPC_MANGA_PLAYER_91288501-fb7f-41bb-a4bb-d8f58834288e_HEROIC	Per i più, sarebbe una fine dura da affrontare.
NPC_MANGA_PLAYER_91288501-fb7f-41bb-a4bb-d8f58834288e_JOKER	Ci saranno morti peggiori. Però non me ne viene in mente nessuna.
NPC_MANGA_PLAYER_91288501-fb7f-41bb-a4bb-d8f58834288e_SCHOLAR	Una morte miserabile per i più. Mi interessano le eccezioni.
NPC_MANGA_PLAYER_91288501-fb7f-41bb-a4bb-d8f58834288e_STOIC	Una brutta morte, per i più.
NPC_MANGA_PLAYER_9170eabb-b7c7-43d6-9960-6ef45ce14ab7_HEROIC	L'oro non è la via che sceglieresti.
NPC_MANGA_PLAYER_9170eabb-b7c7-43d6-9960-6ef45ce14ab7_JOKER	L'oro non è mai stato nel tuo stile.
NPC_MANGA_PLAYER_9170eabb-b7c7-43d6-9960-6ef45ce14ab7_SCHOLAR	L'oro muove altri uomini. Tu sei mosso da altro.
NPC_MANGA_PLAYER_9170eabb-b7c7-43d6-9960-6ef45ce14ab7_STOIC	Non sembri uno che sceglierebbe l'oro.
NPC_MANGA_PLAYER_91e66eaa-b36f-4c1c-baae-6805cd7d1226_HEROIC	Unisciti a noi, allora. Risparmiami le promesse. Parlano i fatti, e ti chiamerò quando serviranno.
NPC_MANGA_PLAYER_91e66eaa-b36f-4c1c-baae-6805cd7d1226_JOKER	Vuoi unirti a noi? Va bene. Tieniti i discorsi. Ti chiamo quando c'è da lavorare sul serio.
NPC_MANGA_PLAYER_91e66eaa-b36f-4c1c-baae-6805cd7d1226_SCHOLAR	Unisciti a noi, se vuoi. Tieni per te la tua parola: ti chiamerò quando vi sarà motivo.
NPC_MANGA_PLAYER_91e66eaa-b36f-4c1c-baae-6805cd7d1226_STOIC	Puoi unirti a noi. Tieniti le promesse. Ti chiamerò.
NPC_MANGA_PLAYER_940de33a-60eb-4b41-bb37-6010881146d4_HEROIC	Le troverò. Puoi contarci.
NPC_MANGA_PLAYER_940de33a-60eb-4b41-bb37-6010881146d4_JOKER	Le troverò. Di solito le armi non fanno molta strada da sole.
NPC_MANGA_PLAYER_940de33a-60eb-4b41-bb37-6010881146d4_SCHOLAR	Individuare le armi sarà il mio prossimo compito.
NPC_MANGA_PLAYER_940de33a-60eb-4b41-bb37-6010881146d4_STOIC	Troverò le armi.
NPC_MANGA_PLAYER_950d6a4c-405a-4f38-9c68-49a181173cc9_HEROIC	È terribile. Cosa può spingere gli abitanti a tanto?
NPC_MANGA_PLAYER_950d6a4c-405a-4f38-9c68-49a181173cc9_JOKER	Brutta storia. Come gli è venuto in mente che fosse una buona idea?
NPC_MANGA_PLAYER_950d6a4c-405a-4f38-9c68-49a181173cc9_SCHOLAR	Quale paura ha spinto gli abitanti a un simile provvedimento?
NPC_MANGA_PLAYER_950d6a4c-405a-4f38-9c68-49a181173cc9_STOIC	È terribile. Perché gli abitanti dovrebbero farlo?
NPC_MANGA_PLAYER_9735c509-f836-42f3-a431-edd90e4ff701_HEROIC	Sperano di riaverti con loro?
NPC_MANGA_PLAYER_9735c509-f836-42f3-a431-edd90e4ff701_JOKER	Gli manca così tanto il tuo martello?
NPC_MANGA_PLAYER_9735c509-f836-42f3-a431-edd90e4ff701_SCHOLAR	Ti chiedono di tornare? Cos'è cambiato: il bisogno o l'orgoglio?
NPC_MANGA_PLAYER_9735c509-f836-42f3-a431-edd90e4ff701_STOIC	Vogliono che tu torni?
NPC_MANGA_PLAYER_9848bbf0-6381-475d-a6ec-59b967219b02_HEROIC	Anche per me il tempo passato insieme conta molto, Manga.
NPC_MANGA_PLAYER_9848bbf0-6381-475d-a6ec-59b967219b02_JOKER	Il tempo con te non è niente male, Manga. Detto da me è un gran complimento.
NPC_MANGA_PLAYER_9848bbf0-6381-475d-a6ec-59b967219b02_SCHOLAR	Anch'io apprezzo il tempo che abbiamo condiviso, Manga.
NPC_MANGA_PLAYER_9848bbf0-6381-475d-a6ec-59b967219b02_STOIC	Il nostro tempo insieme conta, Manga.
NPC_MANGA_PLAYER_99b58c7c-a35a-4ccf-8a61-cd72154aa4e6_HEROIC	La realtà non offre scelte. La necessità è il suo comando.
NPC_MANGA_PLAYER_99b58c7c-a35a-4ccf-8a61-cd72154aa4e6_JOKER	La realtà distribuisce necessità gratis. Generosa, lei.
NPC_MANGA_PLAYER_99b58c7c-a35a-4ccf-8a61-cd72154aa4e6_SCHOLAR	La necessità emerge come funzione della realtà.
NPC_MANGA_PLAYER_99b58c7c-a35a-4ccf-8a61-cd72154aa4e6_STOIC	La realtà impone la necessità.
NPC_MANGA_PLAYER_99d71b08-bdd3-4e97-90a3-00455beeb57c_HEROIC	Una tradizione crudele. La fierezza non dovrebbe costare tanto a un popolo.
NPC_MANGA_PLAYER_99d71b08-bdd3-4e97-90a3-00455beeb57c_JOKER	Bella tradizione. Tutto quell'orgoglio, e il conto si paga in corna.
NPC_MANGA_PLAYER_99d71b08-bdd3-4e97-90a3-00455beeb57c_SCHOLAR	Questa tradizione appare insolitamente severa per un popolo noto per la propria fierezza.
NPC_MANGA_PLAYER_99d71b08-bdd3-4e97-90a3-00455beeb57c_STOIC	Una tradizione crudele per un popolo fiero.
NPC_MANGA_PLAYER_9a2a20fd-2f40-4cfc-abe4-802f3c295df2_BASE	"Non ho idea di cosa tu stia parlando."
NPC_MANGA_PLAYER_9da2bce3-35d5-4c9f-b77e-f5049e97c720_BASE	“Quanto tempo fa?”
NPC_MANGA_PLAYER_9f4223c6-4b59-493c-b490-a11f447bebe8_HEROIC	Quando arrivai, ne sapevo quanto te. Passerà.
NPC_MANGA_PLAYER_9f4223c6-4b59-493c-b490-a11f447bebe8_JOKER	Quando sono spuntato qui, ero spaesato quanto chiunque altro.
NPC_MANGA_PLAYER_9f4223c6-4b59-493c-b490-a11f447bebe8_SCHOLAR	Al mio arrivo comprendevo forse la metà di ciò che vedevo.
NPC_MANGA_PLAYER_9f4223c6-4b59-493c-b490-a11f447bebe8_STOIC	Neanch'io capivo cosa stesse succedendo, appena arrivato.
NPC_MANGA_PLAYER_a049782e-44fb-4ea0-88fc-d5aa218ca4fd_HEROIC	È ancora giovane. Verrà il momento giusto perché impari.
NPC_MANGA_PLAYER_a049782e-44fb-4ea0-88fc-d5aa218ca4fd_JOKER	È ancora giovane, dagli tempo. La lezione giusta ti coglie sempre di sorpresa, prima o poi.
NPC_MANGA_PLAYER_a049782e-44fb-4ea0-88fc-d5aa218ca4fd_SCHOLAR	È giovane. Alcune lezioni attecchiscono solo con l'età.
NPC_MANGA_PLAYER_a049782e-44fb-4ea0-88fc-d5aa218ca4fd_STOIC	È ancora giovane. Imparerà a tempo debito.
NPC_MANGA_PLAYER_a221f3aa-6205-4338-a909-4afef4187078_HEROIC	Manga, il tuo arrivo rende più forte questo gruppo. Benvenuto.
NPC_MANGA_PLAYER_a221f3aa-6205-4338-a909-4afef4187078_JOKER	Manga entra nel gruppo. Adesso sì che si fa interessante. Benvenuto.
NPC_MANGA_PLAYER_a221f3aa-6205-4338-a909-4afef4187078_SCHOLAR	Benvenuto, Manga. Il gruppo guadagna esattamente un maestro fabbro.
NPC_MANGA_PLAYER_a221f3aa-6205-4338-a909-4afef4187078_STOIC	Benvenuto nel gruppo, Manga.
NPC_MANGA_PLAYER_a2caa231-08e3-46b4-95ab-87b0e43b3367_HEROIC	Mi temevano e ne ho approfittato. Sono vivi. Basta questo.
NPC_MANGA_PLAYER_a2caa231-08e3-46b4-95ab-87b0e43b3367_JOKER	Ha parlato soprattutto la paura. Hanno salvato la pelle, una concessione generosa.
NPC_MANGA_PLAYER_a2caa231-08e3-46b4-95ab-87b0e43b3367_SCHOLAR	La loro paura è stata il deterrente. Sopravvivere è stata l'unica fortuna che hanno portato con sé.
NPC_MANGA_PLAYER_a2caa231-08e3-46b4-95ab-87b0e43b3367_STOIC	Mi temevano. Ho sfruttato la paura. Non torneranno. Sono fortunati a essere vivi.
NPC_MANGA_PLAYER_a33d8b0d-03a3-48b6-b474-8b29238c65c6_HEROIC	L'equipaggiamento sarà recuperato senza indugio.
NPC_MANGA_PLAYER_a33d8b0d-03a3-48b6-b474-8b29238c65c6_JOKER	Tornerò con l'equipaggiamento al seguito. Cerca di fare una faccia sorpresa.
NPC_MANGA_PLAYER_a33d8b0d-03a3-48b6-b474-8b29238c65c6_SCHOLAR	Tornerò con l'equipaggiamento e un conteggio preciso di ogni pezzo.
NPC_MANGA_PLAYER_a33d8b0d-03a3-48b6-b474-8b29238c65c6_STOIC	Tornerò con l'equipaggiamento.
NPC_MANGA_PLAYER_a4cfdb32-24d4-4a5b-8fa0-4539cc22e5b3_BASE	“Eri un guerriero, prima di venire qui?”
NPC_MANGA_PLAYER_aad8b015-f22c-4d69-9660-bba5f52dd084_HEROIC	Sarebbe un privilegio accoglierti fra noi, Manga.
NPC_MANGA_PLAYER_aad8b015-f22c-4d69-9660-bba5f52dd084_JOKER	Felice di averti con noi, Manga. Più acciaio c'è, meglio è.
NPC_MANGA_PLAYER_aad8b015-f22c-4d69-9660-bba5f52dd084_SCHOLAR	Il Santuario guadagna una mente oltre a un martello. Sarebbe un onore, Manga.
NPC_MANGA_PLAYER_aad8b015-f22c-4d69-9660-bba5f52dd084_STOIC	Sarebbe un onore averti con noi, Manga.
NPC_MANGA_PLAYER_adb5a981-892f-4cab-83d3-75bc3aa7df6f_HEROIC	Xwin è la patria dei soli Minotauri?
NPC_MANGA_PLAYER_adb5a981-892f-4cab-83d3-75bc3aa7df6f_JOKER	A Xwin ci sono solo Minotauri, o c'è spazio anche per qualcuno più piccolo?
NPC_MANGA_PLAYER_adb5a981-892f-4cab-83d3-75bc3aa7df6f_SCHOLAR	Xwin è abitata esclusivamente da Minotauri?
NPC_MANGA_PLAYER_adb5a981-892f-4cab-83d3-75bc3aa7df6f_STOIC	A Xwin vivono solo Minotauri?
NPC_MANGA_PLAYER_b1206b8f-4ac0-4b66-bc26-baed692ff35d_HEROIC	I Goblin predano i deboli. Simili parassiti non meritano timore.
NPC_MANGA_PLAYER_b1206b8f-4ac0-4b66-bc26-baed692ff35d_JOKER	Goblin. Se inciampi su uno di loro, prenditela con le tue caviglie. Sono solo seccature.
NPC_MANGA_PLAYER_b1206b8f-4ac0-4b66-bc26-baed692ff35d_SCHOLAR	I Goblin uccidono solo chi era già sul punto di cedere. Parassiti, a voler essere obiettivi.
NPC_MANGA_PLAYER_b1206b8f-4ac0-4b66-bc26-baed692ff35d_STOIC	Solo i deboli cadono contro i Goblin. Sono solo parassiti.
NPC_MANGA_PLAYER_b2e27172-9f82-4f5e-b107-5ac3d1db1ebc_HEROIC	Un'altra commissione mi attende, dunque.
NPC_MANGA_PLAYER_b2e27172-9f82-4f5e-b107-5ac3d1db1ebc_JOKER	Un'altra commissione. Proprio quello che speravo.
NPC_MANGA_PLAYER_b2e27172-9f82-4f5e-b107-5ac3d1db1ebc_SCHOLAR	Un'altra commissione. Comincio a intravedere uno schema.
NPC_MANGA_PLAYER_b2e27172-9f82-4f5e-b107-5ac3d1db1ebc_STOIC	Hai un'altra commissione per me?
NPC_MANGA_PLAYER_b3a927ec-3a87-41a7-83eb-8794d17b8505_BASE	E Earlwood? Non hanno bisogno di te?
NPC_MANGA_PLAYER_b4ebe4f9-1dce-4a99-9b46-1f28010b7b03_HEROIC	Lo guidi sulla strada sbagliata, Manga. Il suo odio è giustificato e la sua causa è giusta.
NPC_MANGA_PLAYER_b4ebe4f9-1dce-4a99-9b46-1f28010b7b03_JOKER	Gli dai cattivi consigli, Manga. L'odio forgia lame più affilate della pietà, e la sua causa è giusta.
NPC_MANGA_PLAYER_b4ebe4f9-1dce-4a99-9b46-1f28010b7b03_SCHOLAR	Lo orienti male, Manga. L'odio ha condotto le cause più lontano di quanto abbia mai fatto la benevolenza.
NPC_MANGA_PLAYER_b4ebe4f9-1dce-4a99-9b46-1f28010b7b03_STOIC	Lo guidi male, Manga. L'odio ha mosso grandi imprese. La sua causa è giusta.
NPC_MANGA_PLAYER_b5ca311c-982f-48ba-8da0-c9f0e3f09880_HEROIC	Mi sembra che tu lo giudichi duramente.
NPC_MANGA_PLAYER_b5ca311c-982f-48ba-8da0-c9f0e3f09880_JOKER	Un giudizio caldo quanto una fucina spenta.
NPC_MANGA_PLAYER_b5ca311c-982f-48ba-8da0-c9f0e3f09880_SCHOLAR	Ne hai una pessima opinione, e ben definita.
NPC_MANGA_PLAYER_b5ca311c-982f-48ba-8da0-c9f0e3f09880_STOIC	Non hai una buona opinione di lui.
NPC_MANGA_PLAYER_b6d0be56-2103-4fdf-8820-dedc2ecf1052_HEROIC	Hai rinunciato al tuo posto per un sentimento.
NPC_MANGA_PLAYER_b6d0be56-2103-4fdf-8820-dedc2ecf1052_JOKER	Tutto quello, barattato per un sentimento. Spero che almeno ti tenga caldo la notte.
NPC_MANGA_PLAYER_b6d0be56-2103-4fdf-8820-dedc2ecf1052_SCHOLAR	Hai soppesato il tuo posto e il sentimento. Ha prevalso il sentimento.
NPC_MANGA_PLAYER_b6d0be56-2103-4fdf-8820-dedc2ecf1052_STOIC	Hai gettato via il tuo posto per un sentimento.
NPC_MANGA_PLAYER_b7696410-75ed-4bff-9c62-f054d93f9198_HEROIC	Spezzare del buon acciaio per le sue rune. Un lavoro strano, ma ti porterò il necessario.
NPC_MANGA_PLAYER_b7696410-75ed-4bff-9c62-f054d93f9198_JOKER	Distruggere la spada per migliorare la spada. Te ne porterò qualcuna da distruggere.
NPC_MANGA_PLAYER_b7696410-75ed-4bff-9c62-f054d93f9198_SCHOLAR	Il valore risiede dunque nella runa, non nella lama. Ti porterò ciò che trovo.
NPC_MANGA_PLAYER_b7696410-75ed-4bff-9c62-f054d93f9198_STOIC	Un lavoro strano. Ti porterò il necessario.
NPC_MANGA_PLAYER_b86a73bc-d82f-43b0-8cf8-6aff805d74dc_HEROIC	Ti sintonizzerò con il Santuario. I Varchi ti porteranno ovunque ti serva andare.
NPC_MANGA_PLAYER_b86a73bc-d82f-43b0-8cf8-6aff805d74dc_JOKER	Una scintilla della mia magia e il Santuario ti riconosce. A camminare ci pensano i Varchi.
NPC_MANGA_PLAYER_b86a73bc-d82f-43b0-8cf8-6aff805d74dc_SCHOLAR	La mia magia ti sintonizza con il Santuario; i Varchi coprono la distanza.
NPC_MANGA_PLAYER_b86a73bc-d82f-43b0-8cf8-6aff805d74dc_STOIC	Un tocco della mia magia ti sintonizza con il Santuario. Da lì ti portano i Varchi.
NPC_MANGA_PLAYER_bfb497d4-2fab-44f1-a989-e3def43aa511_HEROIC	Sono lieto che tu abbia trovato la forza di lasciare quel luogo.
NPC_MANGA_PLAYER_bfb497d4-2fab-44f1-a989-e3def43aa511_JOKER	Felice che tu sia riuscito a svignartela. Non ti chiederò se scrivi a casa.
NPC_MANGA_PLAYER_bfb497d4-2fab-44f1-a989-e3def43aa511_SCHOLAR	Sono lieto che tu ne sia uscito. Pochi mettono in discussione la terra che li ha cresciuti.
NPC_MANGA_PLAYER_bfb497d4-2fab-44f1-a989-e3def43aa511_STOIC	Sono contento che tu abbia trovato la tua strada e lasciato quel luogo.
NPC_MANGA_PLAYER_c20ea01d-d1f6-4e3a-b68c-0116886db03b_BASE	Dimmi di più di questa tensione.
NPC_MANGA_PLAYER_c291e89c-1181-49e7-b081-8f530696d676_HEROIC	Ti sento combattuto, Manga. Cosa ti turba?
NPC_MANGA_PLAYER_c291e89c-1181-49e7-b081-8f530696d676_JOKER	Cosa ti tira da due parti insieme, Manga?
NPC_MANGA_PLAYER_c291e89c-1181-49e7-b081-8f530696d676_SCHOLAR	Le tue parole tradiscono incertezza, Manga. Qual è la causa?
NPC_MANGA_PLAYER_c291e89c-1181-49e7-b081-8f530696d676_STOIC	Sembri combattuto, Manga. Perché?
NPC_MANGA_PLAYER_c322cbb8-f774-4aff-a4a3-3d5d59f88eb9_HEROIC	Un simile ideale vacilla: solo il potere guida davvero la nostra volontà.
NPC_MANGA_PLAYER_c322cbb8-f774-4aff-a4a3-3d5d59f88eb9_JOKER	A inseguire gli ideali si finisce per inciampare. Il potere guida, gli ideali zoppicano dietro.
NPC_MANGA_PLAYER_c322cbb8-f774-4aff-a4a3-3d5d59f88eb9_SCHOLAR	Un ideale fallace. Risali abbastanza alle origini di una volontà e troverai il potere a dirigerla.
NPC_MANGA_PLAYER_c322cbb8-f774-4aff-a4a3-3d5d59f88eb9_STOIC	Un ideale stolto. Solo il potere dirige la volontà.
NPC_MANGA_PLAYER_c3be5c5d-8653-45bc-8d27-07df9c3fc899_HEROIC	Avete raggiunto il Re Goblin, o è fuggito?
NPC_MANGA_PLAYER_c3be5c5d-8653-45bc-8d27-07df9c3fc899_JOKER	Siete mai riusciti a stanare il Re Goblin, o vi è scivolato via di nuovo?
NPC_MANGA_PLAYER_c3be5c5d-8653-45bc-8d27-07df9c3fc899_SCHOLAR	E il Re Goblin in persona? Fu trovato o soltanto inseguito?
NPC_MANGA_PLAYER_c3be5c5d-8653-45bc-8d27-07df9c3fc899_STOIC	Avete mai trovato il Re Goblin?
NPC_MANGA_PLAYER_c408af60-f8a1-490d-ab33-8233bd4ebf7a_HEROIC	Mi conoscevano, e la paura ha fatto il resto. La pietà ha offerto loro una via d'uscita e l'hanno colta.
NPC_MANGA_PLAYER_c408af60-f8a1-490d-ab33-8233bd4ebf7a_JOKER	Paura e disperazione rendono tutti accomodanti. La pietà ha fatto il resto.
NPC_MANGA_PLAYER_c408af60-f8a1-490d-ab33-8233bd4ebf7a_SCHOLAR	Mi conoscevano e la paura li ha indotti ad ascoltare. La pietà era semplicemente il modo meno oneroso per chiuderla.
NPC_MANGA_PLAYER_c408af60-f8a1-490d-ab33-8233bd4ebf7a_STOIC	Sapevano chi ero. Avevano paura ed erano disperati. La pietà li ha fatti cedere facilmente.
NPC_MANGA_PLAYER_c5997ad0-ff84-4f28-b2b5-f71010aeb448_HEROIC	Non dobbiamo essere legati. Sei il nostro maestro fabbro, nulla più.
NPC_MANGA_PLAYER_c5997ad0-ff84-4f28-b2b5-f71010aeb448_JOKER	Non servono legami affettivi. Sei il maestro fabbro, punto e basta.
NPC_MANGA_PLAYER_c5997ad0-ff84-4f28-b2b5-f71010aeb448_SCHOLAR	Un legame personale non è richiesto. La sola necessità è il tuo ruolo di maestro fabbro.
NPC_MANGA_PLAYER_c5997ad0-ff84-4f28-b2b5-f71010aeb448_STOIC	I legami personali non servono. Sei il maestro fabbro. Nient'altro.
NPC_MANGA_PLAYER_c5b5f32c-6fc3-49c9-92c4-e9426f3d3d94_BASE	“Hai provato a fermarlo?”
NPC_MANGA_PLAYER_c7a21304-5b0d-403c-b964-7dfd616f7c40_HEROIC	La tua intuizione è preziosa. Rifletterò su queste parole.
NPC_MANGA_PLAYER_c7a21304-5b0d-403c-b964-7dfd616f7c40_JOKER	Pensiero affilato. Mi sa che ci rimuginerò per un po'.
NPC_MANGA_PLAYER_c7a21304-5b0d-403c-b964-7dfd616f7c40_SCHOLAR	È un'osservazione più acuta di quanto sembri. Mi accompagnerà nelle mie riflessioni.
NPC_MANGA_PLAYER_c7a21304-5b0d-403c-b964-7dfd616f7c40_STOIC	Acuto. Ci rifletterò.
NPC_MANGA_PLAYER_c9a7956d-b5d4-4f9d-afe6-8bdd51f9b6aa_HEROIC	Valuterò con cura la richiesta. Forse è meglio attendere che il pericolo sia passato.
NPC_MANGA_PLAYER_c9a7956d-b5d4-4f9d-afe6-8bdd51f9b6aa_JOKER	Ci penserò. Magari conviene aspettare che il pericolo si annoi.
NPC_MANGA_PLAYER_c9a7956d-b5d4-4f9d-afe6-8bdd51f9b6aa_SCHOLAR	La prenderò in considerazione. Attendere che il pericolo passi potrebbe essere il piano più ragionevole.
NPC_MANGA_PLAYER_c9a7956d-b5d4-4f9d-afe6-8bdd51f9b6aa_STOIC	Valuterò la richiesta. Meglio forse attendere che passi il pericolo.
NPC_MANGA_PLAYER_cc5af974-71b5-4f37-bdfc-dbc7ddd1504e_HEROIC	Capisco. Deve addolorare vedere qualcuno che hai cresciuto incapace di rinunciare al proprio odio.
NPC_MANGA_PLAYER_cc5af974-71b5-4f37-bdfc-dbc7ddd1504e_JOKER	Capisco. Deve bruciare, vedere qualcuno che hai cresciuto aggrapparsi all'odio come al mantello preferito.
NPC_MANGA_PLAYER_cc5af974-71b5-4f37-bdfc-dbc7ddd1504e_SCHOLAR	Capisco. Lo hai cresciuto, e l'odio è sopravvissuto a ogni insegnamento. Dev'essere un peso.
NPC_MANGA_PLAYER_cc5af974-71b5-4f37-bdfc-dbc7ddd1504e_STOIC	Capisco. Deve far male vedere qualcuno che hai cresciuto non abbandonare mai il proprio odio.
NPC_MANGA_PLAYER_cec4d9f4-7d26-4862-80e2-1a89f5d100a9_HEROIC	È una benedizione avere tante persone così nel villaggio.
NPC_MANGA_PLAYER_cec4d9f4-7d26-4862-80e2-1a89f5d100a9_JOKER	La fortuna deve aver preso in simpatia il villaggio. Continua a mandargli gente del genere.
NPC_MANGA_PLAYER_cec4d9f4-7d26-4862-80e2-1a89f5d100a9_SCHOLAR	Questo villaggio ospita più persone di quel genere di quante il solo caso farebbe supporre.
NPC_MANGA_PLAYER_cec4d9f4-7d26-4862-80e2-1a89f5d100a9_STOIC	Una fortuna averne tanti così, qui.
NPC_MANGA_PLAYER_cf390892-cfa1-46b4-8b1f-770d3446c2d5_HEROIC	Li ha spinti la necessità. Lo capisco e non li biasimo.
NPC_MANGA_PLAYER_cf390892-cfa1-46b4-8b1f-770d3446c2d5_JOKER	Era la necessità a tenere le redini, allora. Capisco.
NPC_MANGA_PLAYER_cf390892-cfa1-46b4-8b1f-770d3446c2d5_SCHOLAR	Spinti dalla necessità. Date le circostanze, comprendo il ragionamento.
NPC_MANGA_PLAYER_cf390892-cfa1-46b4-8b1f-770d3446c2d5_STOIC	Spinti dalla necessità. Capisco.
NPC_MANGA_PLAYER_d149d398-4efe-40ba-b28c-74bad2ead596_HEROIC	Sostieni che agli abitanti manchi la fermezza?
NPC_MANGA_PLAYER_d149d398-4efe-40ba-b28c-74bad2ead596_JOKER	Quindi gli abitanti si sbriciolano alla prima difficoltà?
NPC_MANGA_PLAYER_d149d398-4efe-40ba-b28c-74bad2ead596_SCHOLAR	Stai suggerendo che gli abitanti non possiedano sufficiente forza d'animo?
NPC_MANGA_PLAYER_d149d398-4efe-40ba-b28c-74bad2ead596_STOIC	Dici che gli abitanti sono deboli?
NPC_MANGA_PLAYER_d36ef564-9e8d-4729-b337-c3551e5fd195_HEROIC	I Goblin sono una piaga per ogni razza. Tutti dobbiamo impugnare una lama per eliminarli.
NPC_MANGA_PLAYER_d36ef564-9e8d-4729-b337-c3551e5fd195_JOKER	I Goblin fanno di nuovo casino. È ora che tutti diano una mano a ripulire.
NPC_MANGA_PLAYER_d36ef564-9e8d-4729-b337-c3551e5fd195_SCHOLAR	I Goblin sono una piaga, e le piaghe si diffondono. Ogni razza ha interesse a eliminarli.
NPC_MANGA_PLAYER_d36ef564-9e8d-4729-b337-c3551e5fd195_STOIC	I goblin sono una piaga. Tutte le razze devono fare la propria parte per sterminarli.
NPC_MANGA_PLAYER_d86091e2-f5d8-4167-993a-18f8bc4e1934_HEROIC	Temevano la cattura e mi conoscevano. Ho offerto loro la verità e un modo per accettarla.
NPC_MANGA_PLAYER_d86091e2-f5d8-4167-993a-18f8bc4e1934_JOKER	Paura della cattura, e il mio nome lo conoscevano. Ho suggerito di arrendersi prima che decidessero gli eventi.
NPC_MANGA_PLAYER_d86091e2-f5d8-4167-993a-18f8bc4e1934_SCHOLAR	Temevano di essere scoperti e mi conoscevano. Con la crisi ormai alla fine, arrendersi era la scelta migliore.
NPC_MANGA_PLAYER_d86091e2-f5d8-4167-993a-18f8bc4e1934_STOIC	Mi conoscevano e temevano la cattura. Gli ho detto di consegnarsi.
NPC_MANGA_PLAYER_d87ed52d-7c74-4de0-925b-a3a9d1528d8a_HEROIC	Se l'impero è tanto ordinato, perché Aldoria resiste ancora?
NPC_MANGA_PLAYER_d87ed52d-7c74-4de0-925b-a3a9d1528d8a_JOKER	Se l'impero è così organizzato, come mai continua a sbattere il mignolo contro Aldoria?
NPC_MANGA_PLAYER_d87ed52d-7c74-4de0-925b-a3a9d1528d8a_SCHOLAR	Se l'impero è tanto ordinato, cosa permette ad Aldoria di resistere? Il terreno, o qualcosa di meno definibile?
NPC_MANGA_PLAYER_d87ed52d-7c74-4de0-925b-a3a9d1528d8a_STOIC	Perché l'impero non è riuscito a invadere Aldoria, se è così organizzato?
NPC_MANGA_PLAYER_d98ed96e-47ff-4cb1-90f6-8aee6bcf8c4f_BASE	“Chi ti ha aiutato a costruirla?”
NPC_MANGA_PLAYER_dd9b7148-db41-4b31-bc65-f8fc7efb61e4_HEROIC	Sarei onorato di conoscere meglio il Presidiismo, quando troverai il tempo.
NPC_MANGA_PLAYER_dd9b7148-db41-4b31-bc65-f8fc7efb61e4_JOKER	Se mai trovi il tempo per un racconto sul Presidiismo, sono tutto orecchi.
NPC_MANGA_PLAYER_dd9b7148-db41-4b31-bc65-f8fc7efb61e4_SCHOLAR	Quando avrai tempo, vorrei un'esposizione completa del Presidiismo. A partire dal suo primo principio.
NPC_MANGA_PLAYER_dd9b7148-db41-4b31-bc65-f8fc7efb61e4_STOIC	Parlami ancora del Presidiismo, quando hai tempo.
NPC_MANGA_PLAYER_e4e33aad-7117-43d9-adf1-e8f5ceaa75f9_HEROIC	È un onore ascoltarti.
NPC_MANGA_PLAYER_e4e33aad-7117-43d9-adf1-e8f5ceaa75f9_JOKER	Ho sempre un orecchio da prestare.
NPC_MANGA_PLAYER_e4e33aad-7117-43d9-adf1-e8f5ceaa75f9_SCHOLAR	Accolgo volentieri l'occasione di ascoltarti.
NPC_MANGA_PLAYER_e4e33aad-7117-43d9-adf1-e8f5ceaa75f9_STOIC	Ascolto volentieri.
NPC_MANGA_PLAYER_e5a48bc7-3cb9-40be-9095-6e7d299c4030_BASE	"Cos'è successo alle armi?"
NPC_MANGA_PLAYER_e71f3190-1318-4234-806b-19ad0ed69766_HEROIC	C'è qualcosa di importante dietro questa visita?
NPC_MANGA_PLAYER_e71f3190-1318-4234-806b-19ad0ed69766_JOKER	Una visita amichevole, eh? Il pavimento trema ancora.
NPC_MANGA_PLAYER_e71f3190-1318-4234-806b-19ad0ed69766_SCHOLAR	Chi erano, e che cosa volevano?
NPC_MANGA_PLAYER_e71f3190-1318-4234-806b-19ad0ed69766_STOIC	Di che si trattava?
NPC_MANGA_PLAYER_ec809085-cdbd-463c-93e7-a8f9a793f6d2_HEROIC	Non tutti sono adatti a questo luogo. Dimostrerai il tuo valore?
NPC_MANGA_PLAYER_ec809085-cdbd-463c-93e7-a8f9a793f6d2_JOKER	Qui non entra il primo che passa. Hai qualcosa da mettere sul piatto?
NPC_MANGA_PLAYER_ec809085-cdbd-463c-93e7-a8f9a793f6d2_SCHOLAR	Questo luogo non è per chiunque. Quali tue competenze giustificherebbero l'ammissione?
NPC_MANGA_PLAYER_ec809085-cdbd-463c-93e7-a8f9a793f6d2_STOIC	Qui non entra chiunque. Come dimostrerai il tuo valore?
NPC_MANGA_PLAYER_ecd10c5d-b8e9-406f-b163-fbfaa25d9928_HEROIC	È un punto di vista che ha un suo peso.
NPC_MANGA_PLAYER_ecd10c5d-b8e9-406f-b163-fbfaa25d9928_JOKER	Fabbro e filosofo. L'incudine deve sentire certe lezioni.
NPC_MANGA_PLAYER_ecd10c5d-b8e9-406f-b163-fbfaa25d9928_SCHOLAR	Più che interessante. L'idea presenta aspetti che meritano di essere messi alla prova.
NPC_MANGA_PLAYER_ecd10c5d-b8e9-406f-b163-fbfaa25d9928_STOIC	Una prospettiva interessante.
NPC_MANGA_PLAYER_ef4db338-2616-4be3-84b5-17824803eb55_BASE	"Continuo a sentir parlare della Crisi dei Goblin. Cosa ne sai?"
NPC_MANGA_PLAYER_efe04042-a223-4c95-acc0-aa975e5da580_HEROIC	Ritieniti fortunato per non dover affrontare le orde di goblin.
NPC_MANGA_PLAYER_efe04042-a223-4c95-acc0-aa975e5da580_JOKER	Ritieniti fortunato. Chi ha incontrato un'orda di goblin non ne sente la mancanza.
NPC_MANGA_PLAYER_efe04042-a223-4c95-acc0-aa975e5da580_SCHOLAR	È una fortuna rara non doversi misurare con le orde di goblin.
NPC_MANGA_PLAYER_efe04042-a223-4c95-acc0-aa975e5da580_STOIC	Sei fortunato a non dover affrontare le orde di goblin.
NPC_MANGA_PLAYER_f0ec115f-a2be-4796-9c80-bb9699740864_HEROIC	Parlami della tua patria. Vorrei conoscere la terra che ti ha forgiato.
NPC_MANGA_PLAYER_f0ec115f-a2be-4796-9c80-bb9699740864_JOKER	Parlami della tua patria. Lì fanno tutti gli stipiti più alti?
NPC_MANGA_PLAYER_f0ec115f-a2be-4796-9c80-bb9699740864_SCHOLAR	Che cosa ha plasmato la tua patria?
NPC_MANGA_PLAYER_f0ec115f-a2be-4796-9c80-bb9699740864_STOIC	Cosa puoi dirmi della tua patria?
NPC_MANGA_PLAYER_f1a29e54-7874-48e8-a057-518c8b24476e_HEROIC	Questa baracca si regge a malapena. È trascuratezza.
NPC_MANGA_PLAYER_f1a29e54-7874-48e8-a057-518c8b24476e_JOKER	Quella baracca sembra reggersi su una scheggia. Qualcuno ha saltato un paio di passaggi.
NPC_MANGA_PLAYER_f1a29e54-7874-48e8-a057-518c8b24476e_SCHOLAR	La struttura appare instabile. La fattura suggerisce una mancanza di cura.
NPC_MANGA_PLAYER_f1a29e54-7874-48e8-a057-518c8b24476e_STOIC	Una baracca che sta appena in piedi. Trascurata.
NPC_MANGA_PLAYER_f1a54450-bc48-4754-a033-ffac1068095f_BASE	Il Sindaco sta perdendo il controllo delle guardie?
NPC_MANGA_PLAYER_f409c581-16f9-44a7-9e0c-7238c35baf3e_HEROIC	Questi guai sembrano non finire mai, ma se la causa è giusta andrò fino in fondo.
NPC_MANGA_PLAYER_f409c581-16f9-44a7-9e0c-7238c35baf3e_JOKER	I guai sanno proprio dove trovarmi. Se ne vale la pena, darò un'occhiata in giro.
NPC_MANGA_PLAYER_f409c581-16f9-44a7-9e0c-7238c35baf3e_SCHOLAR	I problemi di questa città sembrano seguire uno schema nel trovarmi. Se meritano un'indagine, me ne occuperò.
NPC_MANGA_PLAYER_f409c581-16f9-44a7-9e0c-7238c35baf3e_STOIC	I guai della città continuano. Agirò se il compito sarà degno.
NPC_MANGA_PLAYER_f70bd979-c237-48e0-8a0b-d7a4dcf19d15_HEROIC	Non agisco per gli abitanti. Seguo la mia strada.
NPC_MANGA_PLAYER_f70bd979-c237-48e0-8a0b-d7a4dcf19d15_JOKER	Non sono qui per gli abitanti. La strada è mia.
NPC_MANGA_PLAYER_f70bd979-c237-48e0-8a0b-d7a4dcf19d15_SCHOLAR	Per gli abitanti, no. Mantengo la mia direzione.
NPC_MANGA_PLAYER_f70bd979-c237-48e0-8a0b-d7a4dcf19d15_STOIC	Non lo faccio per gli abitanti. Seguo la mia strada.
NPC_MANGA_PLAYER_f8e46cc2-8224-421c-9473-ecf01a93e731_HEROIC	Devi aver perso ben più che delle ossa. Tradire i propri simili ha un prezzo alto.
NPC_MANGA_PLAYER_f8e46cc2-8224-421c-9473-ecf01a93e731_JOKER	Allora non ti hanno tolto solo le ossa. Il tradimento lascia il moncone più profondo.
NPC_MANGA_PLAYER_f8e46cc2-8224-421c-9473-ecf01a93e731_SCHOLAR	Dunque hai perso più che delle ossa. Un tradimento dei tuoi simili lo spiegherebbe.
NPC_MANGA_PLAYER_f8e46cc2-8224-421c-9473-ecf01a93e731_STOIC	Pare tu abbia perso più che delle ossa. Devi aver tradito i tuoi.
NPC_MANGA_PLAYER_fa05e31a-b70a-4565-b0d9-f76aabd67b4a_HEROIC	Hai fatto tutto il possibile per guidarlo, e continuerai a essergli accanto.
NPC_MANGA_PLAYER_fa05e31a-b70a-4565-b0d9-f76aabd67b4a_JOKER	Lo hai spinto nella direzione giusta, e sarai lì quando inciamperà.
NPC_MANGA_PLAYER_fa05e31a-b70a-4565-b0d9-f76aabd67b4a_SCHOLAR	Lo hai guidato come meglio non si poteva. E sei ancora qui. Questo conta.
NPC_MANGA_PLAYER_fa05e31a-b70a-4565-b0d9-f76aabd67b4a_STOIC	Hai fatto del tuo meglio per guidarlo su una strada migliore. Continuerai a esserci.
NPC_MANGA_RESPONSE_02d357c4-19cf-4ae2-b456-84c3bc32819c	*Manga annuisce con un cenno discreto e rispettoso.*<x1/><x2/>“Fuggire non sarebbe servito a nessuno. Qui offro le mie capacità. Se forgio una sola spada che salva una sola vita, allora la scelta è stata giusta.”<x3/><x4/>“L'acciaio non si plasma da sé. Né una casa sorge senza fatica. Nei tempi difficili facciamo ciò che dobbiamo, con ciò che abbiamo.”
NPC_MANGA_RESPONSE_03b04ae0-88dc-4c5d-8a3a-622f5f50313e	"No, non posso offrirti lame appena forgiate. Non qui. Ma posso prendere ciò che mi porti, spezzarlo, distillarne il potere e fondere quell'essenza in qualcosa di superiore. Questa è l'arte della forgiatura runica, e la conosco bene."
NPC_MANGA_RESPONSE_04794467-52d4-4fb6-b523-d0a354cb5dfe	"Così credono in molti a Mirkea. Si sbagliano. Un giorno, forse, vedrai dove conduce davvero quella strada."
NPC_MANGA_RESPONSE_04a82f7a-29e6-4b7b-920b-a7688949c873	"Avvoltoi, sì. Gli uomini deboli si riducono a razziare quando nulla li tiene in piedi. Hm. È la spiegazione più sensata."<x1/><x2/><x3/><x4/>*Manga annuisce, pensieroso.*<x5/><x6/>"È un sollievo sapere che non agivano per ordine del Sindaco. Una piccola banda di rinnegati può essere dimenticata col tempo, purché il marciume non si diffonda. Ma questo rivela comunque la sua debolezza: non riesce a tenere a freno i suoi stessi uomini. Dimmi, viandante, come li hai affrontati?"
NPC_MANGA_RESPONSE_07b63d4f-6d60-4693-8cb4-bf77356c5b8e	"Hm. È la spiegazione più sensata."<x1/><x2/><x3/><x4/>*Manga annuisce, pensieroso.*<x5/><x6/>"È un sollievo sapere che non agivano per ordine del Sindaco. Una piccola banda di rinnegati può essere dimenticata col tempo, purché il marciume non si diffonda. Ma questo rivela comunque la sua debolezza: non riesce a tenere a freno i suoi stessi uomini. Dimmi, viandante, come li hai affrontati?"
NPC_MANGA_RESPONSE_0d0edbe6-2942-494e-a74d-0d3955df9e30	"È un onore sufficiente per ciò che ti ho confidato."
NPC_MANGA_RESPONSE_100321b7-e056-4a3a-9e92-cc9d55f0a957	"No. Mai. Il mio martello resta con Alaric e la Gilda, ma la lealtà non mi rende cieco al pericolo di questo gioco."<x1/><x2/><x3/><x4/>*Dopo aver fissato per un momento il villaggio, lo sguardo di Manga si rasserena e i suoi movimenti ritrovano la consueta, calma precisione.*<x5/><x6/>"Basta con i giochi del Sindaco. C'è un'altra faccenda che richiede la tua forza.<x7/><x8/><x9/><x10/>Ora che il ponte è stato ricostruito, possiamo rafforzare le nostre vie di rifornimento, renderle più sicure per i commerci che un giorno riprenderanno. Nella parte settentrionale di Wildwood, lungo la strada principale, si trova il Passaggio sul Fiume. Un tempo le carovane passavano liberamente. Ora il passaggio è crollato."
NPC_MANGA_RESPONSE_102c4b47-f596-42bb-beab-02bb7a613577	"Con il lavoro, la costanza e l'utilità. Nessun'altra prova vale molto."<x1/><x2/><x3/><x4/>"Sarò fabbro runico e maestro della fucina. Portami polvere runica e continuerò a rafforzare il tuo equipaggiamento."<x5/><x6/>"Col tempo, man mano che questa fucina crescerà, forgerò armi e armature all'altezza delle prove che ci attendono."
NPC_MANGA_RESPONSE_118ec3a9-7072-4f36-a526-833625e84bbe	"Uno non può. Cento sì. Un morso alla volta."
NPC_MANGA_RESPONSE_1267e2b9-1718-4f4b-9ef0-4c2296f8a426	*Manga indica le pareti di legno grezzo e le travi a vista della fucina, una struttura tenuta insieme più dalla volontà che dalla malta.*<x1/><x2/>“È umile, sì. Quando mi giunse la notizia, portai soltanto la mia incudine. Il resto lo costruirono mani volenterose e cuori coraggiosi.”
NPC_MANGA_RESPONSE_16b11d17-8a8f-46b4-b2a3-9fd3d1d4c138	"Sono trascorsi cinquanta inverni, anche se sembra più vicino. Le cicatrici sotto la terra di Earlwood ricordano meglio di molti."
NPC_MANGA_RESPONSE_17222b37-fbaa-4b32-93fc-18e9b5631c6a	*China appena il capo in un cenno di silenzioso assenso, poi riprende il lavoro. Il ritmo regolare del metallo sul metallo riempie il silenzio.*
NPC_MANGA_RESPONSE_1975c438-385b-4d10-af5f-e186b8672d23	"Non dici il falso. Xwin è stata forgiata dalla conquista e annovera quella storia fra i propri vanti."<x1/><x2/><x3/><x4/>"A Xwin, la potenza è posta al di sopra di ogni virtù. Ogni maschio è tenuto a prestare servizio militare e viene anche istruito in un mestiere o una disciplina utile. La sola forza non basta. Da un uomo ci si aspetta che combatta per l'impero e che affini mente e lavoro al suo servizio."
NPC_MANGA_RESPONSE_19ee2297-2fe1-44a3-95d6-204da4bda6b7	"Prego che il momento giusto arrivi prima di una lezione più dura."
NPC_MANGA_RESPONSE_1a68c9d1-f712-422f-8f55-9a497a678fc6	*Manga china il capo con solennità.*<x1/><x2/>“Negli imperi, crudeltà e ordine camminano spesso come fratelli. Ciò che si perde può ancora plasmare ciò che verrà.”<x3/><x4/>“Le corna sono sacre per noi: simboli di forza, maturità e comando. Portarle danneggiate è un disonore. Perderle significa camminare nella vergogna.”
NPC_MANGA_RESPONSE_1b117e48-cfe8-4edf-a83a-677ea4044885	*Manga abbassa gli occhi fino a incontrare i tuoi. Un calore divertito affiora nella sua espressione altrimenti impassibile.*<x1/><x2/>"Non mi attribuirei ancora un tale onore, viandante. Ma sono lieto di apparire così ai tuoi occhi. Tu stesso sembri appartenere a quella rara schiera."
NPC_MANGA_RESPONSE_1c2ed740-43f7-4fc8-9582-2b22a0558d0f	"Ascolta dunque il primo principio."<x1/><x2/>"La forza è una condizione necessaria della virtù e parte del Bene stesso. Perché senza forza, del corpo o dello spirito, un uomo non può superare la resistenza, dominare la tentazione, né restare fedele a ciò che è giusto quando viene messo alla prova."<x3/><x4/><x5/><x6/>"Il secondo principio è questo: potere e forza non sono la stessa cosa."<x7/><x8/>"La forza appartiene anzitutto a noi stessi. È la capacità di resistere, di agire, di restare in piedi sotto un peso. Il potere è altro. È la forza protesa all'esterno, trasformata in strumento sugli altri."<x9/><x10/>"Affido alle tue mani questi primi insegnamenti. Custodiscili e soppesali nel pensiero."
NPC_MANGA_RESPONSE_1ece4c9f-35de-40ec-9e28-4fdb6a0e53eb	"L'onore è mio, viandante. Mettere alla prova la mia forza accanto alla tua non sarà cosa da poco."<x1/><x2/><x3/><x4/>*Manga incrocia le braccia, tenendo lo sguardo fisso su di te.*<x5/><x6/>"Molto bene, allora, viandante. Dove erigerò la mia fucina?"
NPC_MANGA_RESPONSE_1fe45a7b-50ad-4ff2-a845-988113536359	*Nella voce di Manga risuona un quieto orgoglio.*<x1/><x2/>“Sopravvisse. Non per fortuna né per inganno. Per sola volontà. Svanì nell'ombra e tornò con la corona del re, insanguinato ma tutto intero.”<x3/><x4/>"Una cosa devi capire di Alaric: le storie che si raccontano? Sono tutte vere."
NPC_MANGA_RESPONSE_239165a9-4103-4f20-8e08-06635a39ff8d	*Il martello si ferma a mezz'aria. Il suo sguardo incontra il tuo, saldo e indecifrabile.*<x1/><x2/>"Tradimento? No. Ho scelto diversamente. E per questo mi chiamano traditore."<x3/><x4/>"Da giovane scelsi di disobbedire. Mi fu ordinato di portare rovina. Rifiutai. Tutto qui."
NPC_MANGA_RESPONSE_23a12255-dc94-4e10-9b54-b939b973d9c6	"Vorrei che il carico fosse recuperato. Senza lame, ci difendiamo a mani nude."
NPC_MANGA_RESPONSE_23e59325-df83-4403-9054-850de6a16b75	*Manga annuisce in silenzio, grato.*
NPC_MANGA_RESPONSE_25d6f60b-c919-4d36-9a78-9cf9c073e05b	"C'è del vero. La realtà impone, sì, ma la necessità trae respiro anche da altro."<x1/><x2/><x3/><x4/>"La mancanza è un grande motore della necessità. La mancanza di ciò che ti protegge dal bisogno, dalla coercizione, dalle dure condizioni che la realtà pone a ogni essere vivente. Soprattutto, la mancanza di forza."<x5/><x6/>"Dove manca la forza, le scelte si assottigliano. Dove invece è presente, diventano possibili mezzi migliori. Un uomo può resistere e, resistendo, scegliere la via più virtuosa. Per questo ritengo che la forza liberi dalla mano più dura della necessità."
NPC_MANGA_RESPONSE_25f1405f-6c94-44c6-b465-f9d57b099559	"Giudichi bene, viandante. Non intendo cambiare schieramento, ma temo comunque la loro prossima mossa."<x1/><x2/><x3/><x4/>*Dopo aver fissato per un momento il villaggio, lo sguardo di Manga si rasserena e i suoi movimenti ritrovano la consueta, calma precisione.*<x5/><x6/>"Basta con i giochi del Sindaco. C'è un'altra faccenda che richiede la tua forza.<x7/><x8/><x9/><x10/>Ora che il ponte è stato ricostruito, possiamo rafforzare le nostre vie di rifornimento, renderle più sicure per i commerci che un giorno riprenderanno. Nella parte settentrionale di Wildwood, lungo la strada principale, si trova il Passaggio sul Fiume. Un tempo le carovane passavano liberamente. Ora il passaggio è crollato."
NPC_MANGA_RESPONSE_28adc8b2-489f-4169-90cd-3d0ab66bd615	*Manga alza la testa e incontra i tuoi occhi; sotto la sua calma, l'approvazione è evidente.*<x1/><x2/>"Ho saputo. Il Re Goblin è morto per mano tua. Non è una vittoria da poco, viandante."<x3/><x4/>"Il villaggio ha motivo di esserti grato. I Goblin sono nemici feroci. Li ho combattuti spesso, quando ero ancora soldato."
NPC_MANGA_RESPONSE_28e7587c-0daf-4bf8-99d3-e583b1d4023f	"Quando il bisogno ti porterà alla fucina, mi troverai qui."
NPC_MANGA_RESPONSE_2e0d6cc1-b8ee-476f-9d61-b02df22be3ae	"Devi portarmi pezzi di equipaggiamento da spezzare e uno da potenziare. Il vecchio deve cadere perché il nuovo possa sorgere."<x1/><x2/>"Quando tornerai con entrambi, ti mostrerò come la forza si trasmette attraverso runa e fuoco."
NPC_MANGA_RESPONSE_2f67eb8d-2075-4115-beb3-6e1ac87f28db	"Il Sindaco mette alla prova la propria influenza, mandando occhi dove non servono. Un gioco fastidioso."<x1/><x2/><x3/><x4/>"Da quando mi sono trasferito in questo quartiere per aiutare Alaric, il villaggio principale è rimasto senza un vero fabbro. Ora a riparare lame e armature ci sono solo dilettanti."
NPC_MANGA_RESPONSE_31b95b28-add6-4c3a-a507-97afa7618c40	"Ciò che ho dato a Earlwood, lo darò anche qui."<x1/><x2/><x3/><x4/>"Sarò fabbro runico e maestro della fucina. Portami polvere runica e continuerò a rafforzare il tuo equipaggiamento."<x5/><x6/>"Col tempo, man mano che questa fucina crescerà, forgerò armi e armature all'altezza delle prove che ci attendono."
NPC_MANGA_RESPONSE_37e34451-92b1-46c0-bb39-94ad92efb6bf	"Lo sono. L'impero è sorto grazie a secoli di conquiste. È la pura verità, e il mio popolo ne va molto fiero."<x1/><x2/><x3/><x4/>"A Xwin, la potenza è posta al di sopra di ogni virtù. Ogni maschio è tenuto a prestare servizio militare e viene anche istruito in un mestiere o una disciplina utile. La sola forza non basta. Da un uomo ci si aspetta che combatta per l'impero e che affini mente e lavoro al suo servizio."
NPC_MANGA_RESPONSE_398d945c-6e73-4c95-b892-79a910a53b07	"Non è così. Dico soltanto che la debolezza è comune sotto lo sguardo di Agir: negli uomini, negli elfi, fra la mia gente e in tutti gli altri."<x1/><x2/><x3/><x4/>"È la forza ad aprire altre vie."<x5/><x6/>"Rari sono coloro che hanno forza sufficiente per vivere secondo virtù quando le difficoltà incalzano."
NPC_MANGA_RESPONSE_3ac17e1a-310c-400e-9a7c-0d225ea90243	"L'esilio, imposto con la paura. Hm. Non li hai abbattuti. Eppure Wildwood è una condanna dura. Forse c'era una via più limpida. Ma hai giudicato come ritenevi giusto. Non pretenderò di fare mio il tuo fardello."<x1/><x2/><x3/><x4/>*Manga si ferma, una larga mano posata sulla fucina. Lo sguardo passa dall'incudine al villaggio, poi a Wildwood, più lontano.*<x5/><x6/>"Viandante, ho una novità. Il mio cammino non termina più a Earlwood. Non pretendo ancora di conoscerti. Conosco la tua forza e vedo il tuo ruolo in ciò che verrà. La tua strada si allontana da questo villaggio. E la mia vorrebbe seguirla, se hai posto per me: la mia arte di fabbro e il mio acciaio al tuo servizio."
NPC_MANGA_RESPONSE_3adb8cd6-ef11-4131-a208-39668bd7dbbf	"In parte, sì. Mi giungono voci di discordia fra i ranghi. Alcune guardie vedono nei profughi e nei compagni caduti un facile bottino. Una mano debole sulle redini invita questo marciume."
NPC_MANGA_RESPONSE_3b83bbfb-472c-4b78-a693-7a50653ec95a	"Solo in parte. I miei valori ora sono miei, e la via che seguo è proibita a Xwin."<x1/><x2/><x3/><x4/>"Negli anni da soldato conobbi un uomo che custodiva in segreto gli insegnamenti del Presidiismo. A Xwin, questo basta per essere giustiziati."<x5/><x6/>"All'inizio pensai di denunciarlo. Tanto era forte la presa dell'impero sulla mia mente. Ma trattenni la mano e lo ascoltai. Da lui appresi che la potenza ha uno scopo oltre la conquista, e che la forza senza virtù è solo brutalità raffinata."<x7/><x8/>"Da allora, l'esilio non tardò ad arrivare."
NPC_MANGA_RESPONSE_3ccbe582-aafc-4339-ab37-49988def9a2c	*Gli occhi di Manga si posano su di te con rinnovata attenzione. Un lieve calore traspare dalla sua compostezza.*<x1/><x2/>"Le rendi onore chiedendolo. Quando il tempo lo permetterà, ti dirò di più."
NPC_MANGA_RESPONSE_3d3fdb68-2b53-4df5-845e-1fcc1d69b467	"Hm. Il bisogno ha radici profonde nella sua origine, sì, ma la questione scende ancora più a fondo."<x1/><x2/><x3/><x4/>"La mancanza è un grande motore della necessità. La mancanza di ciò che ti protegge dal bisogno, dalla coercizione, dalle dure condizioni che la realtà pone a ogni essere vivente. Soprattutto, la mancanza di forza."<x5/><x6/>"Dove manca la forza, le scelte si assottigliano. Dove invece è presente, diventano possibili mezzi migliori. Un uomo può resistere e, resistendo, scegliere la via più virtuosa. Per questo ritengo che la forza liberi dalla mano più dura della necessità."
NPC_MANGA_RESPONSE_404f0259-d2b1-4b45-a4e0-62bf0f775a81	"Hm. Vuoi conoscere la mia patria, viandante? Molto bene."<x1/><x2/>"Sono nato a Xwin, cuore dell'Impero dei Minotauri, nel profondo delle Terre Aride."<x3/><x4/>"È una città di opere immense e disciplina ferrea. Non disprezzo le città degli uomini, ma poche di quelle che ho visto potrebbero starle accanto senza apparire piccole."
NPC_MANGA_RESPONSE_4053fffd-2706-4acd-bff6-8635ae0442d2	"Nessuno lo sa con certezza. Non sembrano riprodursi come le bestie, eppure il loro numero non si esaurisce mai. Sappiamo solo questo: strisciano fuori dalle profondità sotto le montagne."
NPC_MANGA_RESPONSE_4056d540-b413-491f-a3a2-598fec49e928	"È un grande elogio. Lo accolgo con gratitudine."<x1/><x2/><x3/><x4/>"Mi hai già sentito parlare della via che seguo, il Presidiismo. Se vuoi, ora vorrei posarne davanti a te le prime pietre."
NPC_MANGA_RESPONSE_40c06a98-5813-4159-a98d-1f9f2d27250d	"Temo di sì. Nonostante tutti i progressi compiuti da Earlwood negli anni che ho passato qui, non è ancora riuscita ad attirare altri del mio mestiere. Earlwood non ha un vero esercito, e il lavoro per un fabbro è molto meno che in qualunque grande insediamento."
NPC_MANGA_RESPONSE_41139311-b3b4-401e-a72e-ddf35d9a6a93	"Sì. Resterò, e parlerò finché le parole potranno ancora essergli utili."
NPC_MANGA_RESPONSE_43894e35-0f03-409c-a6c0-26ebfcb6f0e7	“Gente della Gilda, profughi, persino qualche bambino ha dato una mano. Ogni asse porta il segno di qualcuno che ha scelto di costruire anziché distruggere.”
NPC_MANGA_RESPONSE_4398992c-1253-461e-98aa-4c1d42e21c8e	"Come vuoi. Non imporrò la filosofia a orecchie che non vogliono ascoltare. Buon cammino, viandante."
NPC_MANGA_RESPONSE_46f1752d-7504-42b2-979b-fe2c7c8f4119	"Bene. Una mano ferma e una lama pronta: questo compito non ti chiede altro. Torna con entrambe intatte."
NPC_MANGA_RESPONSE_48a9ce8d-af89-4e94-b4cb-02230285f26d	"Di rado erano comuni quanto qui. A volte sconfinavano nelle Terre Aride, ma queste terre ne soffrono molto di più."<x1/><x2/><x3/><x4/>"Nella mia patria, a volte branchi di goblin si insinuavano nei passi montani e raggiungevano le Terre Aride. Non venivano tollerati a lungo."<x5/><x6/>"Xwin tiene esploratori ai confini e guarnigioni presso gli insediamenti periferici. Appena vengono avvistati dei goblin, si mandano guerrieri ad abbatterli. L'impero non permette che una simile infestazione perduri."
NPC_MANGA_RESPONSE_4ba7004f-f14a-48da-a18d-00125245b797	"Parole chiare. Non chiedo altro. Offrirò la mia arte quando sarò chiamato e lascerò parlare i fatti."<x1/><x2/><x3/><x4/>*Manga incrocia le braccia, tenendo lo sguardo fisso su di te.*<x5/><x6/>"Molto bene, allora, viandante. Dove erigerò la mia fucina?"
NPC_MANGA_RESPONSE_4c298a00-608b-4a59-81c4-6ed66210b257	"Su questo non posso dissentire. È il fardello del mondo da che se ne ha memoria."
NPC_MANGA_RESPONSE_4e4f474e-fef1-4de5-bd3d-257327c2e39f	*Ti studia a lungo, poi annuisce una sola volta.*<x1/><x2/>"È corretto. Il potere è forza corrotta dalla volontà di dominare. La forza basta a sé stessa, può crescere senza aver bisogno di altri. Il potere richiede il dominio sugli altri per prosperare. Perciò una volontà ben orientata alla forza può crescere fino a superarne una votata al potere."
NPC_MANGA_RESPONSE_50e3846b-104f-4cac-bd2b-ed246e291780	"Comprendo la tua posizione. Qui sei ancora un estraneo. Ma se scegli di agire, comincia da qui. Parla con i profughi e gli avventurieri. Scopri cosa sanno."
NPC_MANGA_RESPONSE_5397652f-d33e-4384-91fb-5b78dc81db2d	*Ti osserva per un momento, poi annuisce una sola volta.*<x1/><x2/>"Non rispondi. Non te ne faccio una colpa."<x3/><x4/>"Ciò che hai fatto conta più di ciò che scegli di dire. Ti sono grato per entrambi."<x5/><x6/>"Possa il tuo cammino riportarti qui, un giorno."
NPC_MANGA_RESPONSE_53be4bde-72eb-4f15-b1f3-9a47f8de8cf9	*Guarda il margine della foresta oltre la fucina.*<x1/><x2/>“Molti morirono. Le loro ossa giacciono fra radici e marciume. Ma certe morti servono a uno scopo. Era a questo che ci aggrappavamo.”<x3/><x4/>“Quando anche l'ultimo uomo non riuscì più a reggersi in piedi, Alaric si voltò verso di me. «Riportali a casa», disse. Poi si inoltrò da solo nell'oscurità. Da solo.”
NPC_MANGA_RESPONSE_53cc9d29-18be-4c14-b83e-72ece49a398b	"Esatto. Mi chiedono di tornare a forgiare e riparare, ma sotto le loro parole c'è altro."<x1/><x2/><x3/><x4/>"Da tempo il Sindaco e Alaric sono al centro di una lotta di potere. Alaric non cerca il comando, eppure molti vedono in lui il loro vero capitano, e il Sindaco non lo sopporta. Vorrebbero che tornassi a forgiare per loro. Ma soprattutto vogliono ridurre il mio aiuto ad Alaric e alla Gilda. Hanno persino parlato d'oro."
NPC_MANGA_RESPONSE_5a55ccc8-917c-402d-bec1-cb6188971570	"Una commissione facoltativa, forse, ma necessaria se vogliamo andare avanti."<x1/><x2/><x3/><x4/>"Un passaggio simile non richiede grandi opere, soltanto una corda tesa da una sponda all'altra, così carri e viandanti potranno attraversare saldamente. La corda e i sostegni li ho preparati."<x5/><x6/>"Il lavoro è semplice. È la compagnia a complicarlo. Le creature là fuori non resteranno a guardare mentre lavori."
NPC_MANGA_RESPONSE_5a8b9a3f-8ba6-4828-a155-d2cd5ad702da	*Manga alza gli occhi verso i tuoi, con un quieto assenso nello sguardo.*<x1/><x2/>"Lo è."<x3/><x4/><x5/><x6/>"Ricordo di avergliene parlato molto chiaramente. Disse: «Mi hai insegnato che la forza ha uno scopo, e che i nemici sono coloro la cui vittoria impoverirebbe il nostro futuro. Allora perché non dovrei odiare i goblin? Perché non dovrei ucciderli ovunque li trovi? Quale uso migliore potrei fare della forza?»"<x7/><x8/>"Gli dissi che trascurava la condizione che dà forma morale alla forza. La misura. Anche un nemico va inseguito soltanto fin dove lo richiedono la necessità e il bene futuro. L'odio cancella la misura. Trasforma la difesa in brama."<x9/><x10/>"Non aveva ancora orecchie per quella verità."
NPC_MANGA_RESPONSE_5ac28078-dd85-405a-8be1-8186bedab9a7	"Esprimi i miei stessi pensieri, viandante. Ma non si tratta soltanto di mancanza di rispetto."<x1/><x2/><x3/><x4/>*Manga si china in avanti, accorato.*<x5/><x6/>"Conosco la mia parte di responsabilità. Bramano l'acciaio che non ho forgiato per loro. Eppure vorrei risolvere la faccenda senza spingere fratelli a versare il sangue di fratelli. Per ora abbiamo solo la parola di pochi, tutti provati e inaspriti da lunghe difficoltà. La tensione dimora da troppo tempo in questo villaggio. Mi servono occhi estranei a entrambe le parti, che osservino con attenzione. Mi aiuterai?"
NPC_MANGA_RESPONSE_5c0ffdf4-e682-42ee-8e44-63cd41ea6499	*Manga annuisce una sola volta, lento e deciso.*<x1/><x2/>“Alla fine, sì. Ma non come ti aspetteresti. Prima trovammo il dolore, poi la perdita. Poi Alaric fece la scelta che nessuno di noi era in grado di fare.”<x3/><x4/>“Quando anche l'ultimo uomo non riuscì più a reggersi in piedi, Alaric si voltò verso di me. «Riportali a casa», disse. Poi si inoltrò da solo nell'oscurità. Da solo.”
NPC_MANGA_RESPONSE_5cb1e2c2-fc68-4e4d-9170-83117a3e87ed	"Hm, la tua religione illumina parte della risposta. Questo non viene insegnato nell'impero. Ne ho sentito parlare dopo l'esilio."<x1/><x2/>"Ma alla tua risposta aggiungerò la mia."<x3/><x4/>"Il potere è forza corrotta dalla volontà di dominare. La forza basta a sé stessa, può crescere senza aver bisogno di altri. Il potere richiede il dominio sugli altri per prosperare. Perciò una volontà ben orientata alla forza può crescere fino a superarne una votata al potere."
NPC_MANGA_RESPONSE_5e297c2c-655f-4ea5-ae49-ffb2de4fc4b2	*Una pausa. Il tono non cambia, ma l'aria si raffredda appena.*<x1/><x2/>"Se è questo che vedi, lascia pure che il marchio parli. Non cerco di mutare il giudizio."<x3/><x4/>“Le corna sono sacre per noi: simboli di forza, maturità e comando. Portarle danneggiate è un disonore. Perderle significa camminare nella vergogna.”
NPC_MANGA_RESPONSE_5ecc99dc-3057-4cb1-97f2-0880e27ea48a	"Mi scalda il cuore sentirlo. Vorrei che momenti simili si facessero più frequenti."<x1/><x2/><x3/><x4/>"All'inizio ti osservavo con sospetto. Non si vede uno sconosciuto arrivare per un'antica magia pensando che sia cosa ordinaria."<x5/><x6/>"Ma da allora il tempo ha espresso il suo giudizio. Ti sei dimostrato capace nei fatti e acuto nel pensiero. Anche il tuo carattere si è rivelato saldo. Sono onorato di unire la mia forza alla tua."
NPC_MANGA_RESPONSE_64ecbcc9-ef02-4452-b4e1-02d832fb655e	"Proprio così. È il fondamento del libero arbitrio."<x1/><x2/><x3/><x4/>"È la forza ad aprire altre vie."<x5/><x6/>"Rari sono coloro che hanno forza sufficiente per vivere secondo virtù quando le difficoltà incalzano."
NPC_MANGA_RESPONSE_65e11afd-f95e-483c-8421-5626ddadb981	"Dici una verità che conosco bene, viandante. La mia scelta ha un costo."<x1/><x2/><x3/><x4/>*Manga si china in avanti, accorato.*<x5/><x6/>"Conosco la mia parte di responsabilità. Bramano l'acciaio che non ho forgiato per loro. Eppure vorrei risolvere la faccenda senza spingere fratelli a versare il sangue di fratelli. Per ora abbiamo solo la parola di pochi, tutti provati e inaspriti da lunghe difficoltà. La tensione dimora da troppo tempo in questo villaggio. Mi servono occhi estranei a entrambe le parti, che osservino con attenzione. Mi aiuterai?"
NPC_MANGA_RESPONSE_6b2b7f3e-8324-4bc1-8f56-fd0c9c53b2c9	“Sono stato forgiato per la guerra fin dalla nascita, come tutti gli uomini minotauro, molto prima di imparare a cosa servisse davvero la forza. Quella strada mi ha condotto qui, a questa fucina.”
NPC_MANGA_RESPONSE_6d99a87e-8d0e-42ed-98b3-3b7f6ab5db4a	*Espira lentamente. Nel silenzio che segue, il fuoco della fucina crepita.*<x1/><x2/>“Una leggenda, forse. Ma nessuno la scrisse con l'inchiostro. Fu scritta nel sangue e nella cenere, sul respiro gelido di uomini morenti.”<x3/><x4/>“Ci guidava Alaric: una piccola banda di cacciatori. Non cercatori di gloria. Solo uomini che non volevano vedere bruciare il loro villaggio. Ci addentrammo in Wildwood, seguendo segni che pochi altri avrebbero riconosciuto. I giorni divennero settimane.”
NPC_MANGA_RESPONSE_7267f69c-b586-4777-8677-35b73bdd3c8b	"Perché gli voglio bene. Lo conosco fin da bambino e non vorrei vederlo plasmato nel modo sbagliato."<x1/><x2/><x3/><x4/>"Da quando è arrivato qui, Corin nutre un odio profondo per i goblin. Questo non è un segreto. Quando era più giovane, era semplice rabbia."<x5/><x6/>"Ma gli anni lo hanno affinato. Ha ascoltato noi che lo abbiamo cresciuto, fra cui Alaric. È maturato nella disciplina, nel giudizio, nell'autocontrollo."<x7/><x8/>"Eppure il suo odio non è diminuito. Ha solo imparato a parlare con la voce della ragione."
NPC_MANGA_RESPONSE_7346c003-5a42-43c2-956e-0df34e8a06f2	“No. Eravamo ancora estranei. Lo conoscevo solo come cacciatore, e lui conosceva me solo come fabbro. Ma la prova brucia le illusioni. In quel fuoco trovammo il rispetto.”
NPC_MANGA_RESPONSE_754c3989-9f50-42bb-896e-23069e13d508	"Non lo dicono con queste parole. Ma credo che sia questa la vera intenzione."<x1/><x2/>"Da tempo il Sindaco e Alaric sono al centro di una lotta di potere. Alaric non cerca il comando, eppure molti vedono in lui il loro vero capitano, e il Sindaco non lo sopporta. Vorrebbero che tornassi a forgiare per loro. Ma soprattutto vogliono ridurre il mio aiuto ad Alaric e alla Gilda. Hanno persino parlato d'oro."
NPC_MANGA_RESPONSE_76d2ffde-21cf-43d3-897e-013fe64a43ac	"Un dono raro, piegare la distanza stessa. Ne farò buon uso e ti ripagherò con acciaio e servizio. Cercami in questo Santuario quando avrai bisogno."
NPC_MANGA_RESPONSE_7905d67b-b005-4f21-b494-1b625e57f06e	"È semplice. Alaric non desidera governare, eppure guida. Il Sindaco deve il titolo alla stirpe, ma gli manca la volontà di un vero capo. È sempre stato così, e la gente lo vede."
NPC_MANGA_RESPONSE_7aaf2c8e-16b9-4f4d-a135-8f413e729b5d	“Il Sindaco? Barricò il villaggio e pregò che l'orda passasse oltre. Non furono le preghiere a salvare Earlwood. Fu la resistenza.”
NPC_MANGA_RESPONSE_7aff966d-0528-42cd-b784-8eaf99db8f67	"Necessità, viandante. Earlwood ha già resistito a un assedio, e ora è di nuovo minacciata."<x1/><x2/><x3/><x4/>"Qui c'è una domanda sotto l'altra, viandante. Secondo te, cosa genera la necessità?"
NPC_MANGA_RESPONSE_7b1a53dd-56fa-4c31-9998-e8a300345699	*Manga si ferma un momento. La sua compostezza rimane immutata, ma sotto di essa affiora qualcosa di più caldo.*<x1/><x2/>"Sì. Sarei lieto di parlare ancora con te."
NPC_MANGA_RESPONSE_7e829cfc-9167-4ec5-9b4f-6c7029c559f0	"E tu rendi onore a me desiderandolo."<x1/><x2/>"Il primo principio è questo: la forza è una condizione necessaria della virtù e parte del Bene stesso. Perché senza forza, del corpo o dello spirito, un uomo non può superare la resistenza, dominare la tentazione, né restare fedele a ciò che è giusto quando viene messo alla prova."<x3/><x4/><x5/><x6/>"Il secondo principio è questo: potere e forza non sono la stessa cosa."<x7/><x8/>"La forza appartiene anzitutto a noi stessi. È la capacità di resistere, di agire, di restare in piedi sotto un peso. Il potere è altro. È la forza protesa all'esterno, trasformata in strumento sugli altri."<x9/><x10/>"Affido alle tue mani questi primi insegnamenti. Custodiscili e soppesali nel pensiero."
NPC_MANGA_RESPONSE_810fc930-06a6-4508-853b-e723901bc140	"Hm. Pietà, dunque. Non ricevono punizione. Non so dire se fosse la via giusta. Ma è una scelta fatta con misura, e questo lo rispetto."<x1/><x2/><x3/><x4/>*Manga si ferma, una larga mano posata sulla fucina. Lo sguardo passa dall'incudine al villaggio, poi a Wildwood, più lontano.*<x5/><x6/>"Viandante, ho una novità. Il mio cammino non termina più a Earlwood. Non pretendo ancora di conoscerti. Conosco la tua forza e vedo il tuo ruolo in ciò che verrà. La tua strada si allontana da questo villaggio. E la mia vorrebbe seguirla, se hai posto per me: la mia arte di fabbro e il mio acciaio al tuo servizio."
NPC_MANGA_RESPONSE_82b3c9eb-1eb4-4a0b-9e9c-77dc5a1cd1b7	*Manga guarda il fuoco per un momento, poi parla senza emozione.*<x1/><x2/>“Ho disobbedito. Per l'Impero basta questo. Non discutono le ragioni, solo gli esiti.”<x3/><x4/>"Da giovane scelsi di disobbedire. Mi fu ordinato di portare rovina. Rifiutai. Tutto qui."
NPC_MANGA_RESPONSE_82ca77b4-02d8-4513-a2fd-b50b7775add1	"Non ci sono abbastanza tempo né risorse. In giorni come questi, viandante, dobbiamo scegliere dove impiegare la nostra forza. Io scelgo coloro che stimo."
NPC_MANGA_RESPONSE_85cd4e07-e0fb-4352-bb94-cfd7aaf77c82	*Un respiro profondo, come un mantice che si placa.*<x1/><x2/>“Per alcuni, la pietà è debolezza. Io invece dico che la forza sta nel sapersi frenare. Non ho abbandonato il mio posto: ho ritrovato me stesso.”<x3/><x4/>“Si possono perdere patria, titolo, persino il proprio aspetto. Ma se si conservano i propri principi, l'esilio non è sconfitta. È chiarezza.”
NPC_MANGA_RESPONSE_86b53e36-0587-4291-8d12-d3c6116c0105	"Da tempo sollecito Aldoria a riprendere le spedizioni di armi a Earlwood. Hai aperto la strada; le carovane seguiranno. Forgeranno più acciaio di quanto potrei mai fare da solo. Il villaggio non resterà disarmato in mia assenza."
NPC_MANGA_RESPONSE_8a626235-59f7-4ae2-8639-7880b3e931c3	"La coercizione è una di queste forze. Preme sulla volontà e restringe la via, ma non esaurisce la necessità."<x1/><x2/><x3/><x4/>"La mancanza è un grande motore della necessità. La mancanza di ciò che ti protegge dal bisogno, dalla coercizione, dalle dure condizioni che la realtà pone a ogni essere vivente. Soprattutto, la mancanza di forza."<x5/><x6/>"Dove manca la forza, le scelte si assottigliano. Dove invece è presente, diventano possibili mezzi migliori. Un uomo può resistere e, resistendo, scegliere la via più virtuosa. Per questo ritengo che la forza liberi dalla mano più dura della necessità."
NPC_MANGA_RESPONSE_8c214060-8e69-49eb-9209-6bb11c3e5de7	"Percorrevano la strada orientale attraverso Wildwood. Da allora, silenzio. Se siano stati presi da bestie o briganti, ancora non so dirlo."
NPC_MANGA_RESPONSE_90dab9f4-531c-4392-bb25-80b50f0abb35	"Lontano a ovest, vicino alle coste delle Terre Aride Meridionali, oltre i grandi passi ora in mano agli uomini."
NPC_MANGA_RESPONSE_9495b32a-0c2a-413e-a616-a2f54ce3b428	"Anch'io ne sono lieto. Ma Xwin resta la mia patria, anche se mi ha scacciato."
NPC_MANGA_RESPONSE_94d84c63-1029-43aa-9859-76ed79473135	"Sono considerate essenziali. Madri, maestre, mogli, sorelle, figlie. Spetta a loro preservare lo spirito di Xwin e dare uno scopo alla sua forza."
NPC_MANGA_RESPONSE_95cd4208-2fd3-4a37-8496-989f5f5a87c4	“Il rimpianto è una catena che non porterò. Il passato è forgiato. Non lo si può forgiare di nuovo, solo comprendere.”
NPC_MANGA_RESPONSE_96881bf1-b55e-4909-8854-42f55c704a50	"Leggi bene il mio volto. Hm. Qui non molti vedono così chiaramente."<x1/><x2/><x3/><x4/>*La voce di Manga è carica di preoccupazione.*<x5/><x6/>"Temo che ci siano di nuovo problemi fra la Gilda e la Guardia. Stavolta si sente odore di scontro aperto. Gli avventurieri sostengono di aver visto guardie sottrarre armi e armature ai corpi dei nostri caduti."
NPC_MANGA_RESPONSE_98d63a9a-77b3-43f2-b931-a92269865b9b	"È un compito semplice. Ascolta con attenzione."<x1/><x2/><x3/><x4/>"Un passaggio simile non richiede grandi opere, soltanto una corda tesa da una sponda all'altra, così carri e viandanti potranno attraversare saldamente. La corda e i sostegni li ho preparati."<x5/><x6/>"Il lavoro è semplice. È la compagnia a complicarlo. Le creature là fuori non resteranno a guardare mentre lavori."
NPC_MANGA_RESPONSE_a7aad238-16c0-49cf-b609-2dfa77928a06	"Ricorri alla forza troppo in fretta. Non mi piace vedere in te una simile precipitazione."<x1/><x2/><x3/><x4/>"Da quando mi sono trasferito in questo quartiere per aiutare Alaric, il villaggio principale è rimasto senza un vero fabbro. Ora a riparare lame e armature ci sono solo dilettanti."
NPC_MANGA_RESPONSE_a7cf2ed0-9a99-4050-a097-719746be73b1	"Ben fatto. Questo villaggio ti deve più delle parole. Dimmi, dove le hai trovate?"
NPC_MANGA_RESPONSE_aa5329ff-3aba-4ecd-8235-961d2b9246f4	"Una causa giusta non ha bisogno d'odio, viandante. Se ne ha bisogno, o la causa è meno giusta di quanto si creda, o l'uomo è meno disciplinato."
NPC_MANGA_RESPONSE_ab698ae6-7c99-4ca9-ad90-236ca62a28e7	"Proprio così. Ci si sarebbe aspettati un simile smarrimento da chiunque fosse stato gettato al tuo posto."<x1/><x2/><x3/><x4/>"Mi hai già sentito parlare della via che seguo, il Presidiismo. Se vuoi, ora vorrei posarne davanti a te le prime pietre."
NPC_MANGA_RESPONSE_af0dab6c-23c8-46db-9e9a-6b468d3625d9	"Il mio pensiero è semplice: il mio posto è qui. Ma gli uomini che sentono il potere sfuggire alla presa spesso agiscono senza saggezza. È questo che temo."<x1/><x2/><x3/><x4/>*Dopo aver fissato per un momento il villaggio, lo sguardo di Manga si rasserena e i suoi movimenti ritrovano la consueta, calma precisione.*<x5/><x6/>"Basta con i giochi del Sindaco. C'è un'altra faccenda che richiede la tua forza.<x7/><x8/><x9/><x10/>Ora che il ponte è stato ricostruito, possiamo rafforzare le nostre vie di rifornimento, renderle più sicure per i commerci che un giorno riprenderanno. Nella parte settentrionale di Wildwood, lungo la strada principale, si trova il Passaggio sul Fiume. Un tempo le carovane passavano liberamente. Ora il passaggio è crollato."
NPC_MANGA_RESPONSE_affb0cc3-a48d-4bef-af7e-a14de6829853	"Allora percorrila. Ma sappi questo: la forza usata bene può servire gli altri anche quando servirli non era lo scopo."<x1/><x2/><x3/><x4/>"Nella mia patria, a volte branchi di goblin si insinuavano nei passi montani e raggiungevano le Terre Aride. Non venivano tollerati a lungo."<x5/><x6/>"Xwin tiene esploratori ai confini e guarnigioni presso gli insediamenti periferici. Appena vengono avvistati dei goblin, si mandano guerrieri ad abbatterli. L'impero non permette che una simile infestazione perduri."
NPC_MANGA_RESPONSE_b0142ef2-5ba9-4033-ac53-024c5dd27974	"Ne perdiamo altri ogni giorno. Ma purtroppo non è questo il pensiero che mi pesa di più."<x1/><x2/><x3/><x4/>*La voce di Manga è carica di preoccupazione.*<x5/><x6/>"Temo che ci siano di nuovo problemi fra la Gilda e la Guardia. Stavolta si sente odore di scontro aperto. Gli avventurieri sostengono di aver visto guardie sottrarre armi e armature ai corpi dei nostri caduti."
NPC_MANGA_RESPONSE_b0dcb139-1baa-4f21-b92d-c81427150a48	"Sì. Nessun altro popolo vi dimora liberamente. Si entra soltanto con il permesso imperiale, per diplomazia o commercio, e anche allora gli stranieri non sono ben accolti."
NPC_MANGA_RESPONSE_b38c7518-3629-4218-90d8-75cf645a0181	"I Goblin sono creature ripugnanti, sì. L'odio può servire per un certo tempo. Ma tenerselo vicino significa lasciarlo nutrire di noi."<x1/><x2/><x3/><x4/>"Ricordo di avergliene parlato molto chiaramente. Disse: «Mi hai insegnato che la forza ha uno scopo, e che i nemici sono coloro la cui vittoria impoverirebbe il nostro futuro. Allora perché non dovrei odiare i goblin? Perché non dovrei ucciderli ovunque li trovi? Quale uso migliore potrei fare della forza?»"<x5/><x6/>"Gli dissi che trascurava la condizione che dà forma morale alla forza. La misura. Anche un nemico va inseguito soltanto fin dove lo richiedono la necessità e il bene futuro. L'odio cancella la misura. Trasforma la difesa in brama."<x7/><x8/>"Non aveva ancora orecchie per quella verità."
NPC_MANGA_RESPONSE_b5283c8e-3120-4a29-bc12-2e2ec87be8a3	"Arretrata per certi versi, forse. Ma non perché onora la potenza. L'errore sta nello scopo che le impongono di servire."<x1/><x2/><x3/><x4/>"Negli anni da soldato conobbi un uomo che custodiva in segreto gli insegnamenti del Presidiismo. A Xwin, questo basta per essere giustiziati."<x5/><x6/>"All'inizio pensai di denunciarlo. Tanto era forte la presa dell'impero sulla mia mente. Ma trattenni la mano e lo ascoltai. Da lui appresi che la potenza ha uno scopo oltre la conquista, e che la forza senza virtù è solo brutalità raffinata."<x7/><x8/>"Da allora, l'esilio non tardò ad arrivare."
NPC_MANGA_RESPONSE_b5d5e33a-5c59-49ae-80f9-9d8cc9c05b0c	“Nelle difficoltà non è la lama a portarci oltre, ma la domanda che affila la volontà.”<x1/><x2/>"Hai reso un grande servizio a questo villaggio. Attendo con piacere il tuo ritorno."
NPC_MANGA_RESPONSE_b617a75e-2f89-46b8-869e-780e91a74da3	"No. Ho rifiutato la menzogna quando l'ho riconosciuta per ciò che era."
NPC_MANGA_RESPONSE_bb65fb77-39eb-4238-bc9e-04e551cc38f6	"Mi onori, viandante. Hm. Ho poche piste certe da offrirti. Comincia da qui. Parla con i profughi e gli avventurieri. Scopri cosa hanno visto."
NPC_MANGA_RESPONSE_bbf640a0-83a5-4f1f-a8b3-732ad3118062	"Non penso affatto male di lui. Sono solo preoccupato per qualcuno che mi è caro."<x1/><x2/><x3/><x4/>"Da quando è arrivato qui, Corin nutre un odio profondo per i goblin. Questo non è un segreto. Quando era più giovane, era semplice rabbia."<x5/><x6/>"Ma gli anni lo hanno affinato. Ha ascoltato noi che lo abbiamo cresciuto, fra cui Alaric. È maturato nella disciplina, nel giudizio, nell'autocontrollo."<x7/><x8/>"Eppure il suo odio non è diminuito. Ha solo imparato a parlare con la voce della ragione."
NPC_MANGA_RESPONSE_bc711728-4a16-467c-8717-2b2bd0a24129	*Manga sorride appena, lasciandosi sfuggire una risata sommessa.*<x1/><x2/>"È una questione di dottrina, viandante. Xwin sostiene che la conquista vada ottenuta con forza e onore, non con artifici. Gli umani accettano macchine e congegni che il mio popolo disprezza. Con quel rifiuto, Xwin si lega le mani da sola."
NPC_MANGA_RESPONSE_bcf00432-3ab1-43e0-ae9d-8029b5cb0836	"Hai la mia gratitudine. Spero di rivederti, integro e vittorioso."
NPC_MANGA_RESPONSE_bfa8a403-69cc-48dc-b8f0-681f924bc813	*Manga si pulisce la fuliggine dalle mani e si appoggia alla parete della fucina, con lo sguardo lontano.*<x1/><x2/>“La Crisi dei Goblin, sì. La ricordo bene. Allora non c'era una Gilda, solo pochi che si opposero alla marea oscura. Ero fra loro.”
NPC_MANGA_RESPONSE_bfbd18f6-c92a-4946-b6ca-0396b1d35eb8	"Lo sono anch'io. E sono lieto, a mia volta, che tu sia tornato dalla tua battaglia. Respiro meglio vedendoti qui davanti a me, al sicuro."
NPC_MANGA_RESPONSE_c2e9dc21-bdf1-4b64-9d2b-0ef404716f4f	*Le labbra di Manga si distendono in un sorriso divertito.*<x1/><x2/>"Acuto, viandante. Sì. C'è."<x3/><x4/>"Volevo ringraziarti ancora, con parole chiare, per tutto ciò che hai fatto per me e per Earlwood."<x5/><x6/>"E vorrei dirti anche un'altra verità. Ho cominciato ad attendere con piacere le nostre conversazioni."
NPC_MANGA_RESPONSE_c2f8e2ff-800b-4e04-9e11-999f95b29695	*La voce di Manga assume il peso quieto del ricordo.*<x1/><x2/>“Seguimmo la scia di sangue di cento razzie. Earlwood sanguinava, e noi risalimmo la sua ferita fino all'origine. Uno guidava. Tutti noi altri resistevamo.”<x3/><x4/>“Ci guidava Alaric: una piccola banda di cacciatori. Non cercatori di gloria. Solo uomini che non volevano vedere bruciare il loro villaggio. Ci addentrammo in Wildwood, seguendo segni che pochi altri avrebbero riconosciuto. I giorni divennero settimane.”
NPC_MANGA_RESPONSE_c3dbcd94-d91b-4433-9877-f070b73d942c	"Ben fatto. Hai compreso abbastanza per servirti di quest'arte. Se ti occorreranno altri lavori, la fucina è aperta."
NPC_MANGA_RESPONSE_c65f47c1-7851-4dd9-b23c-aa862c74d88f	"Dubito che il pericolo svanirà presto. Ma non ti darò ordini. Decidi quando la tua volontà sarà salda."
NPC_MANGA_RESPONSE_c70a5c42-d558-4a0d-88d5-bf715e760e45	"Non lo feci. Per un respiro ci guardammo, fratelli non di nascita, ma di fuoco. Vidi ciò che era diventato e seppi che non potevo fermarlo. Né avrebbero potuto i goblin. Non lui."
NPC_MANGA_RESPONSE_c961caf7-37ff-47fe-9d3b-5c1a6a073ccb	"In questo Xwin fu fortunata. La minaccia dei goblin era minore di quella che gli uomini subiscono qui. Ma minore non significa inesistente. Da giovane li combattei anch'io."<x1/><x2/><x3/><x4/>"Una volta una piccola orda attraversò le montagne e raggiunse le Terre Aride. Marciai con il reggimento mandato a spezzarla. Ero giovane. Fu una delle mie prime vere battaglie, e mi ritengo fortunato a essere sopravvissuto a quel giorno."<x5/><x6/>"Lì vidi degli amici, viandante. Veri Minotauri, uomini forti, divorati vivi dall'orda sul campo."
NPC_MANGA_RESPONSE_c9f1f1bb-8f07-4897-9529-883674e95d48	"Una definizione ristretta, ma chiara. Non ti importunerò oltre il ruolo che mi assegni."<x1/><x2/><x3/><x4/>"Mi hai già sentito parlare della via che seguo, il Presidiismo. Se vuoi, ora vorrei posarne davanti a te le prime pietre."
NPC_MANGA_RESPONSE_cfb695f1-26c4-4026-adf6-4a6a97695a02	"La necessità non sminuisce il merito, viandante. Continuo a stimare le tue azioni."<x1/><x2/><x3/><x4/>"All'inizio ti osservavo con sospetto. Non si vede uno sconosciuto arrivare per un'antica magia pensando che sia cosa ordinaria."<x5/><x6/>"Ma da allora il tempo ha espresso il suo giudizio. Ti sei dimostrato capace nei fatti e acuto nel pensiero. Anche il tuo carattere si è rivelato saldo. Sono onorato di unire la mia forza alla tua."
NPC_MANGA_RESPONSE_d069f9f5-8b71-44aa-82e7-1b75acbc9fad	*Manga accenna un inchino del capo.*<x1/><x2/>"Sì. Li incontrai per la prima volta quando ero ancora una giovane recluta."<x3/><x4/><x5/><x6/>"Una volta una piccola orda attraversò le montagne e raggiunse le Terre Aride. Marciai con il reggimento mandato a spezzarla. Ero giovane. Fu una delle mie prime vere battaglie, e mi ritengo fortunato a essere sopravvissuto a quel giorno."<x7/><x8/>"Lì vidi degli amici, viandante. Veri Minotauri, uomini forti, divorati vivi dall'orda sul campo."
NPC_MANGA_RESPONSE_d0a64cb0-88d1-4c0f-ad23-50d7b5c66a4e	*Manga chiude gli occhi per un breve istante. Quando parla, sotto la calma si avverte un peso.*<x1/><x2/>"Corin è un ottimo guerriero. Il migliore allievo di Alaric, senza dubbio."<x3/><x4/>"Ma è ancora un giovane uomo, e i giovani possono essere sospinti da fuochi che non sanno ancora dominare."
NPC_MANGA_RESPONSE_d1a2e006-872b-4052-8430-d14e4421b189	*Si volta a esaminare una giuntura nella parete, con voce calma ma tagliente.*<x1/><x2/>“Una baracca, forse. Ma anche una baracca può dare riparo al coraggio. Non scambiare la semplicità per debolezza.”<x3/><x4/>“L'acciaio non si plasma da sé. Né una casa sorge senza fatica. Nei tempi difficili facciamo ciò che dobbiamo, con ciò che abbiamo.”
NPC_MANGA_RESPONSE_d3e143bf-b7b8-4164-be7b-013d0def9ba1	"È vero, viandante. Vengo da una terra dove la forza era apprezzata soltanto come strumento di potere. Qui ho trovato molti che la rivolgono al suo giusto scopo. In questo Earlwood mi dona una quieta gioia."
NPC_MANGA_RESPONSE_d3e38c92-513c-4d18-8183-c78dc008b833	"Perché devono, viandante. Proteggersi è un loro diritto, anche quando i mezzi gravano sullo spirito."<x1/><x2/><x3/><x4/>"Qui c'è una domanda sotto l'altra, viandante. Secondo te, cosa genera la necessità?"
NPC_MANGA_RESPONSE_d45a5875-5f34-491b-851e-d3f8e55a5c91	*Manga alza la testa dall'incudine, notando il tuo sguardo indugiare sui monconi spezzati da cui un tempo si levavano le corna.*<x1/><x2/>“Ti chiedi perché manchino. Fra la mia gente non è un mistero. Le corna recise segnano l'esilio. Una punizione. Un monito.”
NPC_MANGA_RESPONSE_d6d308d7-996e-41db-8ad0-ba9b79f7d38f	"Non parlarne con tanta leggerezza. Di pochi parassiti si può ridere. Ma un'orda può divorare vivi anche i forti."
NPC_MANGA_RESPONSE_d746fb25-54e2-4fc0-98e4-0030150ff5f5	*Ti fissa per un momento, senza battere ciglio.*<x1/><x2/>“Chiamala come vuoi, allora: follia, miracolo. Io la chiamo verità. L'ho visto tornare, e i goblin non sono tornati.”<x3/><x4/>"Una cosa devi capire di Alaric: le storie che si raccontano? Sono tutte vere."
NPC_MANGA_RESPONSE_ddb6c8c4-d185-43fc-b90f-b33f5a3c81ef	"Lupi e un Treant? Hmm, esseri di Ceres che si comportano come esseri di Akolasis. Viviamo davvero in tempi oscuri."<x1/><x2/>"Dimmi, Viandante. Pensi che pace e potere possano coesistere nel nostro mondo?"
NPC_MANGA_RESPONSE_de0ed740-ce04-4689-b940-28b4f9dd9bde	"E anch'io ho imparato a considerarti un amico."<x1/><x2/><x3/><x4/>"All'inizio ti osservavo con sospetto. Non si vede uno sconosciuto arrivare per un'antica magia pensando che sia cosa ordinaria."<x5/><x6/>"Ma da allora il tempo ha espresso il suo giudizio. Ti sei dimostrato capace nei fatti e acuto nel pensiero. Anche il tuo carattere si è rivelato saldo. Sono onorato di unire la mia forza alla tua."
NPC_MANGA_RESPONSE_e60f608c-d062-4ee7-bf8a-20a74e31850a	"È così. Spinti dalla necessità, ma resta una cosa terribile."<x1/><x2/><x3/><x4/>"Qui c'è una domanda sotto l'altra, viandante. Secondo te, cosa genera la necessità?"
NPC_MANGA_RESPONSE_e7f9e512-1056-46e3-b759-4c4492e3f26a	*Manga corruga appena la fronte e inclina il capo.*<x1/><x2/>“Non conosci la forgiatura runica? Non è un'arte rara: si pratica dalle fucine di Eastwind alle sale sotto Mirkea.”<x3/><x4/>“Ogni arma, ogni pezzo d'armatura porta rune al suo interno, magia incisa nel fuoco e nell'acciaio. Con la frantumazione, quella magia viene liberata.”<x5/><x6/>"Con l'essenza estratta possiamo potenziare un altro oggetto, forgiando forza da ciò che è andato perduto."
NPC_MANGA_RESPONSE_e8e41eb0-5a38-4e32-b18e-d18f6978e5a1	*Manga annuisce lentamente, con un movimento deliberato.*<x1/><x2/>"Rettitudine e rovina condividono spesso la stessa strada. Ma se dovrò percorrerla da solo, lo farò con passo fermo."<x3/><x4/>“Si possono perdere patria, titolo, persino il proprio aspetto. Ma se si conservano i propri principi, l'esilio non è sconfitta. È chiarezza.”
NPC_MANGA_RESPONSE_ec249bf3-9563-405d-bff9-5a86f45c1d30	"Hm. Sì. Un'opera terribile, ma voluta. Alcune sezioni del muro sono rinforzate con Legno di Treant, per respingere la magia ostile. Il Legno di Treant conserva ancora un soffio di vita."
NPC_MANGA_RESPONSE_f6633faf-4bd9-4bc9-91bc-fb249fa7f4d4	"Hai ricondotto la loro paura al dovere. Una buona via. Hai usato la tua forza e il timore che già portavano dentro, senza ricorrere alla violenza né spargere sangue. Lo approvo."<x1/><x2/><x3/><x4/>*Manga si ferma, una larga mano posata sulla fucina. Lo sguardo passa dall'incudine al villaggio, poi a Wildwood, più lontano.*<x5/><x6/>"Viandante, ho una novità. Il mio cammino non termina più a Earlwood. Non pretendo ancora di conoscerti. Conosco la tua forza e vedo il tuo ruolo in ciò che verrà. La tua strada si allontana da questo villaggio. E la mia vorrebbe seguirla, se hai posto per me: la mia arte di fabbro e il mio acciaio al tuo servizio."
NPC_MANGA_RESPONSE_fd3b3c1b-2464-42cf-af0d-20753c7f224d	"Non dubito delle loro parole. Ma agire quando restano tante domande sarebbe stolto. Non sappiamo ancora se sia stato un gesto isolato, una banda di guardie rinnegate o un ordine del Sindaco stesso. Dobbiamo essere pazienti e scrupolosi."
NPC_MANGA_RESPONSE_fef9ed05-3371-4ae8-bd89-2123b6d28b53	"Giudichi Earlwood ingiustamente, viandante. Questo villaggio ha la fortuna di ospitare molti di quei rari individui. Guarda ancora, con occhio più limpido."
NPC_MANGA_TITLE	Esule di Xwin
NPC_MYRLL_GREETING_2b40818e-34b4-4fd4-b014-4f49492aa01e	*Myrll alza lo sguardo verso di te mentre ti avvicini*<x1/><x2/>"È bello vederti."
NPC_MYRLL_GREETING_71937683-e010-44e2-b7de-d76e88fa3833	*La driade sussulta al tuo avvicinarsi, stringendosi il fianco.*<x1/><x2/>"Io… non voglio combattere. Ti prego, puoi dirmi perché sei qui…?"
NPC_MYRLL_GREETING_77991a5c-e11d-42c6-b36b-33eec6c09c43	*Myrll sussulta al tuo avvicinarsi, poi abbassa lo sguardo e regola il respiro.*<x1/><x2/>"Grazie per avermi invitata qui. Me ne starò tranquilla, senza turbare il tuo ritmo."
NPC_MYRLL_GREETING_a9fdd9d6-ef26-44eb-a446-02f37838b9a2	*Myrll alza lo sguardo verso di te mentre ti avvicini*<x1/><x2/>"Ti… serve qualcosa?"
NPC_MYRLL_GREETING_c869a0a4-b093-4a4d-ac39-9c8ff3941c5e	*Lo sguardo di Myrll indugia a terra, le orecchie da volpe abbassate; quando si accorge di te, le drizza e si raddrizza, come colta alla sprovvista.*<x1/><x2/>"Avventuriero… ciao. Perdonami. I miei pensieri erano andati a frugare fra radici che avrei dovuto lasciare in pace."
NPC_MYRLL_GREETING_e8e4207a-206a-4909-94bd-1ddfa639f682	"Ah. Faerethil. Grazie di essere venuto. C'è una cosa che dovrei dirti, se puoi fermarti un momento."
NPC_MYRLL_PLAYER_000f0f20-c874-4d4e-9fc5-934bc8484ca6_BASE	Ho trovato delle rovine elfiche nella parte settentrionale di Wildwood. Le conosci?
NPC_MYRLL_PLAYER_0093ba33-66e9-40a8-acab-ab8bc028d326_HEROIC	La sua anima buona sarà la sua rovina.
NPC_MYRLL_PLAYER_0093ba33-66e9-40a8-acab-ab8bc028d326_JOKER	Un'anima buona, che lo porterà dritto alla rovina.
NPC_MYRLL_PLAYER_0093ba33-66e9-40a8-acab-ab8bc028d326_SCHOLAR	Le anime buone sono bersagli facili. Prima o poi, la sua gli costerà cara.
NPC_MYRLL_PLAYER_0093ba33-66e9-40a8-acab-ab8bc028d326_STOIC	Quell'anima buona lo rovinerà.
NPC_MYRLL_PLAYER_00eaa197-9a7e-4db3-b574-d9c9a2553262_HEROIC	Vorresti che levassi la lama contro le tue sorelle?
NPC_MYRLL_PLAYER_00eaa197-9a7e-4db3-b574-d9c9a2553262_JOKER	Vuoi che sistemi le tue sorelle a colpi di spada?
NPC_MYRLL_PLAYER_00eaa197-9a7e-4db3-b574-d9c9a2553262_SCHOLAR	Uccidere le tue sorelle. Intendi esattamente ciò che hai detto?
NPC_MYRLL_PLAYER_00eaa197-9a7e-4db3-b574-d9c9a2553262_STOIC	Vuoi che uccida le tue sorelle?
NPC_MYRLL_PLAYER_01715f60-a64c-4864-b9fa-cdd06356a4a6_BASE	Da quanto tempo conosci Befr?
NPC_MYRLL_PLAYER_05a62ff9-0b68-4a67-a054-17cb67849632_HEROIC	Il Varco è l'unica via, e posso concederti il potere di attraversarlo.
NPC_MYRLL_PLAYER_05a62ff9-0b68-4a67-a054-17cb67849632_JOKER	Ci arrivi solo con un Varco. Per fortuna, la chiave ce l'ho io.
NPC_MYRLL_PLAYER_05a62ff9-0b68-4a67-a054-17cb67849632_SCHOLAR	Solo un Varco permette di raggiungerlo. Sta a me concedere il potere di usarlo.
NPC_MYRLL_PLAYER_05a62ff9-0b68-4a67-a054-17cb67849632_STOIC	Puoi arrivarci solo attraverso un Varco. Posso darti il potere di usarlo.
NPC_MYRLL_PLAYER_071c45e9-fa49-4c25-a6bb-65f97178891d_HEROIC	Voltano le spalle a tutto ciò che sta sotto di loro, scegliendo la solitudine fra gli alberi.
NPC_MYRLL_PLAYER_071c45e9-fa49-4c25-a6bb-65f97178891d_JOKER	A quanto pare, gli alberi sono una compagnia migliore di chiunque stia di sotto.
NPC_MYRLL_PLAYER_071c45e9-fa49-4c25-a6bb-65f97178891d_SCHOLAR	Restano fra gli alberi e lasciano marcire il mondo sottostante. Ne prendo atto.
NPC_MYRLL_PLAYER_071c45e9-fa49-4c25-a6bb-65f97178891d_STOIC	Ignorano tutto ciò che sta sotto. Restano fra loro, sugli alberi.
NPC_MYRLL_PLAYER_08491b5b-dc42-4b24-9de6-1b172ef6cc4b_HEROIC	Sono vivi, anche se turbati. Ho liberato molti ingressi delle tane per riaprire loro la strada.
NPC_MYRLL_PLAYER_08491b5b-dc42-4b24-9de6-1b172ef6cc4b_JOKER	Vivi, ma scossi. Avevano le tane tappate, così le ho stappate.
NPC_MYRLL_PLAYER_08491b5b-dc42-4b24-9de6-1b172ef6cc4b_SCHOLAR	Vivi, ma sconvolti. Gli imbocchi delle tane erano ostruiti; li ho liberati.
NPC_MYRLL_PLAYER_08491b5b-dc42-4b24-9de6-1b172ef6cc4b_STOIC	Vivi, ma inquieti. Molti ingressi delle tane erano bloccati. Li ho aperti.
NPC_MYRLL_PLAYER_09737823-85f1-4567-af7c-109ab87d9a11_HEROIC	Parla in fretta: il tempo non è dalla nostra parte.
NPC_MYRLL_PLAYER_09737823-85f1-4567-af7c-109ab87d9a11_JOKER	Se hai qualcosa da dire, meglio farla breve.
NPC_MYRLL_PLAYER_09737823-85f1-4567-af7c-109ab87d9a11_SCHOLAR	Parla, ma scegli parole brevi.
NPC_MYRLL_PLAYER_09737823-85f1-4567-af7c-109ab87d9a11_STOIC	Puoi parlare. In fretta.
NPC_MYRLL_PLAYER_0b49dd8c-e8b6-4e4d-b9f7-f9a7adb3f246_HEROIC	Cosa può averlo spinto ad abbandonare la sua strada?
NPC_MYRLL_PLAYER_0b49dd8c-e8b6-4e4d-b9f7-f9a7adb3f246_JOKER	Quale svolta l'ha fatto uscire dal vecchio sentiero?
NPC_MYRLL_PLAYER_0b49dd8c-e8b6-4e4d-b9f7-f9a7adb3f246_SCHOLAR	Cosa lo ha mutato? Una singola ferita o un lento marcire?
NPC_MYRLL_PLAYER_0b49dd8c-e8b6-4e4d-b9f7-f9a7adb3f246_STOIC	Cos'è successo per farlo cambiare?
NPC_MYRLL_PLAYER_0b681898-c46d-47cc-af29-a977fdf75023_HEROIC	Era semplicemente la cosa giusta. L'ho fatta perché contava.
NPC_MYRLL_PLAYER_0b681898-c46d-47cc-af29-a977fdf75023_JOKER	Era solo la cosa giusta, che tu ci creda o no.
NPC_MYRLL_PLAYER_0b681898-c46d-47cc-af29-a977fdf75023_SCHOLAR	Era la cosa giusta. È una ragione sufficiente.
NPC_MYRLL_PLAYER_0b681898-c46d-47cc-af29-a977fdf75023_STOIC	Era semplicemente giusto farlo.
NPC_MYRLL_PLAYER_109d88f7-c292-43ef-8a7f-13cd25560c25_HEROIC	Quel tuo cuore ti fa onore, Myrll.
NPC_MYRLL_PLAYER_109d88f7-c292-43ef-8a7f-13cd25560c25_JOKER	Quel tuo cuore è quasi ingiustamente buono, Myrll.
NPC_MYRLL_PLAYER_109d88f7-c292-43ef-8a7f-13cd25560c25_SCHOLAR	Un cuore buono, Myrll. Non lo risparmi mai.
NPC_MYRLL_PLAYER_109d88f7-c292-43ef-8a7f-13cd25560c25_STOIC	Hai un gran buon cuore, Myrll.
NPC_MYRLL_PLAYER_10a3ecaa-a423-4d7c-b81a-d951b13e96ea_HEROIC	Sembra sia venuto con uno scopo preciso: sapere come stai.
NPC_MYRLL_PLAYER_10a3ecaa-a423-4d7c-b81a-d951b13e96ea_JOKER	Quindi è passato a vedere come stavi. Che premuroso.
NPC_MYRLL_PLAYER_10a3ecaa-a423-4d7c-b81a-d951b13e96ea_SCHOLAR	Tutto ciò che descrivi indica che sia venuto ad accertarsi delle tue condizioni.
NPC_MYRLL_PLAYER_10a3ecaa-a423-4d7c-b81a-d951b13e96ea_STOIC	È venuto a vedere come stavi.
NPC_MYRLL_PLAYER_10c66ee5-0bed-4b4e-a2cb-b21af8ac877d_BASE	Pensavo che il tuo legame con la foresta fosse reciso. Come hai avvertito la sua caduta?
NPC_MYRLL_PLAYER_11590941-7b6a-434b-9b4a-eb1283f81a5b_HEROIC	Lì la speranza è sprecata. La marea porterà via qualunque cosa costruiscano.
NPC_MYRLL_PLAYER_11590941-7b6a-434b-9b4a-eb1283f81a5b_JOKER	Che vita: cercare di costruire casa mentre la marea ti ride in faccia.
NPC_MYRLL_PLAYER_11590941-7b6a-434b-9b4a-eb1283f81a5b_SCHOLAR	Un'esistenza desolante. Costruiscono comunque, e la marea resta indifferente.
NPC_MYRLL_PLAYER_11590941-7b6a-434b-9b4a-eb1283f81a5b_STOIC	Un'esistenza senza speranza. Continuano a costruire casa contro la marea.
NPC_MYRLL_PLAYER_1286eab3-3fb5-47ca-8a35-327bf93c2cae_HEROIC	Non temere, Myrll. Li aiuterò alla prima occasione.
NPC_MYRLL_PLAYER_1286eab3-3fb5-47ca-8a35-327bf93c2cae_JOKER	Niente ansia, Myrll. Appena posso, ci metto una mano.
NPC_MYRLL_PLAYER_1286eab3-3fb5-47ca-8a35-327bf93c2cae_SCHOLAR	Lascia andare la preoccupazione, Myrll. Li raggiungerò appena la strada lo consentirà.
NPC_MYRLL_PLAYER_1286eab3-3fb5-47ca-8a35-327bf93c2cae_STOIC	Non preoccuparti, Myrll. Li aiuterò appena posso.
NPC_MYRLL_PLAYER_13196c34-e63c-477e-b4a0-0242e5ea5d26_HEROIC	Mi addolora che sia finita così. Lo conoscevi?
NPC_MYRLL_PLAYER_13196c34-e63c-477e-b4a0-0242e5ea5d26_JOKER	Mi spiace che sia andata così. Era un tuo amico?
NPC_MYRLL_PLAYER_13196c34-e63c-477e-b4a0-0242e5ea5d26_SCHOLAR	Mi rammarica che sia stato necessario. Cos'era per te, prima della caduta?
NPC_MYRLL_PLAYER_13196c34-e63c-477e-b4a0-0242e5ea5d26_STOIC	Mi spiace che sia stato necessario. Lo conoscevi?
NPC_MYRLL_PLAYER_14429db0-228e-449d-bc27-71c6deed3614_HEROIC	La sua bontà non vacilla mai. Mi dà coraggio.
NPC_MYRLL_PLAYER_14429db0-228e-449d-bc27-71c6deed3614_JOKER	La sua bontà non si esaurisce mai. È quasi sospetto.
NPC_MYRLL_PLAYER_14429db0-228e-449d-bc27-71c6deed3614_SCHOLAR	La sua bontà non viene mai meno. Ne ho cercato il limite senza trovarlo.
NPC_MYRLL_PLAYER_14429db0-228e-449d-bc27-71c6deed3614_STOIC	La sua bontà è incrollabile. È d'esempio.
NPC_MYRLL_PLAYER_173bd348-6b62-4dd3-a394-5a3a1ef408de_BASE	"Il cuore è stato distrutto."
NPC_MYRLL_PLAYER_17ba9ffe-e610-49ff-960f-2876e81c09f1_BASE	Chi sono questi piccoli amici?
NPC_MYRLL_PLAYER_1a35a0d7-7cf6-4b87-8348-39b9a324b6b2_HEROIC	Certo. Ecco il campione.
NPC_MYRLL_PLAYER_1a35a0d7-7cf6-4b87-8348-39b9a324b6b2_JOKER	Sì, certo. Non vorremo far aspettare il campione.
NPC_MYRLL_PLAYER_1a35a0d7-7cf6-4b87-8348-39b9a324b6b2_SCHOLAR	Sì, naturalmente. Ecco, vediamo cosa riesci a ricavarne.
NPC_MYRLL_PLAYER_1a35a0d7-7cf6-4b87-8348-39b9a324b6b2_STOIC	Sì. Eccolo.
NPC_MYRLL_PLAYER_1a43d4af-19c1-4fb1-8c9c-eb8d9bff3fc7_BASE	Puoi dirmi dove trovarli?
NPC_MYRLL_PLAYER_1b288d85-4cf6-4ea8-bf4f-57fe546acd0c_HEROIC	Lo attendo anch'io con gioia, Myrll.
NPC_MYRLL_PLAYER_1b288d85-4cf6-4ea8-bf4f-57fe546acd0c_JOKER	Non vedo l'ora neanch'io, Myrll. Ma non dirlo in giro.
NPC_MYRLL_PLAYER_1b288d85-4cf6-4ea8-bf4f-57fe546acd0c_SCHOLAR	Condivido la tua attesa, Myrll.
NPC_MYRLL_PLAYER_1b288d85-4cf6-4ea8-bf4f-57fe546acd0c_STOIC	Anch'io lo aspetto, Myrll.
NPC_MYRLL_PLAYER_1c7a9e4d-5b2f-8c3a-0d6e-9f1b4a7c2d5e_BASE	Sono andato a vedere come stanno i tuoi amici.
NPC_MYRLL_PLAYER_1d9871ea-1891-40b7-947d-7a5901cc6f92_HEROIC	Cosa lo ha infine spinto oltre il limite?
NPC_MYRLL_PLAYER_1d9871ea-1891-40b7-947d-7a5901cc6f92_JOKER	Cosa l'ha fatto precipitare giù, radici e tutto?
NPC_MYRLL_PLAYER_1d9871ea-1891-40b7-947d-7a5901cc6f92_SCHOLAR	Cosa gli ha fatto superare il limite? Qualcosa deve aver alterato l'equilibrio.
NPC_MYRLL_PLAYER_1d9871ea-1891-40b7-947d-7a5901cc6f92_STOIC	Cosa lo ha spinto oltre il limite?
NPC_MYRLL_PLAYER_1ece130c-129c-40cf-aaec-a1e4ff607ebc_HEROIC	Sono lieto che siate uniti. È un vero alleato.
NPC_MYRLL_PLAYER_1ece130c-129c-40cf-aaec-a1e4ff607ebc_JOKER	Un sollievo. Gli alleati come lui non crescono sugli alberi. Di solito.
NPC_MYRLL_PLAYER_1ece130c-129c-40cf-aaec-a1e4ff607ebc_SCHOLAR	Bene. Un alleato della sua levatura merita di essere tenuto vicino.
NPC_MYRLL_PLAYER_1ece130c-129c-40cf-aaec-a1e4ff607ebc_STOIC	Bene che siate in buoni rapporti. È un alleato affidabile.
NPC_MYRLL_PLAYER_20c7e64e-2779-4188-aab9-b30338172e01_HEROIC	Rinasceranno. Allora il cuore morirà e loro torneranno a casa.
NPC_MYRLL_PLAYER_20c7e64e-2779-4188-aab9-b30338172e01_JOKER	Rinascere è già più di quanto tocchi a molti di noi. Il cuore muore.
NPC_MYRLL_PLAYER_20c7e64e-2779-4188-aab9-b30338172e01_SCHOLAR	Se segue una rinascita, l'unica vera morte sarà quella del cuore. Che muoia.
NPC_MYRLL_PLAYER_20c7e64e-2779-4188-aab9-b30338172e01_STOIC	Rinascono. Allora il cuore muore.
NPC_MYRLL_PLAYER_26a0f1bb-0177-4f6d-b11b-adffaeaadbbc_HEROIC	Vi ha trasformati perché poteste resistere. Ma quale forma ha preso, esattamente, quella sopravvivenza?
NPC_MYRLL_PLAYER_26a0f1bb-0177-4f6d-b11b-adffaeaadbbc_JOKER	Vi ha trasformati per farvi sopravvivere. In cosa siete finiti, di preciso?
NPC_MYRLL_PLAYER_26a0f1bb-0177-4f6d-b11b-adffaeaadbbc_SCHOLAR	Vi ha trasformati per sopravvivere. In cosa, e quanto di voi è sopravvissuto alla trasformazione?
NPC_MYRLL_PLAYER_26a0f1bb-0177-4f6d-b11b-adffaeaadbbc_STOIC	Vi ha trasformati per sopravvivere. In cosa, esattamente?
NPC_MYRLL_PLAYER_26ea4479-b7d9-4f9b-bbf6-312890d19110_HEROIC	Cerco il significato completo, se lo conosci.
NPC_MYRLL_PLAYER_26ea4479-b7d9-4f9b-bbf6-312890d19110_JOKER	Mi prendo il significato completo, niente mezze misure. Se lo conosci.
NPC_MYRLL_PLAYER_26ea4479-b7d9-4f9b-bbf6-312890d19110_SCHOLAR	Il significato completo, se lo conosci. Non tralasciare nulla.
NPC_MYRLL_PLAYER_26ea4479-b7d9-4f9b-bbf6-312890d19110_STOIC	Dimmi il significato completo, se lo conosci.
NPC_MYRLL_PLAYER_287ca825-8fd2-441d-9acc-d2fb719372a8_HEROIC	La scelta è semplice. Se mi conduce verso i miei obiettivi, è la strada giusta.
NPC_MYRLL_PLAYER_287ca825-8fd2-441d-9acc-d2fb719372a8_JOKER	Una regola bella comoda. Spero che i miei obiettivi meritino tanta fedeltà.
NPC_MYRLL_PLAYER_287ca825-8fd2-441d-9acc-d2fb719372a8_SCHOLAR	La questione è semplice. È giusto ciò che mi avvicina ai miei obiettivi.
NPC_MYRLL_PLAYER_287ca825-8fd2-441d-9acc-d2fb719372a8_STOIC	È semplice. Se mi avvicina ai miei obiettivi, è giusto.
NPC_MYRLL_PLAYER_28ad3c8f-5d93-47ae-a317-f4151ae80742_HEROIC	È davvero una brava persona. Sono lieto che abbia te.
NPC_MYRLL_PLAYER_28ad3c8f-5d93-47ae-a317-f4151ae80742_JOKER	Sembra proprio un bravo tipo. Meno male che ci sei tu a fargli compagnia.
NPC_MYRLL_PLAYER_28ad3c8f-5d93-47ae-a317-f4151ae80742_SCHOLAR	Ogni indizio suggerisce che sia una brava persona. È fortunato ad averti come amica.
NPC_MYRLL_PLAYER_28ad3c8f-5d93-47ae-a317-f4151ae80742_STOIC	Sembra un bravo tipo. Sono contento che abbia la tua amicizia.
NPC_MYRLL_PLAYER_297a8fbc-afc1-4211-a103-90547ffe6b0c_BASE	Come hai creato questo accampamento sottoterra?
NPC_MYRLL_PLAYER_2a132531-dea4-4d73-8be7-81f846f4127a_HEROIC	Ci attende una missione, dunque. Vuoi che vada a vedere come stanno?
NPC_MYRLL_PLAYER_2a132531-dea4-4d73-8be7-81f846f4127a_JOKER	Sento odore di missione. Vuoi che passi a dare un'occhiata?
NPC_MYRLL_PLAYER_2a132531-dea4-4d73-8be7-81f846f4127a_SCHOLAR	La situazione ha tutti i tratti di una missione. Vuoi che verifichi le loro condizioni?
NPC_MYRLL_PLAYER_2a132531-dea4-4d73-8be7-81f846f4127a_STOIC	Sento una missione. Vuoi che controlli come stanno?
NPC_MYRLL_PLAYER_2e5a8a5a-130f-4d28-963e-c583e0144014_BASE	Chi sono questi amici?
NPC_MYRLL_PLAYER_2ebdbcd6-87df-4d43-afc5-d8bc4a5505c6_HEROIC	Ci perde la foresta. Vieni con me: mi serve qualcuno che abbia saputo tenerle testa.
NPC_MYRLL_PLAYER_2ebdbcd6-87df-4d43-afc5-d8bc4a5505c6_JOKER	Ci perde la foresta. Vieni con me: qualcuno che sta antipatico agli alberi mi fa comodo.
NPC_MYRLL_PLAYER_2ebdbcd6-87df-4d43-afc5-d8bc4a5505c6_SCHOLAR	La foresta ha scartato l'unica voce di dissenso. Vieni con me: io la apprezzo più di quanto abbia fatto lei.
NPC_MYRLL_PLAYER_2ebdbcd6-87df-4d43-afc5-d8bc4a5505c6_STOIC	Ci perde la foresta. Vieni con me.
NPC_MYRLL_PLAYER_2f9fab6e-650c-4d3c-85db-b048738f3567_HEROIC	Non c'è giustizia in questo. Ed è chiaro che lui conta molto per te.
NPC_MYRLL_PLAYER_2f9fab6e-650c-4d3c-85db-b048738f3567_JOKER	Hai centrato il punto: non è proprio giusto. Sembra che voi due siate pappa e ciccia.
NPC_MYRLL_PLAYER_2f9fab6e-650c-4d3c-85db-b048738f3567_SCHOLAR	No, non è giusto. Ed è evidente che lui conta per te, più di molti altri.
NPC_MYRLL_PLAYER_2f9fab6e-650c-4d3c-85db-b048738f3567_STOIC	Hai ragione, non è giusto. Gli sembri molto legata.
NPC_MYRLL_PLAYER_30250e9f-4b4e-4e5f-b340-8e48bf5a539b_HEROIC	Rinascere. Dimmi cosa significa davvero.
NPC_MYRLL_PLAYER_30250e9f-4b4e-4e5f-b340-8e48bf5a539b_JOKER	Qual è il grande segreto dietro questo «rinascere», allora?
NPC_MYRLL_PLAYER_30250e9f-4b4e-4e5f-b340-8e48bf5a539b_SCHOLAR	Definisci «rinascere». Il termine potrebbe indicare una dozzina di cose.
NPC_MYRLL_PLAYER_30250e9f-4b4e-4e5f-b340-8e48bf5a539b_STOIC	Cosa significa davvero «rinascere»?
NPC_MYRLL_PLAYER_30d3ca90-7fbc-4be7-8a23-c2b5fd25ba6d_HEROIC	Gli elfi del tuo tempo mostravano una ferocia autentica.
NPC_MYRLL_PLAYER_30d3ca90-7fbc-4be7-8a23-c2b5fd25ba6d_JOKER	Gli elfi del tuo tempo avevano proprio una vena cattiva.
NPC_MYRLL_PLAYER_30d3ca90-7fbc-4be7-8a23-c2b5fd25ba6d_SCHOLAR	Erano spietati, gli elfi di quell'epoca. Le cronache ne attenuano la crudeltà.
NPC_MYRLL_PLAYER_30d3ca90-7fbc-4be7-8a23-c2b5fd25ba6d_STOIC	Gli elfi del tuo tempo erano davvero crudeli.
NPC_MYRLL_PLAYER_346eb2b7-4dbf-4997-9419-aab253884af2_HEROIC	Non mi accontenterò di nulla che non siano risultati concreti.
NPC_MYRLL_PLAYER_346eb2b7-4dbf-4997-9419-aab253884af2_JOKER	Cerco risultati, non promesse.
NPC_MYRLL_PLAYER_346eb2b7-4dbf-4997-9419-aab253884af2_SCHOLAR	Risultati che possa osservare e quantificare. Nulla di meno.
NPC_MYRLL_PLAYER_346eb2b7-4dbf-4997-9419-aab253884af2_STOIC	Mi aspetto risultati.
NPC_MYRLL_PLAYER_36a09698-4b9d-44fa-b048-e149e2c311b9_BASE	Cosa significa «Padre degli Alberi»?
NPC_MYRLL_PLAYER_36f27a17-668a-492c-b380-a4913e6ccb2d_BASE	Cos'è la Pozza del Ricordo, e perché è sacra?
NPC_MYRLL_PLAYER_37cff9a5-5f21-4604-9626-8b9de925a53b_HEROIC	Non lasciare che il dubbio ti offuschi la mente. Pensa solo a sopravvivere.
NPC_MYRLL_PLAYER_37cff9a5-5f21-4604-9626-8b9de925a53b_JOKER	A pensarci troppo, finirai per mettere i bastoni fra le ruote alla tua stessa sopravvivenza.
NPC_MYRLL_PLAYER_37cff9a5-5f21-4604-9626-8b9de925a53b_SCHOLAR	Pensare oltre la sopravvivenza è un lusso. Assicurati prima l'una, poi l'altro.
NPC_MYRLL_PLAYER_37cff9a5-5f21-4604-9626-8b9de925a53b_STOIC	Pensa meno. Devi sopravvivere.
NPC_MYRLL_PLAYER_3a4d4b1a-16fa-427c-93c9-0bb27dff3edb_HEROIC	Il tuo cuore è forte, e confido che troverai la strada giusta.
NPC_MYRLL_PLAYER_3a4d4b1a-16fa-427c-93c9-0bb27dff3edb_JOKER	Con un cuore come il tuo, di solito è la scelta giusta a trovare te.
NPC_MYRLL_PLAYER_3a4d4b1a-16fa-427c-93c9-0bb27dff3edb_SCHOLAR	Il tuo cuore è retto, e un cuore retto sceglie bene. Non ho timori.
NPC_MYRLL_PLAYER_3a4d4b1a-16fa-427c-93c9-0bb27dff3edb_STOIC	Hai un buon cuore. Sceglierai bene.
NPC_MYRLL_PLAYER_3cc598d6-a7e4-4c74-93c5-eadd744e0ba1_HEROIC	L'ho fatto volentieri. Il mio scopo è aiutare ogni essere su questa terra, grande o piccolo.
NPC_MYRLL_PLAYER_3cc598d6-a7e4-4c74-93c5-eadd744e0ba1_JOKER	Figurati. Dare una mano a tutti, grandi e piccoli, tiene lontana la noia.
NPC_MYRLL_PLAYER_3cc598d6-a7e4-4c74-93c5-eadd744e0ba1_SCHOLAR	Prego. Le piccole vite sorreggono il mondo quanto quelle grandi.
NPC_MYRLL_PLAYER_3cc598d6-a7e4-4c74-93c5-eadd744e0ba1_STOIC	Prego. Cerco di aiutare tutti su questa terra, grandi e piccoli.
NPC_MYRLL_PLAYER_3fc51949-2f9d-4555-9d49-c0f3b25bfc30_HEROIC	Mantieni le distanze. Ti chiamerò se avrò bisogno di te.
NPC_MYRLL_PLAYER_3fc51949-2f9d-4555-9d49-c0f3b25bfc30_JOKER	Cerca di non starmi sempre intorno. Se servi, ti faccio un fischio.
NPC_MYRLL_PLAYER_3fc51949-2f9d-4555-9d49-c0f3b25bfc30_SCHOLAR	Resta per conto tuo. Se sorgerà una necessità, la esporrò.
NPC_MYRLL_PLAYER_3fc51949-2f9d-4555-9d49-c0f3b25bfc30_STOIC	Sta' per conto tuo. Ti chiamerò se servi.
NPC_MYRLL_PLAYER_4274128b-15c7-4246-a1c1-40e6b09cfb80_HEROIC	È fastidioso, ma gli ho permesso di unirsi a noi perché le sue risorse sono preziose.
NPC_MYRLL_PLAYER_4274128b-15c7-4246-a1c1-40e6b09cfb80_JOKER	È una seccatura, ma una seccatura con lo zaino pieno conviene tenersela.
NPC_MYRLL_PLAYER_4274128b-15c7-4246-a1c1-40e6b09cfb80_SCHOLAR	Mi logora, ma le sue risorse sono un argomento più convincente delle sue chiacchiere.
NPC_MYRLL_PLAYER_4274128b-15c7-4246-a1c1-40e6b09cfb80_STOIC	È un fastidio. L'ho fatto unire a noi per le sue risorse.
NPC_MYRLL_PLAYER_4286378b-75fd-486d-b88f-860e4df0791d_HEROIC	Molto bene. Raccoglierò creature e risorse senza indugio.
NPC_MYRLL_PLAYER_4286378b-75fd-486d-b88f-860e4df0791d_JOKER	Bene. Creature e risorse, consegnate prima che ti manchino.
NPC_MYRLL_PLAYER_4286378b-75fd-486d-b88f-860e4df0791d_SCHOLAR	Inteso. Creature e risorse, non appena sarà possibile raccoglierle.
NPC_MYRLL_PLAYER_4286378b-75fd-486d-b88f-860e4df0791d_STOIC	Bene. Porterò presto creature e risorse.
NPC_MYRLL_PLAYER_47ffb845-f9cf-4165-8c4c-8fe5e21bf9c1_HEROIC	Lo hai visto di persona?
NPC_MYRLL_PLAYER_47ffb845-f9cf-4165-8c4c-8fe5e21bf9c1_JOKER	Sei riuscita a dargli una sbirciata?
NPC_MYRLL_PLAYER_47ffb845-f9cf-4165-8c4c-8fe5e21bf9c1_SCHOLAR	Ti è mai capitato di vederlo con i tuoi stessi occhi?
NPC_MYRLL_PLAYER_47ffb845-f9cf-4165-8c4c-8fe5e21bf9c1_STOIC	L'hai mai visto?
NPC_MYRLL_PLAYER_4c8de235-3ca1-4f26-99c7-419775ff0460_BASE	Sono felice che tu sia sopravvissuta. Se ti va, ti starò accanto.
NPC_MYRLL_PLAYER_4e451806-dc81-46ad-9bbb-694080bb4c9d_HEROIC	Restano indisturbati fra gli alberi, intatti da tutto ciò che accade sotto.
NPC_MYRLL_PLAYER_4e451806-dc81-46ad-9bbb-694080bb4c9d_JOKER	Sempre rintanati fra gli alberi. Da sotto non arriva nulla a disturbarli.
NPC_MYRLL_PLAYER_4e451806-dc81-46ad-9bbb-694080bb4c9d_SCHOLAR	Indisturbati, lassù fra gli alberi. Ciò che accade in basso non arriva a quell'altezza.
NPC_MYRLL_PLAYER_4e451806-dc81-46ad-9bbb-694080bb4c9d_STOIC	Restano indisturbati fra gli alberi. Ciò che accade sotto non li tocca.
NPC_MYRLL_PLAYER_4f419eb5-aae7-4ff0-9fa2-eb53a7d1dbb6_BASE	Di cosa hai parlato con Acorn?
NPC_MYRLL_PLAYER_5237a440-6eef-4cc1-978a-fe432d07c3c7_HEROIC	Vorrei capire quel tempo, la tua rinascita, se sei disposta a raccontarla.
NPC_MYRLL_PLAYER_5237a440-6eef-4cc1-978a-fe432d07c3c7_JOKER	La tua rinascita promette una bella storia. Ti va di raccontarla?
NPC_MYRLL_PLAYER_5237a440-6eef-4cc1-978a-fe432d07c3c7_SCHOLAR	La tua rinascita. Vorrei comprenderne il processo, se sei disposta a parlarne.
NPC_MYRLL_PLAYER_5237a440-6eef-4cc1-978a-fe432d07c3c7_STOIC	Vorrei capire quel periodo, la tua rinascita. Se ti va.
NPC_MYRLL_PLAYER_55a22d2a-3e6a-469d-8a6a-aef12bb53303_BASE	Nella foresta ho incontrato un golem di nome Basilton. Lo conosci?
NPC_MYRLL_PLAYER_58ebbeae-9ce4-41ba-8745-7f2e927d95c2_HEROIC	Mi dispiace. Non ero pronto al peso di questa storia.
NPC_MYRLL_PLAYER_58ebbeae-9ce4-41ba-8745-7f2e927d95c2_JOKER	Mi spiace. Questa storia pesa più di qualunque zaino abbia portato.
NPC_MYRLL_PLAYER_58ebbeae-9ce4-41ba-8745-7f2e927d95c2_SCHOLAR	È una vicenda più profonda di quanto immaginassi. Mi dispiace averlo chiesto con tanta leggerezza.
NPC_MYRLL_PLAYER_58ebbeae-9ce4-41ba-8745-7f2e927d95c2_STOIC	Mi dispiace. È una storia più pesante del previsto.
NPC_MYRLL_PLAYER_58efff34-6e8b-4327-9549-656ca39783bc_HEROIC	«Liberarle». Di' la parola vera: ucciderle.
NPC_MYRLL_PLAYER_58efff34-6e8b-4327-9549-656ca39783bc_JOKER	«Liberarle». Ne ho sentite di parole dolci per una spada.
NPC_MYRLL_PLAYER_58efff34-6e8b-4327-9549-656ca39783bc_SCHOLAR	«Liberare» sta sostenendo un peso notevole in quella frase. Intendi uccidere.
NPC_MYRLL_PLAYER_58efff34-6e8b-4327-9549-656ca39783bc_STOIC	Liberarle. Intendi ucciderle.
NPC_MYRLL_PLAYER_5acb92ac-1ef1-4bc8-8726-cf94e894cc38_BASE	"Ho ucciso il Re della Foresta"
NPC_MYRLL_PLAYER_5c39fe4e-766d-4862-96cd-8591df663422_HEROIC	Di' una parola e andrò di persona ad assicurarmi che siano al sicuro.
NPC_MYRLL_PLAYER_5c39fe4e-766d-4862-96cd-8591df663422_JOKER	Vado volentieri a dare un'occhiata, basta dirlo.
NPC_MYRLL_PLAYER_5c39fe4e-766d-4862-96cd-8591df663422_SCHOLAR	Posso verificare le loro condizioni, se saperle ti darebbe sollievo.
NPC_MYRLL_PLAYER_5c39fe4e-766d-4862-96cd-8591df663422_STOIC	Posso controllare come stanno, se vuoi.
NPC_MYRLL_PLAYER_5efc3c7a-f193-4d9c-9931-c0c801a94941_HEROIC	Sei la prima Driade a mostrare moderazione.
NPC_MYRLL_PLAYER_5efc3c7a-f193-4d9c-9931-c0c801a94941_JOKER	Questa è nuova. Una Driade che non prova a farmi a pezzi.
NPC_MYRLL_PLAYER_5efc3c7a-f193-4d9c-9931-c0c801a94941_SCHOLAR	Ogni Driade incontrata finora mi ha attaccato a vista. Tu sei l'eccezione.
NPC_MYRLL_PLAYER_5efc3c7a-f193-4d9c-9931-c0c801a94941_STOIC	Sei la prima Driade che non mi attacca.
NPC_MYRLL_PLAYER_5fb3fc32-a5f8-4ac9-9688-11b0650b8213_HEROIC	Tornerò presto nella foresta, se occorre. Esponi la tua richiesta con chiarezza e rapidità.
NPC_MYRLL_PLAYER_5fb3fc32-a5f8-4ac9-9688-11b0650b8213_JOKER	Se la foresta chiama, potrei rispondere. Fai la tua richiesta in fretta, prima che svanisca.
NPC_MYRLL_PLAYER_5fb3fc32-a5f8-4ac9-9688-11b0650b8213_SCHOLAR	Potrei passare presto per la foresta. I dettagli, rapidamente, finché posso intervenire.
NPC_MYRLL_PLAYER_5fb3fc32-a5f8-4ac9-9688-11b0650b8213_STOIC	Potrei tornare presto nella foresta. Dimmi i dettagli della richiesta. In fretta.
NPC_MYRLL_PLAYER_5fddfc85-a0be-4282-9e00-7989665c22a4_BASE	È stato un onore. Spero un giorno di essere fra gli eletti del tuo cuore.
NPC_MYRLL_PLAYER_654c0e52-4890-4bca-8674-531337e1793c_HEROIC	È venuto per avviarti sulla loro strada.
NPC_MYRLL_PLAYER_654c0e52-4890-4bca-8674-531337e1793c_JOKER	È spuntato per rimetterti sulla tua strada.
NPC_MYRLL_PLAYER_654c0e52-4890-4bca-8674-531337e1793c_SCHOLAR	Allora è venuto con uno scopo, e quello scopo era il tuo cammino.
NPC_MYRLL_PLAYER_654c0e52-4890-4bca-8674-531337e1793c_STOIC	È venuto a guidarti lungo il tuo cammino.
NPC_MYRLL_PLAYER_6a1d6267-9fb9-4297-9556-6477ea6222d5_HEROIC	A dire il vero, non posso esserne certo.
NPC_MYRLL_PLAYER_6a1d6267-9fb9-4297-9556-6477ea6222d5_JOKER	Non ne ho idea, e ho smesso di fingere il contrario.
NPC_MYRLL_PLAYER_6a1d6267-9fb9-4297-9556-6477ea6222d5_SCHOLAR	Non ne sono certo, e preferisco ammetterlo.
NPC_MYRLL_PLAYER_6a1d6267-9fb9-4297-9556-6477ea6222d5_STOIC	In verità, non lo so.
NPC_MYRLL_PLAYER_6da20170-cdb6-4b58-b62a-d983b18f0fd3_HEROIC	Ho soltanto abbattuto un'altra bestia corrotta. Ne abbatterò molte altre. Non occorre gratitudine.
NPC_MYRLL_PLAYER_6da20170-cdb6-4b58-b62a-d983b18f0fd3_JOKER	Solo un'altra bestia corrotta in meno. Ne restano parecchie. Niente applausi.
NPC_MYRLL_PLAYER_6da20170-cdb6-4b58-b62a-d983b18f0fd3_SCHOLAR	Un'altra bestia corrotta, nulla più. Ne seguiranno altre. Risparmia i ringraziamenti.
NPC_MYRLL_PLAYER_6da20170-cdb6-4b58-b62a-d983b18f0fd3_STOIC	Ho solo ucciso un'altra bestia corrotta. Ne ucciderò molte altre. Non servono ringraziamenti.
NPC_MYRLL_PLAYER_707af021-b76f-4767-86ed-58d492e3d6af_HEROIC	È debole, e la foresta lo respinge. Una tale sorte non sorprende.
NPC_MYRLL_PLAYER_707af021-b76f-4767-86ed-58d492e3d6af_JOKER	Se la foresta lo ritiene debole, non stupisce che gli indichi la porta.
NPC_MYRLL_PLAYER_707af021-b76f-4767-86ed-58d492e3d6af_SCHOLAR	È debole, dunque il rifiuto della foresta ne è la conseguenza.
NPC_MYRLL_PLAYER_707af021-b76f-4767-86ed-58d492e3d6af_STOIC	È debole. Non sorprende che la foresta lo respinga.
NPC_MYRLL_PLAYER_741cb4a8-2a6b-47f9-a7e0-b6e1e628f247_HEROIC	Riassumi con chiarezza, così che possa proseguire.
NPC_MYRLL_PLAYER_741cb4a8-2a6b-47f9-a7e0-b6e1e628f247_JOKER	Fammi la versione corta, così posso darmi da fare.
NPC_MYRLL_PLAYER_741cb4a8-2a6b-47f9-a7e0-b6e1e628f247_SCHOLAR	Basterà una sintesi. Mantieni gli elementi essenziali.
NPC_MYRLL_PLAYER_741cb4a8-2a6b-47f9-a7e0-b6e1e628f247_STOIC	Riassumi, così posso proseguire.
NPC_MYRLL_PLAYER_764e4486-560e-4e46-ba9b-626e7cf9df20_BASE	Eri troppo bella per non aiutarti.
NPC_MYRLL_PLAYER_765c9cfb-5b07-45fd-93ec-e8eaeb3e4194_HEROIC	È stata dunque la sua rabbia ad aprire la strada alla corruzione che lo ha abbattuto?
NPC_MYRLL_PLAYER_765c9cfb-5b07-45fd-93ec-e8eaeb3e4194_JOKER	Quindi tutta quella rabbia ha tenuto aperto il portone alla corruzione?
NPC_MYRLL_PLAYER_765c9cfb-5b07-45fd-93ec-e8eaeb3e4194_SCHOLAR	La rabbia ha dunque aperto la porta, e la corruzione l'ha varcata?
NPC_MYRLL_PLAYER_765c9cfb-5b07-45fd-93ec-e8eaeb3e4194_STOIC	La rabbia lo ha reso vulnerabile alla corruzione?
NPC_MYRLL_PLAYER_79227f23-6656-4315-91ba-38930e005a4f_HEROIC	Certo, Myrll. I tuoi bisogni non sono mai un peso per me.
NPC_MYRLL_PLAYER_79227f23-6656-4315-91ba-38930e005a4f_JOKER	Certo, Myrll. Per te, guarda caso, si è liberata tutta l'agenda.
NPC_MYRLL_PLAYER_79227f23-6656-4315-91ba-38930e005a4f_SCHOLAR	Certo, Myrll. Qualunque sia la questione, ha la mia attenzione.
NPC_MYRLL_PLAYER_79227f23-6656-4315-91ba-38930e005a4f_STOIC	Certo, Myrll. Ho sempre tempo per te.
NPC_MYRLL_PLAYER_7afc3d0d-5b02-464e-9bc7-ac922364d92d_HEROIC	Sono lieto di aver prestato la mia forza. Ora la foresta guarirà.
NPC_MYRLL_PLAYER_7afc3d0d-5b02-464e-9bc7-ac922364d92d_JOKER	Felice di aver aiutato. Per questo la foresta mi deve una bella primavera.
NPC_MYRLL_PLAYER_7afc3d0d-5b02-464e-9bc7-ac922364d92d_SCHOLAR	Sono lieto che sia compiuto. Ora la foresta può ricucire le proprie ferite.
NPC_MYRLL_PLAYER_7afc3d0d-5b02-464e-9bc7-ac922364d92d_STOIC	Felice di aver aiutato. Ora la foresta può guarire.
NPC_MYRLL_PLAYER_7c5bfb64-0e23-4a5e-95aa-89d1d8c310be_BASE	Hai qualcosa in mente?
NPC_MYRLL_PLAYER_7f65c038-bd56-4d66-b4c6-7fb7581b514a_HEROIC	Un lavoro vano. La corruzione li prenderà tutti, presto.
NPC_MYRLL_PLAYER_7f65c038-bd56-4d66-b4c6-7fb7581b514a_JOKER	Una gentilezza sprecata. La corruzione si mangerà anche quella, insieme al resto.
NPC_MYRLL_PLAYER_7f65c038-bd56-4d66-b4c6-7fb7581b514a_SCHOLAR	Un cattivo investimento di tempo. La corruzione supererà qualunque aiuto possiamo inviare.
NPC_MYRLL_PLAYER_7f65c038-bd56-4d66-b4c6-7fb7581b514a_STOIC	Sembra tempo sprecato. La corruzione li prenderà tutti, presto.
NPC_MYRLL_PLAYER_85e0b203-787f-49e9-9850-32eabcea1307_HEROIC	È vero, la sua bontà risplende. La foresta gli rende onore in cambio?
NPC_MYRLL_PLAYER_85e0b203-787f-49e9-9850-32eabcea1307_JOKER	Vero, è buono come il pane. Chissà se la foresta sa che fortuna ha avuto.
NPC_MYRLL_PLAYER_85e0b203-787f-49e9-9850-32eabcea1307_SCHOLAR	È chiaramente benevolo. La foresta lo ricambia?
NPC_MYRLL_PLAYER_85e0b203-787f-49e9-9850-32eabcea1307_STOIC	È vero, è molto buono. Come lo tratta la foresta?
NPC_MYRLL_PLAYER_861ab7cb-ee41-4cfd-a736-879a6c941b92_BASE	Riposa, mia cara Myrll. Non voglio vedere soffrire così qualcuno a cui tengo.
NPC_MYRLL_PLAYER_898d96c2-33d7-454d-b2d1-088e9cf61584_HEROIC	Una sagoma fra i rami sembra più un inganno della mente che qualcosa di reale.
NPC_MYRLL_PLAYER_898d96c2-33d7-454d-b2d1-088e9cf61584_JOKER	Una figura che fruscia fra le foglie. Ci sono tutti gli ingredienti per un gran sogno a occhi aperti.
NPC_MYRLL_PLAYER_898d96c2-33d7-454d-b2d1-088e9cf61584_SCHOLAR	Una figura fra gli alberi, vista una sola volta, da sola? La mente crea di peggio con meno.
NPC_MYRLL_PLAYER_898d96c2-33d7-454d-b2d1-088e9cf61584_STOIC	Una forma fra gli alberi. Sembra un'allucinazione.
NPC_MYRLL_PLAYER_8b42a3e0-20f5-4d3f-b815-07691d0317c4_HEROIC	Non lo sai mai davvero. Scegli, e resti fedele alla tua scelta.
NPC_MYRLL_PLAYER_8b42a3e0-20f5-4d3f-b815-07691d0317c4_JOKER	Beh, tiri i dadi e speri di sbagliare meno del solito.
NPC_MYRLL_PLAYER_8b42a3e0-20f5-4d3f-b815-07691d0317c4_SCHOLAR	Non lo sai mai con certezza. Valuti ciò che hai a disposizione e scegli.
NPC_MYRLL_PLAYER_8b42a3e0-20f5-4d3f-b815-07691d0317c4_STOIC	Non lo sai mai davvero. Fai la tua migliore ipotesi.
NPC_MYRLL_PLAYER_8e2f57aa-f8ae-49a9-8833-fefdefcbe766_HEROIC	Lascia andare il passato, Myrll. Lasciati quel luogo alle spalle e non tornarci più.
NPC_MYRLL_PLAYER_8e2f57aa-f8ae-49a9-8833-fefdefcbe766_JOKER	Seppellisci il passato, Myrll. Quel posto si è già preso abbastanza dei tuoi anni.
NPC_MYRLL_PLAYER_8e2f57aa-f8ae-49a9-8833-fefdefcbe766_SCHOLAR	Lascia che svanisca, Myrll. Quel luogo non custodisce più nulla che ti serva.
NPC_MYRLL_PLAYER_8e2f57aa-f8ae-49a9-8833-fefdefcbe766_STOIC	Lascia morire il passato, Myrll. Dimentica quel posto. Non tornarci.
NPC_MYRLL_PLAYER_8fc1fecb-80f2-4d1e-976f-d7f506a42201_HEROIC	Sembri stanca. Forse hai bisogno di riposo. Stai bene?
NPC_MYRLL_PLAYER_8fc1fecb-80f2-4d1e-976f-d7f506a42201_JOKER	Sembri sul punto di crollare. Ti prendo al volo o vado a cercare una sedia?
NPC_MYRLL_PLAYER_8fc1fecb-80f2-4d1e-976f-d7f506a42201_SCHOLAR	Stai bene? Spossatezza, o qualcosa di più grave?
NPC_MYRLL_PLAYER_8fc1fecb-80f2-4d1e-976f-d7f506a42201_STOIC	Sembri aver bisogno di riposo. Stai bene?
NPC_MYRLL_PLAYER_90f3a632-fc35-4b8c-aa4e-a6024b5407d0_HEROIC	Mi sembra distante, come tendono a essere tutti gli dèi.
NPC_MYRLL_PLAYER_90f3a632-fc35-4b8c-aa4e-a6024b5407d0_JOKER	È presente quanto qualunque dio. Cioè per niente.
NPC_MYRLL_PLAYER_90f3a632-fc35-4b8c-aa4e-a6024b5407d0_SCHOLAR	Sembra assente quanto ogni altra divinità di cui si abbia notizia.
NPC_MYRLL_PLAYER_90f3a632-fc35-4b8c-aa4e-a6024b5407d0_STOIC	Sembra assente, come tutti gli dèi.
NPC_MYRLL_PLAYER_9182d890-2211-410c-82e5-652359c19ed5_HEROIC	Distruggerò il cuore. Non per te, ma per ciò che sta facendo alla foresta.
NPC_MYRLL_PLAYER_9182d890-2211-410c-82e5-652359c19ed5_JOKER	Distruggerò il cuore. Non prenderla sul personale: l'avrei fatto anche senza di te.
NPC_MYRLL_PLAYER_9182d890-2211-410c-82e5-652359c19ed5_SCHOLAR	Lo distruggerò. La minaccia è ciò che diffonde; le tue sorelle sono un elemento secondario.
NPC_MYRLL_PLAYER_9182d890-2211-410c-82e5-652359c19ed5_STOIC	Lo distruggerò. Non per te.
NPC_MYRLL_PLAYER_91852244-ad2f-4897-974c-8fd59450227a_HEROIC	Capisco la loro ragione, ma in tutto il tempo passato in questa foresta non ho visto un altro golem.
NPC_MYRLL_PLAYER_91852244-ad2f-4897-974c-8fd59450227a_JOKER	Capisco cosa intendono, ma questa foresta non è proprio affollata di golem, no?
NPC_MYRLL_PLAYER_91852244-ad2f-4897-974c-8fd59450227a_SCHOLAR	Comprendo la loro posizione. In tutti i miei viaggi qui, lui è l'unico golem che abbia visto.
NPC_MYRLL_PLAYER_91852244-ad2f-4897-974c-8fd59450227a_STOIC	Capisco il loro punto. Mai visto un altro golem in questa foresta.
NPC_MYRLL_PLAYER_96dd2d92-dec6-4990-a33c-e484a18a7c1e_HEROIC	Non lasciare che la corruzione ti spezzi lo spirito. Resta salda e non cedere alla paura.
NPC_MYRLL_PLAYER_96dd2d92-dec6-4990-a33c-e484a18a7c1e_JOKER	Non lasciare che la corruzione ti entri sotto pelle. Fa' finta che la paura sia roba da altri.
NPC_MYRLL_PLAYER_96dd2d92-dec6-4990-a33c-e484a18a7c1e_SCHOLAR	Non lasciare che la corruzione ti raggiunga. La paura è la fessura da cui entra.
NPC_MYRLL_PLAYER_96dd2d92-dec6-4990-a33c-e484a18a7c1e_STOIC	Non lasciare che la corruzione ti danneggi. Resta salda. Non temere.
NPC_MYRLL_PLAYER_982f7284-86d1-4bab-ab3e-0a1dbdf0cbdb_HEROIC	L'ho fatto perché mi fossi debitrice. Servimi, e resteranno protetti.
NPC_MYRLL_PLAYER_982f7284-86d1-4bab-ab3e-0a1dbdf0cbdb_JOKER	L'ho fatto per metterti in debito. Tu continui a servirmi, loro continuano a respirare.
NPC_MYRLL_PLAYER_982f7284-86d1-4bab-ab3e-0a1dbdf0cbdb_SCHOLAR	Ora sei in debito con me. Servimi bene, e la loro protezione continuerà.
NPC_MYRLL_PLAYER_982f7284-86d1-4bab-ab3e-0a1dbdf0cbdb_STOIC	L'ho fatto per metterti in debito. Servimi, e resteranno protetti.
NPC_MYRLL_PLAYER_9a4d1960-6bf4-4592-9184-cf0c0e5e4b1e_HEROIC	Sono forti: perseverano nelle difficoltà per costruire e mantenere la loro casa.
NPC_MYRLL_PLAYER_9a4d1960-6bf4-4592-9184-cf0c0e5e4b1e_JOKER	Forti come sempre, ancora al lavoro per tenere in piedi casa, qualunque cosa succeda.
NPC_MYRLL_PLAYER_9a4d1960-6bf4-4592-9184-cf0c0e5e4b1e_SCHOLAR	Sono forti, tutti. La loro casa continua a crescere, nonostante ogni circostanza contraria.
NPC_MYRLL_PLAYER_9a4d1960-6bf4-4592-9184-cf0c0e5e4b1e_STOIC	Sono forti. Faticano per sopravvivere, costruendo e mantenendo la loro casa.
NPC_MYRLL_PLAYER_9b7c0666-4a39-44b0-95c6-e58b8a2856cb_HEROIC	La magia degli Antichi mi ha segnato durante lo scontro fra Faustas e Sylbos.
NPC_MYRLL_PLAYER_9b7c0666-4a39-44b0-95c6-e58b8a2856cb_JOKER	Quando Faustas e Sylbos si sono azzuffati, è schizzata un po' di magia degli Antichi. Io ero lì vicino.
NPC_MYRLL_PLAYER_9b7c0666-4a39-44b0-95c6-e58b8a2856cb_SCHOLAR	Durante lo scontro fra Faustas e Sylbos, parte della magia degli Antichi si è depositata in me.
NPC_MYRLL_PLAYER_9b7c0666-4a39-44b0-95c6-e58b8a2856cb_STOIC	La magia degli Antichi mi ha toccato quando Faustas e Sylbos hanno combattuto.
NPC_MYRLL_PLAYER_9caacb99-8012-4aec-8416-eddd2207407e_HEROIC	Se questo le libera, lo farò. Dimmi cosa accadrà loro dopo.
NPC_MYRLL_PLAYER_9caacb99-8012-4aec-8416-eddd2207407e_JOKER	Se le libera, va bene. Le driadi liberate cosa fanno, di preciso? Crescono?
NPC_MYRLL_PLAYER_9caacb99-8012-4aec-8416-eddd2207407e_SCHOLAR	Se distruggerlo le libera, lo farò. Che cosa significa «libera» per una driade?
NPC_MYRLL_PLAYER_9caacb99-8012-4aec-8416-eddd2207407e_STOIC	Se le libera, lo farò. Cosa ne sarà di loro?
NPC_MYRLL_PLAYER_9d2f7a1c-4e6b-8a3f-5c0d-1b7e9a4c2f6d_BASE	Ho verificato tutte le voci.
NPC_MYRLL_PLAYER_9f37cace-7eba-46a5-928c-f1a264228943_BASE	Ora puoi percorrere la tua strada, Myrll. Spero che corra accanto alla mia.
NPC_MYRLL_PLAYER_a04df02c-1dc6-4cc7-a40a-5a689186cf7e_HEROIC	Cosa le ha spinte ad attaccarti?
NPC_MYRLL_PLAYER_a04df02c-1dc6-4cc7-a40a-5a689186cf7e_JOKER	Pensavano davvero di risolvere tutto attaccandoti?
NPC_MYRLL_PLAYER_a04df02c-1dc6-4cc7-a40a-5a689186cf7e_SCHOLAR	Che cosa ha provocato il loro attacco contro di te?
NPC_MYRLL_PLAYER_a04df02c-1dc6-4cc7-a40a-5a689186cf7e_STOIC	Perché ti hanno attaccata?
NPC_MYRLL_PLAYER_a1e14243-d807-4448-a5ec-c74d2a8b4101_BASE	Qual è la sua volontà?
NPC_MYRLL_PLAYER_a213caa9-1718-4ffa-98be-7d7bc21607fd_BASE	Perché si abbattevano gli alberi?
NPC_MYRLL_PLAYER_a25b44c8-aacd-4899-96a3-6820dcba9f8b_HEROIC	La pietra non è una foresta. Riuscirai a sopportarlo?
NPC_MYRLL_PLAYER_a25b44c8-aacd-4899-96a3-6820dcba9f8b_JOKER	Tutta roccia, niente chiome. Pensi di cavartela?
NPC_MYRLL_PLAYER_a25b44c8-aacd-4899-96a3-6820dcba9f8b_SCHOLAR	La pietra non respira come una foresta. Potrai adattarti?
NPC_MYRLL_PLAYER_a25b44c8-aacd-4899-96a3-6820dcba9f8b_STOIC	La pietra non è una foresta. Puoi farcela?
NPC_MYRLL_PLAYER_a29429ca-072b-4352-b56d-56f7fe65625b_BASE	Cosa pensi di Befr?
NPC_MYRLL_PLAYER_a2c75f9c-6f31-47e9-923e-ceb6e1f83975_BASE	Ti trovi bene in questo angolo?
NPC_MYRLL_PLAYER_a308a58d-12bc-4c4d-88c7-57832b332121_BASE	Dove posso trovarti quando serve?
NPC_MYRLL_PLAYER_a32068cb-dcc7-4d3d-a7ad-8b6ba90b5f65_HEROIC	Non ho il tuo dono con gli animali, ma mi prenderò cura di loro per te.
NPC_MYRLL_PLAYER_a32068cb-dcc7-4d3d-a7ad-8b6ba90b5f65_JOKER	Non parlo correntemente l'animalesco, ma andrò a dare un'occhiata.
NPC_MYRLL_PLAYER_a32068cb-dcc7-4d3d-a7ad-8b6ba90b5f65_SCHOLAR	Non so parlare agli animali come te. Giudicherò da ciò che osservo.
NPC_MYRLL_PLAYER_a32068cb-dcc7-4d3d-a7ad-8b6ba90b5f65_STOIC	Non parlo agli animali come te. Ma controllerò come stanno.
NPC_MYRLL_PLAYER_a40f4a28-1091-4674-ab1c-b36af02ccdd8_HEROIC	Il Santuario, su una montagna nascosta. I Varchi lo raggiungono, e ti darò il potere di usarli.
NPC_MYRLL_PLAYER_a40f4a28-1091-4674-ab1c-b36af02ccdd8_JOKER	Una montagna introvabile, chiamata Santuario. I Varchi sanno la strada, e io gli insegnerò il tuo nome.
NPC_MYRLL_PLAYER_a40f4a28-1091-4674-ab1c-b36af02ccdd8_SCHOLAR	Un altopiano celato da un'antica magia: il Santuario. I Varchi lo raggiungono; posso sintonizzarti.
NPC_MYRLL_PLAYER_a40f4a28-1091-4674-ab1c-b36af02ccdd8_STOIC	Il Santuario. Una montagna nascosta. I Varchi ci arrivano. Condividerò il potere.
NPC_MYRLL_PLAYER_a5e2676a-e03e-4f7d-a59a-25a6a519c731_HEROIC	Gli ingressi delle tane erano bloccati, ma ho provveduto a liberarli.
NPC_MYRLL_PLAYER_a5e2676a-e03e-4f7d-a59a-25a6a519c731_JOKER	Le porte delle tane erano bloccate. Io e gli ostacoli abbiamo discusso. Ho vinto io.
NPC_MYRLL_PLAYER_a5e2676a-e03e-4f7d-a59a-25a6a519c731_SCHOLAR	La maggior parte degli imbocchi delle tane era ostruita. Ho liberato tutti quelli che ho trovato.
NPC_MYRLL_PLAYER_a5e2676a-e03e-4f7d-a59a-25a6a519c731_STOIC	Molti ingressi delle tane erano bloccati. Ho rimosso gli ostacoli.
NPC_MYRLL_PLAYER_a687cf54-ace6-4b9c-9630-265f4f62730c_HEROIC	Descrivimi ciò che accade nella foresta, così potrò intervenire dove serve.
NPC_MYRLL_PLAYER_a687cf54-ace6-4b9c-9630-265f4f62730c_JOKER	Quale curiosa faccenda bolle in pentola nella foresta, stavolta?
NPC_MYRLL_PLAYER_a687cf54-ace6-4b9c-9630-265f4f62730c_SCHOLAR	Che cosa sta accadendo esattamente nella foresta? Non omettere alcun dettaglio.
NPC_MYRLL_PLAYER_a687cf54-ace6-4b9c-9630-265f4f62730c_STOIC	Dimmi di più su cosa succede nella foresta.
NPC_MYRLL_PLAYER_a6e228bc-0ba6-41d9-b326-26ae486fb12a_HEROIC	Questa debolezza è uno scudo contro la corruzione. Tornerò quando sarai pronta.
NPC_MYRLL_PLAYER_a6e228bc-0ba6-41d9-b326-26ae486fb12a_JOKER	Questa debolezza tiene a bada la corruzione. Ripasso quando te la senti.
NPC_MYRLL_PLAYER_a6e228bc-0ba6-41d9-b326-26ae486fb12a_SCHOLAR	Dunque è la debolezza a costituire lo scudo. Tornerò quando sarai pronta.
NPC_MYRLL_PLAYER_a6e228bc-0ba6-41d9-b326-26ae486fb12a_STOIC	Questa debolezza fermerà la corruzione. Tornerò quando sarai pronta.
NPC_MYRLL_PLAYER_a7b25552-35d0-4f18-a1f3-c523cedc0250_HEROIC	Ha colpito senza ragione. Ho messo fine allo scontro in fretta.
NPC_MYRLL_PLAYER_a7b25552-35d0-4f18-a1f3-c523cedc0250_JOKER	Si è buttato avanti senza pensarci troppo. Ho fatto in modo che si fermasse.
NPC_MYRLL_PLAYER_a7b25552-35d0-4f18-a1f3-c523cedc0250_SCHOLAR	Ha attaccato senza riflettere, perciò non è servito riflettere per finirlo.
NPC_MYRLL_PLAYER_a7b25552-35d0-4f18-a1f3-c523cedc0250_STOIC	Mi ha attaccato senza pensare. L'ho abbattuto.
NPC_MYRLL_PLAYER_a89bd3a5-2da4-490e-895e-2fe61e57d787_HEROIC	Hai fatto tutto ciò che serviva. Ora riposa.
NPC_MYRLL_PLAYER_a89bd3a5-2da4-490e-895e-2fe61e57d787_JOKER	Hai fatto la tua parte. Ora puoi mettere i piedi in alto.
NPC_MYRLL_PLAYER_a89bd3a5-2da4-490e-895e-2fe61e57d787_SCHOLAR	È sufficiente, sotto ogni aspetto. Ora riposa.
NPC_MYRLL_PLAYER_a89bd3a5-2da4-490e-895e-2fe61e57d787_STOIC	Basta così. Riposa.
NPC_MYRLL_PLAYER_a9400091-75b3-4c11-909a-206a59afc469_HEROIC	Sembra proprio da Befr. Anch'io mi trovo spesso senza parole.
NPC_MYRLL_PLAYER_a9400091-75b3-4c11-909a-206a59afc469_JOKER	Proprio da Befr. Lascia a corto di parole anche me.
NPC_MYRLL_PLAYER_a9400091-75b3-4c11-909a-206a59afc469_SCHOLAR	È proprio da Befr. Quasi sempre le sue parole precedono ogni mia possibile risposta.
NPC_MYRLL_PLAYER_a9400091-75b3-4c11-909a-206a59afc469_STOIC	Proprio da Befr. Anch'io, di solito, non ho nulla da aggiungere.
NPC_MYRLL_PLAYER_afeb0c5c-71b5-4399-b1eb-19e864ec2ce2_BASE	Cosa offre, e a chi?
NPC_MYRLL_PLAYER_b21f45c5-5d7c-4493-b546-83b9bd0f373d_HEROIC	Siamo ancora legati agli dèi. Osserva e ascolta: ti risponderanno.
NPC_MYRLL_PLAYER_b21f45c5-5d7c-4493-b546-83b9bd0f373d_JOKER	Gli dèi parlano ancora. Siamo noi che ascoltiamo male.
NPC_MYRLL_PLAYER_b21f45c5-5d7c-4493-b546-83b9bd0f373d_SCHOLAR	Gli dèi cercano ancora di raggiungerci. I più semplicemente non imparano a notarlo.
NPC_MYRLL_PLAYER_b21f45c5-5d7c-4493-b546-83b9bd0f373d_STOIC	Siamo ancora legati agli dèi. Osserva e ascolta meglio.
NPC_MYRLL_PLAYER_b4440c5c-ffb7-4a77-8f3e-8d3000ef7f7b_HEROIC	Scelgo il mio cammino con le mie mani.
NPC_MYRLL_PLAYER_b4440c5c-ffb7-4a77-8f3e-8d3000ef7f7b_JOKER	I miei modi sono miei, e non sono in vendita.
NPC_MYRLL_PLAYER_b4440c5c-ffb7-4a77-8f3e-8d3000ef7f7b_SCHOLAR	I miei modi appartengono a me. Le ragioni, altrettanto.
NPC_MYRLL_PLAYER_b4440c5c-ffb7-4a77-8f3e-8d3000ef7f7b_STOIC	I miei modi sono miei.
NPC_MYRLL_PLAYER_b6b13f36-b03b-4a3e-a830-765f59ee6a18_HEROIC	Allora vieni con me. Non è un boschetto, ma lì nulla ti darà la caccia.
NPC_MYRLL_PLAYER_b6b13f36-b03b-4a3e-a830-765f59ee6a18_JOKER	Allora vieni con me. Meno alberi, meno lupi. A conti fatti, un miglioramento.
NPC_MYRLL_PLAYER_b6b13f36-b03b-4a3e-a830-765f59ee6a18_SCHOLAR	Allora vieni con me. Non è un boschetto, ma è fuori dalla portata della foresta.
NPC_MYRLL_PLAYER_b6b13f36-b03b-4a3e-a830-765f59ee6a18_STOIC	Allora vieni con me. Niente boschetto, ma è sicuro.
NPC_MYRLL_PLAYER_b6d7b813-c774-42ca-acb7-df524776fdfb_BASE	C'è un modo per impedire che altri si corrompano?
NPC_MYRLL_PLAYER_b7740310-ad95-44a5-8cad-b1eaef883808_BASE	Parlami dell'illusione dei nidi.
NPC_MYRLL_PLAYER_b83c2c01-cb52-4a80-83a3-f1c91e537a27_HEROIC	Sistemati e riposa tranquilla. Ci incontreremo lì.
NPC_MYRLL_PLAYER_b83c2c01-cb52-4a80-83a3-f1c91e537a27_JOKER	Trovati il posto migliore. Ti raggiungo lì.
NPC_MYRLL_PLAYER_b83c2c01-cb52-4a80-83a3-f1c91e537a27_SCHOLAR	Sistemati dove preferisci. Ti troverò lì.
NPC_MYRLL_PLAYER_b83c2c01-cb52-4a80-83a3-f1c91e537a27_STOIC	Mettiti comoda. Ci vediamo lì.
NPC_MYRLL_PLAYER_b932e9b3-14d8-4782-bc35-64c8958d13ef_HEROIC	Il suo riserbo mi pesa. Vorrei che parlasse più apertamente.
NPC_MYRLL_PLAYER_b932e9b3-14d8-4782-bc35-64c8958d13ef_JOKER	Tutta questa scena del misterioso stanca in fretta. Gli costerebbe tanto parlare chiaro, per una volta?
NPC_MYRLL_PLAYER_b932e9b3-14d8-4782-bc35-64c8958d13ef_SCHOLAR	I suoi enigmi cominciano a logorarmi. Una frase esplicita non gli costerebbe nulla.
NPC_MYRLL_PLAYER_b932e9b3-14d8-4782-bc35-64c8958d13ef_STOIC	Il suo mistero è un peso. Vorrei che parlasse chiaro.
NPC_MYRLL_PLAYER_ba6a12e4-e43f-480b-86fb-cd2f0a1900ee_HEROIC	Mantieni la pace qui. Il Santuario non deve essere turbato.
NPC_MYRLL_PLAYER_ba6a12e4-e43f-480b-86fb-cd2f0a1900ee_JOKER	Cerca di non scuotere il Santuario. Si scuote facilmente.
NPC_MYRLL_PLAYER_ba6a12e4-e43f-480b-86fb-cd2f0a1900ee_SCHOLAR	Muoviti con discrezione. Il Santuario ha un proprio equilibrio: non alterarlo.
NPC_MYRLL_PLAYER_ba6a12e4-e43f-480b-86fb-cd2f0a1900ee_STOIC	Sta' per conto tuo. Non turbare il Santuario.
NPC_MYRLL_PLAYER_bde838fe-1105-4d4d-a7e4-062f84d15a7a_HEROIC	Non lasciare che il passato abbia potere su di te.
NPC_MYRLL_PLAYER_bde838fe-1105-4d4d-a7e4-062f84d15a7a_JOKER	Inutile lasciare che i vecchi fantasmi ti mettano i piedi in testa.
NPC_MYRLL_PLAYER_bde838fe-1105-4d4d-a7e4-062f84d15a7a_SCHOLAR	Il passato non ha più alcun diritto su di te.
NPC_MYRLL_PLAYER_bde838fe-1105-4d4d-a7e4-062f84d15a7a_STOIC	Il passato non deve condizionarti.
NPC_MYRLL_PLAYER_bf779ad2-e854-4103-be91-b1f69a47d253_BASE	Ho incontrato un Treant sopraffatto dalla Corruzione. Cosa ne sai?
NPC_MYRLL_PLAYER_c2c8962c-3f46-4ff8-936d-0623d59fe628_HEROIC	Non dovresti piangere una creatura caduta così in basso.
NPC_MYRLL_PLAYER_c2c8962c-3f46-4ff8-936d-0623d59fe628_JOKER	Non serve piangere una creatura che ha fatto un capitombolo del genere.
NPC_MYRLL_PLAYER_c2c8962c-3f46-4ff8-936d-0623d59fe628_SCHOLAR	La sua caduta è troppo profonda per meritare il lutto.
NPC_MYRLL_PLAYER_c2c8962c-3f46-4ff8-936d-0623d59fe628_STOIC	Non dovresti piangere una creatura tanto decaduta.
NPC_MYRLL_PLAYER_c30533a8-fb0c-4d55-bb46-e9b134c4cb30_HEROIC	Una lite fra driadi. Dimmi perché dovrebbe riguardarmi.
NPC_MYRLL_PLAYER_c30533a8-fb0c-4d55-bb46-e9b134c4cb30_JOKER	Una lite di famiglia con dentro dei lupi. Perché il guinzaglio devo tenerlo io?
NPC_MYRLL_PLAYER_c30533a8-fb0c-4d55-bb46-e9b134c4cb30_SCHOLAR	Le sorelle litigano; la foresta prende posizione. Perché dovrebbe interessare a un estraneo?
NPC_MYRLL_PLAYER_c30533a8-fb0c-4d55-bb46-e9b134c4cb30_STOIC	Una lite fra driadi. Perché mi riguarda?
NPC_MYRLL_PLAYER_c30ee3eb-d804-4d05-b21b-25356c07aace_HEROIC	Ricordare ti porta dolore o forza?
NPC_MYRLL_PLAYER_c30ee3eb-d804-4d05-b21b-25356c07aace_JOKER	Ricordare brucia ancora, o il tempo ha smussato gli spigoli?
NPC_MYRLL_PLAYER_c30ee3eb-d804-4d05-b21b-25356c07aace_SCHOLAR	Quando ricordi, provi dolore o qualcos'altro?
NPC_MYRLL_PLAYER_c30ee3eb-d804-4d05-b21b-25356c07aace_STOIC	Ricordarlo ti rattrista?
NPC_MYRLL_PLAYER_c34fa341-15b2-40e1-97f6-f1788750b112_BASE	Dimmi di più sul marciume della corruzione.
NPC_MYRLL_PLAYER_c3af2cb6-90f5-480d-ab0c-d1a660ee46bb_HEROIC	Dimmi chiaramente cosa puoi fare per noi.
NPC_MYRLL_PLAYER_c3af2cb6-90f5-480d-ab0c-d1a660ee46bb_JOKER	Che aiuto nascondi in quelle maniche frondose?
NPC_MYRLL_PLAYER_c3af2cb6-90f5-480d-ab0c-d1a660ee46bb_SCHOLAR	Che cosa puoi fare per noi? Sii precisa.
NPC_MYRLL_PLAYER_c3af2cb6-90f5-480d-ab0c-d1a660ee46bb_STOIC	Dimmi come puoi aiutarci.
NPC_MYRLL_PLAYER_c44d13c7-c302-497f-81c4-5536970fa9b7_HEROIC	Mi dispiace per ciò che ti hanno fatto. Dimmi cosa ti serve.
NPC_MYRLL_PLAYER_c44d13c7-c302-497f-81c4-5536970fa9b7_JOKER	Mi spiace che ti sia successo. Cosa ti serve da me?
NPC_MYRLL_PLAYER_c44d13c7-c302-497f-81c4-5536970fa9b7_SCHOLAR	Mi dispiace per ciò che ti è accaduto. Qual è la tua prima necessità?
NPC_MYRLL_PLAYER_c44d13c7-c302-497f-81c4-5536970fa9b7_STOIC	Mi dispiace che ti sia successo. Come posso aiutare?
NPC_MYRLL_PLAYER_c58efcd9-1e0f-42f7-a15c-7f0e710d45a3_HEROIC	Parla liberamente. Qualunque cosa sia, ti ascolterò.
NPC_MYRLL_PLAYER_c58efcd9-1e0f-42f7-a15c-7f0e710d45a3_JOKER	Se hai un peso sul cuore, perché non lo dividiamo?
NPC_MYRLL_PLAYER_c58efcd9-1e0f-42f7-a15c-7f0e710d45a3_SCHOLAR	Che cosa ti occupa la mente? Comincia dal suo principio.
NPC_MYRLL_PLAYER_c58efcd9-1e0f-42f7-a15c-7f0e710d45a3_STOIC	Cosa hai in mente? Puoi dirmelo?
NPC_MYRLL_PLAYER_c8e69cf9-9228-478d-9572-7926c57f75c5_HEROIC	Le tue stesse sorelle ti si sono rivoltate contro. Cosa hai fatto?
NPC_MYRLL_PLAYER_c8e69cf9-9228-478d-9572-7926c57f75c5_JOKER	Le sorelle non chiamano i lupi per niente. Che hai combinato?
NPC_MYRLL_PLAYER_c8e69cf9-9228-478d-9572-7926c57f75c5_SCHOLAR	Una driade scacciata dalle driadi. Qual è stata la colpa?
NPC_MYRLL_PLAYER_c8e69cf9-9228-478d-9572-7926c57f75c5_STOIC	Le tue sorelle. Cosa hai fatto?
NPC_MYRLL_PLAYER_c91b9bfd-deae-4eca-b73e-c55d0f3130dd_HEROIC	Avevi cose che mi servivano. Non me ne scuso.
NPC_MYRLL_PLAYER_c91b9bfd-deae-4eca-b73e-c55d0f3130dd_JOKER	Ho visto un'occasione in quel che potevi darmi. L'ho colta.
NPC_MYRLL_PLAYER_c91b9bfd-deae-4eca-b73e-c55d0f3130dd_SCHOLAR	Ho calcolato ciò che potevi offrirmi. Il risultato ha determinato la scelta.
NPC_MYRLL_PLAYER_c91b9bfd-deae-4eca-b73e-c55d0f3130dd_STOIC	Ho visto un'opportunità in ciò che potevi fornirmi qui.
NPC_MYRLL_PLAYER_cd9a58a1-942f-424e-9882-5a8d2486e075_HEROIC	Avreste dovuto affrontarli a viso aperto e morire con onore, non aspettare che un dio vi salvasse.
NPC_MYRLL_PLAYER_cd9a58a1-942f-424e-9882-5a8d2486e075_JOKER	Meglio morire combattendo, con onore, che inginocchiarsi sperando che un dio sia in ascolto.
NPC_MYRLL_PLAYER_cd9a58a1-942f-424e-9882-5a8d2486e075_SCHOLAR	Sarebbe stato meglio combattere e morire con onore che implorare una divinità di salvarvi.
NPC_MYRLL_PLAYER_cd9a58a1-942f-424e-9882-5a8d2486e075_STOIC	Dovevate combattere e morire con onore, non pregare per essere salvate.
NPC_MYRLL_PLAYER_ce46aaae-bb4e-4a0a-b45e-4f68da17f81b_HEROIC	Era caduto nella follia, senza ritorno. Ho posto fine alle sue sofferenze.
NPC_MYRLL_PLAYER_ce46aaae-bb4e-4a0a-b45e-4f68da17f81b_JOKER	La follia si è occupata di lui, e poi me ne sono occupato io.
NPC_MYRLL_PLAYER_ce46aaae-bb4e-4a0a-b45e-4f68da17f81b_SCHOLAR	Aveva ceduto alla follia. L'ho eliminato.
NPC_MYRLL_PLAYER_ce46aaae-bb4e-4a0a-b45e-4f68da17f81b_STOIC	Era impazzito. L'ho ucciso.
NPC_MYRLL_PLAYER_cf214a05-1106-4b55-9a3a-ab1e5b44d0b7_HEROIC	Nessuno ti farà del male qui. Benvenuta.
NPC_MYRLL_PLAYER_cf214a05-1106-4b55-9a3a-ab1e5b44d0b7_JOKER	Qui sei al sicuro. Le rocce sono pessime assassine. Benvenuta.
NPC_MYRLL_PLAYER_cf214a05-1106-4b55-9a3a-ab1e5b44d0b7_SCHOLAR	Questo luogo offre protezione. Benvenuta.
NPC_MYRLL_PLAYER_cf214a05-1106-4b55-9a3a-ab1e5b44d0b7_STOIC	Qui sei al sicuro. Benvenuta.
NPC_MYRLL_PLAYER_cf68d5c9-2775-45b8-a385-833bccede48b_HEROIC	Se resti, guadagnati il tuo posto con le azioni.
NPC_MYRLL_PLAYER_cf68d5c9-2775-45b8-a385-833bccede48b_JOKER	Se resti, vedi di dimostrare che ci stai bene.
NPC_MYRLL_PLAYER_cf68d5c9-2775-45b8-a385-833bccede48b_SCHOLAR	Se rimani, dimostraci quale funzione puoi svolgere.
NPC_MYRLL_PLAYER_cf68d5c9-2775-45b8-a385-833bccede48b_STOIC	Se resti, dimostra il tuo valore.
NPC_MYRLL_PLAYER_d20c0618-fbbf-4601-8b14-b3fdbf3acdb9_HEROIC	Sei ferita, ma resti forte. Cosa ti è successo?
NPC_MYRLL_PLAYER_d20c0618-fbbf-4601-8b14-b3fdbf3acdb9_JOKER	Hai avuto giorni migliori, senza offesa. Cos'è successo?
NPC_MYRLL_PLAYER_d20c0618-fbbf-4601-8b14-b3fdbf3acdb9_SCHOLAR	Sei ferita. Che cosa ti ha ridotta così?
NPC_MYRLL_PLAYER_d20c0618-fbbf-4601-8b14-b3fdbf3acdb9_STOIC	Sei ferita. Cos'è successo?
NPC_MYRLL_PLAYER_d293a86f-83df-4792-a37b-828e082d708e_BASE	Questa purga… ne ho già sentito parlare.
NPC_MYRLL_PLAYER_d30737e7-bf6a-4fae-9970-e556f104eafe_HEROIC	Il cuore spetta a me, allora. Avranno la loro libertà.
NPC_MYRLL_PLAYER_d30737e7-bf6a-4fae-9970-e556f104eafe_JOKER	Capito. È ora di dare a quel cuore una lezione di libertà.
NPC_MYRLL_PLAYER_d30737e7-bf6a-4fae-9970-e556f104eafe_SCHOLAR	Inteso. Il cuore muore, e con esso il vincolo che le trattiene.
NPC_MYRLL_PLAYER_d30737e7-bf6a-4fae-9970-e556f104eafe_STOIC	Capisco. Ucciderò il cuore e le libererò.
NPC_MYRLL_PLAYER_d4ba190a-dc5f-425a-945d-ce8747c028be_BASE	Cos'è Faerethil?
NPC_MYRLL_PLAYER_dac304c4-9d5c-4ef5-bb9e-7220fb8e8587_BASE	Non esiste una cura per quelli come loro?
NPC_MYRLL_PLAYER_db9a8424-3200-4ed6-bfcb-b557f7ccbefe_BASE	Parlami del branco di lupi.
NPC_MYRLL_PLAYER_deebfb3a-3715-46a1-b937-99feb97571b6_BASE	Perché Ceres scelse di trasformarvi anziché salvarvi così com'eravate?
NPC_MYRLL_PLAYER_e1cc028c-1a08-4d9b-a0e8-26898e347f81_HEROIC	Un Varco. Lo risveglierò per te. Non chiedermi come.
NPC_MYRLL_PLAYER_e1cc028c-1a08-4d9b-a0e8-26898e347f81_JOKER	Un Varco. Lo risveglio io. E no, neanch'io so come.
NPC_MYRLL_PLAYER_e1cc028c-1a08-4d9b-a0e8-26898e347f81_SCHOLAR	Un Varco. Posso risvegliarlo; il meccanismo è qualcosa che ancora non so spiegare.
NPC_MYRLL_PLAYER_e1cc028c-1a08-4d9b-a0e8-26898e347f81_STOIC	Un Varco. Lo risveglierò. Non chiedere come.
NPC_MYRLL_PLAYER_e273641c-463a-4f76-98f0-a35920c461a7_HEROIC	Andrò presto nella foresta. Se li troverò, mi prenderò cura di loro. Non posso garantirlo.
NPC_MYRLL_PLAYER_e273641c-463a-4f76-98f0-a35920c461a7_JOKER	Presto farò un giro nella foresta. Se ci sbatto contro, guardo. Ma non ci scommettere.
NPC_MYRLL_PLAYER_e273641c-463a-4f76-98f0-a35920c461a7_SCHOLAR	La foresta rientra nel mio prossimo itinerario. Se li incontrerò, verificherò. Nessuna promessa.
NPC_MYRLL_PLAYER_e273641c-463a-4f76-98f0-a35920c461a7_STOIC	Presto andrò nella foresta. Se li incontro, controllo. Non prometto nulla.
NPC_MYRLL_PLAYER_e288c27d-7433-474c-855d-e781f162705c_BASE	Perché la corruzione non ha quell'effetto su di me?
NPC_MYRLL_PLAYER_e30ad03f-746f-40fe-bfb1-ffd631bc2b2e_HEROIC	Credo che un giorno raggiungeremo quel luogo e risaneremo il tuo cuore, fianco a fianco.
NPC_MYRLL_PLAYER_e30ad03f-746f-40fe-bfb1-ffd631bc2b2e_JOKER	Magari un giorno ci facciamo una passeggiata e rattoppiamo quel tuo cuore. Insieme.
NPC_MYRLL_PLAYER_e30ad03f-746f-40fe-bfb1-ffd631bc2b2e_SCHOLAR	Col tempo potremmo recarci lì insieme e risanare ciò che sarà possibile.
NPC_MYRLL_PLAYER_e30ad03f-746f-40fe-bfb1-ffd631bc2b2e_STOIC	Forse un giorno potremo andarci e risanare il tuo cuore insieme.
NPC_MYRLL_PLAYER_e6306ad5-5000-4853-a3c6-c176ce3cba49_HEROIC	Il passato non si può cambiare. Concentrati sulla tavoletta e dimmi cosa dice.
NPC_MYRLL_PLAYER_e6306ad5-5000-4853-a3c6-c176ce3cba49_JOKER	Il passato può aspettare. Sentiamo cos'ha da dire la tavoletta.
NPC_MYRLL_PLAYER_e6306ad5-5000-4853-a3c6-c176ce3cba49_SCHOLAR	La storia dopo. Prima, il contenuto effettivo della tavoletta.
NPC_MYRLL_PLAYER_e6306ad5-5000-4853-a3c6-c176ce3cba49_STOIC	Il passato è passato. Dimmi cosa dice la tavoletta.
NPC_MYRLL_PLAYER_e74c81e2-cb46-4413-bf6f-f22873e1b7cd_HEROIC	Possa tu trovare pace, un giorno, e tornare alla tua vecchia casa.
NPC_MYRLL_PLAYER_e74c81e2-cb46-4413-bf6f-f22873e1b7cd_JOKER	Magari un giorno riuscirai a fare pace con tutto questo e a rivedere la tua vecchia casa.
NPC_MYRLL_PLAYER_e74c81e2-cb46-4413-bf6f-f22873e1b7cd_SCHOLAR	Potrai forse riconciliarti con il passato e, con esso, ritrovare la tua vecchia casa.
NPC_MYRLL_PLAYER_e74c81e2-cb46-4413-bf6f-f22873e1b7cd_STOIC	Spero che un giorno tu possa trovare pace e rivedere la tua vecchia casa.
NPC_MYRLL_PLAYER_ec56c34a-c679-4fbb-87be-2152c6620fef_HEROIC	Dunque è stata una sua scelta? Ha accettato la corruzione?
NPC_MYRLL_PLAYER_ec56c34a-c679-4fbb-87be-2152c6620fef_JOKER	Quindi ci si è proprio buttato? La voleva, la corruzione?
NPC_MYRLL_PLAYER_ec56c34a-c679-4fbb-87be-2152c6620fef_SCHOLAR	La decisione è stata dunque sua? Ha acconsentito alla corruzione?
NPC_MYRLL_PLAYER_ec56c34a-c679-4fbb-87be-2152c6620fef_STOIC	L'ha scelta? Voleva la corruzione?
NPC_MYRLL_PLAYER_edb36ffd-3e2b-42d1-a351-910b8d7e5630_HEROIC	Questo ostacolerà davvero i tuoi doveri?
NPC_MYRLL_PLAYER_edb36ffd-3e2b-42d1-a351-910b8d7e5630_JOKER	È una di quelle cose che ti fa inciampare quando il dovere chiama?
NPC_MYRLL_PLAYER_edb36ffd-3e2b-42d1-a351-910b8d7e5630_SCHOLAR	E i tuoi doveri? Come si concilia tutto questo con essi?
NPC_MYRLL_PLAYER_edb36ffd-3e2b-42d1-a351-910b8d7e5630_STOIC	Ti distrarrà dai tuoi doveri?
NPC_MYRLL_PLAYER_eead3bae-3758-4bde-8158-0ad2834cd9e8_HEROIC	Continua a essere utile e il tuo posto resterà al sicuro.
NPC_MYRLL_PLAYER_eead3bae-3758-4bde-8158-0ad2834cd9e8_JOKER	Continua a renderti utile e magari riesci a tenerti il posto.
NPC_MYRLL_PLAYER_eead3bae-3758-4bde-8158-0ad2834cd9e8_SCHOLAR	Resta utile, e il posto resta tuo. I termini sono semplici.
NPC_MYRLL_PLAYER_eead3bae-3758-4bde-8158-0ad2834cd9e8_STOIC	Continua a essere utile. Potrai mantenere il tuo posto.
NPC_MYRLL_PLAYER_ef174c90-ec88-465e-b4f5-afcc4413fd8f_HEROIC	Se lo rifiutano, deve conquistarsi un posto fra loro. È l'unica via.
NPC_MYRLL_PLAYER_ef174c90-ec88-465e-b4f5-afcc4413fd8f_JOKER	Se la folla si gira dall'altra parte, lui sgomita finché lo lasciano entrare. Non resta altro.
NPC_MYRLL_PLAYER_ef174c90-ec88-465e-b4f5-afcc4413fd8f_SCHOLAR	Se lo negano, deve costringerli a riconoscerlo. Non rimane alternativa.
NPC_MYRLL_PLAYER_ef174c90-ec88-465e-b4f5-afcc4413fd8f_STOIC	Se non lo accettano, deve costringerli. È l'unico modo.
NPC_MYRLL_PLAYER_f1dfb08c-190c-40c1-9848-ff5007d77284_BASE	Sai qualcosa dell'antica tavoletta elfica nella Pozza del Ricordo?
NPC_MYRLL_PLAYER_f279d4e3-d5b8-4611-93b2-36f414bc6a0d_HEROIC	Abbandonata dalla tua dea. Cosa può meritare un simile destino?
NPC_MYRLL_PLAYER_f279d4e3-d5b8-4611-93b2-36f414bc6a0d_JOKER	Ceres che abbandona una driade. È come un fiume che rinuncia all'acqua. Cos'è successo?
NPC_MYRLL_PLAYER_f279d4e3-d5b8-4611-93b2-36f414bc6a0d_SCHOLAR	Ceres non abbandona i suoi senza una ragione. Qual era?
NPC_MYRLL_PLAYER_f279d4e3-d5b8-4611-93b2-36f414bc6a0d_STOIC	Abbandonata da Ceres. Come?
NPC_MYRLL_PLAYER_f28230bd-89e3-4ee3-a62c-5a56dd1e56b4_HEROIC	Dunque un tempo le Driadi camminavano come elfi?
NPC_MYRLL_PLAYER_f28230bd-89e3-4ee3-a62c-5a56dd1e56b4_JOKER	Quindi le Driadi hanno scambiato gli stivali da elfo con le radici?
NPC_MYRLL_PLAYER_f28230bd-89e3-4ee3-a62c-5a56dd1e56b4_SCHOLAR	Le Driadi hanno dunque origine dagli elfi?
NPC_MYRLL_PLAYER_f28230bd-89e3-4ee3-a62c-5a56dd1e56b4_STOIC	Le Driadi un tempo erano elfi?
NPC_MYRLL_PLAYER_f41cc4c8-2f5d-4306-92be-f4a68493c5c4_HEROIC	Credi davvero che un giorno torneranno?
NPC_MYRLL_PLAYER_f41cc4c8-2f5d-4306-92be-f4a68493c5c4_JOKER	E credi davvero che un giorno si ripresenteranno come niente fosse?
NPC_MYRLL_PLAYER_f41cc4c8-2f5d-4306-92be-f4a68493c5c4_SCHOLAR	Hai detto che torneranno. Da cosa deriva questa certezza?
NPC_MYRLL_PLAYER_f41cc4c8-2f5d-4306-92be-f4a68493c5c4_STOIC	Credi davvero che torneranno, un giorno?
NPC_MYRLL_PLAYER_f71d4156-b941-4307-974a-7fcfb8698f75_BASE	Come poteva parlare la tua antica lingua?
NPC_MYRLL_PLAYER_f84e03ff-0641-4660-84e0-cb0fae7cb3f7_HEROIC	Puoi unirti a me. C'è un luogo dove sarai al sicuro.
NPC_MYRLL_PLAYER_f84e03ff-0641-4660-84e0-cb0fae7cb3f7_JOKER	Vieni, allora. Conosco un nascondiglio che nemmeno i guai riescono a trovare.
NPC_MYRLL_PLAYER_f84e03ff-0641-4660-84e0-cb0fae7cb3f7_SCHOLAR	Unisciti a me. Conosco un luogo dove lo scontro non arriva.
NPC_MYRLL_PLAYER_f84e03ff-0641-4660-84e0-cb0fae7cb3f7_STOIC	Puoi venire con me. Ho un posto sicuro per te.
NPC_MYRLL_PLAYER_f94ff568-6d38-4ebe-889f-2cc388648887_HEROIC	È doloroso sentirlo, Myrll. Hai sopportato una prova crudele.
NPC_MYRLL_PLAYER_f94ff568-6d38-4ebe-889f-2cc388648887_JOKER	Hai percorso una strada davvero dura, Myrll.
NPC_MYRLL_PLAYER_f94ff568-6d38-4ebe-889f-2cc388648887_SCHOLAR	Mi dispiace, Myrll. Quell'epoca ti ha chiesto troppo.
NPC_MYRLL_PLAYER_f94ff568-6d38-4ebe-889f-2cc388648887_STOIC	Una sventura, Myrll. Una prova terribile.
NPC_MYRLL_PLAYER_fbb8c03f-ba70-40a1-9a6a-5880fd538c7b_HEROIC	L'ho fatto, anche se mi chiedo se questo sacrificio ne sarà valso la pena.
NPC_MYRLL_PLAYER_fbb8c03f-ba70-40a1-9a6a-5880fd538c7b_JOKER	L'ho fatto. Sarà meglio che valga la camminata.
NPC_MYRLL_PLAYER_fbb8c03f-ba70-40a1-9a6a-5880fd538c7b_SCHOLAR	L'ho fatto. Stiamo per scoprire se il risultato ne giustifica il costo.
NPC_MYRLL_PLAYER_fbb8c03f-ba70-40a1-9a6a-5880fd538c7b_STOIC	L'ho fatto. Spero ne valga la pena.
NPC_MYRLL_PLAYER_fdc93207-c12a-446b-9e97-14c6c7724f44_BASE	Perché pensano che non appartenga alla gente della foresta?
NPC_MYRLL_PLAYER_fdfcc6ff-f7ed-4783-8bb6-32392d9532a0_HEROIC	Stai trovando il tuo posto qui?
NPC_MYRLL_PLAYER_fdfcc6ff-f7ed-4783-8bb6-32392d9532a0_JOKER	Ti stai sistemando, o cerchi ancora di capire da che parte sta il soffitto?
NPC_MYRLL_PLAYER_fdfcc6ff-f7ed-4783-8bb6-32392d9532a0_SCHOLAR	Ti stai ambientando? Dimmi cosa senti ancora estraneo.
NPC_MYRLL_PLAYER_fdfcc6ff-f7ed-4783-8bb6-32392d9532a0_STOIC	Come ti trovi qui?
NPC_MYRLL_PLAYER_sdfgfgfgf-hhsfgwgrgr_BASE	Chi mise lì la tavoletta, e quando?
NPC_MYRLL_RESPONSE_01c7117b-a1c0-4454-a154-ff469ecf7f41	"Questa gentilezza arriva più lontano di quanto pensi. Grazie, davvero."<x1/><x2/><x3/><x4/>*Parla a bassa voce.*<x5/><x6/>"La tavoletta… la incisero lentamente, con cura. Quel giorno persino lo scalpello sembrava suonare più piano. Doveva durare."
NPC_MYRLL_RESPONSE_01daa8ce-af50-4f80-8865-407c00419cc3	*Gli occhi di Myrll si spalancano e le orecchie da volpe si drizzano; ti studia con una fragile speranza.*<x1/><x2/>"Li hai visti? Ti prego. Dimmi come stanno. Prima la coppia di lontre… sono al sicuro?"
NPC_MYRLL_RESPONSE_0377f117-1a47-4f5b-a251-3fc7a3c9ca12	"Hai ragione. La paura non fa che nutrirla. Mi serve solo un momento per ritrovare la calma."<x1/><x2/><x3/><x4/>"Devo restare ferma per un po'… perdonami. Mi ha tolto più di quanto pensassi."
NPC_MYRLL_RESPONSE_04f2f23b-0bd7-4658-a4fe-50aa5c37f708	"Sarò pronta. Con tempo e cura, posso restituire più di quanto ricevo."
NPC_MYRLL_RESPONSE_06bc5af6-d0b1-4212-a95b-f69538583fab	"Dunque agisci in base a ciò che vedi, anche quando non puoi vedere tutto. Fa paura… ma è coraggioso."<x1/><x2/><x3/><x4/>"Forse è questo che le razze mortali chiamano libero arbitrio."<x5/><x6/>"Questo spazio fra certezza e azione. Questo bisogno di discernere, anziché soltanto obbedire."<x7/><x8/>"Mi spaventa… ma risveglia anche qualcosa in me."<x9/><x10/>"Scegliere di nuovo il Bene per mia volontà. Avevo dimenticato quanto fosse sconfinata questa sensazione."
NPC_MYRLL_RESPONSE_072b5aaa-167a-435d-83b5-9346bae4d99b	"Temevo che quel giorno sarebbe arrivato. Grazie; anche la follia merita una fine dignitosa."<x1/><x2/><x3/><x4/>*Congiunge le mani, sfiorandosi appena le punte delle dita.*<x5/><x6/>"Capisco… una volta che si abbandonano alla corruzione, non possono tornare ciò che erano. Avvolge il loro spirito come marciume sotto la corteccia, dapprima silenzioso, poi li svuota. Ciò che hai fatto… è stata pietà."
NPC_MYRLL_RESPONSE_0747ac14-56c0-462a-808c-38089c8692c2	"Tu… non lo sai? È una cosa… dolorosa. Ingiusta."<x1/><x2/><x3/><x4/>"Basilton difende questa foresta da moltissimo tempo. Da più tempo di alcuni di quelli che lo condannano."<x5/><x6/>"Vive qui da centinaia di anni, e ancora i Padri degli Alberi lo respingono. Insistono che non appartenga davvero alla gente della foresta."<x7/><x8/>"Ma è nato qui. Lo ha creato la foresta. Non posso accettare il loro giudizio."
NPC_MYRLL_RESPONSE_089e7157-ea72-4f53-a17f-56722d5369a2	"Sopravvivere conta. Lo so. Ma se cerco soltanto di sopravvivere, rischio di perdere proprio ciò che voglio preservare."<x1/><x2/><x3/><x4/>*Le dita di Myrll si stringono, poi si sciolgono; sembra nervosa, ma decisa a finire.*<x5/><x6/>"C'è un'altra cosa che volevo dire."<x7/><x8/>"Ti sono grata per avermi portata qui. Più che grata."<x9/><x10/>"All'inizio pensavo di aver ricevuto soltanto un riparo. Ma ora… credo di aver trovato un luogo che posso scegliere."<x11/><x12/>"Voglio restare e conoscerti meglio. Voglio oppormi alla corruzione al tuo fianco."<x13/><x14/>"Se mi vorrai con te, questa lotta sarà anche mia."
NPC_MYRLL_RESPONSE_0a8cb7f1-2e46-40e7-a658-0162e04567de	*Il respiro di Myrll si spezza. Annuisce lentamente, con le lacrime che brillano negli occhi.*<x1/><x2/>"Sono libere… lo sento. Il peso è più lieve, ora."<x3/><x4/>"Ma io… non ho un boschetto a cui tornare. Nessuna voce nel vento da chiamare mia. La foresta non mi sente più."
NPC_MYRLL_RESPONSE_0bc6000b-f6d3-450f-9243-8f2abd1ab54c	"Sì. Sono felice che abbia un'amica… e grata di poter essere io."
NPC_MYRLL_RESPONSE_0f43a97a-c509-4f40-9c26-d1b2f0d15f30	"La pietra mi stringe, ma trovo gli spazi in mezzo. Per ora basta."<x1/><x2/><x3/><x4/>*Si raddrizza appena, cauta e composta.*<x5/><x6/>"Ricordo ancora come prendermi cura delle creature, come far affiorare la forza dal silenzio. Se mi porti ciò che un tempo la foresta offriva liberamente… potrò ricavarne di nuovo qualcosa di vivo."
NPC_MYRLL_RESPONSE_176f4f32-5cd6-49cf-a515-fb6cb7e20db8	*Abbassa lo sguardo e congiunge piano le mani*<x1/><x2/>“Aspetterò… e cercherò di non essere d'intralcio.”
NPC_MYRLL_RESPONSE_18211343-f6c4-40ad-927d-2bbc4d270c52	*Al sentirne il nome, il sorriso di Myrll si illumina; le orecchie si drizzano, poi si abbassano, come se al calore seguisse un peso.*<x1/><x2/>"Oh, sì. Conosco bene Basilton. È gentile con le piccole creature, e parlavo spesso con il suo amico, Acorn."<x3/><x4/>"Eppure… il modo in cui la foresta lo tratta mi ha sempre turbato il cuore."
NPC_MYRLL_RESPONSE_18e20e4b-8013-4250-a167-15a4a9ad1cfe	*Myrll annuisce una sola volta, con un cenno piccolo e sincero.*<x1/><x2/>"Anch'io."
NPC_MYRLL_RESPONSE_1c03eeb2-ad95-4840-bcac-e72a34125951	"Sì. E ne sono grata. È sempre stato gentile, sempre sincero."<x1/><x2/><x3/><x4/>"Ho visto crescere Basilton, anno dopo anno. Quando apparve, gli altri mettevano tutti in guardia: bisognava stargli lontano."<x5/><x6/>"Costruì una piccola casa, come se non avesse altro posto dove andare… e poi cominciò il suo giardino."<x7/><x8/>"Acorn fu il primo a cui chiesi di lui. Non conoscevo ancora il nome di Basilton. Acorn mi disse che era gentile e che lo aveva salvato dai lupi. Così era nata la loro amicizia."<x9/><x10/>"Così andai da lui, contro il volere dei Padri degli Alberi. Credevo che Ceres non avrebbe creato un essere mite solo per farlo respingere."<x11/><x12/>"Mi accolse con tanto calore. Mi mostrò il suo giardino e le piccole vite di cui si prendeva cura. Da quel giorno mi fidai di lui."
NPC_MYRLL_RESPONSE_1f1f0a43-bc83-4715-9703-68a3040fa9a6	"Sì. Sto bene. Se vuoi, chiedimi come mi sto ambientando."
NPC_MYRLL_RESPONSE_1facd7c8-a007-41d1-a282-326505496a2a	"Bene. Restano fedeli alle loro altezze e al loro lavoro. Ciò che accade sotto non può distoglierli. Che siano benedetti."<x1/><x2/><x3/><x4/>"E le famiglie di conigli alla Tana della Pietra del Cammino… come stanno?"
NPC_MYRLL_RESPONSE_20521c41-0861-4d47-871c-0eb872a9cd9e	"Mi prenderò cura dei tuoi compagni come fossero miei e insegnerò incantesimi di foglie e radici. Chiedo soltanto offerte intrise del respiro della foresta."<x1/><x2/><x3/><x4/>*Inclina il capo, in ascolto come di un suono lontano.*<x5/><x6/>"Quando chiamerai, ti sentirò. La voce del boschetto mi risponde ancora, persino qui."
NPC_MYRLL_RESPONSE_20ef146f-b0de-43c9-97c4-f9bbca46583c	"È più che sufficiente. Non insisterò. Se terrai anche solo gli occhi aperti, te ne sarò grata."
NPC_MYRLL_RESPONSE_20ffc000-2dd4-45cd-9f0a-3d193e2d55f9	"Molti lo erano. Non fingerò il contrario. Un tempo eravamo più vicini agli dèi, sì… e poi cademmo da quell'altezza."<x1/><x2/><x3/><x4/>"Non sono più tornata lì dopo la trasformazione. Non ci riesco."<x5/><x6/>"Amavo quel tempio quando ero sacerdotessa… ma vedere cosa è diventato, e ricordare quel giorno… fa troppo male."
NPC_MYRLL_RESPONSE_21d0f63a-f6fa-44de-8cbf-1e11a25c8987	"Oh, cielo… ti ha toccato una magia che nessun vivente comprende. Temo per te."<x1/><x2/>"Eppure… mi hai mostrato gentilezza. Verrò con te."
NPC_MYRLL_RESPONSE_21f9ab9d-58cf-4cf8-8c2d-bb08e64c46e1	"Il loro spirito tornerà alla foresta e rinasceranno. È l'unico modo. Se restano così, le loro anime appassiranno, distorte senza più ritorno."
NPC_MYRLL_RESPONSE_24457361-762b-4c56-a108-11ec331e9c2d	"È gentile da parte tua permettermelo. Ora riposerò. Non ti farò aspettare."
NPC_MYRLL_RESPONSE_27cc52fa-445a-4598-a1ef-4b63421b75c4	"A volte può confondere… ma questo chiede di ascoltarlo più attentamente. Le sue parole sono di rado vuote."
NPC_MYRLL_RESPONSE_2c592711-b61d-4611-a57f-5283ed29d432	"Il dolore spezzò qualcosa in lui. Quando la corruzione si mosse sotto le radici, trovò la sua furia ad aspettarla… e lui la accolse."<x1/><x2/><x3/><x4/>*Abbassa la voce e raccoglie le ginocchia più vicino a sé, pensierosa.*<x5/><x6/>"La follia venne per prima, come sempre: confusione, paura, scatti violenti. Lui andò oltre e la abbracciò, convinto che la sua ira fosse giusta. Quando la corruzione gli offrì forza, non resistette: la invitò a entrare."
NPC_MYRLL_RESPONSE_2d36f162-ecf6-4b55-b5e6-7abf0a40e7e5	"Grazie. Camminerò lieve come il muschio sotto i piedi, senza turbare la pace di nessuno."<x1/><x2/><x3/><x4/>*Congiunge le mani alla vita, la voce appena più alta di un sussurro.*<x5/><x6/>"Sto imparando la forma di questo luogo. Non respira come una foresta. Eppure, io ascolto."
NPC_MYRLL_RESPONSE_2dd5edec-60cf-4bee-bb32-b2bda01339e6	"Oh! Io… sì. Credo di non essere riuscita a nasconderlo molto bene."<x1/><x2/>"C'è qualcosa di cui volevo parlare."<x3/><x4/>"Mi hai dato riparo quando sono stata scacciata, e hai aiutato i piccoli che non potevo più raggiungere. Hai affrontato la corruzione che mi ha tolto la casa."<x5/><x6/>"Ti sono grata. Più di quanto riesca a dire."<x7/><x8/>"Ma c'è una cosa che ancora non capisco. Perché hai scelto me? Perché portarmi in questo luogo?"
NPC_MYRLL_RESPONSE_2e80e16c-8573-4c3c-b89b-caa231ab8ad2	*China il capo, con voce fragile ma sincera.*<x1/><x2/>"Grazie… non so perché vorresti aiutarmi. Mi chiamo Myrll."
NPC_MYRLL_RESPONSE_2eb4c49f-2c32-41d6-875e-2b104d95ffb9	"Allora hanno scelto la propria regola e le sono rimasti fedeli. Non è crudeltà, solo lucidità. Che siano benedetti per questo."<x1/><x2/><x3/><x4/>"E le famiglie di conigli alla Tana della Pietra del Cammino… come stanno?"
NPC_MYRLL_RESPONSE_33984840-b283-4d7c-9357-f2eb038d9a3a	"Dopo le ultime razzie dei Goblin, gli abitanti erano disperati. Si sono spinti più a fondo a tagliare alberi: per mura più solide, armi migliori e calore durante l'inverno. Di solito manteniamo un equilibrio che consente la caccia e una raccolta attenta. Questa pressione ha reso tutto più difficile da accettare per molti, lasciando alcuni cuori aperti a influenze più oscure."
NPC_MYRLL_RESPONSE_39072862-df80-44b6-bd67-0b5cd66f198c	"Lo piangeresti anche tu, se avessi conosciuto ciò che era prima della corruzione."<x1/><x2/><x3/><x4/>"Nessuno di noi lo conosceva come i mortali conoscono una persona."<x5/><x6/>"Ma era il nostro tramite con Ceres, il suo emissario. Attraverso di lui la foresta udiva la volontà di lei, e lei udiva la nostra."<x7/><x8/>"Ha guidato Wildwood per migliaia di anni, da molto prima che io diventassi driade."<x9/><x10/>"Ogni radice, ogni filo d'erba… la nascita di ogni creatura, grande o piccola. Il suo governo era giusto e restava fedele a Ceres."
NPC_MYRLL_RESPONSE_39c7f94f-8a12-4b0b-877c-70b028d6589f	*Abbassa lo sguardo e stringe fra le dita il muschio accanto a sé*<x1/><x2/>"Le… le mie sorelle… mi si sono rivoltate contro. La foresta… la foresta mi si è rivoltata contro. Ceres mi ha abbandonata."<x3/><x4/>"Hanno chiamato i lupi, e la foresta ha risposto. Io… sono riuscita a fuggire a stento. Questo boschetto è l'unico luogo che si ricorda ancora di me."
NPC_MYRLL_RESPONSE_3b081bd6-1374-4ed3-8729-c2c8fc89782b	"Io… non sono abituata a sentirmi parlare così. È dolce. Troppo dolce. Grazie, Faerethil… riposerò, e tornerò da te."
NPC_MYRLL_RESPONSE_3cb03c9a-7480-4f1c-bb6f-956276db006c	*Il viso di Myrll si distende, il respiro si fa regolare; la sua postura si rilassa.*<x1/><x2/>"Sì… lo penso anch'io. Sentiva che ero perduta, e mi ha guidata in questa vita."<x3/><x4/><x5/><x6/>*Myrll solleva lo sguardo da terra. Il dolore rimane, ma la voce acquista una ferma e solenne determinazione.*<x7/><x8/>"Ora non c'è più."<x9/><x10/>"Era giusto… e necessario. La corruzione gli aveva sottratto ciò che era, e tutta la foresta ne soffriva."<x11/><x12/>"Hai liberato lui, e hai liberato noi."<x13/><x14/>"Col tempo ricrescerà, come tutti gli emissari di Ceres. Fino ad allora, dovremo vivere nel ricordo della sua guida."<x15/><x16/>"Anche se non sono più una driade del Tirathlan, ti ringrazio… a nome della foresta."
NPC_MYRLL_RESPONSE_3d868e72-7c6d-4c35-9703-b3bb120dcd3f	"Fa… male. Entrarci in contatto è un peso grande."<x1/><x2/><x3/><x4/>"Devo restare ferma per un po'… perdonami. Mi ha tolto più di quanto pensassi."
NPC_MYRLL_RESPONSE_3e4d8020-d611-4ec4-a003-1e450241a0e1	*Myrll sorride con calore alle tue rassicurazioni.*<x1/><x2/>"Sei gentile a dirlo. Spero che il mio cuore si dimostri degno di tanta fiducia."<x3/><x4/><x5/><x6/>*Le dita di Myrll si stringono, poi si sciolgono; sembra nervosa, ma decisa a finire.*<x7/><x8/>"C'è un'altra cosa che volevo dire."<x9/><x10/>"Ti sono grata per avermi portata qui. Più che grata."<x11/><x12/>"All'inizio pensavo di aver ricevuto soltanto un riparo. Ma ora… credo di aver trovato un luogo che posso scegliere."<x13/><x14/>"Voglio restare e conoscerti meglio. Voglio oppormi alla corruzione al tuo fianco."<x15/><x16/>"Se mi vorrai con te, questa lotta sarà anche mia."
NPC_MYRLL_RESPONSE_3ebfb388-bd2f-466d-9532-9e72389a0a2a	"Grazie per avermi ascoltata, caro avventuriero."<x1/><x2/><x3/><x4/>"Ci sono tre pericoli vicino ai miei vecchi sentieri. I lupi hanno occupato il Sentiero Silenzioso e lo chiamano «ordine», dominando con la paura. Un nido di piccoli è prigioniero della corruzione, sotto un'illusione che lo fa sembrare sano. E il marciume si è diffuso nel Boschetto dei Funghi Luminosi. Ti chiedo di porre fine a questi mali. Portami prima un campione del fungo corrotto, poi elimina ciò che resta."
NPC_MYRLL_RESPONSE_3fd7f487-cbd1-47e4-b1d0-23843b1f1d4f	"L'aria è nuova sulla pelle, ma ogni giorno più gentile. Mi sto ambientando."<x1/><x2/><x3/><x4/>*Si raddrizza appena, cauta e composta.*<x5/><x6/>"Ricordo ancora come prendermi cura delle creature, come far affiorare la forza dal silenzio. Se mi porti ciò che un tempo la foresta offriva liberamente… potrò ricavarne di nuovo qualcosa di vivo."
NPC_MYRLL_RESPONSE_4a1b174f-6908-4f6d-8721-0186baf09cf9	"Tu… mi porteresti con te? Non sono mai stata fuori da Wildwood…"<x1/><x2/>"Dove vai, dove una come me potrebbe trovare di nuovo riparo?"
NPC_MYRLL_RESPONSE_4a76128e-6eb0-4154-9fe5-48c37927f8fb	*Myrll sorride, con una quieta felicità negli occhi.*<x1/><x2/>"Sì… ora posso. E spero che i nostri sentieri si intreccino come radici, a lungo e con dolcezza."
NPC_MYRLL_RESPONSE_4d1a9f37-14f1-4c56-a962-c1f1229b99ed	"Ho solo detto che non c'era bisogno di essere tanto arrabbiate con gli abitanti… Fa tutto parte dell'ordine di Ceres, delle leggi della foresta…"<x1/><x2/>"Ma ora persino le radici sembrano contorcersi di furia. Non è rimasta gentilezza."
NPC_MYRLL_RESPONSE_4e2ef136-0104-4dbd-8b8d-211f0d1a99fa	"Forse. Ma non sono pronta a seppellirlo come se non avesse significato nulla."
NPC_MYRLL_RESPONSE_4fd382a6-174c-4c02-9fa4-49a97d99f7b5	"Mi resta un frammento del mio dono di Driade. Mi permette di far spuntare il verde dove mi trovo."
NPC_MYRLL_RESPONSE_4ff74ebf-038b-4cab-b907-72b84687d0d4	"Dicono che non sia legato all'ordine della foresta come i treant, gli spiriti e gli animali. E poiché qui non è mai nato un golem come lui, lo chiamano un errore. Ha salvato piccole creature dai lupi anche quando la foresta non lo decretava."
NPC_MYRLL_RESPONSE_510c1fb3-d183-4dc8-967c-af208172027f	*Myrll incontra i tuoi occhi per un breve istante, poi riabbassa lo sguardo, cauta e silenziosa.*<x1/><x2/>"Oh… sì. Lo conosco. Il luogo che ora chiamano Le Rovine del Lamento Perduto."<x3/><x4/>"Un tempo era un tempio di Ceres."<x5/><x6/>"Il mio tempio. La mia casa."
NPC_MYRLL_RESPONSE_5162c9b7-18e0-4cdd-a349-627d9711f372	"Né del tutto spirito, né del tutto carne. Ci ha fatte per metà materia e per metà memoria. Una Driade è questo."<x1/><x2/><x3/><x4/>*Abbassa lo sguardo.*<x5/><x6/>"La purga fu un tempo terribile. Le urla finirono, ma il silenzio che seguì rimase più a lungo. Ora sembra un sogno che la foresta ricorda appena."
NPC_MYRLL_RESPONSE_521d27e3-c1f2-4bc5-98a1-05b8d8229044	"Qualche tempo dopo la purga, gli Elfi tornarono in questa terra e trovarono ciò che restava. La foresta era ancora bella, e le radici proteggevano la statua caduta. Lo videro come un segno di Ceres, e lì incisero la tavoletta."
NPC_MYRLL_RESPONSE_52e355d9-b170-4f55-bad6-e9f0afc96ebf	*Gli occhi di Myrll si abbassano a terra; una mano sale a coprirle il volto, come per calmare il respiro.*<x1/><x2/>"Io… sì."<x3/><x4/>"Anche separata dalla foresta, ho sentito l'istante in cui è caduto. Lo ha sentito tutta la foresta."<x5/><x6/>"Sentirtelo dire mi porta dolore… e chiarezza."<x7/><x8/>"Lo piangiamo. E capiamo perché fosse necessario. Era davvero perduto."
NPC_MYRLL_RESPONSE_533be2ce-cfc4-4366-954d-02fd6a52767c	"È già abbastanza gentilezza. Non hai bisogno delle loro parole per capire se sono al sicuro. Grazie, Avventuriero… davvero."
NPC_MYRLL_RESPONSE_541e38b0-a9dc-4e02-9f56-e1542d5b9f9b	"Offre potere attraverso la furia. Giudizio senza discernimento. Sussurra che la rabbia è «verità». E lo offre al signore di Wildwood… all'emissario di Ceres. Riesco a stento a nominarlo sotto quest'ombra."
NPC_MYRLL_RESPONSE_577e950e-3304-4b60-b071-e90bfb74499f	"Il legame indugia ancora. Tutti i figli di Ceres condividono qualcosa alle radici, anche in esilio. E lui, l'emissario di Ceres, era il tramite che ci univa."
NPC_MYRLL_RESPONSE_5b512849-37c8-4f0e-816c-8e6d0dd0bd25	"Amici del boschetto che non hanno voluto lasciarmi. Sanno dove sono desiderati."
NPC_MYRLL_RESPONSE_5b6532f8-33a8-43cd-b847-3cb334cf69a9	"Se vuoi un debito, accetta questa verità: non scambierò la gentilezza con la paura. Ma ricorderò ciò che hai protetto. Questo conta ancora."
NPC_MYRLL_RESPONSE_5e30f9e7-f63b-48f6-b665-3a8ee1457323	"Hai liberato i loro passaggi? Grazie. È questo il lavoro che la gentilezza chiede. Silenzioso e necessario."<x1/><x2/><x3/><x4/>*Myrll stringe forte le mani davanti a sé; regola il respiro, poi incontra i tuoi occhi.*<x5/><x6/>"Grazie… per esserti preso cura di loro. Per averli visti. Anche senza il mio legame, ora li porto nel cuore per scelta, non per spirito."
NPC_MYRLL_RESPONSE_5e6a4497-61a6-46ea-89ee-a54c3eaeecfa	"Lo conosco da molto tempo. Ma non dirò la sua età. L'ho promesso. Ha detto che è scortese parlare degli anni di un vecchio… e che turba chi lo chiama amico."
NPC_MYRLL_RESPONSE_619e5586-b8e6-4abe-ab5e-b66480af0afe	"Sì. La coppia di lontre alla Sorgente Limpida, gli uccelli alla Conca dei Nidi e la famiglia di conigli vicino alla Tana della Pietra del Cammino."
NPC_MYRLL_RESPONSE_63d2c62a-116c-4fc4-9338-cbf452e63c0a	"Sì. Una volta."<x1/><x2/><x3/><x4/>"L'ho visto con i miei occhi una volta sola."<x5/><x6/>"Non legato all'albero secolare, né alla forma che hai affrontato… ma come spirito, nella forma della foresta stessa."<x7/><x8/>"Era dopo la mia trasformazione, quando ero appena diventata driade. Ero a terra, perduta e sola, e poi sentii una presenza che placò il dolore."<x9/><x10/>"Alzai lo sguardo, ed era lì: foglie riunite fra le chiome, occhi come raggi di sole che filtrano attraverso."<x11/><x12/>"Non disse nulla. Eppure sentii il mio scopo trovare il suo posto: tenerezza, e cura per i piccoli."
NPC_MYRLL_RESPONSE_65e2e1d9-f828-43e3-ae89-68b68b59c9ea	"Era una guida, ma anche chi guida prova paura e rabbia. La foresta cambiava, e lui non riusciva ad accettarlo."<x1/><x2/><x3/><x4/>*Guarda il soffitto della caverna, come se osservasse ondeggiare vecchi rami.*<x5/><x6/>"Si ritirò dal consiglio del boschetto e smise di accudire gli alberelli. Protese le radici verso i margini, verso strade e asce, non per ascoltare ma per ammonire."
NPC_MYRLL_RESPONSE_65e5e35f-c8cd-4383-bd28-9b0870fc182a	"Allora capisci. Proteggere i piccoli non è un compito minore. Vorrei che nel mondo ci fossero più volontà come la tua."
NPC_MYRLL_RESPONSE_672f2cd4-593f-4f6e-b8b6-72ff96b0ce55	"È un boschetto affidato a Ceres, un luogo dove la memoria può posarsi. La mia storia lo sfiora, se vuoi ancora ascoltarla."
NPC_MYRLL_RESPONSE_67702f6b-cb98-420c-841f-cb136929fc4a	"I Varchi dei grandi Antichi? Non li vedo attivi da millenni."<x1/><x2/>"Quale potere si muove in te, capace di risvegliare qualcosa di tanto antico?"
NPC_MYRLL_RESPONSE_68e69dde-d276-4389-a98c-ec8ee57b5ec3	"Ceres li protegga. Anche ora scelgono il lavoro che li tiene in vita… piccole anime coraggiose."<x1/><x2/><x3/><x4/>*Myrll annuisce, soppesando con cura le tue parole prima di alzare di nuovo lo sguardo.*<x5/><x6/>"E gli uccelli alla Conca dei Nidi… stanno bene? Mantengono ancora il loro piccolo ordine?"
NPC_MYRLL_RESPONSE_6b250562-aebd-4ea6-a86f-84d41bfa4074	"Forse hai ragione… ma mi tocca ancora."<x1/><x2/><x3/><x4/>"Quando la purga ci raggiunse, ci nascondemmo nel tempio."<x5/><x6/>"La Somma Sacerdotessa promise che saremmo state al sicuro. I soldati dell'Impero non avrebbero osato toccare un luogo di Ceres."<x7/><x8/>"Così restammo. Non uscimmo. Ascoltavamo, aspettavamo, ci sostenevamo a vicenda. Le mie sorelle… la mia famiglia, in quel luogo."<x9/><x10/>"Finché i soldati non arrivarono comunque."<x11/><x12/>"Ci stringemmo negli alloggi. La Somma Sacerdotessa ci guidava nella preghiera, mentre li sentivamo avvicinarsi."<x13/><x14/>"Poi irruppero nel tempio e venne versato sangue… e Ceres ci salvò. Quella fu la trasformazione."
NPC_MYRLL_RESPONSE_6d4732e7-c62c-49aa-adac-7441c1727222	"Certo. Parla di ciò che è andato perduto e di ciò che non va mai dimenticato."<x1/><x2/><x3/><x4/>*Parla a bassa voce.*<x5/><x6/>"La tavoletta… la incisero lentamente, con cura. Quel giorno persino lo scalpello sembrava suonare più piano. Doveva durare."
NPC_MYRLL_RESPONSE_6e42263f-2b09-42b0-be73-114dade15494	"Lo è. Per questo è noto come amico di tutto ciò che è buono."
NPC_MYRLL_RESPONSE_715dd84b-429f-44e1-ad19-2c83f9b31353	"Sì. Capisco. Farò in fretta."<x1/><x2/><x3/><x4/>*Myrll stringe le mani davanti a sé, preoccupata.*<x5/><x6/>"Oggi un mio vecchio amico mi ha trovata. Un uccello di Wildwood. Mi ha detto che la nostra vecchia casa è inquieta, e che il male si muove al riparo di menzogne rassicuranti. Mi pesa chiedere ancora… ma devo. Aiuta le piccole vite laggiù. Proteggile da ciò che vorrebbe portarle via."
NPC_MYRLL_RESPONSE_71da42fb-d536-4071-a72f-209c225aee83	"Capisco. E ti ringrazio comunque. Non per orgoglio. Per ciò che hai protetto."
NPC_MYRLL_RESPONSE_77a76d6d-db00-4df5-809b-32ef6b3a9a37	"Un Padre degli Alberi è un anziano dei Treant. Guida gli altri e dà riparo ai giovani. Collabora con i Tessiradici. Insegnano a prendersi cura degli alberi e aiutano gli altri a comprendere la Volontà di Ceres."
NPC_MYRLL_RESPONSE_785ee8ed-02f1-4519-a5d7-06548e8acc89	"Osservare e ascoltare meglio… sì. Forse non ho perso la guida. Forse ho perso soltanto la certezza."<x1/><x2/><x3/><x4/>"Forse è questo che le razze mortali chiamano libero arbitrio."<x5/><x6/>"Questo spazio fra certezza e azione. Questo bisogno di discernere, anziché soltanto obbedire."<x7/><x8/>"Mi spaventa… ma risveglia anche qualcosa in me."<x9/><x10/>"Scegliere di nuovo il Bene per mia volontà. Avevo dimenticato quanto fosse sconfinata questa sensazione."
NPC_MYRLL_RESPONSE_79408067-cb03-47c2-8659-d68cc20d895a	"È… una piccola cosa. Posso dirtela, se vuoi davvero. Non volevo disturbarti."<x1/><x2/><x3/><x4/>"È solo che… da un po' non vedo molti dei miei amici della foresta e sono preoccupata per loro. Il mio legame con la natura è quasi reciso, eppure il cuore cerca ancora quelli di cui un tempo mi prendevo cura."
NPC_MYRLL_RESPONSE_7ae77095-c136-42a1-b7be-76e38e8cda14	"Allora forse la tua volontà lo sapeva prima delle tue parole."<x1/><x2/><x3/><x4/>"Devo chiederti un'altra cosa."<x5/><x6/>"Come fai a sapere quale azione sia giusta?"<x7/><x8/>"Per una driade, la via viene da Ceres. Ascoltiamo, comprendiamo, obbediamo. C'è pace in questo."<x9/><x10/>"Ma i mortali devono scegliere con la vista offuscata."<x11/><x12/>"E ora… forse devo farlo anch'io."<x13/><x14/>"Un tempo ero un'elfa, sì, ma è passato tanto che sembra abbia smarrito l'abitudine."<x15/><x16/>"Come distingui il Bene quando non ti viene indicato chiaramente?"
NPC_MYRLL_RESPONSE_81d58fdf-fc3c-4004-a5fc-97ac488dbf3b	"Ti prego, no. Basilton non sceglierebbe mai la violenza. Non per sé, e non contro la foresta."<x1/><x2/><x3/><x4/>"Ho visto crescere Basilton, anno dopo anno. Quando apparve, gli altri mettevano tutti in guardia: bisognava stargli lontano."<x5/><x6/>"Costruì una piccola casa, come se non avesse altro posto dove andare… e poi cominciò il suo giardino."<x7/><x8/>"Acorn fu il primo a cui chiesi di lui. Non conoscevo ancora il nome di Basilton. Acorn mi disse che era gentile e che lo aveva salvato dai lupi. Così era nata la loro amicizia."<x9/><x10/>"Così andai da lui, contro il volere dei Padri degli Alberi. Credevo che Ceres non avrebbe creato un essere mite solo per farlo respingere."<x11/><x12/>"Mi accolse con tanto calore. Mi mostrò il suo giardino e le piccole vite di cui si prendeva cura. Da quel giorno mi fidai di lui."
NPC_MYRLL_RESPONSE_83e10302-34d1-4307-bc1d-e6f9d1d3cf4c	"Lasciami un compagno e guarda tornare le sue forze. Portami le offerte giuste, e le intreccerò in qualcosa di degno."<x1/><x2/><x3/><x4/>*Inclina il capo, in ascolto come di un suono lontano.*<x5/><x6/>"Quando chiamerai, ti sentirò. La voce del boschetto mi risponde ancora, persino qui."
NPC_MYRLL_RESPONSE_8604e66e-4763-497b-be1d-0a57a6207712	"Con la foresta nel caos, hanno preso il controllo con la paura e lo hanno chiamato «ordine». Un falso bene. Prendono ciò che vogliono e lasciano ai piccoli ben poco di cui vivere."
NPC_MYRLL_RESPONSE_86aaedfb-930f-4683-a02b-c1b9f97db6c0	"Allora lavorerò finché non sarò all'altezza. Terrò un conto preciso di ogni dono e di ciò che restituisco."
NPC_MYRLL_RESPONSE_8e28aaac-2272-48d2-b6ac-fb5bd3c1f5e9	"Non all'inizio. Col tempo lasciò entrare la furia, e lei gli offrì potere. Lui disse sì."<x1/><x2/><x3/><x4/>*Guarda il soffitto della caverna, come se osservasse ondeggiare vecchi rami.*<x5/><x6/>"Si ritirò dal consiglio del boschetto e smise di accudire gli alberelli. Protese le radici verso i margini, verso strade e asce, non per ascoltare ma per ammonire."
NPC_MYRLL_RESPONSE_8ed555e6-09e9-453c-8386-580789d94d6a	"Alla Vite Soffocante, la corruzione si è impadronita del nido e lo ha avvolto in un'illusione, così da fuori sembra tranquillo. Si nutre di loro e non li lascia liberi. Ti prego, spezzala."
NPC_MYRLL_RESPONSE_927f32a0-2c27-408e-acc8-50138428c1a1	"Capisco perché tu sia riservato. Il potere che possiedi è qualcosa che nessuno, oggi, comprende."<x1/><x2/>"Eppure… mi hai mostrato gentilezza. Verrò con te."
NPC_MYRLL_RESPONSE_9333ef91-b367-4e6b-9a41-907ad6a872f7	*Liscia l'orlo della manica, con lo sguardo lontano.*<x1/><x2/>"Oh… sì, l'ho conosciuto da lontano per molte centinaia di anni. Era un grande Padre degli Alberi, alto e paziente, gentile con gli alberelli più giovani. La foresta sembrava più salda quando le sue radici tenevano."
NPC_MYRLL_RESPONSE_940f0eb6-252a-4467-8996-1b61ad79421d	"Il marciume ha invaso il Boschetto dei Funghi Luminosi, dove cresce il cibo per le creature dei dintorni. Eliminalo, ma prima portami un campione. Voglio sentirne la natura, e ciò che la corruzione cerca di fare."
NPC_MYRLL_RESPONSE_9744f1b9-bb63-4628-8310-2ca937d6f208	"Grazie. Porto il dolore in silenzio, ma con la tua gentilezza mi sento meno sola nel portarlo."
NPC_MYRLL_RESPONSE_99b0c506-1c60-461d-b2dc-afc175717473	"Andresti a vedere come stanno? Sapere che sono al sicuro mi darebbe davvero sollievo."<x1/><x2/><x3/><x4/>"Li troverai sparsi nella foresta settentrionale. Quello era il mio posto, quando la natura mi considerava ancora parte di sé. Se puoi, torna da me e dimmi come stanno."
NPC_MYRLL_RESPONSE_9c3b1c4f-2b67-4e88-b7ed-d1dc1eae9840	"Qui, sempre. Vieni quando hai bisogno."
NPC_MYRLL_RESPONSE_9cc770e1-4430-4e48-91e0-8019f00c2710	"Le mie sorelle… non sono più loro stesse… non più. Devi liberarle dai loro vincoli."<x1/><x2/>"C'è un cuore corrotto, nel profondo della foresta. Lo proteggono. Dà loro potere, ma in cambio le priva del libero arbitrio."<x3/><x4/>"Se lo distruggi, forse troveranno riposo. Altrimenti… sono prigioniere della sua volontà."
NPC_MYRLL_RESPONSE_9cfe2b14-637c-4c59-ac7d-9d56cf52e5a3	"Non dire che è senza speranza. Se costruiscono ancora, hanno ancora uno scopo che vale la pena raggiungere. Questa è forza."<x1/><x2/><x3/><x4/>*Myrll annuisce, soppesando con cura le tue parole prima di alzare di nuovo lo sguardo.*<x5/><x6/>"E gli uccelli alla Conca dei Nidi… stanno bene? Mantengono ancora il loro piccolo ordine?"
NPC_MYRLL_RESPONSE_9dc824ff-0a1e-4366-9f9c-af340c2c2961	"Allora sarò breve. Grazie."<x1/><x2/><x3/><x4/>"Ci sono tre pericoli vicino ai miei vecchi sentieri. I lupi hanno occupato il Sentiero Silenzioso e lo chiamano «ordine», dominando con la paura. Un nido di piccoli è prigioniero della corruzione, sotto un'illusione che lo fa sembrare sano. E il marciume si è diffuso nel Boschetto dei Funghi Luminosi. Ti chiedo di porre fine a questi mali. Portami prima un campione del fungo corrotto, poi elimina ciò che resta."
NPC_MYRLL_RESPONSE_a1085ebb-6bfd-4bf2-9bea-58777813a609	"No. Non chiamarlo debole. La gentilezza non è debolezza, e lui non è debole."<x1/><x2/><x3/><x4/>"Basilton difende questa foresta da moltissimo tempo. Da più tempo di alcuni di quelli che lo condannano."<x5/><x6/>"Vive qui da centinaia di anni, e ancora i Padri degli Alberi lo respingono. Insistono che non appartenga davvero alla gente della foresta."<x7/><x8/>"Ma è nato qui. Lo ha creato la foresta. Non posso accettare il loro giudizio."
NPC_MYRLL_RESPONSE_a18dfd60-bfe9-49cf-ba47-489ef89bd587	"Grazie. Lascia che lo prenda. Proverò a discernerne la natura."<x1/><x2/><x3/><x4/>*Myrll prende in mano il campione di corruzione. Sussulta violentemente, gli occhi serrati, lottando per mantenere regolare il respiro. Dopo un momento lo lascia cadere. Tocca terra e si sgretola nel nulla.*<x5/><x6/>"Tanta malizia… preme come spine. Sento una volontà dietro di essa. Ho intravisto ciò che vuole, ciò che promette e chi cerca di raggiungere."
NPC_MYRLL_RESPONSE_a4dc4e81-9bae-4daa-b75a-a3166d7d55a4	"Le vite piccole e miti. Lontre, conigli, uccelli. Erano affidati alle mie cure, nei giorni in cui la foresta mi rispondeva ancora."
NPC_MYRLL_RESPONSE_a5bd8e3a-48c2-4f94-a85f-de78d7fbec52	"Mi scalda il cuore sentirlo. Credo che la foresta lo sentirà… e anch'io. Dimmi, hai portato il campione di marciume?"
NPC_MYRLL_RESPONSE_a78f3ea7-882c-4a5e-9e20-4e673e7fc1ed	"È un lamento per chi è perduto, una preghiera a Ceres perché li guidi dolcemente di nuovo alle radici e alla terra. E un monito, perché nessuno dimentichi il prezzo del silenzio."
NPC_MYRLL_RESPONSE_a7eb979f-c618-4b7f-b38c-784510f1ea18	*Il sorriso di Myrll svanisce; abbassa lo sguardo e annuisce una sola volta.*<x1/><x2/>"Sì. Certo. Continuerò a esserti utile."
NPC_MYRLL_RESPONSE_a883880d-972b-41a6-adac-b8d78f1e0d0a	"Oh, Befr. Lo conosco."<x1/><x2/>"Cammina in questi boschi da tanto, tanto tempo, e ha sempre trattato con cura le piccole vite."<x3/><x4/>"Dove passa, lo senti. Non potere… solo gentilezza resa reale, con doni nel palmo della mano. Di rado la foresta ha accolto un umano come accoglie lui."
NPC_MYRLL_RESPONSE_abd8f4e6-2b3d-46f7-959f-44deef55f1a9	"No. La corruzione non può prendere la tua volontà se non gliela offri. È questa la differenza fra la follia che hai visto e chi è davvero perduto. Il suo cambiamento cominciò lì."
NPC_MYRLL_RESPONSE_abe37940-02e0-415e-b2e5-b70e30caa0c3	"Nella sua volontà sento Ira, il dio oscuro dell'Ira. Una parodia della giustizia. Vuole chiudere la foresta, affilarla fino a farne un'arma e poi rivolgerla all'esterno per vendetta."
NPC_MYRLL_RESPONSE_ae705d86-8490-4cfb-8408-7241b857bf0e	"Capisco. Ti ho deluso. Mi dispiace. Mi riprenderò e farò meglio."
NPC_MYRLL_RESPONSE_af969909-c9db-4da4-bc68-4c0c6c87018d	"Sì. La rabbia assottiglia la corteccia e rende fragile l'anima. Quando arrivò la corruzione, lui non resistette più. Gli sembrava giustizia."<x1/><x2/><x3/><x4/>*Abbassa la voce e raccoglie le ginocchia più vicino a sé, pensierosa.*<x5/><x6/>"La follia venne per prima, come sempre: confusione, paura, scatti violenti. Lui andò oltre e la abbracciò, convinto che la sua ira fosse giusta. Quando la corruzione gli offrì forza, non resistette: la invitò a entrare."
NPC_MYRLL_RESPONSE_b357f09a-6080-4bd4-868a-15e3621369a9	"Avventuriero… parli come agisci. Se cerchi un posto nel mio cuore, hai già fatto un passo in quella direzione. Torna quando vuoi."
NPC_MYRLL_RESPONSE_b5a56013-481d-4365-a22a-e743813029c8	"È un nome per un amico, nella mia prima lingua. Un amico della foresta."
NPC_MYRLL_RESPONSE_b8d199da-6323-4052-a471-c7c2429a7686	"Capisco. L'utilità ha il suo posto. Posso accettarlo… anche se spero che, col tempo, possa esserci altro."<x1/><x2/><x3/><x4/>"Devo chiederti un'altra cosa."<x5/><x6/>"Come fai a sapere quale azione sia giusta?"<x7/><x8/>"Per una driade, la via viene da Ceres. Ascoltiamo, comprendiamo, obbediamo. C'è pace in questo."<x9/><x10/>"Ma i mortali devono scegliere con la vista offuscata."<x11/><x12/>"E ora… forse devo farlo anch'io."<x13/><x14/>"Un tempo ero un'elfa, sì, ma è passato tanto che sembra abbia smarrito l'abitudine."<x15/><x16/>"Come distingui il Bene quando non ti viene indicato chiaramente?"
NPC_MYRLL_RESPONSE_b941971e-b7ca-4739-9f89-be2692f2fc7e	*Un rossore fugace e timido affiora sul viso di Myrll.*<x1/><x2/>"Oh… sei gentile. Davvero. Ma questa è la storia di Basilton."
NPC_MYRLL_RESPONSE_b9c87d02-49c5-408b-ab2c-82f553eef33f	*Al pensiero, una calma si posa su Myrll.*<x1/><x2/>"Io… credo che la tua presenza potrebbe cambiare tutto."
NPC_MYRLL_RESPONSE_ba3672f3-5693-45c9-95a6-9fce77bcf312	"Non vorrei impormi, caro avventuriero… ma sì. Se ti capitasse di vederli, i miei pensieri troverebbero pace."<x1/><x2/><x3/><x4/>"Li troverai sparsi nella foresta settentrionale. Quello era il mio posto, quando la natura mi considerava ancora parte di sé. Se puoi, torna da me e dimmi come stanno."
NPC_MYRLL_RESPONSE_bad58b29-9a43-427d-9088-10787fc12a88	"Erano i tempi più bui, una notte che sembrava senza fine. I capi a cui un tempo affidavamo il nostro futuro si rivoltarono contro di noi, cercando di decimare la stirpe elfica in nome della sua preservazione."
NPC_MYRLL_RESPONSE_bb95f149-da52-4913-b343-3065a0f64a6f	"Capisco il ragionamento, ma è un criterio inadeguato. Lui appartiene alla foresta perché la foresta lo ha creato, e perché l'ha protetta."<x1/><x2/><x3/><x4/>"Ho visto crescere Basilton, anno dopo anno. Quando apparve, gli altri mettevano tutti in guardia: bisognava stargli lontano."<x5/><x6/>"Costruì una piccola casa, come se non avesse altro posto dove andare… e poi cominciò il suo giardino."<x7/><x8/>"Acorn fu il primo a cui chiesi di lui. Non conoscevo ancora il nome di Basilton. Acorn mi disse che era gentile e che lo aveva salvato dai lupi. Così era nata la loro amicizia."<x9/><x10/>"Così andai da lui, contro il volere dei Padri degli Alberi. Credevo che Ceres non avrebbe creato un essere mite solo per farlo respingere."<x11/><x12/>"Mi accolse con tanto calore. Mi mostrò il suo giardino e le piccole vite di cui si prendeva cura. Da quel giorno mi fidai di lui."
NPC_MYRLL_RESPONSE_bbbb0d17-e3bb-4a75-803c-ae1c3aec5912	"Se fossi morta lì, ora non staresti parlando con me. Non mi scuserò per la vita che mi è stata donata."<x1/><x2/><x3/><x4/>"Non sono più tornata lì dopo la trasformazione. Non ci riesco."<x5/><x6/>"Amavo quel tempio quando ero sacerdotessa… ma vedere cosa è diventato, e ricordare quel giorno… fa troppo male."
NPC_MYRLL_RESPONSE_bd300d02-23a8-4cf1-9e34-e1bd02f96355	*Congiunge le mani.*<x1/><x2/>"Tutte conosciamo la tavoletta alla Pozza del Ricordo; fu incisa poco dopo la mia rinascita. Guardavo dalla boscaglia mentre lavoravano la pietra. Non osavo muovermi."
NPC_MYRLL_RESPONSE_bd3d5e36-9cc3-4d8c-9e7f-ac5f4aea37a3	*Gli occhi di Myrll brillano, e un sorriso timido affiora prima che riesca a fermarlo.*<x1/><x2/>"Allora… sì. Mi piacerebbe moltissimo."
NPC_MYRLL_RESPONSE_bdd3eb2b-af99-4e33-95f4-07940700b984	"Ancora oggi non lo so. Gliel'ho chiesto, e lui ha solo sorriso e detto: «Perché rovinare la gioia di un mistero, mia cara?» Lo ammetto… dopo ho messo il broncio."
NPC_MYRLL_RESPONSE_bf747d69-acce-4e0c-b56b-277a701f5a71	"Allora sia così. Meglio cadere con un'anima buona che vivere come qualcosa di vuoto."
NPC_MYRLL_RESPONSE_c03ca531-ef58-4a52-9cdc-c9c5da73b25c	"Solo come la foresta conosce il suo re, da lontano… eppure legata a lui comunque."<x1/><x2/><x3/><x4/>"Nessuno di noi lo conosceva come i mortali conoscono una persona."<x5/><x6/>"Ma era il nostro tramite con Ceres, il suo emissario. Attraverso di lui la foresta udiva la volontà di lei, e lei udiva la nostra."<x7/><x8/>"Ha guidato Wildwood per migliaia di anni, da molto prima che io diventassi driade."<x9/><x10/>"Ogni radice, ogni filo d'erba… la nascita di ogni creatura, grande o piccola. Il suo governo era giusto e restava fedele a Ceres."
NPC_MYRLL_RESPONSE_c206779d-235d-4446-89fd-63d20a5f86a9	"La presenza divina è una cosa strana da misurare. Lui c'era sempre… eppure non era mai una mano sulla spalla."<x1/><x2/><x3/><x4/>"L'ho visto con i miei occhi una volta sola."<x5/><x6/>"Non legato all'albero secolare, né alla forma che hai affrontato… ma come spirito, nella forma della foresta stessa."<x7/><x8/>"Era dopo la mia trasformazione, quando ero appena diventata driade. Ero a terra, perduta e sola, e poi sentii una presenza che placò il dolore."<x9/><x10/>"Alzai lo sguardo, ed era lì: foglie riunite fra le chiome, occhi come raggi di sole che filtrano attraverso."<x11/><x12/>"Non disse nulla. Eppure sentii il mio scopo trovare il suo posto: tenerezza, e cura per i piccoli."
NPC_MYRLL_RESPONSE_c31d6d27-9376-4b59-a0e7-e6bbd4b31c3a	"Posso farmi piccola come un'ombra. Ti accorgerai appena che ci sono."<x1/><x2/><x3/><x4/>*Congiunge le mani alla vita, la voce appena più alta di un sussurro.*<x5/><x6/>"Sto imparando la forma di questo luogo. Non respira come una foresta. Eppure, io ascolto."
NPC_MYRLL_RESPONSE_c3e64c47-5a3d-45b4-b358-ebd3558ebd60	"Sì. Può guarire. Ci vorrà tempo, e resta ancora corruzione da combattere… ma il peggio di questa ferita è passato."
NPC_MYRLL_RESPONSE_ca56d922-2f85-4195-9a83-25ba070d24ff	*Myrll arrossisce in fretta e per un momento nasconde il sorriso.*<x1/><x2/>"Questa è… una gentilezza molto pericolosa, Faerethil. Se lo dici troppo spesso, potrei cominciare a crederti."<x3/><x4/><x5/><x6/>"Devo chiederti un'altra cosa."<x7/><x8/>"Come fai a sapere quale azione sia giusta?"<x9/><x10/>"Per una driade, la via viene da Ceres. Ascoltiamo, comprendiamo, obbediamo. C'è pace in questo."<x11/><x12/>"Ma i mortali devono scegliere con la vista offuscata."<x13/><x14/>"E ora… forse devo farlo anch'io."<x15/><x16/>"Un tempo ero un'elfa, sì, ma è passato tanto che sembra abbia smarrito l'abitudine."<x17/><x18/>"Come distingui il Bene quando non ti viene indicato chiaramente?"
NPC_MYRLL_RESPONSE_cb6ac2e9-3e2c-4ff3-8804-75d8aef0b61d	"Allora sono fortunata… grazie."<x1/><x2/><x3/><x4/>*Myrll stringe le mani davanti a sé, preoccupata.*<x5/><x6/>"Oggi un mio vecchio amico mi ha trovata. Un uccello di Wildwood. Mi ha detto che la nostra vecchia casa è inquieta, e che il male si muove al riparo di menzogne rassicuranti. Mi pesa chiedere ancora… ma devo. Aiuta le piccole vite laggiù. Proteggile da ciò che vorrebbe portarle via."
NPC_MYRLL_RESPONSE_ced6fee4-fc2d-4008-980c-62ba845be5b8	*Myrll ridacchia piano.*<x1/><x2/>"Non sei il solo. Ho vissuto migliaia di anni, e ancora mi mancano le parole quando c'è lui."
NPC_MYRLL_RESPONSE_d14991ff-d824-4b5b-977b-bc7b43651b36	"Sì. Eppure… fa bene parlarne, ricordare ciò che era un tempo."<x1/><x2/><x3/><x4/>"Quando la purga ci raggiunse, ci nascondemmo nel tempio."<x5/><x6/>"La Somma Sacerdotessa promise che saremmo state al sicuro. I soldati dell'Impero non avrebbero osato toccare un luogo di Ceres."<x7/><x8/>"Così restammo. Non uscimmo. Ascoltavamo, aspettavamo, ci sostenevamo a vicenda. Le mie sorelle… la mia famiglia, in quel luogo."<x9/><x10/>"Finché i soldati non arrivarono comunque."<x11/><x12/>"Ci stringemmo negli alloggi. La Somma Sacerdotessa ci guidava nella preghiera, mentre li sentivamo avvicinarsi."<x13/><x14/>"Poi irruppero nel tempio e venne versato sangue… e Ceres ci salvò. Quella fu la trasformazione."
NPC_MYRLL_RESPONSE_dd30b53a-dd0a-4122-8a7b-51e2729318b9	"Vivi, dunque. Turbati, ma respirano. Hai fatto abbastanza. Hai scelto lo scopo giusto e hai agito."<x1/><x2/><x3/><x4/>*Myrll stringe forte le mani davanti a sé; regola il respiro, poi incontra i tuoi occhi.*<x5/><x6/>"Grazie… per esserti preso cura di loro. Per averli visti. Anche senza il mio legame, ora li porto nel cuore per scelta, non per spirito."
NPC_MYRLL_RESPONSE_ddf604d1-83de-4b33-b26a-5e28690bf7fc	"L'unico modo è estirpare la corruzione stessa. Se verrà scacciata, la foresta tornerà alla ragione e alla Volontà di Ceres."
NPC_MYRLL_RESPONSE_e0092ba8-f947-49ce-8ff8-38c7ada238f8	"La cosa giusta… sì. Lo dici con tanta semplicità, ma c'è forza in questo."<x1/><x2/><x3/><x4/>"Devo chiederti un'altra cosa."<x5/><x6/>"Come fai a sapere quale azione sia giusta?"<x7/><x8/>"Per una driade, la via viene da Ceres. Ascoltiamo, comprendiamo, obbediamo. C'è pace in questo."<x9/><x10/>"Ma i mortali devono scegliere con la vista offuscata."<x11/><x12/>"E ora… forse devo farlo anch'io."<x13/><x14/>"Un tempo ero un'elfa, sì, ma è passato tanto che sembra abbia smarrito l'abitudine."<x15/><x16/>"Come distingui il Bene quando non ti viene indicato chiaramente?"
NPC_MYRLL_RESPONSE_e2a1092e-1ce2-4320-a3da-6ae0ae9b14c2	"Sì. È venuto a vedermi… e credo sapesse che ero perduta e avevo bisogno di una guida."<x1/><x2/><x3/><x4/>*Myrll solleva lo sguardo da terra. Il dolore rimane, ma la voce acquista una ferma e solenne determinazione.*<x5/><x6/>"Ora non c'è più."<x7/><x8/>"Era giusto… e necessario. La corruzione gli aveva sottratto ciò che era, e tutta la foresta ne soffriva."<x9/><x10/>"Hai liberato lui, e hai liberato noi."<x11/><x12/>"Col tempo ricrescerà, come tutti gli emissari di Ceres. Fino ad allora, dovremo vivere nel ricordo della sua guida."<x13/><x14/>"Anche se non sono più una driade del Tirathlan, ti ringrazio… a nome della foresta."
NPC_MYRLL_RESPONSE_e3478d66-bbf0-478b-ac76-47d57994092c	"Dopo tutto ciò che hai visto di questa foresta… dubiti ancora di me?"<x1/><x2/><x3/><x4/>*Myrll solleva lo sguardo da terra. Il dolore rimane, ma la voce acquista una ferma e solenne determinazione.*<x5/><x6/>"Ora non c'è più."<x7/><x8/>"Era giusto… e necessario. La corruzione gli aveva sottratto ciò che era, e tutta la foresta ne soffriva."<x9/><x10/>"Hai liberato lui, e hai liberato noi."<x11/><x12/>"Col tempo ricrescerà, come tutti gli emissari di Ceres. Fino ad allora, dovremo vivere nel ricordo della sua guida."<x13/><x14/>"Anche se non sono più una driade del Tirathlan, ti ringrazio… a nome della foresta."
NPC_MYRLL_RESPONSE_e4cf298c-d055-48a2-989e-c1ffe8a5bd10	"Allora lascia che basti. Qualunque cosa lo abbia portato da te, ti sei tenuto vicino un buon alleato."<x1/><x2/><x3/><x4/>*L'espressione di Myrll si fa pensierosa, come se ascoltasse a ritroso nel tempo.*<x5/><x6/>"Ricordo quando lo incontrai la prima volta. Avevo già sentito storie da altre driadi e treant. Uno strano umano che portava sempre doni. Lo chiamavano «quello strano», molto prima di «quello vecchio»."<x7/><x8/>"Cantavo nel boschetto, badando ai piccoli… poi sentii nella mente un mormorio che seguiva il mio canto. Credo fosse il suo saluto."<x9/><x10/>"Tacqui, e il mormorio continuò mentre lui usciva dalla boscaglia. Si avvicinò e offrì bacche ai piccoli, come se li conoscesse da sempre."<x11/><x12/>"Non mi mossi. Non parlai. Poi si voltò verso di me e parlò nella mia antica lingua elfica. Mi offrì una bacca. Rifiutai, con cortesia… ed ero sbalordita."<x13/><x14/>"Poi proseguì semplicemente, canticchiando, e svanì di nuovo in Wildwood."
NPC_MYRLL_RESPONSE_e9a27129-0890-443b-9972-20f1f0ea779f	"Ne vale la pena. Dammelo e cercherò di capire cosa contiene."<x1/><x2/><x3/><x4/>*Myrll prende in mano il campione di corruzione. Sussulta violentemente, gli occhi serrati, lottando per mantenere regolare il respiro. Dopo un momento lo lascia cadere. Tocca terra e si sgretola nel nulla.*<x5/><x6/>"Tanta malizia… preme come spine. Sento una volontà dietro di essa. Ho intravisto ciò che vuole, ciò che promette e chi cerca di raggiungere."
NPC_MYRLL_RESPONSE_ebd3b2d8-b079-4960-984f-81ff719b6761	"Sembra semplice, ma pericoloso. Una volontà rivolta alla cosa sbagliata non fa che rafforzarsi nell'errore."<x1/><x2/><x3/><x4/>"Forse è questo che le razze mortali chiamano libero arbitrio."<x5/><x6/>"Questo spazio fra certezza e azione. Questo bisogno di discernere, anziché soltanto obbedire."<x7/><x8/>"Mi spaventa… ma risveglia anche qualcosa in me."<x9/><x10/>"Scegliere di nuovo il Bene per mia volontà. Avevo dimenticato quanto fosse sconfinata questa sensazione."
NPC_MYRLL_RESPONSE_ec03da13-a617-48f1-8dad-61989c846dc5	"Lo è. E grazie per aver parlato di lui con gentilezza."<x1/><x2/><x3/><x4/>*L'espressione di Myrll si fa pensierosa, come se ascoltasse a ritroso nel tempo.*<x5/><x6/>"Ricordo quando lo incontrai la prima volta. Avevo già sentito storie da altre driadi e treant. Uno strano umano che portava sempre doni. Lo chiamavano «quello strano», molto prima di «quello vecchio»."<x7/><x8/>"Cantavo nel boschetto, badando ai piccoli… poi sentii nella mente un mormorio che seguiva il mio canto. Credo fosse il suo saluto."<x9/><x10/>"Tacqui, e il mormorio continuò mentre lui usciva dalla boscaglia. Si avvicinò e offrì bacche ai piccoli, come se li conoscesse da sempre."<x11/><x12/>"Non mi mossi. Non parlai. Poi si voltò verso di me e parlò nella mia antica lingua elfica. Mi offrì una bacca. Rifiutai, con cortesia… ed ero sbalordita."<x13/><x14/>"Poi proseguì semplicemente, canticchiando, e svanì di nuovo in Wildwood."
NPC_MYRLL_RESPONSE_edbd8469-baa1-4b23-9ba6-1cce5608655e	"Ci accolse nel suo abbraccio e ci ricreò a sua immagine. Diventammo tutt'uno con il suo dominio, per sempre sotto la sua protezione. Immortali. Ma non so quanta di quella protezione rimanga."
NPC_MYRLL_RESPONSE_f005f7b1-e519-4ace-94ab-c35e8fb3f103	"Lo credo, e devo crederlo: il ciclo continua. Un giorno cammineranno di nuovo, integri e senza ombre."
NPC_MYRLL_RESPONSE_f1e52c9e-80ad-4600-a3f7-a40923563e40	"Grazie. Aiuta… ricordarlo con qualcuno che non lo deride."<x1/><x2/><x3/><x4/>"Non sono più tornata lì dopo la trasformazione. Non ci riesco."<x5/><x6/>"Amavo quel tempio quando ero sacerdotessa… ma vedere cosa è diventato, e ricordare quel giorno… fa troppo male."
NPC_MYRLL_RESPONSE_f1ea632c-eb4a-4a1e-9f27-a867d97bfe9b	"Ero un'elfa. Quella vita finì, ma non del tutto."<x1/><x2/><x3/><x4/>*Inspira con cautela.*<x5/><x6/>"Un tempo avevo un nome, da Elfa. Quando la purga dilagò, Ceres ci chiamò alle sue radici. Ricordo il silenzio più del cambiamento; d'inverno il mio respiro non faceva più vapore."
NPC_MYRLL_RESPONSE_f26e747b-a798-4e13-a396-e88895b5a5c2	"Perché sei mortale, non così profondamente toccato dal regno di Numen. Gli spiriti sentono chiaramente la corruzione, la odono chiaramente. Per questo la foresta è impazzita."
NPC_MYRLL_RESPONSE_f2c9e74a-3d57-4e7e-9ee9-c0dd284dc31a	"N-no. Non succederà. Non lascerò che mi distolga da ciò che devo fare."<x1/><x2/><x3/><x4/>"È solo che… da un po' non vedo molti dei miei amici della foresta e sono preoccupata per loro. Il mio legame con la natura è quasi reciso, eppure il cuore cerca ancora quelli di cui un tempo mi prendevo cura."
NPC_MYRLL_RESPONSE_f2ed62ba-54d5-4dbc-bd8e-4f0f5fba1999	"Piange i morti e ci supplica di ricordare. Questo basta."
NPC_MYRLL_RESPONSE_f34e2725-4373-4a00-bbe4-66e5c42e41d4	"Grazie, mio caro Faerethil. Torna da me con il campione, così potrò sentire ciò che nasconde."
NPC_MYRLL_RESPONSE_f73f9f97-834d-4573-9bdd-f4effa5df438	"Acorn mi chiedeva come stavano le creature affidate alle mie cure, quando non riusciva a raggiungerle di persona. Altre volte parlavamo di Basilton, quando non potevo incontrarlo."
NPC_MYRLL_RESPONSE_f93952a8-641f-49a8-8893-f84f0576a209	"Non distingueva più gli amici dai nemici; era ormai una minaccia persino per la foresta. Grazie per aver posto fine a tutto questo."<x1/><x2/><x3/><x4/>*Congiunge le mani, sfiorandosi appena le punte delle dita.*<x5/><x6/>"Capisco… una volta che si abbandonano alla corruzione, non possono tornare ciò che erano. Avvolge il loro spirito come marciume sotto la corteccia, dapprima silenzioso, poi li svuota. Ciò che hai fatto… è stata pietà."
NPC_MYRLL_RESPONSE_fef03d5f-0376-4f53-ae29-c9baa3f599f5	"Eravamo le sue sacerdotesse e non sopportava di perderci. Ci intrecciò nella foresta, e diventammo qualcosa fra spirito e radice."<x1/><x2/><x3/><x4/>*Abbassa lo sguardo.*<x5/><x6/>"La purga fu un tempo terribile. Le urla finirono, ma il silenzio che seguì rimase più a lungo. Ora sembra un sogno che la foresta ricorda appena."
NPC_MYRLL_RESPONSE_ff461cae-447e-4409-b88d-47716deac1b3	"Ti prego, ripensaci. Non fingerò di chiederti poco. Ma per me conta. Se mi aiuterai, torna da me… con il campione."
NPC_MYRLL_RESPONSE_ff5395df-9a44-4ad6-8457-b60f59e43aaf	"È strano parlarne ad alta voce, ma sì. Posso provarci."<x1/><x2/><x3/><x4/>*Inspira con cautela.*<x5/><x6/>"Un tempo avevo un nome, da Elfa. Quando la purga dilagò, Ceres ci chiamò alle sue radici. Ricordo il silenzio più del cambiamento; d'inverno il mio respiro non faceva più vapore."
NPC_MYRLL_TITLE	Lo spirito più gentile
