NPC_BEFR_GREETING_0185671-7cc0-4745-ada8-a32aa6e1a811	*Gli occhi di Befr si illuminano appena ti scorge; sotto la barba gli sboccia un sorriso, come se stesse salutando un vecchio compagno.*<x1/><x2/>"Ho ho! Amico mio, hai l'aria di chi sta per lasciare il villaggio e andare dritto a cacciarsi nei guai. Avresti un po' di tempo per aiutare un vecchio con una piccola faccenda, mm?"
NPC_BEFR_GREETING_0eea57b1-7cc0-4745-ada8-a32aa6e1a811	*Fa scorrere un pannello laccato del suo carro, scoprendo uno scaffale di ninnoli scintillanti.*<x1/><x2/>"Ho ho! Eccoti a casa, amico. Che bel posto hai qui, ricco di angoli da scoprire e di mistero."
NPC_BEFR_GREETING_877f3d34-f6c2-402f-87c0-3a3c8304cf01	*Befr spalanca le braccia per accoglierti, raggiante di gioia.*<x1/><x2/>"Ma guarda, eccoti di nuovo, amico mio! Arrivi proprio al momento opportuno. Pare che uno dei giovani virgulti sia scomparso dal villaggio."
NPC_BEFR_GREETING_M8n7b-6c97-4438-9b45-1d973e69f2a0	"Eccoti a casa, amico mio! Come può esserti d'aiuto il vecchio Befr, oggi?"
NPC_BEFR_GREETING_c1ad0d31-6c97-4438-9b45-1d973e69f2a0	*Gli occhi del vecchio scintillano e il viso gli si apre in un ampio sorriso; mentre ti avvicini, ha già teso le mani per accoglierti.*<x1/><x2/>"Ho ho! Salve, amico mio. Che splendida giornata per incontrarsi. Dimmi, cosa ti porta da queste parti?"
NPC_BEFR_PLAYER_00b75769-e1d2-400a-9b24-b23e3db1f49e_HEROIC	È utile alla nostra causa, ma temo che i suoi difetti possano ostacolarci.
NPC_BEFR_PLAYER_00b75769-e1d2-400a-9b24-b23e3db1f49e_JOKER	Fa comodo, certo. Vediamo se i suoi punti deboli ci mettono lo zampino.
NPC_BEFR_PLAYER_00b75769-e1d2-400a-9b24-b23e3db1f49e_SCHOLAR	Utile, sì. Ma le sue debolezze hanno un costo che non abbiamo ancora valutato.
NPC_BEFR_PLAYER_00b75769-e1d2-400a-9b24-b23e3db1f49e_STOIC	Ha la sua utilità. Ma le sue debolezze possono creare problemi.
NPC_BEFR_PLAYER_050bf0e5-86b1-463d-9cfd-a1b14ab38011_BASE	Cos'hanno di speciale le sue canzoni?
NPC_BEFR_PLAYER_0937c433-9884-41f4-b6bf-dbf84b3bcf93_HEROIC	A quanto pare, è rimasto intrappolato nella foresta per tutto questo tempo.
NPC_BEFR_PLAYER_0937c433-9884-41f4-b6bf-dbf84b3bcf93_JOKER	Bloccato nella foresta per tutto questo tempo, a quanto pare. Bel soggiorno.
NPC_BEFR_PLAYER_0937c433-9884-41f4-b6bf-dbf84b3bcf93_SCHOLAR	Dunque è rimasto bloccato nella foresta per tutto questo tempo. Mi chiedo da cosa.
NPC_BEFR_PLAYER_0937c433-9884-41f4-b6bf-dbf84b3bcf93_STOIC	Sembra sia rimasto bloccato nella foresta per tutto questo tempo.
NPC_BEFR_PLAYER_0d28bfff-b850-4a7f-8089-3926b84801de_HEROIC	La speranza si regge sulle proprie gambe. Essere salvati è tutt'altra cosa.
NPC_BEFR_PLAYER_0d28bfff-b850-4a7f-8089-3926b84801de_JOKER	Aspettare i soccorsi e chiamarla speranza? Contabilità creativa.
NPC_BEFR_PLAYER_0d28bfff-b850-4a7f-8089-3926b84801de_SCHOLAR	Chiamare speranza ciò che dipende dall'essere salvati è improprio. Era dipendenza.
NPC_BEFR_PLAYER_0d28bfff-b850-4a7f-8089-3926b84801de_STOIC	Aspettare che qualcun altro ti salvi non è speranza.
NPC_BEFR_PLAYER_108a49bc-2808-4db8-bf28-0709a961c49a_HEROIC	Ore preziose sprecate. Quel pastore non durerà a lungo, là fuori.
NPC_BEFR_PLAYER_108a49bc-2808-4db8-bf28-0709a961c49a_JOKER	Un ottimo uso del mio tempo. Il pastore sarà morto prima che finisca la stagione.
NPC_BEFR_PLAYER_108a49bc-2808-4db8-bf28-0709a961c49a_SCHOLAR	Fatica sprecata. Quel pastore è un morto che se la prende comoda.
NPC_BEFR_PLAYER_108a49bc-2808-4db8-bf28-0709a961c49a_STOIC	Un'enorme perdita di tempo. Quel pastore morirà presto.
NPC_BEFR_PLAYER_129cf084-b04d-43a3-9ab4-5f488e9351a4_HEROIC	Come sei venuto a sapere del Santuario?
NPC_BEFR_PLAYER_129cf084-b04d-43a3-9ab4-5f488e9351a4_JOKER	I segreti del Santuario ti sono piovuti in grembo?
NPC_BEFR_PLAYER_129cf084-b04d-43a3-9ab4-5f488e9351a4_SCHOLAR	L'esistenza del Santuario non è di dominio pubblico. Come ne sei venuto a conoscenza?
NPC_BEFR_PLAYER_129cf084-b04d-43a3-9ab4-5f488e9351a4_STOIC	Come sai del Santuario?
NPC_BEFR_PLAYER_1c1ab19b-e276-4c91-8b9a-c96a11703b5a_HEROIC	Mi spieghi come hai perso gli attrezzi nella foresta?
NPC_BEFR_PLAYER_1c1ab19b-e276-4c91-8b9a-c96a11703b5a_JOKER	Attrezzi che svaniscono nella foresta. Questa me la devi raccontare.
NPC_BEFR_PLAYER_1c1ab19b-e276-4c91-8b9a-c96a11703b5a_SCHOLAR	Perdere degli attrezzi richiede una serie di errori. Qual è stato il primo?
NPC_BEFR_PLAYER_1c1ab19b-e276-4c91-8b9a-c96a11703b5a_STOIC	Come hai perso gli attrezzi nella foresta?
NPC_BEFR_PLAYER_1cb0bafe-5e84-4aa7-8556-430b353de796_HEROIC	Quale scopo spera di raggiungere Sylbos con tutto questo?
NPC_BEFR_PLAYER_1cb0bafe-5e84-4aa7-8556-430b353de796_JOKER	Allora, cosa ci sta architettando Sylbos?
NPC_BEFR_PLAYER_1cb0bafe-5e84-4aa7-8556-430b353de796_SCHOLAR	Quale impiego intende farne Sylbos?
NPC_BEFR_PLAYER_1cb0bafe-5e84-4aa7-8556-430b353de796_STOIC	Cosa sta cercando di farci Sylbos?
NPC_BEFR_PLAYER_1d5614fc-4336-4478-b529-43ecd01fb2ee_HEROIC	Lo credo anch'io. Se offri fiducia per primo, la vita ti segue.
NPC_BEFR_PLAYER_1d5614fc-4336-4478-b529-43ecd01fb2ee_JOKER	Lo credo anch'io. Prima fidarsi, poi fare domande: si vive meglio.
NPC_BEFR_PLAYER_1d5614fc-4336-4478-b529-43ecd01fb2ee_SCHOLAR	Lo credo anch'io. La fiducia concessa per primi tende a essere ricambiata.
NPC_BEFR_PLAYER_1d5614fc-4336-4478-b529-43ecd01fb2ee_STOIC	Lo credo anch'io. Con la fiducia si vive meglio.
NPC_BEFR_PLAYER_1db88104-f433-4856-9164-ff2b8381f284_BASE	Cosa vogliono le Iniquità?
NPC_BEFR_PLAYER_21adfadf-968b-44e1-9a1f-96b206fd7331_HEROIC	La fiducia va guadagnata, e non so se lui se la sia già meritata.
NPC_BEFR_PLAYER_21adfadf-968b-44e1-9a1f-96b206fd7331_JOKER	Fidarsi di lui su due piedi potrebbe essere troppo perfino per me.
NPC_BEFR_PLAYER_21adfadf-968b-44e1-9a1f-96b206fd7331_SCHOLAR	La fiducia richiede prove. Le mie sono ancora incomplete.
NPC_BEFR_PLAYER_21adfadf-968b-44e1-9a1f-96b206fd7331_STOIC	Non so ancora se fidarmi di lui.
NPC_BEFR_PLAYER_22d83bcc-60ae-4e1a-9d14-cee59d83aade_HEROIC	Anche a me la sua presenza dà gioia.
NPC_BEFR_PLAYER_22d83bcc-60ae-4e1a-9d14-cee59d83aade_JOKER	Fa piacere anche a me che si sia fatta viva.
NPC_BEFR_PLAYER_22d83bcc-60ae-4e1a-9d14-cee59d83aade_SCHOLAR	Fa piacere anche a me che sia qui. La sua presenza ci giova.
NPC_BEFR_PLAYER_22d83bcc-60ae-4e1a-9d14-cee59d83aade_STOIC	Anche a me fa piacere averla qui.
NPC_BEFR_PLAYER_292ed69f-38b7-4cc6-b7ad-9f8a3dbc4b06_HEROIC	Faccio soltanto ciò che serve per dare una mano.
NPC_BEFR_PLAYER_292ed69f-38b7-4cc6-b7ad-9f8a3dbc4b06_JOKER	Do una mano dove arrivo.
NPC_BEFR_PLAYER_292ed69f-38b7-4cc6-b7ad-9f8a3dbc4b06_SCHOLAR	Faccio solo ciò che la situazione richiede. Non rivendico altro.
NPC_BEFR_PLAYER_292ed69f-38b7-4cc6-b7ad-9f8a3dbc4b06_STOIC	Faccio quel che posso per aiutare.
NPC_BEFR_PLAYER_294e81d0-1d8b-447a-a926-9b51715f7984_HEROIC	Andrò nella foresta e ti riporterò gli attrezzi sani e salvi.
NPC_BEFR_PLAYER_294e81d0-1d8b-447a-a926-9b51715f7984_JOKER	Si va nella foresta. I tuoi attrezzi hanno le ore contate, da dispersi.
NPC_BEFR_PLAYER_294e81d0-1d8b-447a-a926-9b51715f7984_SCHOLAR	D'accordo. Mi addentrerò nella foresta per recuperare i tuoi attrezzi.
NPC_BEFR_PLAYER_294e81d0-1d8b-447a-a926-9b51715f7984_STOIC	Bene. Andrò nella foresta a riportarti gli attrezzi.
NPC_BEFR_PLAYER_2ae4cf38-9092-4fc2-b212-4e632c6fc3a5_HEROIC	Mi mandi a cercare un bambino smarrito in quella foresta?
NPC_BEFR_PLAYER_2ae4cf38-9092-4fc2-b212-4e632c6fc3a5_JOKER	Quindi alla foresta il bambino e a me la grana?
NPC_BEFR_PLAYER_2ae4cf38-9092-4fc2-b212-4e632c6fc3a5_SCHOLAR	Intendi affidarmi la ricerca del bambino in quella foresta?
NPC_BEFR_PLAYER_2ae4cf38-9092-4fc2-b212-4e632c6fc3a5_STOIC	Vuoi che cerchi il bambino nella foresta?
NPC_BEFR_PLAYER_2c2a61f3-9901-4f69-a3c1-3c35c537e34d_HEROIC	Vero coraggio. Una driade lo teneva prigioniero, ma lui non ha ceduto alla paura.
NPC_BEFR_PLAYER_2c2a61f3-9901-4f69-a3c1-3c35c537e34d_JOKER	Un ragazzino coraggioso. Nelle grinfie di una driade, e non ha fatto una piega.
NPC_BEFR_PLAYER_2c2a61f3-9901-4f69-a3c1-3c35c537e34d_SCHOLAR	Ha dimostrato un autentico coraggio. Prigioniero di una driade, non ha manifestato paura.
NPC_BEFR_PLAYER_2c2a61f3-9901-4f69-a3c1-3c35c537e34d_STOIC	È stato molto coraggioso. Catturato da una driade, non ha mostrato paura.
NPC_BEFR_PLAYER_3265146f-7adf-4e0e-8202-1b781463aae0_HEROIC	I goblin ne risponderanno. E il fertilizzante tornerà a casa.
NPC_BEFR_PLAYER_3265146f-7adf-4e0e-8202-1b781463aae0_JOKER	È ora di inseguire i goblin e riprendere il fertilizzante, prima che ne combinino una.
NPC_BEFR_PLAYER_3265146f-7adf-4e0e-8202-1b781463aae0_SCHOLAR	Troverò i goblin. Il fertilizzante è un bottino insolito, ma pur sempre un bottino.
NPC_BEFR_PLAYER_3265146f-7adf-4e0e-8202-1b781463aae0_STOIC	Troverò i goblin e recupererò il fertilizzante.
NPC_BEFR_PLAYER_37d5bbe1-a2e7-4035-892a-b91ff60e0a2a_HEROIC	Costruire una casa non mi sembra il modo migliore di impiegare il tempo.
NPC_BEFR_PLAYER_37d5bbe1-a2e7-4035-892a-b91ff60e0a2a_JOKER	Una casa, eh? Che entusiasmante perdita di tempo.
NPC_BEFR_PLAYER_37d5bbe1-a2e7-4035-892a-b91ff60e0a2a_SCHOLAR	Una casa, ora? Le ore necessarie supereranno i benefici.
NPC_BEFR_PLAYER_37d5bbe1-a2e7-4035-892a-b91ff60e0a2a_STOIC	Costruire una casa è una perdita di tempo.
NPC_BEFR_PLAYER_3845e555-7cd7-4085-b8b0-f91e0efdcc9e_HEROIC	Grazie, Befr. Con il tuo aiuto costruirò qualcosa di ben più solido di una tenda.
NPC_BEFR_PLAYER_3845e555-7cd7-4085-b8b0-f91e0efdcc9e_JOKER	Grazie, Befr. Finalmente la mia tenda può andare in pensione a testa alta.
NPC_BEFR_PLAYER_3845e555-7cd7-4085-b8b0-f91e0efdcc9e_SCHOLAR	Grazie, Befr. Finalmente un vero riparo. La tela ha i suoi limiti.
NPC_BEFR_PLAYER_3845e555-7cd7-4085-b8b0-f91e0efdcc9e_STOIC	Grazie, Befr. È ora di costruire qualcosa di meglio di una tenda.
NPC_BEFR_PLAYER_3c511729-9f32-4538-9164-b84ab4739de8_HEROIC	Certo. Dimmi soltanto cosa ti serve e sarà fatto.
NPC_BEFR_PLAYER_3c511729-9f32-4538-9164-b84ab4739de8_JOKER	Certo. Dimmi cosa ti serve e siamo già a metà dell'opera.
NPC_BEFR_PLAYER_3c511729-9f32-4538-9164-b84ab4739de8_SCHOLAR	Certamente. Dimmi esattamente cosa ti occorre, e in quale ordine.
NPC_BEFR_PLAYER_3c511729-9f32-4538-9164-b84ab4739de8_STOIC	Certo. Dimmi cosa ti serve.
NPC_BEFR_PLAYER_3cf970c0-f4d6-4287-af12-8473ad191398_HEROIC	Non vedo molto di speciale in lei, a parte il fatto che non vuole farmi del male.
NPC_BEFR_PLAYER_3cf970c0-f4d6-4287-af12-8473ad191398_JOKER	Se basta così poco, direi che il suo unico numero è non volermi ammazzare.
NPC_BEFR_PLAYER_3cf970c0-f4d6-4287-af12-8473ad191398_SCHOLAR	Non osservo nulla di speciale in lei, salvo l'apparente riluttanza a porre fine alla mia vita.
NPC_BEFR_PLAYER_3cf970c0-f4d6-4287-af12-8473ad191398_STOIC	Nulla di speciale. A parte che non vuole uccidermi.
NPC_BEFR_PLAYER_3d1b7902-b4b9-40b9-be7b-c4f4444bdbb7_HEROIC	Li hai persi, dunque. Dove?
NPC_BEFR_PLAYER_3d1b7902-b4b9-40b9-be7b-c4f4444bdbb7_JOKER	"Fuori posto" è come dire che gli attrezzi sono andati a spasso da soli. Dove?
NPC_BEFR_PLAYER_3d1b7902-b4b9-40b9-be7b-c4f4444bdbb7_SCHOLAR	"Fuori posto" implica che tu sappia più o meno dove siano. È così?
NPC_BEFR_PLAYER_3d1b7902-b4b9-40b9-be7b-c4f4444bdbb7_STOIC	Persi, non fuori posto. Dove?
NPC_BEFR_PLAYER_3d25ec2f-4829-4802-b54f-37c0de9ba686_BASE	Come hai conosciuto Faustas?
NPC_BEFR_PLAYER_3e02efbb-004c-4c15-968b-883f60b70a57_BASE	"Ho trovato il bambino smarrito."
NPC_BEFR_PLAYER_3e589b60-c362-4c3c-b558-091d4a4d6888_HEROIC	Mostri ben poca preoccupazione per questo bambino smarrito, Befr.
NPC_BEFR_PLAYER_3e589b60-c362-4c3c-b558-091d4a4d6888_JOKER	Per questo bambino smarrito sembri preoccupato quanto un sasso, Befr.
NPC_BEFR_PLAYER_3e589b60-c362-4c3c-b558-091d4a4d6888_SCHOLAR	È scomparso un bambino, Befr. Eppure sembri tranquillo. Perché?
NPC_BEFR_PLAYER_3e589b60-c362-4c3c-b558-091d4a4d6888_STOIC	Non sembri preoccupato per il bambino smarrito, Befr.
NPC_BEFR_PLAYER_3e5c6a9a-c0ca-4d62-b2fb-557d505cc6d8_HEROIC	Dovremmo davvero aspettare e confidare che le cose migliorino?
NPC_BEFR_PLAYER_3e5c6a9a-c0ca-4d62-b2fb-557d505cc6d8_JOKER	Quindi il piano è aspettare e incrociare le dita?
NPC_BEFR_PLAYER_3e5c6a9a-c0ca-4d62-b2fb-557d505cc6d8_SCHOLAR	Dovremmo limitarci ad aspettare, affidando l'esito alla speranza?
NPC_BEFR_PLAYER_3e5c6a9a-c0ca-4d62-b2fb-557d505cc6d8_STOIC	Dobbiamo aspettare e sperare che si sistemi tutto?
NPC_BEFR_PLAYER_3e6a3bd0-8c5f-4e10-85f8-7f58db9d326f_HEROIC	Fatti da parte, vecchio, e lascia che me ne occupi io.
NPC_BEFR_PLAYER_3e6a3bd0-8c5f-4e10-85f8-7f58db9d326f_JOKER	Attento, vecchio. Non vorrei che mi inciampassi tra i piedi.
NPC_BEFR_PLAYER_3e6a3bd0-8c5f-4e10-85f8-7f58db9d326f_SCHOLAR	Sarebbe meglio che evitassi di intralciarmi, vecchio.
NPC_BEFR_PLAYER_3e6a3bd0-8c5f-4e10-85f8-7f58db9d326f_STOIC	Non metterti sulla mia strada, vecchio.
NPC_BEFR_PLAYER_41d30846-e85d-4a1b-94e1-0084db510dbf_HEROIC	In quale tratto di strada l'hanno rubato i goblin?
NPC_BEFR_PLAYER_41d30846-e85d-4a1b-94e1-0084db510dbf_JOKER	Dove hanno fatto la festa alla consegna, quei goblin?
NPC_BEFR_PLAYER_41d30846-e85d-4a1b-94e1-0084db510dbf_SCHOLAR	Dove è avvenuta l'imboscata, esattamente? Il terreno conta, per seguirne le tracce.
NPC_BEFR_PLAYER_41d30846-e85d-4a1b-94e1-0084db510dbf_STOIC	Dove hanno assalito la consegna i goblin?
NPC_BEFR_PLAYER_422a388f-51cb-4315-a3c2-5e96b21eb0df_HEROIC	Vuoi che aiuti un pastore che fatica a tenere unito il suo gregge?
NPC_BEFR_PLAYER_422a388f-51cb-4315-a3c2-5e96b21eb0df_JOKER	Rincorrere pecore per un pastore che si è perso il gregge. Delizioso.
NPC_BEFR_PLAYER_422a388f-51cb-4315-a3c2-5e96b21eb0df_SCHOLAR	Vuoi che assista un pastore apparentemente incapace di gestire il proprio gregge?
NPC_BEFR_PLAYER_422a388f-51cb-4315-a3c2-5e96b21eb0df_STOIC	Vuoi che aiuti un pastore buono a nulla che non sa tenere il suo gregge?
NPC_BEFR_PLAYER_42c97f4d-14d2-4a67-ae59-397d00f21246_HEROIC	La fiducia richiede prima una prova. Altrimenti non merita questo nome.
NPC_BEFR_PLAYER_42c97f4d-14d2-4a67-ae59-397d00f21246_JOKER	La fiducia non ti piove in grembo. Devi sudartela.
NPC_BEFR_PLAYER_42c97f4d-14d2-4a67-ae59-397d00f21246_SCHOLAR	La fiducia si costruisce sulle prove, non si concede in anticipo.
NPC_BEFR_PLAYER_42c97f4d-14d2-4a67-ae59-397d00f21246_STOIC	La fiducia si guadagna. Non si regala.
NPC_BEFR_PLAYER_452e06b6-9c5b-4298-8c67-51cce07abfb3_HEROIC	Non mi serve un bottegaio mistico per tracciare il mio cammino.
NPC_BEFR_PLAYER_452e06b6-9c5b-4298-8c67-51cce07abfb3_JOKER	Per la mia strada non serve un bottegaio mistico a reggere la mappa.
NPC_BEFR_PLAYER_452e06b6-9c5b-4298-8c67-51cce07abfb3_SCHOLAR	Determino il mio cammino secondo il mio giudizio. Senza bottegai mistici.
NPC_BEFR_PLAYER_452e06b6-9c5b-4298-8c67-51cce07abfb3_STOIC	Non mi serve un bottegaio mistico che mi indichi la strada.
NPC_BEFR_PLAYER_45dc93ec-9053-49f6-82a4-619a10a96683_BASE	Là fuori è un vero disastro. Cos'è successo?
NPC_BEFR_PLAYER_4a711d41-1e1f-4be6-a382-9c4c12ffca35_HEROIC	Dunque ha preso la parola. Che cosa la rende diversa?
NPC_BEFR_PLAYER_4a711d41-1e1f-4be6-a382-9c4c12ffca35_JOKER	Quindi ha aperto bocca. Cosa c'è di tanto prodigioso?
NPC_BEFR_PLAYER_4a711d41-1e1f-4be6-a382-9c4c12ffca35_SCHOLAR	Dunque ha preso la parola. Perché attribuire tanto valore a quel gesto?
NPC_BEFR_PLAYER_4a711d41-1e1f-4be6-a382-9c4c12ffca35_STOIC	Ha detto la sua. Che c'è di speciale?
NPC_BEFR_PLAYER_4ec5f60d-e1f3-4d61-8889-43e729bfa3a2_BASE	"Non sei un po' troppo allegro, visto come è ridotto il villaggio?"
NPC_BEFR_PLAYER_511bf8df-e1ec-43ba-8509-6ccb6f73b1e0_HEROIC	Ho notato il cambiamento, anche se poche driadi mi hanno dato occasione di avvicinarle.
NPC_BEFR_PLAYER_511bf8df-e1ec-43ba-8509-6ccb6f73b1e0_JOKER	L'ho notato, ma le driadi non fanno certo la fila per fare due chiacchiere con me.
NPC_BEFR_PLAYER_511bf8df-e1ec-43ba-8509-6ccb6f73b1e0_SCHOLAR	L'ho notato. Di rado i miei incontri con le driadi arrivano alla conversazione.
NPC_BEFR_PLAYER_511bf8df-e1ec-43ba-8509-6ccb6f73b1e0_STOIC	Ho notato la differenza. Ho avuto pochi contatti con le driadi.
NPC_BEFR_PLAYER_52243ea3-6518-4d7e-a818-c21c65d55521_BASE	Nel bosco ho incontrato un nano di nome Heimen. Ne hai mai sentito parlare?
NPC_BEFR_PLAYER_55ff7927-f212-4998-91cf-5f097926ea7f_HEROIC	Una vera tragedia. Non sarebbe dovuta accadere.
NPC_BEFR_PLAYER_55ff7927-f212-4998-91cf-5f097926ea7f_JOKER	Una tragedia, e ne ho viste un po'.
NPC_BEFR_PLAYER_55ff7927-f212-4998-91cf-5f097926ea7f_SCHOLAR	Una tragedia. Per giunta evitabile.
NPC_BEFR_PLAYER_55ff7927-f212-4998-91cf-5f097926ea7f_STOIC	Che tragedia.
NPC_BEFR_PLAYER_56ed915b-f488-4cc3-b58e-c1cf210bce41_HEROIC	Sa pensare con la propria testa. Una forza rara, fra tanti.
NPC_BEFR_PLAYER_56ed915b-f488-4cc3-b58e-c1cf210bce41_JOKER	Una testa che non segue il gregge. Più rara di quanto dovrebbe.
NPC_BEFR_PLAYER_56ed915b-f488-4cc3-b58e-c1cf210bce41_SCHOLAR	Possiede un pensiero autonomo, dote più rara di quanto sembri.
NPC_BEFR_PLAYER_56ed915b-f488-4cc3-b58e-c1cf210bce41_STOIC	Pensa con la propria testa. A differenza di molti.
NPC_BEFR_PLAYER_5761e387-478e-4404-91e9-12af8adadac0_BASE	Cosa pensi di Myrll?
NPC_BEFR_PLAYER_579c143e-77e4-4eab-b7fa-2e5e9c4eba9d_HEROIC	Cosa speri di scoprire sulla Corruzione?
NPC_BEFR_PLAYER_579c143e-77e4-4eab-b7fa-2e5e9c4eba9d_JOKER	Che segreti ti ha sussurrato la Corruzione?
NPC_BEFR_PLAYER_579c143e-77e4-4eab-b7fa-2e5e9c4eba9d_SCHOLAR	Cosa hai appreso sulla Corruzione, e da quali fonti?
NPC_BEFR_PLAYER_579c143e-77e4-4eab-b7fa-2e5e9c4eba9d_STOIC	Cosa sai della Corruzione?
NPC_BEFR_PLAYER_5932a3b1-8957-4206-b64b-7bbfe54ec7d6_HEROIC	Dimmi dove sono e te li riporterò.
NPC_BEFR_PLAYER_5932a3b1-8957-4206-b64b-7bbfe54ec7d6_JOKER	Indicami il posto. Andrò a discuterne con qualunque cosa li abbia presi.
NPC_BEFR_PLAYER_5932a3b1-8957-4206-b64b-7bbfe54ec7d6_SCHOLAR	Dove li avevi in mano l'ultima volta? Partirò da lì e ripercorrerò il tragitto.
NPC_BEFR_PLAYER_5932a3b1-8957-4206-b64b-7bbfe54ec7d6_STOIC	Dimmi dove. Li recupero.
NPC_BEFR_PLAYER_5c2257cd-3b86-4745-a40e-4de7e676a71e_BASE	"Chi sei?"
NPC_BEFR_PLAYER_5cfe8935-a58b-4a4e-b307-edb802fa0fec_BASE	Cosa ti piace tanto dei nani?
NPC_BEFR_PLAYER_5d01e0d1-c609-445f-9a7c-9991f7731628_HEROIC	Quale scopo ti guida, qui?
NPC_BEFR_PLAYER_5d01e0d1-c609-445f-9a7c-9991f7731628_JOKER	Hai qualche piano, o aspetti di vedere cosa salta fuori dalla montagna?
NPC_BEFR_PLAYER_5d01e0d1-c609-445f-9a7c-9991f7731628_SCHOLAR	E quali sono i tuoi progetti qui? Mi interessano i dettagli.
NPC_BEFR_PLAYER_5d01e0d1-c609-445f-9a7c-9991f7731628_STOIC	Cosa pensi di fare, qui?
NPC_BEFR_PLAYER_67621341-066b-4e9a-8745-d33699606cb5_HEROIC	Forse c'è un disegno. Continuerò a cercarlo.
NPC_BEFR_PLAYER_67621341-066b-4e9a-8745-d33699606cb5_JOKER	Forse c'è un disegno. Sono i miei occhi che devono ancora arrivarci.
NPC_BEFR_PLAYER_67621341-066b-4e9a-8745-d33699606cb5_SCHOLAR	Forse c'è un disegno. La sua struttura continua a sfuggirmi.
NPC_BEFR_PLAYER_67621341-066b-4e9a-8745-d33699606cb5_STOIC	Forse c'è un disegno. Sto imparando a vederlo.
NPC_BEFR_PLAYER_6e588647-6bc5-4b25-a4e8-e5076a7c06e5_HEROIC	Befr, i racconti delle tue passeggiate in giardino dovranno aspettare. C'è bisogno di me altrove.
NPC_BEFR_PLAYER_6e588647-6bc5-4b25-a4e8-e5076a7c06e5_JOKER	Befr, se quelle passeggiate in giardino non finiscono con una scorciatoia, non ho tempo.
NPC_BEFR_PLAYER_6e588647-6bc5-4b25-a4e8-e5076a7c06e5_SCHOLAR	Befr, le passeggiate in giardino sono un capitolo che non ho tempo di ascoltare.
NPC_BEFR_PLAYER_6e588647-6bc5-4b25-a4e8-e5076a7c06e5_STOIC	Befr, non ho tempo per i racconti delle tue passeggiate in giardino.
NPC_BEFR_PLAYER_6ee0ec0c-a319-41ea-8a00-83017691fa7f_HEROIC	La tua gentilezza significa molto, Befr. Davvero.
NPC_BEFR_PLAYER_6ee0ec0c-a319-41ea-8a00-83017691fa7f_JOKER	Un trattamento raro, Befr. Davvero.
NPC_BEFR_PLAYER_6ee0ec0c-a319-41ea-8a00-83017691fa7f_SCHOLAR	Lo apprezzo molto, Befr. Sinceramente.
NPC_BEFR_PLAYER_6ee0ec0c-a319-41ea-8a00-83017691fa7f_STOIC	Lo apprezzo, Befr. Davvero.
NPC_BEFR_PLAYER_6f17322a-90d8-43a4-b7d2-cc49f217cfe7_HEROIC	Sì, era evidente quanto fosse entusiasta di vedere la driade.
NPC_BEFR_PLAYER_6f17322a-90d8-43a4-b7d2-cc49f217cfe7_JOKER	Sì, per vedere la driade stava quasi per inciampare nei propri piedi.
NPC_BEFR_PLAYER_6f17322a-90d8-43a4-b7d2-cc49f217cfe7_SCHOLAR	Sì, il suo entusiasmo era quasi preoccupante. La driade lo affascinava.
NPC_BEFR_PLAYER_6f17322a-90d8-43a4-b7d2-cc49f217cfe7_STOIC	Sì, era molto entusiasta di vedere la driade.
NPC_BEFR_PLAYER_701fbd80-3816-4ece-9c3f-213531a0adb9_BASE	Come metti in pratica quella mano aperta?
NPC_BEFR_PLAYER_71f745e6-7397-4661-b48e-7a908a2fa186_HEROIC	Non occorrono ringraziamenti. Ora conta soltanto che tu mi serva.
NPC_BEFR_PLAYER_71f745e6-7397-4661-b48e-7a908a2fa186_JOKER	Tieniti i ringraziamenti. Sono i tuoi servigi che mi servono.
NPC_BEFR_PLAYER_71f745e6-7397-4661-b48e-7a908a2fa186_SCHOLAR	I ringraziamenti sono superflui. Richiedo i tuoi servigi.
NPC_BEFR_PLAYER_71f745e6-7397-4661-b48e-7a908a2fa186_STOIC	Non mi servono ringraziamenti. Voglio i tuoi servigi.
NPC_BEFR_PLAYER_72fee980-6d5c-4755-b3cb-21370b881f5b_BASE	Cosa pensi di Basilton?
NPC_BEFR_PLAYER_7c6fc94f-9f33-47f1-85c6-09cd8d142a92_BASE	"Alaric mi ha detto che ti serve una mano?"
NPC_BEFR_PLAYER_84169f44-cec7-4187-b8f4-9fec42cebcd4_HEROIC	Grazie. La tua presenza rende questo posto ancora migliore.
NPC_BEFR_PLAYER_84169f44-cec7-4187-b8f4-9fec42cebcd4_JOKER	Grazie. Fa sempre piacere avere compagnia che non sia il mobilio.
NPC_BEFR_PLAYER_84169f44-cec7-4187-b8f4-9fec42cebcd4_SCHOLAR	Grazie. La tua presenza aumenta le nostre possibilità di riuscita.
NPC_BEFR_PLAYER_84169f44-cec7-4187-b8f4-9fec42cebcd4_STOIC	Grazie. Bene averti qui.
NPC_BEFR_PLAYER_85cc8606-8fc9-4b16-809f-e94fd64f9c80_HEROIC	Cercherò il bambino e lo riporterò al sicuro.
NPC_BEFR_PLAYER_85cc8606-8fc9-4b16-809f-e94fd64f9c80_JOKER	Troverò il bambino e lo trascinerò a casa, scalci o non scalci.
NPC_BEFR_PLAYER_85cc8606-8fc9-4b16-809f-e94fd64f9c80_SCHOLAR	Troverò il bambino e lo accompagnerò a casa di persona.
NPC_BEFR_PLAYER_85cc8606-8fc9-4b16-809f-e94fd64f9c80_STOIC	Troverò il bambino e lo riporterò qui.
NPC_BEFR_PLAYER_894cb537-e8a2-4f6a-a4b4-670c45cf6c71_HEROIC	È soltanto un altopiano, Befr. Niente di più.
NPC_BEFR_PLAYER_894cb537-e8a2-4f6a-a4b4-670c45cf6c71_JOKER	È solo un gran sasso in cielo, Befr. Il mistero deve essersi nascosto bene.
NPC_BEFR_PLAYER_894cb537-e8a2-4f6a-a4b4-670c45cf6c71_SCHOLAR	A me pare soltanto un altopiano brullo, Befr.
NPC_BEFR_PLAYER_894cb537-e8a2-4f6a-a4b4-670c45cf6c71_STOIC	È solo un altopiano ventoso, Befr.
NPC_BEFR_PLAYER_8dc2d9c2-7794-4c89-96e3-3df9a419db84_HEROIC	Hai ragione. Un atteggiamento fiducioso ci aiuta ad andare avanti.
NPC_BEFR_PLAYER_8dc2d9c2-7794-4c89-96e3-3df9a419db84_JOKER	Mi sa che hai ragione. Neanche il pessimismo ha mai riparato un recinto.
NPC_BEFR_PLAYER_8dc2d9c2-7794-4c89-96e3-3df9a419db84_SCHOLAR	Hai ragione. L'atteggiamento influisce sull'esito più di quanto si riconosca.
NPC_BEFR_PLAYER_8dc2d9c2-7794-4c89-96e3-3df9a419db84_STOIC	Hai ragione. Pensare positivo aiuta.
NPC_BEFR_PLAYER_90823493ec-9053-49f6-82a4-619a10a96683_BASE	Puoi dare una mano all'accampamento in qualche modo?
NPC_BEFR_PLAYER_9093c9ae-cd99-4241-a72c-f5010ce5a375_HEROIC	Dici il vero, Befr. C'è speranza per tutti noi.
NPC_BEFR_PLAYER_9093c9ae-cd99-4241-a72c-f5010ce5a375_JOKER	La speranza non è timida come pensavamo, Befr.
NPC_BEFR_PLAYER_9093c9ae-cd99-4241-a72c-f5010ce5a375_SCHOLAR	Avevi ragione, Befr. Alla speranza basta meno di quanto credessi per sopravvivere.
NPC_BEFR_PLAYER_9093c9ae-cd99-4241-a72c-f5010ce5a375_STOIC	Hai ragione, Befr. C'è speranza per tutti noi.
NPC_BEFR_PLAYER_91698763-a97a-49ac-bb50-496738034c40_HEROIC	Heimen è un uomo degno di fiducia.
NPC_BEFR_PLAYER_91698763-a97a-49ac-bb50-496738034c40_JOKER	Heimen è l'affidabilità fatta persona. A meno che non nasconda una seconda barba.
NPC_BEFR_PLAYER_91698763-a97a-49ac-bb50-496738034c40_SCHOLAR	Heimen mi sembra affidabile. Già le sue canzoni depongono a suo favore.
NPC_BEFR_PLAYER_91698763-a97a-49ac-bb50-496738034c40_STOIC	Heimen sembra degno di fiducia.
NPC_BEFR_PLAYER_91eb813e-8f4d-44a7-b808-6cfd4c8495f1_HEROIC	Anch'io attendo con impazienza ciò che ci riserva il futuro, Befr.
NPC_BEFR_PLAYER_91eb813e-8f4d-44a7-b808-6cfd4c8495f1_JOKER	Allora anche tu conti i giorni, Befr.
NPC_BEFR_PLAYER_91eb813e-8f4d-44a7-b808-6cfd4c8495f1_SCHOLAR	Anch'io, Befr. L'attesa è la parte difficile.
NPC_BEFR_PLAYER_91eb813e-8f4d-44a7-b808-6cfd4c8495f1_STOIC	Lo attendo anch'io, Befr.
NPC_BEFR_PLAYER_93822488-1d6a-4fef-8c70-c3650f78cdde_HEROIC	Un racconto narrato bene, Befr.
NPC_BEFR_PLAYER_93822488-1d6a-4fef-8c70-c3650f78cdde_JOKER	Che storia mi hai tirato fuori, Befr.
NPC_BEFR_PLAYER_93822488-1d6a-4fef-8c70-c3650f78cdde_SCHOLAR	Una storia che merita ascolto, Befr. E per metà persino credibile.
NPC_BEFR_PLAYER_93822488-1d6a-4fef-8c70-c3650f78cdde_STOIC	Una bella storia, Befr.
NPC_BEFR_PLAYER_94738fcd-e8d2-49e4-a3f1-7e5b2873f5e9_HEROIC	Sai dirmi cosa ne è stato del bambino?
NPC_BEFR_PLAYER_94738fcd-e8d2-49e4-a3f1-7e5b2873f5e9_JOKER	Qual è la storia del bambino?
NPC_BEFR_PLAYER_94738fcd-e8d2-49e4-a3f1-7e5b2873f5e9_SCHOLAR	Cos'è accaduto esattamente al bambino?
NPC_BEFR_PLAYER_94738fcd-e8d2-49e4-a3f1-7e5b2873f5e9_STOIC	Cos'è successo al bambino?
NPC_BEFR_PLAYER_9596f734-ebc3-412e-a9b1-af39c1883c96_BASE	Hai qualcosa per la testa?
NPC_BEFR_PLAYER_961384d1-c750-47b6-a1cd-928dc260b2d0_HEROIC	Tu? Come dovrei interpretarlo?
NPC_BEFR_PLAYER_961384d1-c750-47b6-a1cd-928dc260b2d0_JOKER	Tu, fra tutti? Sputa il resto.
NPC_BEFR_PLAYER_961384d1-c750-47b6-a1cd-928dc260b2d0_SCHOLAR	Tu? Quella parola sottintende qualcosa. Spiegati.
NPC_BEFR_PLAYER_961384d1-c750-47b6-a1cd-928dc260b2d0_STOIC	Tu? Cosa intendi?
NPC_BEFR_PLAYER_97ae9f03-f6f4-479e-a12a-82e70458c089_HEROIC	Sembra che tu sia qui per poco più che oziosa curiosità.
NPC_BEFR_PLAYER_97ae9f03-f6f4-479e-a12a-82e70458c089_JOKER	Sei qui solo a ficcare il naso e vedere cosa salta fuori, eh?
NPC_BEFR_PLAYER_97ae9f03-f6f4-479e-a12a-82e70458c089_SCHOLAR	Dunque sei qui per osservare, e poco altro?
NPC_BEFR_PLAYER_97ae9f03-f6f4-479e-a12a-82e70458c089_STOIC	Sembra che tu sia qui solo per curiosare.
NPC_BEFR_PLAYER_9a95289e-004c-4615-b732-d740c9548105_HEROIC	Hai incontrato molti golem sul tuo cammino?
NPC_BEFR_PLAYER_9a95289e-004c-4615-b732-d740c9548105_JOKER	Ultimamente ti sei imbattuto in una comitiva di golem?
NPC_BEFR_PLAYER_9a95289e-004c-4615-b732-d740c9548105_SCHOLAR	Quanti golem hai incontrato, in concreto? I numeri cambiano il quadro.
NPC_BEFR_PLAYER_9a95289e-004c-4615-b732-d740c9548105_STOIC	Hai conosciuto molti golem?
NPC_BEFR_PLAYER_9bff8e03-7fe7-4e38-88df-2ea7379f6aab_HEROIC	Aiuto perché il cammino me lo impone. Nient'altro.
NPC_BEFR_PLAYER_9bff8e03-7fe7-4e38-88df-2ea7379f6aab_JOKER	Aiutare non era nei piani. Ma a quanto pare fa da guardia al passaggio.
NPC_BEFR_PLAYER_9bff8e03-7fe7-4e38-88df-2ea7379f6aab_SCHOLAR	L'aiuto è il pedaggio che il cammino esige. Io lo pago.
NPC_BEFR_PLAYER_9bff8e03-7fe7-4e38-88df-2ea7379f6aab_STOIC	Aiuto solo perché devo, per andare avanti.
NPC_BEFR_PLAYER_9d4aaf01-760c-4e5b-ab68-536240b3fbec_BASE	In che senso i golem non hanno coscienza della propria fine?
NPC_BEFR_PLAYER_a07efdbc-5609-4c14-a334-6cf9a5d97c0b_HEROIC	La tua fiducia significa più di quanto immagini, Befr.
NPC_BEFR_PLAYER_a07efdbc-5609-4c14-a334-6cf9a5d97c0b_JOKER	La tua fiducia, Befr. Un bel motivo per sorridere.
NPC_BEFR_PLAYER_a07efdbc-5609-4c14-a334-6cf9a5d97c0b_SCHOLAR	La tua fiducia non è cosa da poco, Befr. Ne conosco il valore.
NPC_BEFR_PLAYER_a07efdbc-5609-4c14-a334-6cf9a5d97c0b_STOIC	Apprezzo la tua fiducia, Befr.
NPC_BEFR_PLAYER_a150a93a-c79f-4df3-b9dd-11a0ac2e59d1_HEROIC	Vuoi dunque che dia una mano al pastore?
NPC_BEFR_PLAYER_a150a93a-c79f-4df3-b9dd-11a0ac2e59d1_JOKER	Quindi dovrei fare l'aiutante del pastore?
NPC_BEFR_PLAYER_a150a93a-c79f-4df3-b9dd-11a0ac2e59d1_SCHOLAR	È dunque il pastore, nello specifico, ad aver bisogno di aiuto?
NPC_BEFR_PLAYER_a150a93a-c79f-4df3-b9dd-11a0ac2e59d1_STOIC	Vuoi che aiuti il pastore?
NPC_BEFR_PLAYER_a4d9dcb9-184b-4a1e-845c-90ebf3441e20_HEROIC	Spiegati, vecchio. Che cosa intendi?
NPC_BEFR_PLAYER_a4d9dcb9-184b-4a1e-845c-90ebf3441e20_JOKER	Hai perso di nuovo il filo, vecchio?
NPC_BEFR_PLAYER_a4d9dcb9-184b-4a1e-845c-90ebf3441e20_SCHOLAR	Qual è il punto del tuo discorso, vecchio?
NPC_BEFR_PLAYER_a4d9dcb9-184b-4a1e-845c-90ebf3441e20_STOIC	Che stai dicendo, vecchio?
NPC_BEFR_PLAYER_a750530f-270a-453d-b614-95bfc7cdccdc_HEROIC	Dunque abbiamo perso il carico per l'imprudenza del corriere?
NPC_BEFR_PLAYER_a750530f-270a-453d-b614-95bfc7cdccdc_JOKER	Quindi il carico è sgusciato fra le dita del corriere, eh?
NPC_BEFR_PLAYER_a750530f-270a-453d-b614-95bfc7cdccdc_SCHOLAR	La perdita del carico è quindi dovuta alla scarsa cautela del corriere?
NPC_BEFR_PLAYER_a750530f-270a-453d-b614-95bfc7cdccdc_STOIC	Quindi il corriere distratto ha perso il carico?
NPC_BEFR_PLAYER_ae902889-03b2-4338-a2af-1246d2d4954b_HEROIC	Dovrebbe turbarti più di così.
NPC_BEFR_PLAYER_ae902889-03b2-4338-a2af-1246d2d4954b_JOKER	Non c'è molto che ti scompigli le piume, eh?
NPC_BEFR_PLAYER_ae902889-03b2-4338-a2af-1246d2d4954b_SCHOLAR	Sembra che la cosa ti tocchi ben poco.
NPC_BEFR_PLAYER_ae902889-03b2-4338-a2af-1246d2d4954b_STOIC	Non sembri molto turbato.
NPC_BEFR_PLAYER_aeb8ab00-19b8-4db7-ac76-ba4778f48cf2_BASE	Perché le creature della foresta dovrebbero evitarti?
NPC_BEFR_PLAYER_b02af012-cef2-4d81-8ff4-55e0ba50f1ed_HEROIC	Non ti ho parlato del Santuario. Chi l'ha fatto?
NPC_BEFR_PLAYER_b02af012-cef2-4d81-8ff4-55e0ba50f1ed_JOKER	Non ho detto niente del Santuario. O sei sveglio, o qualcuno è un gran pettegolo.
NPC_BEFR_PLAYER_b02af012-cef2-4d81-8ff4-55e0ba50f1ed_SCHOLAR	Nessuno ha pronunciato quel nome in tua presenza. Dunque chi, o cosa, te l'ha rivelato?
NPC_BEFR_PLAYER_b02af012-cef2-4d81-8ff4-55e0ba50f1ed_STOIC	Non te l'ho detto. Chi è stato?
NPC_BEFR_PLAYER_b20a99d1-b640-4778-a876-07831c175931_HEROIC	Ti ringrazio, Befr. Come posso farne buon uso?
NPC_BEFR_PLAYER_b20a99d1-b640-4778-a876-07831c175931_JOKER	Grazie, Befr. Che razza di guai posso combinare con questi?
NPC_BEFR_PLAYER_b20a99d1-b640-4778-a876-07831c175931_SCHOLAR	Grazie, Befr. A quale scopo servono?
NPC_BEFR_PLAYER_b20a99d1-b640-4778-a876-07831c175931_STOIC	Grazie, Befr. Cosa posso farci?
NPC_BEFR_PLAYER_b2337e73-950b-4064-85a3-d89fea7d7f83_HEROIC	Il mio tempo vale più di questo. Ho chiuso.
NPC_BEFR_PLAYER_b2337e73-950b-4064-85a3-d89fea7d7f83_JOKER	Io e questa commissione prendiamo strade diverse. Il mio tempo ha delle pretese.
NPC_BEFR_PLAYER_b2337e73-950b-4064-85a3-d89fea7d7f83_SCHOLAR	Posso impiegare meglio il mio tempo altrove. Non proseguirò.
NPC_BEFR_PLAYER_b2337e73-950b-4064-85a3-d89fea7d7f83_STOIC	È una perdita di tempo. Non vedo motivo di continuare.
NPC_BEFR_PLAYER_b277ce8b-2dd3-46a9-bfd0-a59b98e28f62_HEROIC	Se si sta diffondendo, c'è motivo di preoccuparsi.
NPC_BEFR_PLAYER_b277ce8b-2dd3-46a9-bfd0-a59b98e28f62_JOKER	Niente di cui preoccuparsi. A meno che non ti dia fastidio vederla dilagare.
NPC_BEFR_PLAYER_b277ce8b-2dd3-46a9-bfd0-a59b98e28f62_SCHOLAR	È proprio la sua diffusione a richiedere attenzione.
NPC_BEFR_PLAYER_b277ce8b-2dd3-46a9-bfd0-a59b98e28f62_STOIC	Si sta diffondendo.
NPC_BEFR_PLAYER_b3968ad9-4080-44ad-9e4d-86c71880a7f7_HEROIC	Sei un vecchio strano, e te lo dico apertamente.
NPC_BEFR_PLAYER_b3968ad9-4080-44ad-9e4d-86c71880a7f7_JOKER	Sei proprio un bel tipo di vecchio strambo, sai?
NPC_BEFR_PLAYER_b3968ad9-4080-44ad-9e4d-86c71880a7f7_SCHOLAR	Sei un vecchio insolito, sotto ogni aspetto.
NPC_BEFR_PLAYER_b3968ad9-4080-44ad-9e4d-86c71880a7f7_STOIC	Sei un vecchio strano.
NPC_BEFR_PLAYER_bdf6e398-d34f-4d40-a577-eced9b0d804b_BASE	"Ho trovato i tuoi attrezzi."
NPC_BEFR_PLAYER_c0005409-9802-443e-8061-faa9ca7e584c_BASE	Ho incontrato un albero corrotto nella foresta.
NPC_BEFR_PLAYER_c07b54be-42ed-4841-8553-2504341f2b1c_HEROIC	Avrai il mio benvenuto. Anche se non ti ho mai parlato del Santuario.
NPC_BEFR_PLAYER_c07b54be-42ed-4841-8553-2504341f2b1c_JOKER	Volentieri. Però non te ne ho detto nulla, quindi chi ha spifferato?
NPC_BEFR_PLAYER_c07b54be-42ed-4841-8553-2504341f2b1c_SCHOLAR	Ti accoglierei con piacere. Ma il Santuario non è mai stato menzionato. Dove ne hai sentito parlare?
NPC_BEFR_PLAYER_c07b54be-42ed-4841-8553-2504341f2b1c_STOIC	Puoi venire. Non te ne ho mai parlato.
NPC_BEFR_PLAYER_c0f80fea-b386-41bd-af1c-45fec8a26c67_BASE	Cosa intendi per mistero?
NPC_BEFR_PLAYER_c1ed5a7f-999b-4f0a-931f-9a212b68f658_HEROIC	Erano nel cuore di Wildwood, circondati da belve.
NPC_BEFR_PLAYER_c1ed5a7f-999b-4f0a-931f-9a212b68f658_JOKER	Belve da ogni parte, nel cuore di Wildwood. Le passeggiate non annoiano mai.
NPC_BEFR_PLAYER_c1ed5a7f-999b-4f0a-931f-9a212b68f658_SCHOLAR	Nel cuore di Wildwood, accerchiati da belve. Un luogo insolito dove ritrovare degli attrezzi.
NPC_BEFR_PLAYER_c1ed5a7f-999b-4f0a-931f-9a212b68f658_STOIC	Erano circondati da belve, nel cuore di Wildwood.
NPC_BEFR_PLAYER_c33cbf7a-8210-4aa5-a0fe-b6dc63609752_HEROIC	Pochi si aspetterebbero di vederti viaggiare con dei nani. Eppure eccoti qui.
NPC_BEFR_PLAYER_c33cbf7a-8210-4aa5-a0fe-b6dc63609752_JOKER	Ora viaggi con i nani? Le sorprese non finiscono mai.
NPC_BEFR_PLAYER_c33cbf7a-8210-4aa5-a0fe-b6dc63609752_SCHOLAR	È insolito vederti in compagnia di nani.
NPC_BEFR_PLAYER_c33cbf7a-8210-4aa5-a0fe-b6dc63609752_STOIC	Non ti facevo tipo da viaggiare con i nani.
NPC_BEFR_PLAYER_c452793c-55b1-412f-afd3-4e93a72ce67b_HEROIC	Da quanto tempo tu e Heimen siete compagni?
NPC_BEFR_PLAYER_c452793c-55b1-412f-afd3-4e93a72ce67b_JOKER	Tu e Heimen: vecchi amici o nuovi complici?
NPC_BEFR_PLAYER_c452793c-55b1-412f-afd3-4e93a72ce67b_SCHOLAR	Conosci Heimen approfonditamente?
NPC_BEFR_PLAYER_c452793c-55b1-412f-afd3-4e93a72ce67b_STOIC	Conosci bene Heimen?
NPC_BEFR_PLAYER_c685bcdf-07f2-4941-adc1-5108cb8c38d6_HEROIC	È un pensiero nobile. Alla fine il bene prevarrà.
NPC_BEFR_PLAYER_c685bcdf-07f2-4941-adc1-5108cb8c38d6_JOKER	Un bel pensiero. Alla fine il bene vince, fosse anche solo perché campa più degli altri.
NPC_BEFR_PLAYER_c685bcdf-07f2-4941-adc1-5108cb8c38d6_SCHOLAR	Una tesi condivisibile. Nel lungo periodo, il bene tende a prevalere.
NPC_BEFR_PLAYER_c685bcdf-07f2-4941-adc1-5108cb8c38d6_STOIC	Mi piace questo pensiero. Alla fine il bene vince.
NPC_BEFR_PLAYER_d064c3c8-edd5-444c-8f22-82c2a8c5885e_BASE	Dov'è questo pastore?
NPC_BEFR_PLAYER_d47f9602-95fd-45a5-8b0b-78d2576fc005_HEROIC	Non posso rifiutare. Il tuo aiuto ha davvero valore, Befr.
NPC_BEFR_PLAYER_d47f9602-95fd-45a5-8b0b-78d2576fc005_JOKER	Come potrei rifiutare? Il tuo aiuto vale la pena, Befr.
NPC_BEFR_PLAYER_d47f9602-95fd-45a5-8b0b-78d2576fc005_SCHOLAR	Non sarebbe ragionevole rifiutare. Grazie, Befr. Mi sarà utile.
NPC_BEFR_PLAYER_d47f9602-95fd-45a5-8b0b-78d2576fc005_STOIC	Non posso rifiutare. Grazie, Befr.
NPC_BEFR_PLAYER_d8deaf88-f0a3-42dc-a57c-7cdad1a7b3b7_HEROIC	Il bambino era davvero in pericolo, Befr. Ci vuole più serietà.
NPC_BEFR_PLAYER_d8deaf88-f0a3-42dc-a57c-7cdad1a7b3b7_JOKER	Stavamo per perdere un bambino, Befr. Per te quando si comincia a fare sul serio?
NPC_BEFR_PLAYER_d8deaf88-f0a3-42dc-a57c-7cdad1a7b3b7_SCHOLAR	Avrebbe potuto morire, Befr. La cosa merita più peso di quanto tu le attribuisca.
NPC_BEFR_PLAYER_d8deaf88-f0a3-42dc-a57c-7cdad1a7b3b7_STOIC	Il bambino poteva morire, Befr. Sii più serio.
NPC_BEFR_PLAYER_dad01a62-5138-4c6c-a8e7-1b00bdc98f4e_HEROIC	Costruire non mi è congeniale, ma porterò a termine il lavoro.
NPC_BEFR_PLAYER_dad01a62-5138-4c6c-a8e7-1b00bdc98f4e_JOKER	Costruire mi fa dormire, ma posso dare qualche martellata.
NPC_BEFR_PLAYER_dad01a62-5138-4c6c-a8e7-1b00bdc98f4e_SCHOLAR	Costruire non mi interessa, ma imparerò a farlo come si deve.
NPC_BEFR_PLAYER_dad01a62-5138-4c6c-a8e7-1b00bdc98f4e_STOIC	Costruire mi annoia. Ma proverò.
NPC_BEFR_PLAYER_db531225-6ee6-4b06-8186-0c54fb112144_HEROIC	È un golem singolare. Da una simile stazza ci si aspetterebbe più forza.
NPC_BEFR_PLAYER_db531225-6ee6-4b06-8186-0c54fb112144_JOKER	Quel golem è proprio strano. Con tutto quel volume ti aspetti chissà cosa, e invece niente.
NPC_BEFR_PLAYER_db531225-6ee6-4b06-8186-0c54fb112144_SCHOLAR	Un golem insolito. Una tale massa di pietra dovrebbe produrre ben altri risultati.
NPC_BEFR_PLAYER_db531225-6ee6-4b06-8186-0c54fb112144_STOIC	È un golem strano. Da quella stazza ci si aspetta più forza.
NPC_BEFR_PLAYER_dce9cbe6-b4a5-42c5-8426-f02f5f43b842_HEROIC	Mi mostri il punto esatto in cui hai perso gli attrezzi?
NPC_BEFR_PLAYER_dce9cbe6-b4a5-42c5-8426-f02f5f43b842_JOKER	Dove ti sono sgusciati via quegli attrezzi, di preciso?
NPC_BEFR_PLAYER_dce9cbe6-b4a5-42c5-8426-f02f5f43b842_SCHOLAR	Dove hanno lasciato le tue mani, esattamente?
NPC_BEFR_PLAYER_dce9cbe6-b4a5-42c5-8426-f02f5f43b842_STOIC	Dove hai perso gli attrezzi, di preciso?
NPC_BEFR_PLAYER_e1892761-00e9-405e-b1b3-7dbd16b10d60_HEROIC	Concentrati sul compito. Conserva le storie per un altro momento.
NPC_BEFR_PLAYER_e1892761-00e9-405e-b1b3-7dbd16b10d60_JOKER	Pensa al lavoro. Non serve sfoderare tutto il repertorio.
NPC_BEFR_PLAYER_e1892761-00e9-405e-b1b3-7dbd16b10d60_SCHOLAR	Prima il compito. I racconti possono attendere il proprio turno.
NPC_BEFR_PLAYER_e1892761-00e9-405e-b1b3-7dbd16b10d60_STOIC	Pensa al compito. Tieniti le storie.
NPC_BEFR_PLAYER_e18f9f8c-49a1-49ed-91c1-50ffcc206d9f_HEROIC	Il tuo racconto regge poco. Ma se troverò gli attrezzi, te li restituirò.
NPC_BEFR_PLAYER_e18f9f8c-49a1-49ed-91c1-50ffcc206d9f_JOKER	A quella storia servirebbe una lucidata. Ma se trovo gli attrezzi, te li riporto.
NPC_BEFR_PLAYER_e18f9f8c-49a1-49ed-91c1-50ffcc206d9f_SCHOLAR	Il tuo racconto presenta lacune. Ciò detto, se trovo gli attrezzi, li riavrai.
NPC_BEFR_PLAYER_e18f9f8c-49a1-49ed-91c1-50ffcc206d9f_STOIC	Non mi convince. Ma se trovo gli attrezzi, te li riporto.
NPC_BEFR_PLAYER_e238778a-329a-495b-82ea-1e765e50ada5_HEROIC	Molto bene. Il pastore mi vedrà arrivare presto.
NPC_BEFR_PLAYER_e238778a-329a-495b-82ea-1e765e50ada5_JOKER	Si va a cercare il pastore, allora.
NPC_BEFR_PLAYER_e238778a-329a-495b-82ea-1e765e50ada5_SCHOLAR	Molto bene. Ascolterò di persona la versione del pastore.
NPC_BEFR_PLAYER_e238778a-329a-495b-82ea-1e765e50ada5_STOIC	Va bene. Andrò da questo pastore.
NPC_BEFR_PLAYER_e8989f5c-d518-436c-bf39-6eb711dca561_HEROIC	Mi fa piacere dare una mano, anche se il suo animo sembrava oppresso dai dubbi.
NPC_BEFR_PLAYER_e8989f5c-d518-436c-bf39-6eb711dca561_JOKER	Felice di aiutare, ma aveva la speranza di un nuvolone carico di pioggia.
NPC_BEFR_PLAYER_e8989f5c-d518-436c-bf39-6eb711dca561_SCHOLAR	Mi fa piacere essere d'aiuto. Ma per essere un pastore fiducioso, aveva ben poca fiducia.
NPC_BEFR_PLAYER_e8989f5c-d518-436c-bf39-6eb711dca561_STOIC	Aiuto volentieri. Ma non sembrava molto fiducioso.
NPC_BEFR_PLAYER_e93624c1-42f1-4eed-b26a-c8a27f90abaf_BASE	Ho sentito parlare dei Principi Primi, ma chi o cosa sono davvero?
NPC_BEFR_PLAYER_eb4ff7d6-6e6f-40ce-95ad-5764e095bb9f_HEROIC	Parla, e giudicherò se ne sei davvero degno.
NPC_BEFR_PLAYER_eb4ff7d6-6e6f-40ce-95ad-5764e095bb9f_JOKER	Avanti, stupiscimi, se pensi di esserne degno.
NPC_BEFR_PLAYER_eb4ff7d6-6e6f-40ce-95ad-5764e095bb9f_SCHOLAR	Parla, e valuterò se ne sei degno.
NPC_BEFR_PLAYER_eb4ff7d6-6e6f-40ce-95ad-5764e095bb9f_STOIC	Parla. Valuterò se ne sei degno.
NPC_BEFR_PLAYER_eef7a726-fb10-4efc-9e2a-b6b95e6c6d5f_HEROIC	Quegli attrezzi erano nel cuore di una zona pericolosa. Come ne sei uscito illeso?
NPC_BEFR_PLAYER_eef7a726-fb10-4efc-9e2a-b6b95e6c6d5f_JOKER	I tuoi attrezzi si erano scelti l'angolo peggiore della foresta. Come fai a camminare ancora?
NPC_BEFR_PLAYER_eef7a726-fb10-4efc-9e2a-b6b95e6c6d5f_SCHOLAR	I tuoi attrezzi erano nella zona più ostile della foresta. Come sei sopravvissuto?
NPC_BEFR_PLAYER_eef7a726-fb10-4efc-9e2a-b6b95e6c6d5f_STOIC	I tuoi attrezzi erano in una zona pericolosa della foresta. Come sei sopravvissuto là fuori?
NPC_BEFR_PLAYER_eeffb6c8-c22b-4d31-a359-6651bdaad6a6_BASE	Come costruisco fondamenta e muri?
NPC_BEFR_PLAYER_f04da1f0-a5c6-4d96-aa46-eed41466a243_HEROIC	Da quanto tempo lo annoveri fra i tuoi alleati?
NPC_BEFR_PLAYER_f04da1f0-a5c6-4d96-aa46-eed41466a243_JOKER	Da quanto tempo fa parte della tua storia?
NPC_BEFR_PLAYER_f04da1f0-a5c6-4d96-aa46-eed41466a243_SCHOLAR	La vostra amicizia si misura in anni o in ere?
NPC_BEFR_PLAYER_f04da1f0-a5c6-4d96-aa46-eed41466a243_STOIC	Da quanto lo conosci?
NPC_BEFR_PLAYER_f1c03dbb-611d-4c32-a27a-85bfa3db07d2_HEROIC	Il moccioso è stato uno sciocco. La driade l'aveva già preso quando ancora non vedeva il pericolo.
NPC_BEFR_PLAYER_f1c03dbb-611d-4c32-a27a-85bfa3db07d2_JOKER	Il moccioso si è cacciato nei guai, si è fatto acciuffare da una driade e non se n'è nemmeno accorto.
NPC_BEFR_PLAYER_f1c03dbb-611d-4c32-a27a-85bfa3db07d2_SCHOLAR	Pessimo giudizio. Una driade l'ha catturato senza che lui riconoscesse il pericolo.
NPC_BEFR_PLAYER_f1c03dbb-611d-4c32-a27a-85bfa3db07d2_STOIC	Il moccioso è stato sciocco. Una driade l'ha preso e lui non ha visto il pericolo.
NPC_BEFR_PLAYER_f1d7c96d-c022-4b10-84aa-8f6aaf3ab1a5_HEROIC	Se troverò il moccioso, lo esorterò a tornare a casa da sua madre.
NPC_BEFR_PLAYER_f1d7c96d-c022-4b10-84aa-8f6aaf3ab1a5_JOKER	Se vedo il moccioso, gli suggerirò una ritirata strategica dalla mamma.
NPC_BEFR_PLAYER_f1d7c96d-c022-4b10-84aa-8f6aaf3ab1a5_SCHOLAR	Se incontro il moccioso, gli indicherò la porta di casa di sua madre.
NPC_BEFR_PLAYER_f1d7c96d-c022-4b10-84aa-8f6aaf3ab1a5_STOIC	Se trovo il moccioso, gli dirò di correre a casa da sua madre.
NPC_BEFR_PLAYER_f526c967-79e6-4e45-bf9b-6b580cc52a4b_HEROIC	Quale ricompensa mi attende per questo compito?
NPC_BEFR_PLAYER_f526c967-79e6-4e45-bf9b-6b580cc52a4b_JOKER	E qual è il gran premio per il disturbo?
NPC_BEFR_PLAYER_f526c967-79e6-4e45-bf9b-6b580cc52a4b_SCHOLAR	Quale compenso prevede questo accordo?
NPC_BEFR_PLAYER_f526c967-79e6-4e45-bf9b-6b580cc52a4b_STOIC	Cosa ci guadagno?
NPC_BEFR_PLAYER_gggnc8-c22b-4d31-a359-6651bdaad6a6_BASE	Un golem nel bosco mi ha detto che hai una consegna per lui.
NPC_BEFR_PLAYER_mndgfikhg-edd5-444c-8f22-82c2a8c5885e_BASE	Ho aiutato il pastore.
NPC_BEFR_RESPONSE_0212bf0a-0787-416a-b899-c4a0d7419f8e	"Mistero nelle pietre, amico mio, e nel modo in cui sospira il vento. Presto lo sentirai anche tu."
NPC_BEFR_RESPONSE_042e05b0-25e6-4e93-81cb-d4d34790adfc	"Mi chiedi chi sono? Ho ho! Mi chiamano Befr. Sono un mercante itinerante di merci della più eccezionale qualità!"
NPC_BEFR_RESPONSE_0518fd51-fd6d-468d-ac29-1376dfe29083	"È appena fuori dal villaggio, l'unico posto sicuro rimasto ai contadini. Attraversa il ponte e segui la strada principale; lo troverai poco discosto, in cerca del suo gregge con lo sguardo."
NPC_BEFR_RESPONSE_051f25fa-2aae-4b17-9568-0dd81cefe854	"Eccome, amico mio! Sono rari dalle parti di Earlwood, ma il Monte Grandor è tutt'altra cosa. Ce ne sono centinaia, plasmati dall'abilità artigiana e dalla magia."<x1/><x2/><x3/><x4/>"I golem sono un popolo curioso e meraviglioso. Immagina, amico mio: nessuna ombra della fine alle tue spalle, nessun piccolo dolore del tempo che ti sussurra nelle ossa. La loro magia si affievolisce, sì, ma loro non lo sentono. Basilton è ancora più singolare. È più vecchio di me, e si regge ancora in piedi dopo l'equivalente di molte vite di golem."
NPC_BEFR_RESPONSE_05c1c03c-2118-409f-9bb5-ed0e3a9daddf	"Faustas? Ho ho! Lui e io abbiamo percorso insieme qualche decennio di strada, amico. Sta a lui raccontartelo, non a me."
NPC_BEFR_RESPONSE_07d5a7b0-6eab-4bee-9b29-5accc3147bb8	"Ho ho! Diciamo che è un vecchio pasticcio opera di mani ancora più vecchie."<x1/><x2/><x3/><x4/>*Solleva il coperchio di una scatola di latta piena di radici secche e ne ispeziona il contenuto canticchiando.*<x5/><x6/>"La Corruzione? Una ricetta antica quanto la rovina. Opera di Sylbos e di quelle Iniquità, quegli scellerati tentatori. Non c'è troppo da preoccuparsi."
NPC_BEFR_RESPONSE_099b75fa-c9d3-496f-82be-63b57442a126	*Con un sorriso che va da un orecchio all'altro, Befr batte le mani.*<x1/><x2/>"Ho ho! Eccoli qui! I miei piccoli, fedeli tesori, quanto mi siete mancati!"
NPC_BEFR_RESPONSE_0ab69d08-89aa-429c-851b-279460a0e0c3	"Ho ho! Befr sa molte cose, amico mio. Una volta ho fatto una caccia al tesoro con un gruppo di nani. Ah, che meraviglia! Non capivano come facessi a conoscere tutti i loro nascondigli."<x1/><x2/>"Proprio come allora, cosa potrei fare di meglio che unirmi a te in questa grande avventura?"
NPC_BEFR_RESPONSE_0ef7eef3-7011-477b-bcce-5ce8ee8f64d6	"Oho, ci proverò. Ma le storie hanno il vizio di scappare fuori quando la strada si fa lunga."
NPC_BEFR_RESPONSE_0f92ff0f-4971-4049-82d4-f4ea7aa831e6	"Oh, amico mio. Per quanto possano sembrare perdute, non credo che una driade potrebbe mai far del male a un bambino innocente."<x1/><x2/>"Sai, una volta ho passato una settimana con tre sorelle driadi. Oh, che giorni! Annaffiare piante, nutrire animali, spostare acqua... una delizia! Tutto nella foresta è in armonia, amico mio, se lo sei anche tu."<x3/><x4/>"Bene, ora la madre del bambino dovrebbe essere tranquilla. Che meraviglioso lieto fine."<x5/><x6/>"E un eroe merita sempre una ricompensa, non trovi? Per ben due volte hai dimostrato di essere un buon amico di Befr!"<x7/><x8/>*Il vecchio riflette un momento guardando il cielo, con una mano ad accarezzarsi la barba.*<x9/><x10/>"Ho ho! Lo so! La ricompensa migliore di tutte: Befr!"
NPC_BEFR_RESPONSE_11571785-af5d-48e1-af46-79e7c43d71c1	"Ho ho! Un pensiero acuto, e vero a metà, amico mio. La capacità di contare su sé stessi è il fondamento della speranza, certo, ma ne fa parte anche la forza di accettare l'aiuto offerto. Se non sai aiutarti, nessuno può aiutarti, sì; ma se rifiuti l'aiuto degli altri, nemmeno allora qualcuno potrà aiutarti. Ebbene, chi dà una mano a chi spera non dovrebbe restare senza ricompensa. Ecco, prendi questi piccoli semi di speranza, e un po' d'oro per rischiarare anche il tuo cammino, almeno un poco."
NPC_BEFR_RESPONSE_14026b6c-68fc-4d72-bbda-cefe18ce4815	*Befr chiude gli occhi e un ampio sorriso si allarga fra la barba.*<x1/><x2/>"Ho ho! Mi chiedevo quando me l'avresti domandato, amico mio. Questo posto avrebbe bisogno di qualche abbellimento, di crescere un poco, diciamo! Ti prego, accetta questi piccoli doni: progetti per fondamenta e muri, per trasformare questo bell'accampamento in una vera casa."
NPC_BEFR_RESPONSE_146b03aa-e558-420c-b52f-6290118a3d11	*Spolvera un piccolo sgabello di cuoio accanto al carro.*<x1/><x2/>"Ho ho! Heimen Thaldrik, una voce di ghiaia che canta e una barba da cespuglio intrecciato. Mi fa piacere sapere che è tornato a Earlwood."
NPC_BEFR_RESPONSE_17c9f86a-0de1-4c5a-99ef-c3ac9d5c676f	"Ma questo è il Villaggio di Earlwood! In tutti i miei viaggi, amico mio, non ho mai incontrato un insieme di persone più ammirevole di questo."
NPC_BEFR_RESPONSE_19204c45-75c1-4a1a-a67d-554ee4f70284	*Con un bastone intagliato scosta un po' di muschio dal predellino del carro.*<x1/><x2/>"Ho ho! Questa Corruzione è una faccenda molesta, non trovi? Pensa, molti dei miei amici della foresta non mi rivolgono più la parola. Le mie passeggiate mattutine sono diventate piuttosto solitarie."
NPC_BEFR_RESPONSE_1df2707c-3cfc-4691-94f9-075e97b3230e	"Ho ho! Basilton? Ah, quella sì che è un'anima gentile. Trascorre i suoi giorni un po' discosto dagli altri, sì, ma questo non lo rende da meno. Solo, forse. Smarrito, a volte. Eppure è uno dei migliori golem che abbia avuto il piacere di conoscere."
NPC_BEFR_RESPONSE_25973546-a0d7-4872-8b74-48ff076b8667	"Non soltanto una mente, amico mio. Una volontà. Ed è quella la cosa più rara."
NPC_BEFR_RESPONSE_298b7408-b401-47cf-b8f7-98a86c09b317	"Su, su, amico mio, non occorre essere tanto duri né tanto precipitosi."<x1/><x2/><x3/><x4/>*Befr posa le mani intrecciate sulla bisaccia; ha uno sguardo affettuoso e la sua voce assume la dolce cadenza di un narratore.*<x5/><x6/>"La speranza si nasconde anche negli angoli più impensati, amico mio. Che lui o tu riusciste a vederla o meno, c'era una via per lui e per il suo gregge... e quella speranza eri tu. Dove sembrava non esserci speranza, alla fine è tornata la fiducia. Ho ho!"
NPC_BEFR_RESPONSE_29e00116-deef-4c56-a389-8a5712895fe2	"Esattamente, amico mio! E chi dà una mano a chi spera non dovrebbe restare senza ricompensa. Ecco, prendi questi piccoli semi di speranza, e un po' d'oro per rischiarare anche il tuo cammino, almeno un poco."
NPC_BEFR_RESPONSE_2d41bb0d-7cd0-4c15-9638-0b320962f07f	"Fantastico!"<x1/><x2/>"Sai, una volta ho passato una settimana con tre sorelle driadi. Oh, che giorni! Annaffiare piante, nutrire animali, spostare acqua... una delizia! Tutto nella foresta è in armonia, amico mio, se lo sei anche tu."<x3/><x4/>"Bene, ora la madre del bambino dovrebbe essere tranquilla. Che meraviglioso lieto fine."<x5/><x6/>"E un eroe merita sempre una ricompensa, non trovi? Per ben due volte hai dimostrato di essere un buon amico di Befr!"<x7/><x8/>*Il vecchio riflette un momento guardando il cielo, con una mano ad accarezzarsi la barba.*<x9/><x10/>"Ho ho! Lo so! La ricompensa migliore di tutte: Befr!"
NPC_BEFR_RESPONSE_2d7162cc-3f0b-45a2-987f-1cc33e9a5fd8	"Ho ho! Ma stavo solo facendo una passeggiata nella foresta. Niente di losco, amico mio."
NPC_BEFR_RESPONSE_35895c1e-86ac-4e74-8116-5567c533b15f	"Una posizione ragionevole. Accertati soltanto che l'attesa non ti costi un amico prezioso."
NPC_BEFR_RESPONSE_3df8057e-f764-42a3-88cc-4b2926ba6f9f	"Magnifico! Allora cominciamo, mano nella mano e a occhi aperti. Ho ho!"
NPC_BEFR_RESPONSE_3e3743c9-9588-4196-b9a8-cfb1d4c41475	*Gli occhi di Befr si spalancano alle tue parole e il suo sorriso si dispiega sotto la barba.*<x1/><x2/>"Ho ho! Fantastico, amico mio! Riempie di gioia questo vecchio cuore sapere che il Pastore fiducioso ha ricevuto aiuto e che il suo gregge è salvo."
NPC_BEFR_RESPONSE_3f4cc99f-15c7-4b13-a112-66394e2d52c1	"La foresta, naturalmente! Quella vecchia burlona verde adora nascondermi le cose."
NPC_BEFR_RESPONSE_435b5377-2184-40ce-ae95-7bd4a3fb3844	"Molte cose. La loro visione allegra della vita, la loro maestria con le parole e alla fucina, le loro barbe fantastiche. La mia l'ho fatta crescere in onore di due nani conosciuti in gioventù."
NPC_BEFR_RESPONSE_49101c56-6d4c-4e9c-82a1-495be74538f9	"Ho ho! Allora lascia che il vecchio Befr lo spieghi con semplicità. I golem nascono quando si lega la magia alla materia. Quella magia dà loro forma e pensiero; è ciò che li muove. Ma con gli anni si disperde, silenziosa come un respiro attraverso un panno. Non si sentono più deboli. Non sanno che l'ultimo istante è vicino. Poi, di colpo, l'ultima scintilla li abbandona e il corpo si disfa."
NPC_BEFR_RESPONSE_49dd76a5-60b9-4b29-acf5-d537ce889189	"Sì, credo sia vero. La foresta l'ha tenuto stretto, e Basilton gliel'ha permesso."<x1/><x2/><x3/><x4/>"Lascia che ti racconti una storia, amico mio. Ho conosciuto Basilton negli anni dei miei vagabondaggi, quando la barba era più corta e i miei stivali due volte più sciocchi. Ero appena stato in visita dagli elfi, se la memoria non m'inganna, quando l'aria della foresta si fece dolce. Fiori, capisci. Non comuni corolle sul ciglio della strada. Qualcosa di intenso e insolito. Seguii il profumo, come ogni sciocco assennato, e trovai un giardino così bello da dimenticare del tutto la strada. Poi il terreno si mosse, un'aiuola si sollevò e Basilton si alzò accanto a me. Lodai il suo giardino. Lui mi ascoltò con gentilezza. E fu tutto: un'amicizia piantata con un complimento sincero."
NPC_BEFR_RESPONSE_4ad58745-9ff7-42db-bdce-b7b4e8b83f04	"Ho ho! Basilton? Santo cielo, quanto mi è mancata quella grande anima di terra e radici."<x1/><x2/>*Il sorriso di Befr si accentua sotto la barba bianca e lui dà un colpetto alla bisaccia, come per farsi forza.*<x3/><x4/>"E il fertilizzante, sì... la faccenda ha preso una piega spiacevole."<x5/><x6/>*La sua allegria si attenua per un istante e gli occhi si stringono, pensosi.*<x7/><x8/>"L'ultimo carico è stato preso dai goblin lungo la strada, prima ancora di giungere nelle mie mani. Da allora aspetto una nuova partita."<x9/><x10/>*Scuote appena il capo in segno di disapprovazione, poi si sforza di restituire calore alla voce.*<x11/><x12/>"Miserabili piccoli predoni, oho. Se avessi saputo che Basilton era in condizioni tanto gravi, avrei agito prima."
NPC_BEFR_RESPONSE_4c8881cd-4904-4d96-b78e-2b74e3b1a0f8	"Degno, dici? Ho ho! Lascia che ti spieghi, amico mio: potresti trovare questa faccenda più che degna di te."<x1/><x2/><x3/><x4/>*Befr chiude gli occhi e inspira lentamente, con affetto, come se stesse per narrare una vecchia storia prediletta.*<x5/><x6/>"Non è affatto per me, amico mio! È per qualcuno di molto più meritevole. Appena fuori dal paese c'è un pastore fiducioso, uno degli ultimi che ci restano, a vegliare sul suo prezioso gregge. Oh, ma ha i recinti rotti e le pecore sparse per i campi. Mi duole vederlo così... e ne soffre anche il villaggio, perché quelle pecore tengono al caldo i nostri rifugiati nelle notti fredde."
NPC_BEFR_RESPONSE_4ca3459c-ce9e-4c3b-bca7-2fcee700112b	"Su, su, amico mio, prova. Non si sa mai dove possa germogliare una nuova passione."<x1/><x2/><x3/><x4/>*Befr posa le mani sulla bisaccia e guarda il tuo accampamento con quieta soddisfazione.*<x5/><x6/>"Avanti allora, amico mio, costruisciti una vera casa. Se ti manca il legno, dovrai tornare nelle terre selvagge a raccoglierne. Nessun problema per te, mio abilissimo compagno. Quando hai finito non occorre tornare a riferirmelo. Ammirerò il tuo bel lavoro dal mio umile carro e sorriderò fra me."
NPC_BEFR_RESPONSE_4ce65f3f-66df-4fcf-b871-17731bc1b8d0	"Oh, meglio di quasi tutti, amico mio. Meglio di quasi tutti!"<x1/><x2/><x3/><x4/>*Srotola una mappa segnata dall'uso e picchietta su un sentiero tracciato con inchiostro sbiadito.*<x5/><x6/>"Lo conosco da molti anni. L'ho incontrato la prima volta che è venuto a Earlwood, e per un periodo abbiamo viaggiato insieme. Oh, quanto amo le sue canzoni. I nani sono compagni di viaggio davvero rinvigorenti, non trovi?"
NPC_BEFR_RESPONSE_4eb18059-e89c-4a4f-8f51-d19147e6e5dc	"Ah, un po' di questo e un po' di quello. Un posto così risveglia vecchi mestieri e istinti ancora più antichi."<x1/><x2/><x3/><x4/>*Apre la chiusura di una custodia d'ottone appesa al fianco del carro e posa una fiala luminosa su una cassa.*<x5/><x6/>"Ah, ma io sono soltanto un umile mercante, amico mio. Eppure vedo qualcosa di raro in te. Un cuore buono, e una parte da svolgere nella tempesta che si avvicina. Ti darò l'aiuto che posso: merci, consigli, forse qualche comodità per questa strana nuova casa."
NPC_BEFR_RESPONSE_5334e07a-27a9-4fc4-8161-987bdb62b49d	"Comincia dalle piccole cose. Offri una mano e guarda come viene stretta. Poi offrila ancora."
NPC_BEFR_RESPONSE_54136ce8-7a3e-4c0a-81d9-85e01dfe9973	"Pietra e fiume nello stesso respiro. Chiedi alla taverna e sentirai con le tue orecchie."
NPC_BEFR_RESPONSE_5f8bca76-1583-471d-8a95-2bc7f5b89919	"Gentile da parte tua dirlo! E anche accorgertene. Pochi ci riescono al primo sguardo. Le pietre ricordano."<x1/><x2/><x3/><x4/>*Volge il viso al vento, con gli occhi socchiusi.*<x5/><x6/>"Sento la magia scorrere nell'aria, qui, e proprio accanto abbiamo delle enigmatiche strutture degli Antichi. Che meraviglia! Faustas adorerebbe questo posto."
NPC_BEFR_RESPONSE_60e1d050-8bbc-421a-aff0-cfcfb947696e	"Ho ho! Questo è lo spirito giusto."<x1/><x2/>*Annuisce con energia, quasi ti congedasse con la benedizione di un artigiano.*<x3/><x4/>"Avanti, allora. Riporta il carico prima che venga calpestato, contaminato o venduto."
NPC_BEFR_RESPONSE_61e63cfa-92b6-4a60-9629-2f4dbfc412fc	"Ho ho! Amico mio, qualunque cosa accada intorno a noi, c'è sempre un motivo per essere allegri, basta cercarlo!"
NPC_BEFR_RESPONSE_681fcfe1-354a-4dc1-84a1-3aaea55e0fa2	"Meraviglioso! Mi accomodo da solo. Non badare al disordine: mi segue."
NPC_BEFR_RESPONSE_68ef03af-4d05-44ce-88b2-f419cf83dcf8	"Ho ho! Per tua fortuna, allora, ho portato sia ringraziamenti sia servigi."<x1/><x2/><x3/><x4/>"Viviamo un'ora strana, amico mio. Strade difficili, svolte insolite. Ed enigmi che non si risolveranno da soli. Ma non vedo l'ora di affrontarli insieme a te. Ripareremo ciò che possiamo, impareremo ciò che serve e, strada facendo, raccoglieremo qualche storia che valga la pena raccontare."
NPC_BEFR_RESPONSE_69279dbf-ca98-44eb-9a06-cdaff81d5570	"Ah! Occhio acuto, amico mio. Sì, contavo le tue buone azioni, e il numero è cresciuto proprio bene. Il villaggio aiutato, la strada resa più sicura, il giovane Armin sottratto sano e salvo al pericolo delle driadi... Ho ho! Un lavoro di ottima fattura."
NPC_BEFR_RESPONSE_6c23f8d1-5d1d-4f37-972f-b33c4cde0e6e	"Ho ho! Oh, ai miei tempi ho visto di molto peggio. La Corruzione è soltanto un'ombra, e le ombre passano quando la luce si sposta nel modo giusto."<x1/><x2/><x3/><x4/>*Solleva il coperchio di una scatola di latta piena di radici secche e ne ispeziona il contenuto canticchiando.*<x5/><x6/>"La Corruzione? Una ricetta antica quanto la rovina. Opera di Sylbos e di quelle Iniquità, quegli scellerati tentatori. Non c'è troppo da preoccuparsi."
NPC_BEFR_RESPONSE_6f48c351-b8bc-4a0d-99b4-1c2f7c0ad42a	"Ho ho! Eccellente. Com'è andata la prima avventura del virgulto?"
NPC_BEFR_RESPONSE_71f15e5c-8076-4343-9145-0b69cfb4be7e	"Te la concedo volentieri, amico mio. La fiducia è più leggera da portare quando è ben meritata."<x1/><x2/><x3/><x4/>"Viviamo un'ora strana, amico mio. Strade difficili, svolte insolite. Ed enigmi che non si risolveranno da soli. Ma non vedo l'ora di affrontarli insieme a te. Ripareremo ciò che possiamo, impareremo ciò che serve e, strada facendo, raccoglieremo qualche storia che valga la pena raccontare."
NPC_BEFR_RESPONSE_76a02089-0640-47ef-9442-0ab5d50a3e34	"Una driade, dici? Il giovanotto ha visto per la prima volta una di quelle maliarde della foresta! Doveva essere estasiato!"
NPC_BEFR_RESPONSE_781ba44a-0bac-4c1e-8056-67420ea0519d	"Temo che il villaggio, anzi, il mondo, stia vivendo un capitolo oscuro, amico mio. Quel furfante di Sylbos ci ha scatenato contro le forze più oscure di questo mondo e dell'altro. Quei diabolici goblin che vedi là fuori sono soltanto una parte del problema. La foresta stessa si è rivoltata contro di noi. Benedizioni su tutti noi, amico mio."
NPC_BEFR_RESPONSE_7b5e726e-257a-40b0-9603-d352db5602e1	"Ho ho! Mi dispiace che recuperarli ti abbia dato tanto da fare, amico mio. Di solito gli amici della foresta non sarebbero così aggressivi."<x1/><x2/>"Ma ultimamente c'è un'ombra sotto le foglie. I miei amici non cantano più come una volta."<x3/><x4/>"Molto tempo fa udii un racconto: questa foresta sarebbe il respiro di Ceres fatto verde, governato da nobili re nascosti nella corteccia e nelle radici."<x5/><x6/>"Ma ora qualcosa ha perso la via. È come se avessero dimenticato chi erano. Come foglie prese nella tempesta, che si rivoltano contro il vento..."<x7/><x8/>*Abbassa gli occhi, pensieroso; poi, all'improvviso, gli scintillano e il largo sorriso ritorna.*<x9/><x10/>"Ora basta malinconia! Una bella storia finisce sempre con un dono. Prendi queste pozioni, e che ti siano utili."<x11/><x12/>"Non sparire, mi raccomando! Al mio banco ti aspettano sempre un racconto caloroso e un tè ancora più caldo."
NPC_BEFR_RESPONSE_806f86ba-e7ec-4aa6-b4ec-026ca4029f45	"Scommetterei che col tempo cambierai musica. Sa sostenere il peso delle proprie parole. Una qualità rara."<x1/><x2/><x3/><x4/>*Si liscia le punte della barba e canticchia piano qualche battuta di una melodia nanica.*<x5/><x6/>"Di rado incontrerai un uomo migliore: il suo cuore tende alla Verità, alla Bellezza e al Bene. Meglio andare incontro agli altri con la mano aperta, dico sempre."
NPC_BEFR_RESPONSE_81892444-4b76-4483-a6c4-566bd9705eda	"Aspettare? Ho ho! No, amico, fare ciò che è giusto, anche quando non fa rumore."
NPC_BEFR_RESPONSE_8201932b-cb75-41ca-ac7f-2eeff90df1ef	"Bene, bene... aiutalo, e quando tornerai da me troveremo qualcosa che ripaghi il tuo disturbo."
NPC_BEFR_RESPONSE_8b69c4ea-53b8-4fc6-ada2-97f31be76df2	"Ho ho! Questo è lo spirito giusto, amico mio. Potresti ancora sorprenderti. Buona fortuna!"
NPC_BEFR_RESPONSE_8d260c3e-d0b5-4e77-9103-0d84ac3c45d9	"Ho ho! Grazie, amico. Dormirò sonni tranquilli sapendo che i miei vecchi compagni torneranno presto da me."
NPC_BEFR_RESPONSE_8dee24c4-b506-40fc-ad7e-0791081a3851	"Ho ho! Non è un caso disperato! Lo definirei un modello di speranza: ha soltanto bisogno di una mano."<x1/><x2/><x3/><x4/>*Befr allarga le mani, disegnando nell'aria fra voi i contorni del compito.*<x5/><x6/>"Aiutalo a riparare il recinto e a riportarci dentro le pecore. Mostra un po' di carità a quell'anima fiduciosa, amico mio, e avrai tutta la mia gratitudine."
NPC_BEFR_RESPONSE_9356993d-f18e-4779-81d3-e5684a44ac8c	"Ho ho! Non giudicare mai un'anima dall'espressione del viso, amico mio."<x1/><x2/><x3/><x4/>*Befr posa le mani intrecciate sulla bisaccia; ha uno sguardo affettuoso e la sua voce assume la dolce cadenza di un narratore.*<x5/><x6/>"La speranza si nasconde anche negli angoli più impensati, amico mio. Che lui o tu riusciste a vederla o meno, c'era una via per lui e per il suo gregge... e quella speranza eri tu. Dove sembrava non esserci speranza, alla fine è tornata la fiducia. Ho ho!"
NPC_BEFR_RESPONSE_95d2f952-f458-4d26-945b-14da4c995c4b	"Ho ho! Mi piace vagabondare, ma sempre con uno scopo, amico. Sempre con uno scopo!"<x1/><x2/><x3/><x4/>*Apre la chiusura di una custodia d'ottone appesa al fianco del carro e posa una fiala luminosa su una cassa.*<x5/><x6/>"Ah, ma io sono soltanto un umile mercante, amico mio. Eppure vedo qualcosa di raro in te. Un cuore buono, e una parte da svolgere nella tempesta che si avvicina. Ti darò l'aiuto che posso: merci, consigli, forse qualche comodità per questa strana nuova casa."
NPC_BEFR_RESPONSE_970a2896-1a89-4e64-86b5-0f06a5616a6c	"Ho ho! Sua madre era piuttosto sconvolta. Sosteneva che fosse colpa mia, che i miei racconti avessero convinto il bambino di poter diventare un avventuriero anche lui. È filato dritto nella foresta!"
NPC_BEFR_RESPONSE_98ab2fe7-1bfe-4ffa-a235-0ae9edcbc33e	"Quasi tutti a Mirkea ne conoscono i nomi, sì, ma sono meno quelli che li ascoltano. Sussurrano attraverso le virtù e ci guidano nei silenzi. Li hai incontrati, anche senza rendertene conto."
NPC_BEFR_RESPONSE_9a2f86ea-09f1-4c0e-86f8-b2ebf1e6f46f	"Il disegno affiora come la luce del mattino fra le foglie. Credo che riuscirai a scorgerlo."
NPC_BEFR_RESPONSE_a2b9ea84-6c1c-47ed-9331-a6b874a4c2d4	"Oho, attenzione. Un corpo grande non promette per forza un gran pugno. A volte è soltanto la natura che fa spazio a un cuore generoso."<x1/><x2/><x3/><x4/>"I golem sono un popolo curioso e meraviglioso. Immagina, amico mio: nessuna ombra della fine alle tue spalle, nessun piccolo dolore del tempo che ti sussurra nelle ossa. La loro magia si affievolisce, sì, ma loro non lo sentono. Basilton è ancora più singolare. È più vecchio di me, e si regge ancora in piedi dopo l'equivalente di molte vite di golem."
NPC_BEFR_RESPONSE_a44308ff-3ce2-4dad-aea7-326cad78ecc7	"Allora cerchi il tipo sbagliato di straordinarietà. Certe meraviglie sussurrano."<x1/><x2/><x3/><x4/>"Ho ho! Una volta mi sono spinto un po' troppo lontano e mi sono ritrovato vicino a un'assemblea della gente della foresta. Per puro caso, naturalmente. Nessuno si era accorto del vecchio Befr, e la curiosità è una capretta testarda, così sono rimasto ad ascoltare. Pareva una questione di disciplina, e chi c'era al centro? La nostra cara Myrll. Aveva protestato perché Ceres permetteva di cacciare un maggior numero di piccole prede. Immagina, amico mio. Una driade che si oppone alla volontà di Ceres. Davvero curioso."
NPC_BEFR_RESPONSE_a53f4586-1e90-4d18-9d0e-b62de550e5f3	"Oho! Allora prendi almeno questo: chi non si ferma mai a guardare i fiori dimentica perché la strada conta."
NPC_BEFR_RESPONSE_a58f9b2f-e31b-4514-8779-ab6c9ebf54e1	"Ho ho! Allora mettiamoci all'opera, amico mio. Il buon lavoro aspetta mani volenterose."
NPC_BEFR_RESPONSE_a8e5ef1c-8f49-49e6-a7b7-61fc0fa3f633	"Oh, sì! Ecco, vedi, amico mio, pare che abbia lasciato fuori posto alcuni dei miei attrezzi più cari. Sono indispensabili per il mio mestiere."
NPC_BEFR_RESPONSE_a99cb744-65bc-4f36-8011-aec5a95afe5b	"Ho ho! Myrll è un'anima cara. Parla piano, sì, ed è timida come una foglia giovane sotto le intemperie, ma ha calore dentro di sé. Mi fa piacere che sia venuta con noi, amico mio. Un cuore buono è un'aggiunta tutt'altro che trascurabile."
NPC_BEFR_RESPONSE_abb0e7ae-5a38-4b18-9131-d387436f2a9b	"Ho ho! Imprudente? No. Fortunato."<x1/><x2/>*Befr alza una mano, con fermezza ma senza durezza.*<x3/><x4/>"È fuggito con la pelle intatta, e non è una vittoria da poco."<x5/><x6/><x7/><x8/>"I goblin l'hanno trascinato oltre il limitare della foresta, se il racconto è vero."<x9/><x10/>*Befr si raddrizza e ritrova la sua vivacità, quasi avesse deciso quale piega dare alla giornata.*<x11/><x12/>"Significa che abbiamo del lavoro da fare, amico mio."<x13/><x14/>*Batte due dita l'una contro l'altra, contando passaggi che soltanto lui vede.*<x15/><x16/>"Recuperiamo il fertilizzante, quel carico rubato, e rimettiamo le cose a posto per Basilton."
NPC_BEFR_RESPONSE_aeb14790-2342-4fd7-89a6-78db90e5cc16	"Ma posso unirmi alla tua piccola compagnia. Posso raggiungerti a casa tua, al Santuario!"
NPC_BEFR_RESPONSE_b01a12e8-1b06-48e9-8de0-22a1161a1a74	"Ah, amico mio... chi fabbrica attrezzi lo impara presto."<x1/><x2/>*La sua voce rimane gentile, ma non cede.*<x3/><x4/>"Certi lavori sono noiosi, ma necessari. Basilton non dovrebbe soffrire per la nostra impazienza."
NPC_BEFR_RESPONSE_b29534e5-b8d6-44fa-98bd-4d55153b2107	"Voglio che tu costruisca, amico mio! Muri solidi e un vero tetto sopra la testa. Basta dormire in tenda con il vecchio Befr a vegliare su di te."<x1/><x2/><x3/><x4/>*Befr posa le mani sulla bisaccia e guarda il tuo accampamento con quieta soddisfazione.*<x5/><x6/>"Avanti allora, amico mio, costruisciti una vera casa. Se ti manca il legno, dovrai tornare nelle terre selvagge a raccoglierne. Nessun problema per te, mio abilissimo compagno. Quando hai finito non occorre tornare a riferirmelo. Ammirerò il tuo bel lavoro dal mio umile carro e sorriderò fra me."
NPC_BEFR_RESPONSE_b2f3178c-934e-4f11-82cf-1a2216503e9d	"Magnifico! Un cuore in sintonia con il ritmo dei tempi lunghi. Più raro di quanto si pensi."
NPC_BEFR_RESPONSE_b30a3865-62e5-4d10-a67e-099b532cd81c	"Oho, non precipitiamo i giudizi. Un ramo può piegarsi e restare saldo. Le driadi non sono deboli soltanto perché non sferragliano come un'armatura."<x1/><x2/><x3/><x4/>"Myrll è speciale, sai. In modo discreto, bada bene, senza arrivare in marcia fra stendardi e fanfare. È più vicina a noi della maggior parte delle driadi. Molte della sua specie sembrano così lontane che potrebbero già avere un piede nel regno di Lumen."
NPC_BEFR_RESPONSE_b3595b77-471a-436d-ac3c-b7a36c9e35a2	"Una triste verità, amico mio. La corruzione ha reso pericoloso avvicinarle, ma anche in tempi più miti le driadi tendevano raramente la mano ai mortali."<x1/><x2/><x3/><x4/>"Ho ho! Una volta mi sono spinto un po' troppo lontano e mi sono ritrovato vicino a un'assemblea della gente della foresta. Per puro caso, naturalmente. Nessuno si era accorto del vecchio Befr, e la curiosità è una capretta testarda, così sono rimasto ad ascoltare. Pareva una questione di disciplina, e chi c'era al centro? La nostra cara Myrll. Aveva protestato perché Ceres permetteva di cacciare un maggior numero di piccole prede. Immagina, amico mio. Una driade che si oppone alla volontà di Ceres. Davvero curioso."
NPC_BEFR_RESPONSE_ba11cf6c-db0c-4bab-91c5-b1fda849e436	"Ho ho! Grazie, amico mio. Un simile entusiasmo fa bene a un cuore vecchio!"<x1/><x2/><x3/><x4/>*Befr chiude gli occhi e inspira lentamente, con affetto, come se stesse per narrare una vecchia storia prediletta.*<x5/><x6/>"Non è affatto per me, amico mio! È per qualcuno di molto più meritevole. Appena fuori dal paese c'è un pastore fiducioso, uno degli ultimi che ci restano, a vegliare sul suo prezioso gregge. Oh, ma ha i recinti rotti e le pecore sparse per i campi. Mi duole vederlo così... e ne soffre anche il villaggio, perché quelle pecore tengono al caldo i nostri rifugiati nelle notti fredde."
NPC_BEFR_RESPONSE_bbd89735-8960-4855-9cdf-888331169dd2	"Ho ho! Necessità, dovere, destino: chiama l'incudine come vuoi. Se il lavoro è ben fatto, loderò comunque la mano che l'ha compiuto."<x1/><x2/><x3/><x4/>"Forse non ne vedi ancora l'intero disegno. Eppure hai fatto più di quanto pensi. Fidati del vecchio Befr. Questi occhi hanno visto molte strade, e sanno ancora riconoscere un viandante che valga la pena seguire. Quando ti ho visto la prima volta, ho scorto una promessa. Ma non mi aspettavo che la mantenessi così presto. Ecco perché ti ho raggiunto al Santuario. Earlwood era in buone mani."
NPC_BEFR_RESPONSE_c1eb73b8-f8c9-4ed3-97f0-62fc9703b544	"Bello, vero? Una parola gentile è un piccolo seme, ma può mettere radici profonde."
NPC_BEFR_RESPONSE_c3c13920-fa5c-4e27-b030-f2be754e130f	"Ho ho! Un gran bel divertimento, vero? Costruire mi rallegra sempre la giornata. Buona fortuna!"
NPC_BEFR_RESPONSE_c78b2c97-ef07-48d4-92bc-daf802f9d5c9	"Ho ho! Pericolo? Non per il vecchio Befr! Ma se gli alberi sussurrano il mio nome e gli scoiattoli mi devono dei favori!"<x1/><x2/>"Ma ultimamente c'è un'ombra sotto le foglie. I miei amici non cantano più come una volta."<x3/><x4/>"Molto tempo fa udii un racconto: questa foresta sarebbe il respiro di Ceres fatto verde, governato da nobili re nascosti nella corteccia e nelle radici."<x5/><x6/>"Ma ora qualcosa ha perso la via. È come se avessero dimenticato chi erano. Come foglie prese nella tempesta, che si rivoltano contro il vento..."<x7/><x8/>*Abbassa gli occhi, pensieroso; poi, all'improvviso, gli scintillano e il largo sorriso ritorna.*<x9/><x10/>"Ora basta malinconia! Una bella storia finisce sempre con un dono. Prendi queste pozioni, e che ti siano utili."<x11/><x12/>"Non sparire, mi raccomando! Al mio banco ti aspettano sempre un racconto caloroso e un tè ancora più caldo."
NPC_BEFR_RESPONSE_cc0f1f86-0bea-4885-80df-e8dbbc5f6371	"Il vecchio Sylbos vuole riscrivere il mondo con il proprio inchiostro. Ma l'inchiostro cola, amico, e le pagine si voltano."<x1/><x2/><x3/><x4/>*Sfiora un sonaglio a vento appeso alla tenda e lo guarda oscillare.*<x5/><x6/>"Ho ho! I tempi possono essere buoni o cattivi. Ma finché ci sarà chi vuole perseguire il Bene, i tempi tenderanno sempre a migliorare, con abbastanza anni a disposizione. Quando hai vissuto quanto me, scorgi il disegno in tutto questo. I Principi Primi, che ci guidano avanti in silenzio."
NPC_BEFR_RESPONSE_d1084584-9e44-4b5f-aa06-170a1206a8c9	"E lo fai bene. C'è chi mena colpi alla cieca contro i guai. Tu, amico mio, hai cominciato a colpire dove conta."<x1/><x2/><x3/><x4/>"Forse non ne vedi ancora l'intero disegno. Eppure hai fatto più di quanto pensi. Fidati del vecchio Befr. Questi occhi hanno visto molte strade, e sanno ancora riconoscere un viandante che valga la pena seguire. Quando ti ho visto la prima volta, ho scorto una promessa. Ma non mi aspettavo che la mantenessi così presto. Ecco perché ti ho raggiunto al Santuario. Earlwood era in buone mani."
NPC_BEFR_RESPONSE_d191720f-dba3-4b7c-b6a6-75b4b4b45e44	"Ho ho! Oh, il ragazzo cerca soltanto di essere all'altezza dell'uomo che sogna di diventare. Non è splendido?"<x1/><x2/>"Ma dovremmo andare a prenderlo. È passato un po' di tempo, e sua madre ne ha avuto abbastanza per calmarsi."<x3/><x4/>"Se sei in giro per la foresta e lo vedi, mandalo a casa."
NPC_BEFR_RESPONSE_d62c145a-95e0-4a57-9621-abed478fa6d3	"Si diffonde, sì. Ma certe tempeste annegano la foresta, altre si limitano ad annaffiare le radici."<x1/><x2/><x3/><x4/>*Sfiora un sonaglio a vento appeso alla tenda e lo guarda oscillare.*<x5/><x6/>"Ho ho! I tempi possono essere buoni o cattivi. Ma finché ci sarà chi vuole perseguire il Bene, i tempi tenderanno sempre a migliorare, con abbastanza anni a disposizione. Quando hai vissuto quanto me, scorgi il disegno in tutto questo. I Principi Primi, che ci guidano avanti in silenzio."
NPC_BEFR_RESPONSE_d74d93e3-02d2-47f3-8699-5f10d0c9b181	"Oho, non è cosa da poco. La gente della foresta è legata strettamente a Ceres. Sentirne la volontà e avere comunque il coraggio di opporvisi? Richiede più forza di quanto molti immaginino."
NPC_BEFR_RESPONSE_ddedde27-60ef-473a-83e5-3373079b6767	"Semplicissimo. Apri il tuo bel menu di costruzione, vai a Strutture e seleziona una fondazione. I muri devono essere collegati alle fondamenta, quindi costruisci prima quelle. Dopo, il mondo è tuo!"
NPC_BEFR_RESPONSE_e0161d95-8915-4792-96ee-879305bdb806	"Ho ho! Splendido, amico mio! Vai da lui, poi torna quando avrai finito e parleremo ancora."
NPC_BEFR_RESPONSE_e3ab8df8-573f-4caf-b10d-8ed971832a91	"Te, amico mio. Me. Tutti noi. Ci vogliono asserviti, con i loro desideri al posto della nostra volontà. Attraverso di noi, questo mondo meraviglioso sarà tutto loro."
NPC_BEFR_RESPONSE_e3de17ab-cb4d-4431-8007-2f4c1a57441e	"Ah, lo vedi anche tu. C'è in lui una saldezza che dà stabilità a tutta una stanza, anche quando canta."<x1/><x2/><x3/><x4/>*Si liscia le punte della barba e canticchia piano qualche battuta di una melodia nanica.*<x5/><x6/>"Di rado incontrerai un uomo migliore: il suo cuore tende alla Verità, alla Bellezza e al Bene. Meglio andare incontro agli altri con la mano aperta, dico sempre."
NPC_BEFR_RESPONSE_e44d7c2a-6df6-4a6a-9b19-99e1d867b9d9	*Befr scoppia in una risata fragorosa.*<x1/><x2/>"Ho ho! Che splendida notizia, amico mio. Non vedo l'ora di sentire i racconti del giovanotto."
NPC_BEFR_RESPONSE_e74ee320-9eb1-486c-bd86-f22a0cb40408	"Ho ho! Le montagne sono soltanto vecchi giganti che hanno imparato a stare seduti. Quassù c'è ancora molto che valga la pena ascoltare nel vento."<x1/><x2/><x3/><x4/>*Volge il viso al vento, con gli occhi socchiusi.*<x5/><x6/>"Sento la magia scorrere nell'aria, qui, e proprio accanto abbiamo delle enigmatiche strutture degli Antichi. Che meraviglia! Faustas adorerebbe questo posto."
NPC_BEFR_RESPONSE_e8e76f6e-41e3-4bec-b8f2-e55453c2c7da	"Certo, certo! Per ciascuno di noi la strada curva a modo suo."
NPC_BEFR_RESPONSE_e9434b8f-c096-4578-a111-efd6a47b51ad	"Ah, un numero perduto nella polvere della strada. Risparmiamo sia la mia età sia la sua, eh? Ho ho!"<x1/><x2/><x3/><x4/>"Lascia che ti racconti una storia, amico mio. Ho conosciuto Basilton negli anni dei miei vagabondaggi, quando la barba era più corta e i miei stivali due volte più sciocchi. Ero appena stato in visita dagli elfi, se la memoria non m'inganna, quando l'aria della foresta si fece dolce. Fiori, capisci. Non comuni corolle sul ciglio della strada. Qualcosa di intenso e insolito. Seguii il profumo, come ogni sciocco assennato, e trovai un giardino così bello da dimenticare del tutto la strada. Poi il terreno si mosse, un'aiuola si sollevò e Basilton si alzò accanto a me. Lodai il suo giardino. Lui mi ascoltò con gentilezza. E fu tutto: un'amicizia piantata con un complimento sincero."
NPC_BEFR_RESPONSE_eb7b9d30-d3d5-4914-b397-4960295f85bf	"Era quasi arrivato nei pressi di Earlwood, amico mio."<x1/><x2/>*Fa un gesto verso l'esterno, tracciando una linea invisibile come se fosse una strada.*<x3/><x4/><x5/><x6/>"I goblin l'hanno trascinato oltre il limitare della foresta, se il racconto è vero."<x7/><x8/>*Befr si raddrizza e ritrova la sua vivacità, quasi avesse deciso quale piega dare alla giornata.*<x9/><x10/>"Significa che abbiamo del lavoro da fare, amico mio."<x11/><x12/>*Batte due dita l'una contro l'altra, contando passaggi che soltanto lui vede.*<x13/><x14/>"Recuperiamo il fertilizzante, quel carico rubato, e rimettiamo le cose a posto per Basilton."
NPC_BEFR_RESPONSE_ec4a1669-ee15-4f41-94af-61f212a8cf71	"Oh, non saprei nemmeno dirlo! Sono tutti così arrabbiati, non vogliono più nemmeno prendere il tè. Non riesco a immaginare cosa abbia fatto per irritarli tanto."
NPC_BEFR_RESPONSE_ecb950b7-b0e6-4a86-871a-8965447fd7a2	"Magnifico! Le hai dato un posto in cui stare, ed è una cosa davvero bella."<x1/><x2/><x3/><x4/>"Myrll è speciale, sai. In modo discreto, bada bene, senza arrivare in marcia fra stendardi e fanfare. È più vicina a noi della maggior parte delle driadi. Molte della sua specie sembrano così lontane che potrebbero già avere un piede nel regno di Lumen."
NPC_BEFR_RESPONSE_f60cf99a-18a2-4bc4-8db8-58867b0a2872	"Ogni cosa fiorisce a suo tempo, come l'alba che avanza lenta sulle colline di Mirkea."
NPC_BEFR_RESPONSE_fb5532df-636f-4228-9a3a-3d8709fce572	"Sì! Proprio così, amico mio."<x1/><x2/><x3/><x4/>*Befr allarga le mani, disegnando nell'aria fra voi i contorni del compito.*<x5/><x6/>"Aiutalo a riparare il recinto e a riportarci dentro le pecore. Mostra un po' di carità a quell'anima fiduciosa, amico mio, e avrai tutta la mia gratitudine."
NPC_BEFR_RESPONSE_fbd78655-22ef-4285-bf7e-5e4fc3f5730b	"Mi ferisci, amico. Devo ai nani molte delle mie ore migliori, e non parlo soltanto di bevute."<x1/><x2/><x3/><x4/>*Srotola una mappa segnata dall'uso e picchietta su un sentiero tracciato con inchiostro sbiadito.*<x5/><x6/>"Lo conosco da molti anni. L'ho incontrato la prima volta che è venuto a Earlwood, e per un periodo abbiamo viaggiato insieme. Oh, quanto amo le sue canzoni. I nani sono compagni di viaggio davvero rinvigorenti, non trovi?"
NPC_BEFR_RESPONSE_fe9e703f-264a-40c4-855a-7e45a3553512	"Ho ho! Allora nel mondo c'è una luce in più. È un conforto."
NPC_BEFR_TITLE	Il Mercante Itinerante
NPC_HEIMENTHALDRIK_GREETING_1153ff1b-94a1-4891-8b30-b7626a9e7a69	"Ah. Eccoti qua. Bel posto che hai, amico. Quieto quanto basta per pensare, solido quanto basta per i guai. Un buon rifugio, direi."
NPC_HEIMENTHALDRIK_GREETING_3db15d7f-bdac-4f33-831a-783af4c99f4f	*Heimen si illumina mentre ti avvicini.*<x1/><x2/>"Eh sì, rieccoti. Come va?"
NPC_HEIMENTHALDRIK_GREETING_45064d29-ef0c-4fff-8384-64d1c6c501da	*Heimen lascia uscire un lungo respiro; la tensione gli abbandona le spalle, anche se il cuore continua a martellare.*<x1/><x2/>"Per la pietra e il canto, c'è mancato poco. Hai tenuto duro. Mi aspettavo guai, non un bruto del genere. La corruzione ha sentito il rito e ha risposto coi denti."
NPC_HEIMENTHALDRIK_GREETING_52e9818e-7490-4b8b-bdbf-4ad42a5dc519	*Heimen fissa il tronco in silenzio, con la fronte aggrottata, assorto nei pensieri.*
NPC_HEIMENTHALDRIK_GREETING_9bb2be67-4786-48fa-bbd6-38206ba506da	"Ah. Finalmente qua. Ho letto tutte le tavolette, piano e con cura. C'è una pista, netta come un segno di scalpello."
NPC_HEIMENTHALDRIK_GREETING_c3f8b9c1-23a7-41b2-bdf7-97fa7c2ea3f9	*Sorride apertamente, a braccia conserte, come un bardo che saluta un vecchio amico.*<x1/><x2/>“Salute a te, straniero! Un po' lontani dalla pietra sicura, eh? Che storia ti porta a vagar per boschi maledetti?”
NPC_HEIMENTHALDRIK_GREETING_f2e134e0-2071-4d90-9076-c307bcda4661	*Heimen è assorto nei pensieri mentre ti avvicini; poi ti nota e il viso gli si apre in un sorriso ampio e luminoso.*<x1/><x2/>"Ah. Di nuovo qua, amico. Ho un favore da chiederti. Continuo a rigirar nella testa questa corruzione, ma è una vena difficile da leggere. Se vogliamo combatterla, dobbiamo conoscerne l'origine e la natura. Chiare come parole sulla pagina."
NPC_HEIMENTHALDRIK_PLAYER_0056fc6b-fc5b-4e86-8cac-1dc4a504406f_BASE	Perché credi che gli spiriti della foresta difendano le rovine?
NPC_HEIMENTHALDRIK_PLAYER_01e38dda-5378-4e85-bca0-7dd5a8d59480_HEROIC	Sono d'accordo, dobbiamo capire di più. Tu cosa ne pensi?
NPC_HEIMENTHALDRIK_PLAYER_01e38dda-5378-4e85-bca0-7dd5a8d59480_JOKER	D'accordo, dobbiamo capirci di più. Qualche idea brillante?
NPC_HEIMENTHALDRIK_PLAYER_01e38dda-5378-4e85-bca0-7dd5a8d59480_SCHOLAR	Concordo, occorre approfondire. Quali elementi puoi offrirci?
NPC_HEIMENTHALDRIK_PLAYER_01e38dda-5378-4e85-bca0-7dd5a8d59480_STOIC	D'accordo. Dobbiamo capire di più. Idee?
NPC_HEIMENTHALDRIK_PLAYER_04de1d7a-8afb-4615-8239-20f49f53ec7b_HEROIC	La storia si arrangi. Io sono qui per la vittoria.
NPC_HEIMENTHALDRIK_PLAYER_04de1d7a-8afb-4615-8239-20f49f53ec7b_JOKER	La storia si tenga pure la gloria. A me interessa la vittoria.
NPC_HEIMENTHALDRIK_PLAYER_04de1d7a-8afb-4615-8239-20f49f53ec7b_SCHOLAR	La storia è un registro da compilare più avanti. La voce che mi interessa è la vittoria.
NPC_HEIMENTHALDRIK_PLAYER_04de1d7a-8afb-4615-8239-20f49f53ec7b_STOIC	Mi interessa la vittoria. Non la storia.
NPC_HEIMENTHALDRIK_PLAYER_0a861f61-c2e6-4ef9-a437-f6d3cc7a6fa4_BASE	"È questo l'albero?"
NPC_HEIMENTHALDRIK_PLAYER_0a8fdc8a-563d-4f50-a0a5-b4d82ff274d5_HEROIC	Si scende laggiù per il tesoro. Non per motivi più nobili.
NPC_HEIMENTHALDRIK_PLAYER_0a8fdc8a-563d-4f50-a0a5-b4d82ff274d5_JOKER	Il tesoro è l'unico motivo per cui qualcuno si prende la briga di andarci.
NPC_HEIMENTHALDRIK_PLAYER_0a8fdc8a-563d-4f50-a0a5-b4d82ff274d5_SCHOLAR	Il tesoro rimane l'unica ragione per cui si esplorano luoghi simili.
NPC_HEIMENTHALDRIK_PLAYER_0a8fdc8a-563d-4f50-a0a5-b4d82ff274d5_STOIC	Si esplorano posti simili solo per il tesoro.
NPC_HEIMENTHALDRIK_PLAYER_0d16f0b3-292b-46a4-bf5e-9eae25d24acc_HEROIC	Spero di dimostrarmi all'altezza dei degni.
NPC_HEIMENTHALDRIK_PLAYER_0d16f0b3-292b-46a4-bf5e-9eae25d24acc_JOKER	Speriamo che prima o poi mi mettano in lista fra i degni.
NPC_HEIMENTHALDRIK_PLAYER_0d16f0b3-292b-46a4-bf5e-9eae25d24acc_SCHOLAR	Degno, secondo il suo criterio. Vorrei capire che cosa richiede.
NPC_HEIMENTHALDRIK_PLAYER_0d16f0b3-292b-46a4-bf5e-9eae25d24acc_STOIC	Spero di diventare uno dei degni.
NPC_HEIMENTHALDRIK_PLAYER_0d84b468-6da0-41da-9691-34a1795859e2_HEROIC	Belle parole. La ricerca è conclusa?
NPC_HEIMENTHALDRIK_PLAYER_0d84b468-6da0-41da-9691-34a1795859e2_JOKER	Belle parole. Posso smettere di contare gli alberi, adesso?
NPC_HEIMENTHALDRIK_PLAYER_0d84b468-6da0-41da-9691-34a1795859e2_SCHOLAR	Una conclusione, dunque. Segna anche il termine della ricerca?
NPC_HEIMENTHALDRIK_PLAYER_0d84b468-6da0-41da-9691-34a1795859e2_STOIC	Belle parole. È finita?
NPC_HEIMENTHALDRIK_PLAYER_0e3bbf45-54a9-4165-b1ae-65b6a672a38d_HEROIC	La tua offerta è generosa, ma cosa ti spinge a unirti a me?
NPC_HEIMENTHALDRIK_PLAYER_0e3bbf45-54a9-4165-b1ae-65b6a672a38d_JOKER	L'offerta mi tenta, ma perché vuoi attaccare il tuo carro al mio?
NPC_HEIMENTHALDRIK_PLAYER_0e3bbf45-54a9-4165-b1ae-65b6a672a38d_SCHOLAR	Un'offerta gradita. Ma che vantaggio ricavi dall'unirti a me?
NPC_HEIMENTHALDRIK_PLAYER_0e3bbf45-54a9-4165-b1ae-65b6a672a38d_STOIC	Accetto volentieri l'offerta. Ma perché vuoi unirti a me?
NPC_HEIMENTHALDRIK_PLAYER_0e47803e-2df3-4175-8808-43a8f97018b6_HEROIC	Ho dovuto dare tutto per sopravvivere.
NPC_HEIMENTHALDRIK_PLAYER_0e47803e-2df3-4175-8808-43a8f97018b6_JOKER	C'è mancato un pelo che ci lasciassi la pelle.
NPC_HEIMENTHALDRIK_PLAYER_0e47803e-2df3-4175-8808-43a8f97018b6_SCHOLAR	La sopravvivenza è rimasta incerta fino all'ultimo istante.
NPC_HEIMENTHALDRIK_PLAYER_0e47803e-2df3-4175-8808-43a8f97018b6_STOIC	Ho salvato la pelle per un soffio.
NPC_HEIMENTHALDRIK_PLAYER_135c4df5-5923-4247-86f1-336a01fb0025_HEROIC	A me sembra scontrosa. Dico ciò che vedo.
NPC_HEIMENTHALDRIK_PLAYER_135c4df5-5923-4247-86f1-336a01fb0025_JOKER	Ruvida, dici? Potrebbe levigare un'asse solo parlandole.
NPC_HEIMENTHALDRIK_PLAYER_135c4df5-5923-4247-86f1-336a01fb0025_SCHOLAR	La definirei scontrosa. Sospetto che lo sia deliberatamente.
NPC_HEIMENTHALDRIK_PLAYER_135c4df5-5923-4247-86f1-336a01fb0025_STOIC	Mi sembra scontrosa.
NPC_HEIMENTHALDRIK_PLAYER_14169791-1879-48c5-a8fb-7d4084071d1d_HEROIC	Ha una determinazione ammirevole. Come si sono incrociate le vostre strade?
NPC_HEIMENTHALDRIK_PLAYER_14169791-1879-48c5-a8fb-7d4084071d1d_JOKER	Ha una volontà di ferro. Come vi siete ritrovati fra i piedi l'uno dell'altra?
NPC_HEIMENTHALDRIK_PLAYER_14169791-1879-48c5-a8fb-7d4084071d1d_SCHOLAR	È indubbiamente risoluta. Come vi siete conosciuti?
NPC_HEIMENTHALDRIK_PLAYER_14169791-1879-48c5-a8fb-7d4084071d1d_STOIC	Ha una volontà forte. Come vi siete incontrati?
NPC_HEIMENTHALDRIK_PLAYER_168f9ea7-7bd0-4d3f-bb92-e14b68d2f6f1_HEROIC	Aiutare era la cosa giusta da fare.
NPC_HEIMENTHALDRIK_PLAYER_168f9ea7-7bd0-4d3f-bb92-e14b68d2f6f1_JOKER	Felice di aiutare. Ne è uscita una storia migliore di tante giornate.
NPC_HEIMENTHALDRIK_PLAYER_168f9ea7-7bd0-4d3f-bb92-e14b68d2f6f1_SCHOLAR	Ne è valsa la pena. Anche per ciò che ho imparato.
NPC_HEIMENTHALDRIK_PLAYER_168f9ea7-7bd0-4d3f-bb92-e14b68d2f6f1_STOIC	Aiuto volentieri.
NPC_HEIMENTHALDRIK_PLAYER_1cd1533a-f5a4-4184-8bd1-047a194f410e_HEROIC	Creare un uovo gigante non sembra affatto saggio.
NPC_HEIMENTHALDRIK_PLAYER_1cd1533a-f5a4-4184-8bd1-047a194f410e_JOKER	Un uovo gigante. Qualcuno ci credeva davvero, in quella strana idea.
NPC_HEIMENTHALDRIK_PLAYER_1cd1533a-f5a4-4184-8bd1-047a194f410e_SCHOLAR	Un gigantesco uovo di pietra. Mi sfugge la logica del progetto.
NPC_HEIMENTHALDRIK_PLAYER_1cd1533a-f5a4-4184-8bd1-047a194f410e_STOIC	Creare un uovo gigante sembra piuttosto sciocco.
NPC_HEIMENTHALDRIK_PLAYER_1ded470a-1eae-4783-85de-515cf3d29fa4_BASE	Perché rinunciare ai tuoi viaggi?
NPC_HEIMENTHALDRIK_PLAYER_1ef1a160-1b3f-4801-9776-0ad5d3bcbd21_HEROIC	Nulla ha potuto sbarrarmi la strada.
NPC_HEIMENTHALDRIK_PLAYER_1ef1a160-1b3f-4801-9776-0ad5d3bcbd21_JOKER	Si è a malapena degnato di opporre resistenza.
NPC_HEIMENTHALDRIK_PLAYER_1ef1a160-1b3f-4801-9776-0ad5d3bcbd21_SCHOLAR	Nessuna grande difficoltà. Le rovine erano più vuote di quanto suggerisse la loro fama.
NPC_HEIMENTHALDRIK_PLAYER_1ef1a160-1b3f-4801-9776-0ad5d3bcbd21_STOIC	Nulla che non potessi affrontare.
NPC_HEIMENTHALDRIK_PLAYER_21066fae-cee9-40e1-b183-2c2333bfabed_HEROIC	Andiamo avanti e superiamo insieme questa prova.
NPC_HEIMENTHALDRIK_PLAYER_21066fae-cee9-40e1-b183-2c2333bfabed_JOKER	Avanti, allora. Vediamo in quale rompicapo inciampiamo stavolta.
NPC_HEIMENTHALDRIK_PLAYER_21066fae-cee9-40e1-b183-2c2333bfabed_SCHOLAR	Continuiamo ad avanzare, poi risolviamo il problema. In quest'ordine.
NPC_HEIMENTHALDRIK_PLAYER_21066fae-cee9-40e1-b183-2c2333bfabed_STOIC	Avanziamo e risolviamo.
NPC_HEIMENTHALDRIK_PLAYER_2336a4c2-7acf-4ad0-b8eb-c7fbbfa84708_HEROIC	Di certo gli dei desiderano il meglio per tutti noi.
NPC_HEIMENTHALDRIK_PLAYER_2336a4c2-7acf-4ad0-b8eb-c7fbbfa84708_JOKER	Se gli dei vogliono il nostro bene, i loro metodi sono da rivedere.
NPC_HEIMENTHALDRIK_PLAYER_2336a4c2-7acf-4ad0-b8eb-c7fbbfa84708_SCHOLAR	Gli dei intendono procurarci il bene. Questo, almeno, è il ragionamento.
NPC_HEIMENTHALDRIK_PLAYER_2336a4c2-7acf-4ad0-b8eb-c7fbbfa84708_STOIC	Credo che, in fondo, gli dei vogliano il nostro bene.
NPC_HEIMENTHALDRIK_PLAYER_24102898-2714-4d5c-bc3f-66c80b20ae3a_BASE	Che aiuto potresti offrire?
NPC_HEIMENTHALDRIK_PLAYER_2553e01f-541a-496c-9c50-30975cc6ccbf_BASE	Il Re della Foresta è stato ucciso.
NPC_HEIMENTHALDRIK_PLAYER_25d76511-f9b0-456b-bf85-86d987b71844_HEROIC	Hai fallito il tuo compito e ora chiedi il mio aiuto. Risponderò, come il dovere impone.
NPC_HEIMENTHALDRIK_PLAYER_25d76511-f9b0-456b-bf85-86d987b71844_JOKER	Tu inciampi, io raccolgo i cocci. Il solito accordo. Ci penserò.
NPC_HEIMENTHALDRIK_PLAYER_25d76511-f9b0-456b-bf85-86d987b71844_SCHOLAR	Hai fallito, e ora il problema è mio. Valuterò se valga la pena risolverlo.
NPC_HEIMENTHALDRIK_PLAYER_25d76511-f9b0-456b-bf85-86d987b71844_STOIC	Hai fallito e ora chiedi aiuto a me. Tipico. Ci penserò.
NPC_HEIMENTHALDRIK_PLAYER_2bf0d2b9-9410-4ffa-8456-e9a2db71ece1_BASE	Come sai che gli elfi combattevano la corruzione?
NPC_HEIMENTHALDRIK_PLAYER_2c99f912-e92e-433d-9f20-7e7029b943aa_HEROIC	Rimani in un luogo sicuro fino al mio ritorno, anche se dovesse volerci tempo.
NPC_HEIMENTHALDRIK_PLAYER_2c99f912-e92e-433d-9f20-7e7029b943aa_JOKER	Scegli un posto sicuro e cerca di non passare tutta la mia assenza a russare.
NPC_HEIMENTHALDRIK_PLAYER_2c99f912-e92e-433d-9f20-7e7029b943aa_SCHOLAR	Trova una posizione difendibile e attendi. Non posso garantire un ritorno rapido.
NPC_HEIMENTHALDRIK_PLAYER_2c99f912-e92e-433d-9f20-7e7029b943aa_STOIC	Aspettami in un posto sicuro. Potrei metterci un po'.
NPC_HEIMENTHALDRIK_PLAYER_2e379ed1-7a73-4272-b209-a3616e6a8419_HEROIC	Leggila, Heimen. Ad alta voce.
NPC_HEIMENTHALDRIK_PLAYER_2e379ed1-7a73-4272-b209-a3616e6a8419_JOKER	Leggila, Heimen. Il poeta sei tu; io portavo solo l'ascia.
NPC_HEIMENTHALDRIK_PLAYER_2e379ed1-7a73-4272-b209-a3616e6a8419_SCHOLAR	Leggila, Heimen. Ogni parola: la formulazione avrà importanza.
NPC_HEIMENTHALDRIK_PLAYER_2e379ed1-7a73-4272-b209-a3616e6a8419_STOIC	Leggila. Con la tua voce.
NPC_HEIMENTHALDRIK_PLAYER_310967d3-2093-4a2a-8f9b-11fd24806da8_HEROIC	Ne ho viste alcune. Ognuna è davvero affascinante.
NPC_HEIMENTHALDRIK_PLAYER_310967d3-2093-4a2a-8f9b-11fd24806da8_JOKER	Ne ho viste un paio anch'io. Affascinanti, questo glielo concedo.
NPC_HEIMENTHALDRIK_PLAYER_310967d3-2093-4a2a-8f9b-11fd24806da8_SCHOLAR	Ne ho viste alcune. Ognuna suscita più domande di quante ne risolva.
NPC_HEIMENTHALDRIK_PLAYER_310967d3-2093-4a2a-8f9b-11fd24806da8_STOIC	Ne ho viste un paio. Sono affascinanti.
NPC_HEIMENTHALDRIK_PLAYER_36c89bd5-ea04-465e-8827-3a653426f8b5_BASE	Cosa ti aspetti di trovare in quegli scritti?
NPC_HEIMENTHALDRIK_PLAYER_376cf781-c26b-4a07-a0c1-5a0a637a87ef_BASE	L'hai mai incontrato?
NPC_HEIMENTHALDRIK_PLAYER_37e5a18d-e9ed-43ac-9067-949f3ceaccf5_HEROIC	Ti aiuterò a rintracciare quest'ultimo albero.
NPC_HEIMENTHALDRIK_PLAYER_37e5a18d-e9ed-43ac-9067-949f3ceaccf5_JOKER	Un ultimo albero. Cerchiamo di non farlo diventare una foresta.
NPC_HEIMENTHALDRIK_PLAYER_37e5a18d-e9ed-43ac-9067-949f3ceaccf5_SCHOLAR	Molto bene. Ne resta uno, dunque. Restringiamo il campo della ricerca.
NPC_HEIMENTHALDRIK_PLAYER_37e5a18d-e9ed-43ac-9067-949f3ceaccf5_STOIC	Va bene. Ti aiuterò a trovare l'ultimo albero.
NPC_HEIMENTHALDRIK_PLAYER_40c21728-c1d9-4e52-abde-88e47aca9bcb_HEROIC	A me continuano a sembrare supposizioni.
NPC_HEIMENTHALDRIK_PLAYER_40c21728-c1d9-4e52-abde-88e47aca9bcb_JOKER	Sempre ipotesi, allora. La canzone sembra ancora da finire.
NPC_HEIMENTHALDRIK_PLAYER_40c21728-c1d9-4e52-abde-88e47aca9bcb_SCHOLAR	Stai ancora formulando congetture, e le congetture hanno dei limiti.
NPC_HEIMENTHALDRIK_PLAYER_40c21728-c1d9-4e52-abde-88e47aca9bcb_STOIC	Mi pare che tu stia ancora tirando a indovinare.
NPC_HEIMENTHALDRIK_PLAYER_43edd568-3535-4f2a-bfb9-55cebd42b1bf_BASE	Sei entrato nelle caverne occupate dai goblin?
NPC_HEIMENTHALDRIK_PLAYER_45459e06-7487-46b4-a897-a8817e2509be_HEROIC	Accetto la tua offerta. Raggiungimi al Santuario: ti concederò l'accesso attraverso il Varco.
NPC_HEIMENTHALDRIK_PLAYER_45459e06-7487-46b4-a897-a8817e2509be_JOKER	Ci sto. Ci vediamo al Santuario, e ti apro pure il Varco.
NPC_HEIMENTHALDRIK_PLAYER_45459e06-7487-46b4-a897-a8817e2509be_SCHOLAR	Accetto. Vieni al Santuario. Aprirò il Varco al tuo passaggio.
NPC_HEIMENTHALDRIK_PLAYER_45459e06-7487-46b4-a897-a8817e2509be_STOIC	Accetto l'offerta. Raggiungimi al Santuario. Puoi entrare dal Varco.
NPC_HEIMENTHALDRIK_PLAYER_4816b624-f9b9-4c80-b5f9-c29287e41f94_HEROIC	Vorresti che dedicassi il mio tempo a setacciare rovine per questa causa?
NPC_HEIMENTHALDRIK_PLAYER_4816b624-f9b9-4c80-b5f9-c29287e41f94_JOKER	Quindi il gran piano è farmi perdere tempo a frugare fra vecchie rovine?
NPC_HEIMENTHALDRIK_PLAYER_4816b624-f9b9-4c80-b5f9-c29287e41f94_SCHOLAR	Mi proponi di sprecare tempo passando al setaccio delle rovine?
NPC_HEIMENTHALDRIK_PLAYER_4816b624-f9b9-4c80-b5f9-c29287e41f94_STOIC	Vuoi farmi perdere tempo a setacciare rovine?
NPC_HEIMENTHALDRIK_PLAYER_487bc869-3873-425c-ab6f-e5050524f7cd_HEROIC	Anche tu hai guadagnato la mia fiducia e la mia amicizia.
NPC_HEIMENTHALDRIK_PLAYER_487bc869-3873-425c-ab6f-e5050524f7cd_JOKER	Mi fido anch'io di te. Non farmene pentire.
NPC_HEIMENTHALDRIK_PLAYER_487bc869-3873-425c-ab6f-e5050524f7cd_SCHOLAR	La fiducia è reciproca. Ti considero un amico.
NPC_HEIMENTHALDRIK_PLAYER_487bc869-3873-425c-ab6f-e5050524f7cd_STOIC	Anche tu sei un amico fidato.
NPC_HEIMENTHALDRIK_PLAYER_4ce546e2-89fd-4e70-8cb6-719f684a79c1_HEROIC	Ho aiutato per curiosità. Nient'altro.
NPC_HEIMENTHALDRIK_PLAYER_4ce546e2-89fd-4e70-8cb6-719f684a79c1_JOKER	È stata la curiosità a dare una mano. Io l'ho solo seguita fin qui.
NPC_HEIMENTHALDRIK_PLAYER_4ce546e2-89fd-4e70-8cb6-719f684a79c1_SCHOLAR	Curiosità, nulla di più nobile. Come quasi sempre.
NPC_HEIMENTHALDRIK_PLAYER_4ce546e2-89fd-4e70-8cb6-719f684a79c1_STOIC	Ho aiutato solo per curiosità.
NPC_HEIMENTHALDRIK_PLAYER_5094ad8e-051e-4b0b-bf2b-194ca81bf35e_HEROIC	Fa' come se fossi a casa tua. Quale scopo ti porta qui?
NPC_HEIMENTHALDRIK_PLAYER_5094ad8e-051e-4b0b-bf2b-194ca81bf35e_JOKER	Fa' come se fossi a casa tua. E quali guai combinerai qui?
NPC_HEIMENTHALDRIK_PLAYER_5094ad8e-051e-4b0b-bf2b-194ca81bf35e_SCHOLAR	Considerala casa tua. Che cosa intendi costruire qui?
NPC_HEIMENTHALDRIK_PLAYER_5094ad8e-051e-4b0b-bf2b-194ca81bf35e_STOIC	Fa' come se fossi a casa tua. Che intenzioni hai?
NPC_HEIMENTHALDRIK_PLAYER_520a9bc0-5d27-4610-a9b1-64e75b1dbdb1_HEROIC	Restiamo uniti, entrambi pronti ad affrontare il lungo cammino che ci attende.
NPC_HEIMENTHALDRIK_PLAYER_520a9bc0-5d27-4610-a9b1-64e75b1dbdb1_JOKER	Una lunga strada per tutti e due. Spero che il tuo liuto viaggi bene.
NPC_HEIMENTHALDRIK_PLAYER_520a9bc0-5d27-4610-a9b1-64e75b1dbdb1_SCHOLAR	Lo spero. Un lungo cammino, e nessuno di noi sa dove finirà.
NPC_HEIMENTHALDRIK_PLAYER_520a9bc0-5d27-4610-a9b1-64e75b1dbdb1_STOIC	Ci aspetta un lungo viaggio. Tutti e due.
NPC_HEIMENTHALDRIK_PLAYER_5548ca10-dad2-4380-a5b0-d490bf1fcbb6_HEROIC	È una tragedia, ma non le permetterò di decidere ciò che verrà dopo.
NPC_HEIMENTHALDRIK_PLAYER_5548ca10-dad2-4380-a5b0-d490bf1fcbb6_JOKER	La tragedia ama tenersi occupata. Peccato che abbia scelto oggi.
NPC_HEIMENTHALDRIK_PLAYER_5548ca10-dad2-4380-a5b0-d490bf1fcbb6_SCHOLAR	È una tragedia. Un esito deplorevole, benché forse inevitabile.
NPC_HEIMENTHALDRIK_PLAYER_5548ca10-dad2-4380-a5b0-d490bf1fcbb6_STOIC	È una tragedia. Mi pesa che sia finita così.
NPC_HEIMENTHALDRIK_PLAYER_580cd75c-e3f6-4ff4-83e5-4c4f8a7b61fd_HEROIC	Abbattere gli alberi è stato sbagliato. Non ne avevano il diritto.
NPC_HEIMENTHALDRIK_PLAYER_580cd75c-e3f6-4ff4-83e5-4c4f8a7b61fd_JOKER	Tagliare alberi era la loro idea di giustizia. I diritti non erano in programma.
NPC_HEIMENTHALDRIK_PLAYER_580cd75c-e3f6-4ff4-83e5-4c4f8a7b61fd_SCHOLAR	Non ne avevano il diritto. La necessità spiega l'abbattimento, non lo giustifica.
NPC_HEIMENTHALDRIK_PLAYER_580cd75c-e3f6-4ff4-83e5-4c4f8a7b61fd_STOIC	Non dovevano tagliare gli alberi. Non ne avevano il diritto.
NPC_HEIMENTHALDRIK_PLAYER_58f6f784-7f7c-4c67-9d46-f1d18ba3d4a8_BASE	Qualunque cosa troverai, spero di essere con te quando accadrà.
NPC_HEIMENTHALDRIK_PLAYER_5aab727b-631d-47d2-8ab7-92e4efe8efeb_HEROIC	Cosa proteggeva Wildwood in passato?
NPC_HEIMENTHALDRIK_PLAYER_5aab727b-631d-47d2-8ab7-92e4efe8efeb_JOKER	Cosa ha tenuto al sicuro Wildwood per tutto quel tempo?
NPC_HEIMENTHALDRIK_PLAYER_5aab727b-631d-47d2-8ab7-92e4efe8efeb_SCHOLAR	Con quali mezzi veniva protetta Wildwood in precedenza?
NPC_HEIMENTHALDRIK_PLAYER_5aab727b-631d-47d2-8ab7-92e4efe8efeb_STOIC	Perché prima Wildwood era protetta?
NPC_HEIMENTHALDRIK_PLAYER_5d1c033a-1f36-4992-9d46-7fd0ca830735_HEROIC	Perché dovrebbe contare che luogo fosse o cosa vi sia accaduto?
NPC_HEIMENTHALDRIK_PLAYER_5d1c033a-1f36-4992-9d46-7fd0ca830735_JOKER	Perché fare tante storie su cos'era quel posto e cosa ci è successo?
NPC_HEIMENTHALDRIK_PLAYER_5d1c033a-1f36-4992-9d46-7fd0ca830735_SCHOLAR	Quale rilevanza dovrebbero avere, ora, quel luogo e la sua storia?
NPC_HEIMENTHALDRIK_PLAYER_5d1c033a-1f36-4992-9d46-7fd0ca830735_STOIC	Cosa importa di com'era il posto o di cosa è successo?
NPC_HEIMENTHALDRIK_PLAYER_5e4e8916-2c48-4223-876f-24d5c07f3763_HEROIC	Un luogo tanto bello merita rispetto.
NPC_HEIMENTHALDRIK_PLAYER_5e4e8916-2c48-4223-876f-24d5c07f3763_JOKER	Un bel posto. Di quelli su cui si scrivono canzoni.
NPC_HEIMENTHALDRIK_PLAYER_5e4e8916-2c48-4223-876f-24d5c07f3763_SCHOLAR	Bello, e costruito perché lo fosse. C'è un'intenzione precisa.
NPC_HEIMENTHALDRIK_PLAYER_5e4e8916-2c48-4223-876f-24d5c07f3763_STOIC	Bel posto.
NPC_HEIMENTHALDRIK_PLAYER_5fdbe017-8ec7-48d6-b3fc-1c65370f9138_HEROIC	È il momento di andare avanti. Cosa farai adesso?
NPC_HEIMENTHALDRIK_PLAYER_5fdbe017-8ec7-48d6-b3fc-1c65370f9138_JOKER	E adesso? Sarà più sicuro dell'ultima trovata?
NPC_HEIMENTHALDRIK_PLAYER_5fdbe017-8ec7-48d6-b3fc-1c65370f9138_SCHOLAR	Quale sarà il passo successivo, per te nello specifico?
NPC_HEIMENTHALDRIK_PLAYER_5fdbe017-8ec7-48d6-b3fc-1c65370f9138_STOIC	Cosa farai ora?
NPC_HEIMENTHALDRIK_PLAYER_609e5177-a0a1-4714-a3e4-a1c372e2a11b_HEROIC	Dimmi ciò che sai del rito.
NPC_HEIMENTHALDRIK_PLAYER_609e5177-a0a1-4714-a3e4-a1c372e2a11b_JOKER	Qual è la storia di questo rito, allora?
NPC_HEIMENTHALDRIK_PLAYER_609e5177-a0a1-4714-a3e4-a1c372e2a11b_SCHOLAR	Potresti descrivere il rito più in dettaglio?
NPC_HEIMENTHALDRIK_PLAYER_609e5177-a0a1-4714-a3e4-a1c372e2a11b_STOIC	Parlami del rito.
NPC_HEIMENTHALDRIK_PLAYER_610fa4ca-6452-4937-a207-05361cc4a4e0_HEROIC	Dimostra la tua forza, e forse prevarremo.
NPC_HEIMENTHALDRIK_PLAYER_610fa4ca-6452-4937-a207-05361cc4a4e0_JOKER	Dimostra che non sei solo chiacchiere. Magari evitiamo di cascare a faccia in giù.
NPC_HEIMENTHALDRIK_PLAYER_610fa4ca-6452-4937-a207-05361cc4a4e0_SCHOLAR	Dimostra ciò che sai fare. Il successo tende a seguire le prove concrete.
NPC_HEIMENTHALDRIK_PLAYER_610fa4ca-6452-4937-a207-05361cc4a4e0_STOIC	Dimostra il tuo valore. Forse riusciremo.
NPC_HEIMENTHALDRIK_PLAYER_63fd9a6a-2c90-4d9d-a6fc-4dc88fd974e0_HEROIC	Ho controllato gli alberi. Non ho trovato nulla.
NPC_HEIMENTHALDRIK_PLAYER_63fd9a6a-2c90-4d9d-a6fc-4dc88fd974e0_JOKER	Gli alberi sono vuoti quanto la mia borsa. Niente di niente.
NPC_HEIMENTHALDRIK_PLAYER_63fd9a6a-2c90-4d9d-a6fc-4dc88fd974e0_SCHOLAR	Ho esaminato ogni albero. Qualunque cosa ci fosse scritta è scomparsa, oppure non c'è mai stata.
NPC_HEIMENTHALDRIK_PLAYER_63fd9a6a-2c90-4d9d-a6fc-4dc88fd974e0_STOIC	Alberi controllati. Niente.
NPC_HEIMENTHALDRIK_PLAYER_67ef6576-9177-4949-bac6-db980939633d_HEROIC	Ti lascio tornare alla lettura, allora. Fanne buon uso.
NPC_HEIMENTHALDRIK_PLAYER_67ef6576-9177-4949-bac6-db980939633d_JOKER	Ti lascio alla lettura. Cerca di non divorare tutto in un boccone.
NPC_HEIMENTHALDRIK_PLAYER_67ef6576-9177-4949-bac6-db980939633d_SCHOLAR	Ti lascio al lavoro. Leggi con attenzione: i dettagli conteranno.
NPC_HEIMENTHALDRIK_PLAYER_67ef6576-9177-4949-bac6-db980939633d_STOIC	Ti lascio leggere, allora.
NPC_HEIMENTHALDRIK_PLAYER_6a24e083-3121-493e-8a5b-147882a59e0a_BASE	"Perché avrebbe scritto una poesia sotto la corteccia?"
NPC_HEIMENTHALDRIK_PLAYER_6be84f9b-a485-424f-9282-a247e7375d8a_HEROIC	Parla chiaro. Di cosa hai bisogno?
NPC_HEIMENTHALDRIK_PLAYER_6be84f9b-a485-424f-9282-a247e7375d8a_JOKER	"Una compagnia insolita." Che carino. Che cosa vuoi?
NPC_HEIMENTHALDRIK_PLAYER_6be84f9b-a485-424f-9282-a247e7375d8a_SCHOLAR	Insolita, forse. Ma veniamo al punto: di cosa si tratta?
NPC_HEIMENTHALDRIK_PLAYER_6be84f9b-a485-424f-9282-a247e7375d8a_STOIC	Parla chiaro. Che c'è?
NPC_HEIMENTHALDRIK_PLAYER_6cf4c217-232f-4a40-9b9f-61ffdaf62749_HEROIC	Mi rifiuto di rimuginarci. Continuo ad avanzare, senza fermarmi.
NPC_HEIMENTHALDRIK_PLAYER_6cf4c217-232f-4a40-9b9f-61ffdaf62749_JOKER	Pensare mi rallenta. Il trucco è continuare a muoversi.
NPC_HEIMENTHALDRIK_PLAYER_6cf4c217-232f-4a40-9b9f-61ffdaf62749_SCHOLAR	La riflessione può attendere. L'azione è l'unica risposta di cui mi fidi.
NPC_HEIMENTHALDRIK_PLAYER_6cf4c217-232f-4a40-9b9f-61ffdaf62749_STOIC	Non ci penso. Continuo a muovermi.
NPC_HEIMENTHALDRIK_PLAYER_6dc652d7-de5e-4b35-9f24-f511e8697b89_HEROIC	Ti raggiungerò, Heimen. Puoi contarci.
NPC_HEIMENTHALDRIK_PLAYER_6dc652d7-de5e-4b35-9f24-f511e8697b89_JOKER	Non fare tardi, Heimen. Ci vediamo lì.
NPC_HEIMENTHALDRIK_PLAYER_6dc652d7-de5e-4b35-9f24-f511e8697b89_SCHOLAR	Sarò lì, Heimen, con tempo sufficiente per le domande.
NPC_HEIMENTHALDRIK_PLAYER_6dc652d7-de5e-4b35-9f24-f511e8697b89_STOIC	Ci vediamo lì, Heimen.
NPC_HEIMENTHALDRIK_PLAYER_722005f5-1699-445f-8059-6436984f30b7_BASE	Cosa pensi di Saqi?
NPC_HEIMENTHALDRIK_PLAYER_733e6bbe-fe52-4361-81b3-d3587a4709b4_BASE	Quali pericoli devo aspettarmi?
NPC_HEIMENTHALDRIK_PLAYER_7474d6e1-fdbd-416f-8556-c9df3990b4ff_BASE	Cos'è l'era imperiale elfica?
NPC_HEIMENTHALDRIK_PLAYER_74b9261b-9ffe-49eb-b564-06826e25792d_HEROIC	Devono esservi accaduti eventi dolorosi.
NPC_HEIMENTHALDRIK_PLAYER_74b9261b-9ffe-49eb-b564-06826e25792d_JOKER	Lì è successo qualcosa di brutto, e le pietre si tengono la bocca chiusa.
NPC_HEIMENTHALDRIK_PLAYER_74b9261b-9ffe-49eb-b564-06826e25792d_SCHOLAR	Una tragedia, quasi certamente. I luoghi conservano quel genere di memoria.
NPC_HEIMENTHALDRIK_PLAYER_74b9261b-9ffe-49eb-b564-06826e25792d_STOIC	Dev'essere successo qualcosa di tragico.
NPC_HEIMENTHALDRIK_PLAYER_78d8a604-8a94-4ae9-9c71-5add38928fc6_HEROIC	Spinge tutti a parlare, ma c'è chi desidera essere lasciato in pace.
NPC_HEIMENTHALDRIK_PLAYER_78d8a604-8a94-4ae9-9c71-5add38928fc6_JOKER	Fa chiacchierare chiunque, anche chi vorrebbe starsene per conto suo.
NPC_HEIMENTHALDRIK_PLAYER_78d8a604-8a94-4ae9-9c71-5add38928fc6_SCHOLAR	Induce tutti a conversare. Ma certe porte preferiscono restare chiuse.
NPC_HEIMENTHALDRIK_PLAYER_78d8a604-8a94-4ae9-9c71-5add38928fc6_STOIC	Costringe tutti a parlare. Alcuni vogliono stare soli.
NPC_HEIMENTHALDRIK_PLAYER_7942bb7d-0b9b-4759-b6e3-e45b3a484651_HEROIC	Credo che gli dei siano duri, e forse in fondo importa loro ben poco di noi.
NPC_HEIMENTHALDRIK_PLAYER_7942bb7d-0b9b-4759-b6e3-e45b3a484651_JOKER	Gli dei hanno un talento per la crudeltà. Oppure non si prendono nemmeno il disturbo di guardarci.
NPC_HEIMENTHALDRIK_PLAYER_7942bb7d-0b9b-4759-b6e3-e45b3a484651_SCHOLAR	Gli dei sono crudeli, oppure indifferenti. In entrambi i casi, siamo soli.
NPC_HEIMENTHALDRIK_PLAYER_7942bb7d-0b9b-4759-b6e3-e45b3a484651_STOIC	Gli dei sono crudeli. O semplicemente indifferenti.
NPC_HEIMENTHALDRIK_PLAYER_79f07a96-2c83-41ca-af44-fe39c5cf0acb_BASE	Hai trovato qualcos'altro di interessante nelle tavolette elfiche?
NPC_HEIMENTHALDRIK_PLAYER_7b2e9c1d-4f6a-8d3e-0c5f-1a9b4d7c2e6f_BASE	Ho trovato degli antichi testi fra le rovine.
NPC_HEIMENTHALDRIK_PLAYER_7c816937-a720-42ce-9c58-92faa6fb7f9a_HEROIC	Insegui ombre, e le ombre non si stancano.
NPC_HEIMENTHALDRIK_PLAYER_7c816937-a720-42ce-9c58-92faa6fb7f9a_JOKER	Inseguire ombre è un ottimo modo per sprecare la luce del giorno.
NPC_HEIMENTHALDRIK_PLAYER_7c816937-a720-42ce-9c58-92faa6fb7f9a_SCHOLAR	Insegui ombre, e le ombre non hanno fine.
NPC_HEIMENTHALDRIK_PLAYER_7c816937-a720-42ce-9c58-92faa6fb7f9a_STOIC	Insegui ombre. Senza una fine in vista.
NPC_HEIMENTHALDRIK_PLAYER_83792b87-bb12-4a14-a6d1-83eacdc8ae84_HEROIC	Forse la perdita della poesia è il messaggio che ci ha lasciato.
NPC_HEIMENTHALDRIK_PLAYER_83792b87-bb12-4a14-a6d1-83eacdc8ae84_JOKER	Forse il punto era proprio perdere la poesia. Una battuta piuttosto macabra.
NPC_HEIMENTHALDRIK_PLAYER_83792b87-bb12-4a14-a6d1-83eacdc8ae84_SCHOLAR	Allora la perdita stessa era il messaggio che voleva farci leggere.
NPC_HEIMENTHALDRIK_PLAYER_83792b87-bb12-4a14-a6d1-83eacdc8ae84_STOIC	Forse il suo messaggio per te, per noi, era la tragedia di perdere la poesia.
NPC_HEIMENTHALDRIK_PLAYER_84b37c9c-687a-43e9-8d7d-e410f24e8a91_BASE	Sembra che tu sappia molto degli antichi elfi.
NPC_HEIMENTHALDRIK_PLAYER_865d8043-4dcd-4314-8807-6e842bfd4a95_HEROIC	Oggi ho poca gentilezza da offrire. Dimmi il compito.
NPC_HEIMENTHALDRIK_PLAYER_865d8043-4dcd-4314-8807-6e842bfd4a95_JOKER	La gentilezza si paga a parte. Qual è il lavoro?
NPC_HEIMENTHALDRIK_PLAYER_865d8043-4dcd-4314-8807-6e842bfd4a95_SCHOLAR	Lasciamo da parte la gentilezza. Qual è il compito, esattamente?
NPC_HEIMENTHALDRIK_PLAYER_865d8043-4dcd-4314-8807-6e842bfd4a95_STOIC	La gentilezza scarseggia. Qual è il lavoro?
NPC_HEIMENTHALDRIK_PLAYER_89324c22-ecda-4531-b9d2-f00d6d631987_HEROIC	Non posso dirlo con certezza, ma la speranza rimane.
NPC_HEIMENTHALDRIK_PLAYER_89324c22-ecda-4531-b9d2-f00d6d631987_JOKER	Difficile dirlo. La speranza zoppica avanti lo stesso.
NPC_HEIMENTHALDRIK_PLAYER_89324c22-ecda-4531-b9d2-f00d6d631987_SCHOLAR	Da qui non possiamo saperlo. Ma lo spero.
NPC_HEIMENTHALDRIK_PLAYER_89324c22-ecda-4531-b9d2-f00d6d631987_STOIC	Non so dirlo. Lo spero.
NPC_HEIMENTHALDRIK_PLAYER_93a49df2-4de3-48fa-a4cc-0e5d49911e7e_BASE	"Perché gli abitanti del villaggio hanno abbattuto l'albero?"
NPC_HEIMENTHALDRIK_PLAYER_9c5d745a-ee16-442a-b62b-17dc631d956b_HEROIC	Siamo noi a decidere cosa diventa la storia. La scrivono le nostre mani.
NPC_HEIMENTHALDRIK_PLAYER_9c5d745a-ee16-442a-b62b-17dc631d956b_JOKER	La storia è quello che decidiamo di scarabocchiare, nel bene e nel male.
NPC_HEIMENTHALDRIK_PLAYER_9c5d745a-ee16-442a-b62b-17dc631d956b_SCHOLAR	La storia è ciò che i sopravvissuti concordano di mettere per iscritto.
NPC_HEIMENTHALDRIK_PLAYER_9c5d745a-ee16-442a-b62b-17dc631d956b_STOIC	La storia è ciò che scegliamo di farne.
NPC_HEIMENTHALDRIK_PLAYER_9f320364-4e5f-49c1-93f7-dd8fce9834e4_HEROIC	Consigli e canzoni. Bene. Il Varco ti condurrà al Santuario; ti aprirò il passaggio.
NPC_HEIMENTHALDRIK_PLAYER_9f320364-4e5f-49c1-93f7-dd8fce9834e4_JOKER	Consigli e motivetti. Ho assunto di peggio. Il Varco è tuo; cerca di non cantarci dentro.
NPC_HEIMENTHALDRIK_PLAYER_9f320364-4e5f-49c1-93f7-dd8fce9834e4_SCHOLAR	I libri degli incantesimi sono l'elemento decisivo. Il Santuario si trova oltre un Varco; ti sintonizzerò con esso.
NPC_HEIMENTHALDRIK_PLAYER_9f320364-4e5f-49c1-93f7-dd8fce9834e4_STOIC	Bene. Al Santuario si arriva tramite un Varco. Ti darò accesso.
NPC_HEIMENTHALDRIK_PLAYER_9fb82df3-420d-493e-a677-6172bb40b8fc_HEROIC	Assicurati soltanto di fare la tua parte qui.
NPC_HEIMENTHALDRIK_PLAYER_9fb82df3-420d-493e-a677-6172bb40b8fc_JOKER	Basta che non ti presenti a mani vuote.
NPC_HEIMENTHALDRIK_PLAYER_9fb82df3-420d-493e-a677-6172bb40b8fc_SCHOLAR	Assicurati di offrire qualcosa che manchi al resto di noi.
NPC_HEIMENTHALDRIK_PLAYER_9fb82df3-420d-493e-a677-6172bb40b8fc_STOIC	Assicurati di avere qualcosa da dare.
NPC_HEIMENTHALDRIK_PLAYER_a14e2b86-f021-418d-916c-8340763771df_HEROIC	Avresti dovuto combattere al mio fianco.
NPC_HEIMENTHALDRIK_PLAYER_a14e2b86-f021-418d-916c-8340763771df_JOKER	Una manina durante lo scontro non avrebbe guastato.
NPC_HEIMENTHALDRIK_PLAYER_a14e2b86-f021-418d-916c-8340763771df_SCHOLAR	Mi hai guardato combattere. C'erano altre due mani disponibili, rimaste inutilizzate.
NPC_HEIMENTHALDRIK_PLAYER_a14e2b86-f021-418d-916c-8340763771df_STOIC	Potevi aiutarmi a combattere.
NPC_HEIMENTHALDRIK_PLAYER_a14f65e4-8f52-40e4-b7d5-021a591933c1_HEROIC	Il mio scopo riguarda me. Ma cosa guida te?
NPC_HEIMENTHALDRIK_PLAYER_a14f65e4-8f52-40e4-b7d5-021a591933c1_JOKER	I miei scopi sono affar mio. E tu chi saresti?
NPC_HEIMENTHALDRIK_PLAYER_a14f65e4-8f52-40e4-b7d5-021a591933c1_SCHOLAR	Il mio scopo è una questione personale. E tu, come ti chiami?
NPC_HEIMENTHALDRIK_PLAYER_a14f65e4-8f52-40e4-b7d5-021a591933c1_STOIC	Il mio scopo riguarda me. Tu chi sei?
NPC_HEIMENTHALDRIK_PLAYER_a68a0dd2-1b27-4fc5-bf68-8d9265e2d0cb_BASE	"Cos'è stata la Purga Elfica?"
NPC_HEIMENTHALDRIK_PLAYER_a729770e-4ceb-4504-8af4-9a7a44cc04c5_HEROIC	Le tue riflessioni non servono a nulla, qui. Esprimiti con chiarezza.
NPC_HEIMENTHALDRIK_PLAYER_a729770e-4ceb-4504-8af4-9a7a44cc04c5_JOKER	Tanti pensieri, poca utilità. Dillo e basta.
NPC_HEIMENTHALDRIK_PLAYER_a729770e-4ceb-4504-8af4-9a7a44cc04c5_SCHOLAR	Le tue riflessioni non ci portano da nessuna parte. Esponi la versione semplice.
NPC_HEIMENTHALDRIK_PLAYER_a729770e-4ceb-4504-8af4-9a7a44cc04c5_STOIC	Le tue riflessioni non mi servono. Parla chiaro.
NPC_HEIMENTHALDRIK_PLAYER_a87b3b77-7c7e-4d75-a148-01e283b862fe_HEROIC	Credi davvero che qui possano bastare un liuto e qualche parola?
NPC_HEIMENTHALDRIK_PLAYER_a87b3b77-7c7e-4d75-a148-01e283b862fe_JOKER	Pensi di salvare la giornata con un liuto e due belle frasi?
NPC_HEIMENTHALDRIK_PLAYER_a87b3b77-7c7e-4d75-a148-01e283b862fe_SCHOLAR	Un liuto e delle parole. Quali risultati concreti possono ottenere qui?
NPC_HEIMENTHALDRIK_PLAYER_a87b3b77-7c7e-4d75-a148-01e283b862fe_STOIC	Sarai utile, con solo un liuto e delle parole?
NPC_HEIMENTHALDRIK_PLAYER_aa1e9ea5-d207-4156-84d0-c9ac0fa27966_BASE	A cosa stai pensando?
NPC_HEIMENTHALDRIK_PLAYER_aab47d97-bf0f-40a1-a2ce-93b68daf462c_HEROIC	Mi aggrappo alla speranza, anche se la certezza mi sfugge.
NPC_HEIMENTHALDRIK_PLAYER_aab47d97-bf0f-40a1-a2ce-93b68daf462c_JOKER	Lo spero. Ma non ci scommetterei gli stivali.
NPC_HEIMENTHALDRIK_PLAYER_aab47d97-bf0f-40a1-a2ce-93b68daf462c_SCHOLAR	Lo spero. La certezza è un'altra questione.
NPC_HEIMENTHALDRIK_PLAYER_aab47d97-bf0f-40a1-a2ce-93b68daf462c_STOIC	Resta la speranza. Nessuna certezza.
NPC_HEIMENTHALDRIK_PLAYER_aafba81e-ca48-44d0-8c71-80337b1e1b45_HEROIC	Credo che sia il nucleo, e che non possa essere sconfitto.
NPC_HEIMENTHALDRIK_PLAYER_aafba81e-ca48-44d0-8c71-80337b1e1b45_JOKER	È il nucleo. Nessuno batte il nucleo: è un po' questo il punto.
NPC_HEIMENTHALDRIK_PLAYER_aafba81e-ca48-44d0-8c71-80337b1e1b45_SCHOLAR	Se è il nucleo, allora non può essere sconfitto in alcun modo.
NPC_HEIMENTHALDRIK_PLAYER_aafba81e-ca48-44d0-8c71-80337b1e1b45_STOIC	È il nucleo. Non può essere sconfitto.
NPC_HEIMENTHALDRIK_PLAYER_b086aaf4-590a-4081-8655-5b4163abedda_BASE	La corruzione esiste da così tanto tempo?
NPC_HEIMENTHALDRIK_PLAYER_b349c635-f140-4122-bf3e-107f7ae8fa97_HEROIC	Ciò che viene dopo dà significato all'azione.
NPC_HEIMENTHALDRIK_PLAYER_b349c635-f140-4122-bf3e-107f7ae8fa97_JOKER	Buffo, la storia ricorda solo quel che viene dopo. Il disastro finisce sotto il tappeto.
NPC_HEIMENTHALDRIK_PLAYER_b349c635-f140-4122-bf3e-107f7ae8fa97_SCHOLAR	La storia prende forma dalle conseguenze, mai dall'istante in sé.
NPC_HEIMENTHALDRIK_PLAYER_b349c635-f140-4122-bf3e-107f7ae8fa97_STOIC	La storia la plasma ciò che viene dopo.
NPC_HEIMENTHALDRIK_PLAYER_b37444ab-865a-4e64-a02c-2b85d74d5a89_BASE	Che musica sai suonare?
NPC_HEIMENTHALDRIK_PLAYER_b5c1666a-5ac8-4aa2-9cd6-ff73a8a3dcb1_HEROIC	Qual è il problema, e come posso porvi fine?
NPC_HEIMENTHALDRIK_PLAYER_b5c1666a-5ac8-4aa2-9cd6-ff73a8a3dcb1_JOKER	Cosa c'è da fare, e quanto fango mi toccherà addosso?
NPC_HEIMENTHALDRIK_PLAYER_b5c1666a-5ac8-4aa2-9cd6-ff73a8a3dcb1_SCHOLAR	Qual è il compito, e cosa richiede da parte mia?
NPC_HEIMENTHALDRIK_PLAYER_b5c1666a-5ac8-4aa2-9cd6-ff73a8a3dcb1_STOIC	In cosa ti serve aiuto?
NPC_HEIMENTHALDRIK_PLAYER_b81eeb17-5086-4592-90ff-a789713e5cdf_HEROIC	Hai dimostrato vera fermezza sotto pressione. Hai agito bene.
NPC_HEIMENTHALDRIK_PLAYER_b81eeb17-5086-4592-90ff-a789713e5cdf_JOKER	Niente male. Hai retto meglio di tanti altri.
NPC_HEIMENTHALDRIK_PLAYER_b81eeb17-5086-4592-90ff-a789713e5cdf_SCHOLAR	Hai mantenuto la calma quando contava. Non tutti ci riescono.
NPC_HEIMENTHALDRIK_PLAYER_b81eeb17-5086-4592-90ff-a789713e5cdf_STOIC	Hai fatto bene. Hai tenuto la testa sotto pressione.
NPC_HEIMENTHALDRIK_PLAYER_b92db85a-3d6f-4a5f-895b-b50b46d7540d_HEROIC	Una pratica simile va contrastata e cambiata.
NPC_HEIMENTHALDRIK_PLAYER_b92db85a-3d6f-4a5f-895b-b50b46d7540d_JOKER	Una pratica orribile. Perfino la pietra sembra vergognarsene.
NPC_HEIMENTHALDRIK_PLAYER_b92db85a-3d6f-4a5f-895b-b50b46d7540d_SCHOLAR	Una pratica orribile, aggravata dal fatto di essere deliberata.
NPC_HEIMENTHALDRIK_PLAYER_b92db85a-3d6f-4a5f-895b-b50b46d7540d_STOIC	Una pratica sinistra.
NPC_HEIMENTHALDRIK_PLAYER_ba00f069-f4c3-4485-af02-b0fa09094b83_HEROIC	Eccellente. Che cosa hai scoperto?
NPC_HEIMENTHALDRIK_PLAYER_ba00f069-f4c3-4485-af02-b0fa09094b83_JOKER	Promette bene. Cos'hai tirato fuori?
NPC_HEIMENTHALDRIK_PLAYER_ba00f069-f4c3-4485-af02-b0fa09094b83_SCHOLAR	Splendido. Che cosa hanno rivelato i testi?
NPC_HEIMENTHALDRIK_PLAYER_ba00f069-f4c3-4485-af02-b0fa09094b83_STOIC	Bene. Cos'hai trovato?
NPC_HEIMENTHALDRIK_PLAYER_bab4ea36-2c9c-4f12-98a9-a40e2f9bf415_HEROIC	Perlustrerò le rovine e riporterò le tavolette.
NPC_HEIMENTHALDRIK_PLAYER_bab4ea36-2c9c-4f12-98a9-a40e2f9bf415_JOKER	È ora di vedere cosa nascondono le rovine. Le tavolette verranno a casa con me.
NPC_HEIMENTHALDRIK_PLAYER_bab4ea36-2c9c-4f12-98a9-a40e2f9bf415_SCHOLAR	Esaminerò le rovine. Se vi si conservano delle tavolette, le avrai.
NPC_HEIMENTHALDRIK_PLAYER_bab4ea36-2c9c-4f12-98a9-a40e2f9bf415_STOIC	Cercherò fra le rovine e tornerò con le tavolette.
NPC_HEIMENTHALDRIK_PLAYER_bae4a1d5-8a4b-4759-8e73-a27e7f72ccc7_BASE	Da quanto tempo conosci Earlwood?
NPC_HEIMENTHALDRIK_PLAYER_bb1ea220-bf5a-47e9-a6c8-d95dd929d592_HEROIC	È strano trovare rovine laggiù. Ancora più strano lasciarle inesplorate.
NPC_HEIMENTHALDRIK_PLAYER_bb1ea220-bf5a-47e9-a6c8-d95dd929d592_JOKER	Che stranezza, caverne piene di rovine. Qualcuno costruiva verso il basso con grande ottimismo.
NPC_HEIMENTHALDRIK_PLAYER_bb1ea220-bf5a-47e9-a6c8-d95dd929d592_SCHOLAR	Rimane insolito che le rovine occupino una parte tanto ampia delle caverne.
NPC_HEIMENTHALDRIK_PLAYER_bb1ea220-bf5a-47e9-a6c8-d95dd929d592_STOIC	Strano che le caverne siano piene di rovine.
NPC_HEIMENTHALDRIK_PLAYER_bc90616e-fdbf-4240-a898-6a034e2be517_HEROIC	È un'opera davvero interessante, degna di rispetto.
NPC_HEIMENTHALDRIK_PLAYER_bc90616e-fdbf-4240-a898-6a034e2be517_JOKER	Un pezzo interessante. Decisamente non il solito sasso.
NPC_HEIMENTHALDRIK_PLAYER_bc90616e-fdbf-4240-a898-6a034e2be517_SCHOLAR	Un'opera interessante. La fattura solleva domande che meritano una risposta.
NPC_HEIMENTHALDRIK_PLAYER_bc90616e-fdbf-4240-a898-6a034e2be517_STOIC	Un'opera molto interessante.
NPC_HEIMENTHALDRIK_PLAYER_bd4ba6a6-427c-4085-83ab-4a20e8468247_HEROIC	Cosa ti dà fiducia nella riuscita di questo rito?
NPC_HEIMENTHALDRIK_PLAYER_bd4ba6a6-427c-4085-83ab-4a20e8468247_JOKER	Cosa ti fa puntare su questo rito invece che sulle altre cause perse?
NPC_HEIMENTHALDRIK_PLAYER_bd4ba6a6-427c-4085-83ab-4a20e8468247_SCHOLAR	Quali prove indicano che il rito funzionerà? I testi antichi esagerano.
NPC_HEIMENTHALDRIK_PLAYER_bd4ba6a6-427c-4085-83ab-4a20e8468247_STOIC	Cosa ti fa pensare che il rito funzionerà?
NPC_HEIMENTHALDRIK_PLAYER_bedb904d-8bd6-4830-a468-33f5d8de6d91_HEROIC	Capisco. Ti sei meritato il tuo posto nella squadra.
NPC_HEIMENTHALDRIK_PLAYER_bedb904d-8bd6-4830-a468-33f5d8de6d91_JOKER	Capito. Spero che la squadra sia pronta a un po' di movimento.
NPC_HEIMENTHALDRIK_PLAYER_bedb904d-8bd6-4830-a468-33f5d8de6d91_SCHOLAR	Capisco. Ti accolgo volentieri. Le tue competenze troveranno impiego qui.
NPC_HEIMENTHALDRIK_PLAYER_bedb904d-8bd6-4830-a468-33f5d8de6d91_STOIC	Capito. Benvenuto nella squadra.
NPC_HEIMENTHALDRIK_PLAYER_c1a03617-ded7-4be1-8171-322beb50e4df_HEROIC	Ne resta poco, ma ciò che rimane conta ancora.
NPC_HEIMENTHALDRIK_PLAYER_c1a03617-ded7-4be1-8171-322beb50e4df_JOKER	Ne resta a malapena qualcosa. Il tempo contratta duro.
NPC_HEIMENTHALDRIK_PLAYER_c1a03617-ded7-4be1-8171-322beb50e4df_SCHOLAR	Ormai ne resta poco. Una rovina tanto completa richiede secoli.
NPC_HEIMENTHALDRIK_PLAYER_c1a03617-ded7-4be1-8171-322beb50e4df_STOIC	Non ne resta molto.
NPC_HEIMENTHALDRIK_PLAYER_c35ea0ed-644e-43a4-ac58-bb76ab8a6ca9_HEROIC	Che cosa farai concretamente per il villaggio?
NPC_HEIMENTHALDRIK_PLAYER_c35ea0ed-644e-43a4-ac58-bb76ab8a6ca9_JOKER	Qual è il piano per il villaggio? Qualcosa in versi?
NPC_HEIMENTHALDRIK_PLAYER_c35ea0ed-644e-43a4-ac58-bb76ab8a6ca9_SCHOLAR	Che cosa intendi fare per il villaggio, nello specifico?
NPC_HEIMENTHALDRIK_PLAYER_c35ea0ed-644e-43a4-ac58-bb76ab8a6ca9_STOIC	Cosa pensi di fare per il villaggio?
NPC_HEIMENTHALDRIK_PLAYER_c6f68531-449b-4fdf-88aa-57cb2833b690_BASE	Hai visto quelle rovine elfiche nel cuore della foresta?
NPC_HEIMENTHALDRIK_PLAYER_c9fd6c98-c942-4f38-9b84-79052d84450b_HEROIC	Per sopravvivere dovevano agire. Questo giustifica la loro scelta.
NPC_HEIMENTHALDRIK_PLAYER_c9fd6c98-c942-4f38-9b84-79052d84450b_JOKER	Prima si sopravvive, poi si trovano le giustificazioni. Pare funzioni così.
NPC_HEIMENTHALDRIK_PLAYER_c9fd6c98-c942-4f38-9b84-79052d84450b_SCHOLAR	Hanno abbattuto per sopravvivere. La sopravvivenza costituisce di per sé un'autorizzazione.
NPC_HEIMENTHALDRIK_PLAYER_c9fd6c98-c942-4f38-9b84-79052d84450b_STOIC	L'hanno fatto per sopravvivere. È giustificato.
NPC_HEIMENTHALDRIK_PLAYER_cbacba2d-2cf5-4875-b954-9569fef26f44_BASE	Mi fa piacere che possiamo passare più tempo insieme.
NPC_HEIMENTHALDRIK_PLAYER_cc3b089d-2aec-4fd5-8667-8389b0ae1f13_HEROIC	Per quale scopo le rovine sono state nascoste sotto terra?
NPC_HEIMENTHALDRIK_PLAYER_cc3b089d-2aec-4fd5-8667-8389b0ae1f13_JOKER	Chi ha pensato che seppellire le rovine fosse una grande idea?
NPC_HEIMENTHALDRIK_PLAYER_cc3b089d-2aec-4fd5-8667-8389b0ae1f13_SCHOLAR	Perché costruire così in profondità? Non si seppellisce una città senza motivo.
NPC_HEIMENTHALDRIK_PLAYER_cc3b089d-2aec-4fd5-8667-8389b0ae1f13_STOIC	Perché le rovine sono sottoterra?
NPC_HEIMENTHALDRIK_PLAYER_cf912ff5-5f43-4fe9-9bda-a923ae40d41a_HEROIC	Sì, è fra le persone più ospitali che abbia mai incontrato.
NPC_HEIMENTHALDRIK_PLAYER_cf912ff5-5f43-4fe9-9bda-a923ae40d41a_JOKER	Sì, mai conosciuta un'anima più ospitale. Darebbe il benvenuto a un assedio.
NPC_HEIMENTHALDRIK_PLAYER_cf912ff5-5f43-4fe9-9bda-a923ae40d41a_SCHOLAR	Sì. Poche persone che ho incontrato sanno offrire un'accoglienza tanto completa.
NPC_HEIMENTHALDRIK_PLAYER_cf912ff5-5f43-4fe9-9bda-a923ae40d41a_STOIC	Sì. È una delle persone più ospitali che conosca.
NPC_HEIMENTHALDRIK_PLAYER_d06074cf-20fd-47b5-bbc9-ebd7cc0ddc1c_HEROIC	Porta le tue capacità. Fiducia e amicizia sono un peso in più.
NPC_HEIMENTHALDRIK_PLAYER_d06074cf-20fd-47b5-bbc9-ebd7cc0ddc1c_JOKER	Le capacità bastano. L'amicizia è un lusso di cui possiamo fare a meno.
NPC_HEIMENTHALDRIK_PLAYER_d06074cf-20fd-47b5-bbc9-ebd7cc0ddc1c_SCHOLAR	Questo accordo richiede competenze. Il resto è facoltativo.
NPC_HEIMENTHALDRIK_PLAYER_d06074cf-20fd-47b5-bbc9-ebd7cc0ddc1c_STOIC	Servono solo capacità. Non fiducia o amicizia.
NPC_HEIMENTHALDRIK_PLAYER_d2ae8ee4-5eb2-48cd-94b7-b6e365274973_HEROIC	Quale strada sceglierai adesso?
NPC_HEIMENTHALDRIK_PLAYER_d2ae8ee4-5eb2-48cd-94b7-b6e365274973_JOKER	E adesso, un bis o un'uscita in punta di piedi?
NPC_HEIMENTHALDRIK_PLAYER_d2ae8ee4-5eb2-48cd-94b7-b6e365274973_SCHOLAR	Quale azione intraprenderai ora?
NPC_HEIMENTHALDRIK_PLAYER_d2ae8ee4-5eb2-48cd-94b7-b6e365274973_STOIC	Cosa farai ora?
NPC_HEIMENTHALDRIK_PLAYER_d37a7403-9818-4872-92c9-5f2962e1b86b_HEROIC	Basta filosofia. Leggila.
NPC_HEIMENTHALDRIK_PLAYER_d37a7403-9818-4872-92c9-5f2962e1b86b_JOKER	La filosofia dopo, quando c'è la birra. Leggi questa roba.
NPC_HEIMENTHALDRIK_PLAYER_d37a7403-9818-4872-92c9-5f2962e1b86b_SCHOLAR	La filosofia dopo le prove. Leggila.
NPC_HEIMENTHALDRIK_PLAYER_d37a7403-9818-4872-92c9-5f2962e1b86b_STOIC	Basta. Leggi.
NPC_HEIMENTHALDRIK_PLAYER_d48e4052-07a1-4fa2-a435-9a65c961b2a9_BASE	Raccontami qualcosa di più di te.
NPC_HEIMENTHALDRIK_PLAYER_d4f78b04-06a2-4133-8ac3-ab72c624a0ba_HEROIC	Qualunque cosa fosse, il suo significato è morto con chi l'ha creata.
NPC_HEIMENTHALDRIK_PLAYER_d4f78b04-06a2-4133-8ac3-ab72c624a0ba_JOKER	Qualunque cosa fosse, il significato è colato via un bel pezzo fa.
NPC_HEIMENTHALDRIK_PLAYER_d4f78b04-06a2-4133-8ac3-ab72c624a0ba_SCHOLAR	Qualunque cosa fosse, il suo scopo ormai è privo di significato.
NPC_HEIMENTHALDRIK_PLAYER_d4f78b04-06a2-4133-8ac3-ab72c624a0ba_STOIC	Qualunque cosa fosse, ora non significa nulla.
NPC_HEIMENTHALDRIK_PLAYER_d88058bc-291d-4e37-a1ad-1a8513c1872d_HEROIC	Ancora uno, e poi basta alberi.
NPC_HEIMENTHALDRIK_PLAYER_d88058bc-291d-4e37-a1ad-1a8513c1872d_JOKER	Ancora un albero. Dopo comincio a farmi pagare a ghianda.
NPC_HEIMENTHALDRIK_PLAYER_d88058bc-291d-4e37-a1ad-1a8513c1872d_SCHOLAR	Ancora uno, poi la ricerca si conclude, qualunque sia il risultato.
NPC_HEIMENTHALDRIK_PLAYER_d88058bc-291d-4e37-a1ad-1a8513c1872d_STOIC	Ancora uno. Poi ho finito.
NPC_HEIMENTHALDRIK_PLAYER_e2c81d11-6bd8-45a5-8302-3ff5342ba153_HEROIC	Il mistero può aspettare. Ora conta soprattutto sopravvivere.
NPC_HEIMENTHALDRIK_PLAYER_e2c81d11-6bd8-45a5-8302-3ff5342ba153_JOKER	Il mistero è sopravvalutato. L'unica ambizione è uscirne vivi.
NPC_HEIMENTHALDRIK_PLAYER_e2c81d11-6bd8-45a5-8302-3ff5342ba153_SCHOLAR	Le risposte possono attendere il proprio turno. La sopravvivenza no.
NPC_HEIMENTHALDRIK_PLAYER_e2c81d11-6bd8-45a5-8302-3ff5342ba153_STOIC	Misteri e risposte non contano. Prima sopravvivere.
NPC_HEIMENTHALDRIK_PLAYER_e4a905d6-d9a9-4943-a04b-8932fcd8c418_BASE	Che tipo di incantesimi sai creare?
NPC_HEIMENTHALDRIK_PLAYER_e5b5775c-1a83-47f9-bec4-0d6ab7e7fbfb_HEROIC	Quel che è fatto è fatto. Tieni la testa alta e guarda avanti.
NPC_HEIMENTHALDRIK_PLAYER_e5b5775c-1a83-47f9-bec4-0d6ab7e7fbfb_JOKER	Quel che è fatto è fatto. Inutile tirare i fili vecchi.
NPC_HEIMENTHALDRIK_PLAYER_e5b5775c-1a83-47f9-bec4-0d6ab7e7fbfb_SCHOLAR	Quel che è fatto è fatto. Rifletterci ora serve a poco.
NPC_HEIMENTHALDRIK_PLAYER_e5b5775c-1a83-47f9-bec4-0d6ab7e7fbfb_STOIC	Quel che è fatto è fatto. Non rimuginarci.
NPC_HEIMENTHALDRIK_PLAYER_e9a6c5f2-3b2d-49d0-8a94-e45be1d8c423_HEROIC	Combatto la corruzione e ne cerco l'origine. Chi sei?
NPC_HEIMENTHALDRIK_PLAYER_e9a6c5f2-3b2d-49d0-8a94-e45be1d8c423_JOKER	Sono qui a dare la caccia alla corruzione, e invece trovo te. Chi sei?
NPC_HEIMENTHALDRIK_PLAYER_e9a6c5f2-3b2d-49d0-8a94-e45be1d8c423_SCHOLAR	Sto risalendo alla fonte della corruzione. E tu saresti?
NPC_HEIMENTHALDRIK_PLAYER_e9a6c5f2-3b2d-49d0-8a94-e45be1d8c423_STOIC	Cerco l'origine della corruzione. Chi sei?
NPC_HEIMENTHALDRIK_PLAYER_eabb2061-dc7a-459a-b9fc-51a829d36881_HEROIC	È arrivata fino a te. Non è perduta.
NPC_HEIMENTHALDRIK_PLAYER_eabb2061-dc7a-459a-b9fc-51a829d36881_JOKER	Perduta nell'eternità, dice. All'unico che l'ha trovata. Ah, i poeti.
NPC_HEIMENTHALDRIK_PLAYER_eabb2061-dc7a-459a-b9fc-51a829d36881_SCHOLAR	La dichiara perduta, eppure ha trovato un lettore. L'affermazione si contraddice.
NPC_HEIMENTHALDRIK_PLAYER_eabb2061-dc7a-459a-b9fc-51a829d36881_STOIC	Ti ha raggiunto. Non è perduta.
NPC_HEIMENTHALDRIK_PLAYER_efcc149a-7481-4371-b143-21e6659292c7_HEROIC	Dunque non sai spiegare come la corruzione sia riuscita a entrare?
NPC_HEIMENTHALDRIK_PLAYER_efcc149a-7481-4371-b143-21e6659292c7_JOKER	Quindi la corruzione è sgusciata dentro e ti sei perso il suo ingresso?
NPC_HEIMENTHALDRIK_PLAYER_efcc149a-7481-4371-b143-21e6659292c7_SCHOLAR	Il punto d'ingresso della corruzione ti è dunque ancora ignoto?
NPC_HEIMENTHALDRIK_PLAYER_efcc149a-7481-4371-b143-21e6659292c7_STOIC	Quindi non sai come sia entrata la corruzione?
NPC_HEIMENTHALDRIK_PLAYER_f32604e5-c7dc-4dca-9010-f442f0010479_HEROIC	Potevi avvertirmi che ci sarebbero voluti anni, ma porterò l'opera fino in fondo.
NPC_HEIMENTHALDRIK_PLAYER_f32604e5-c7dc-4dca-9010-f442f0010479_JOKER	Hai saltato la parte degli anni. Un dettaglio comodo da seppellire.
NPC_HEIMENTHALDRIK_PLAYER_f32604e5-c7dc-4dca-9010-f442f0010479_SCHOLAR	Hai omesso che l'effetto avrebbe richiesto anni per manifestarsi.
NPC_HEIMENTHALDRIK_PLAYER_f32604e5-c7dc-4dca-9010-f442f0010479_STOIC	Non avevi detto che ci sarebbero voluti anni.
NPC_HEIMENTHALDRIK_PLAYER_f41d4316-d40e-4521-9f60-a489abda84e9_HEROIC	Come posso mettere a disposizione la mia forza?
NPC_HEIMENTHALDRIK_PLAYER_f41d4316-d40e-4521-9f60-a489abda84e9_JOKER	Come posso dare una mano prima che la festa si animi troppo?
NPC_HEIMENTHALDRIK_PLAYER_f41d4316-d40e-4521-9f60-a489abda84e9_SCHOLAR	Dove sarebbero più utili altre due mani?
NPC_HEIMENTHALDRIK_PLAYER_f41d4316-d40e-4521-9f60-a489abda84e9_STOIC	Come posso aiutare?
NPC_HEIMENTHALDRIK_PLAYER_f47fc42a-4d4d-47e6-9562-8faf88ec07be_HEROIC	Non mi serve la sua fiducia, né quella di altri, per percorrere la mia strada.
NPC_HEIMENTHALDRIK_PLAYER_f47fc42a-4d4d-47e6-9562-8faf88ec07be_JOKER	Non mi serve la sua fiducia. Né quella di nessun altro, prima che tu chieda.
NPC_HEIMENTHALDRIK_PLAYER_f47fc42a-4d4d-47e6-9562-8faf88ec07be_SCHOLAR	La sua fiducia non è un requisito. Quella di nessuno lo è.
NPC_HEIMENTHALDRIK_PLAYER_f47fc42a-4d4d-47e6-9562-8faf88ec07be_STOIC	Non mi serve la sua fiducia. Né quella di altri.
NPC_HEIMENTHALDRIK_PLAYER_f5036706-bc65-47cc-a00b-c0defa79b0e2_BASE	Hai visto quel gigantesco uovo di pietra nella foresta?
NPC_HEIMENTHALDRIK_PLAYER_f57d5876-0163-4ea2-842a-a2cbc5715334_HEROIC	Se è necessario, allora parla in fretta.
NPC_HEIMENTHALDRIK_PLAYER_f57d5876-0163-4ea2-842a-a2cbc5715334_JOKER	Se ci tieni tanto, sputa il rospo alla svelta.
NPC_HEIMENTHALDRIK_PLAYER_f57d5876-0163-4ea2-842a-a2cbc5715334_SCHOLAR	Allora sii rapido e preciso.
NPC_HEIMENTHALDRIK_PLAYER_f57d5876-0163-4ea2-842a-a2cbc5715334_STOIC	Parla in fretta, allora.
NPC_HEIMENTHALDRIK_PLAYER_f5f86195-33b1-46f5-b7d8-e144608df1d1_HEROIC	Dimmi il compito e me ne farò carico.
NPC_HEIMENTHALDRIK_PLAYER_f5f86195-33b1-46f5-b7d8-e144608df1d1_JOKER	Mettimi al lavoro. Piano, però: mi vengono i lividi.
NPC_HEIMENTHALDRIK_PLAYER_f5f86195-33b1-46f5-b7d8-e144608df1d1_SCHOLAR	Qual è la prima esigenza della ricerca?
NPC_HEIMENTHALDRIK_PLAYER_f5f86195-33b1-46f5-b7d8-e144608df1d1_STOIC	Come posso aiutare?
NPC_HEIMENTHALDRIK_PLAYER_f8c902cc-753f-4c8d-8265-c4646aa3c180_HEROIC	Quale messaggio racchiude il brano?
NPC_HEIMENTHALDRIK_PLAYER_f8c902cc-753f-4c8d-8265-c4646aa3c180_JOKER	Che segreti ci sussurra questo brano?
NPC_HEIMENTHALDRIK_PLAYER_f8c902cc-753f-4c8d-8265-c4646aa3c180_SCHOLAR	Leggimelo. Parola per parola.
NPC_HEIMENTHALDRIK_PLAYER_f8c902cc-753f-4c8d-8265-c4646aa3c180_STOIC	Cosa dice il brano?
NPC_HEIMENTHALDRIK_PLAYER_f9c6b540-4b82-41ac-b116-fca5f0e208d6_HEROIC	Indicami gli alberi da controllare e provvederò.
NPC_HEIMENTHALDRIK_PLAYER_f9c6b540-4b82-41ac-b116-fca5f0e208d6_JOKER	Dove sono questi alberi che richiedono la mia sapiente ispezione?
NPC_HEIMENTHALDRIK_PLAYER_f9c6b540-4b82-41ac-b116-fca5f0e208d6_SCHOLAR	Quali alberi, e cosa devo cercare su di essi?
NPC_HEIMENTHALDRIK_PLAYER_f9c6b540-4b82-41ac-b116-fca5f0e208d6_STOIC	Quali alberi devo controllare?
NPC_HEIMENTHALDRIK_PLAYER_fb64f2a9-015f-4854-9219-46d2c5487978_BASE	Lo stesso vale per me. Mi fa piacere che il nostro legame sia cresciuto.
NPC_HEIMENTHALDRIK_PLAYER_fe07737d-43e3-4add-81b1-7008eaf75b31_HEROIC	Quale causa speri di servire unendoti a me?
NPC_HEIMENTHALDRIK_PLAYER_fe07737d-43e3-4add-81b1-7008eaf75b31_JOKER	Cerchi uno scopo venendomi dietro, eh?
NPC_HEIMENTHALDRIK_PLAYER_fe07737d-43e3-4add-81b1-7008eaf75b31_SCHOLAR	E a quale scopo concreto servirebbe unirti a me?
NPC_HEIMENTHALDRIK_PLAYER_fe07737d-43e3-4add-81b1-7008eaf75b31_STOIC	Che scopo avresti nell'unirti a me?
NPC_HEIMENTHALDRIK_RESPONSE_039c49c8-ce5a-4cb1-91c1-77c173f4568f	"Proprio così. Giudicami dal lavoro. Ne rispondo io."
NPC_HEIMENTHALDRIK_RESPONSE_03c71a36-5fa6-4ab5-8240-717ba83dd961	"Ah. Eccoti qua. Passa le tavolette. Voglio sentir la storia finché è fresca. Come ti è andata là fuori?"
NPC_HEIMENTHALDRIK_RESPONSE_040ad051-b551-4cc2-88f7-4adea39ca3f4	"Eh sì. Avanti, allora. Che la strada mostri pure i denti."
NPC_HEIMENTHALDRIK_RESPONSE_085f9f8d-05ae-4260-bbf7-0b0ac4df6c46	"Portami canzoni e suonerò quel che so. Ne ho già qualcuna da parte, ma ogni buona sala si fa più ricca con un po' di musica in più."
NPC_HEIMENTHALDRIK_RESPONSE_089f884e-4412-4a5a-af31-15b789a6a86d	"Ah! Subito al libro dei conti, eh? Giusto così."<x1/><x2/><x3/><x4/>"Sono qui anzitutto come testimone e consigliere. Presto questo posto avrà bisogno di consigli chiari, e di qualcuno che non lasci scivolar la verità fra le pietre. Poi, con l'attrezzatura, posso creare libri degli incantesimi. E se il silenzio comincia a guastar l'aria, be', il liuto si guadagnerà il pane."
NPC_HEIMENTHALDRIK_RESPONSE_0946dde6-f7b7-4319-b77b-3f48f7febc9e	"Le Rovine di Wildwood a est, eh? Le conosco. Difficile starci senza sentirne il peso. Ci scommetterei moneta buona: era un tempio di Ceres, dell'era imperiale elfica."
NPC_HEIMENTHALDRIK_RESPONSE_0b0fcdd3-f34f-48ea-ab4f-55b7d4230c6b	"Ne ho letto, certo, nei miei viaggi per la Foresta Eterna. Non mi sono tirato indietro quando c'era da frugar tra le rovine. Lì sotto stanno sepolte tante belle verità."
NPC_HEIMENTHALDRIK_RESPONSE_0d64d364-8984-4efe-83bd-c379d27e4be7	"Sì. Non scorticarti per questo. Era la fine giusta, per quanto dura."<x1/><x2/><x3/><x4/>"Mi chiedo come la storia ricorderà questo giorno, e quelli che verranno. La morte di un Emissario non è cosa da poco. Hai mai notato come ciò che viene dopo un fatto cambia il modo in cui la gente lo ricorda? Non parlo di quella sciocchezza, 'la storia la scrivono i vincitori'. Parlo del rapporto del tempo con sé stesso: di come un'epoca risponde a quella prima e le dà forma."
NPC_HEIMENTHALDRIK_RESPONSE_1b272e79-8c53-4fda-8e84-2a39d4430aed	"Eh sì. Bellezza e dolore, scolpiti nella stessa pietra."<x1/><x2/><x3/><x4/>"L'ho trovato poco dopo esser giunto nella regione di Earlwood. Sapevo che qui avrei trovato pietra elfica, a cercar bene. Earlwood è piena della loro storia.<x5/><x6/><x7/><x8/>Ricordo quelle sale. Ci camminavo, leggevo le iscrizioni e sapevo che qualcuno mi osservava. Una driade, poi l'ho scoperto. Innocua, pensai. Magari non aveva mai visto un nano.<x9/><x10/><x11/><x12/>Poi si avvicinò. Cosa rara, una driade che va da un mortale di sua volontà. Rimase di sasso perché sapevo leggere l'elfico antico. Le dissi che avevo imparato da solo. Quando le chiesi del posto, disse soltanto: 'È una storia che non ho più cuore di raccontare'. Poi sparì fra gli alberi."
NPC_HEIMENTHALDRIK_RESPONSE_200feaf4-db90-4a48-b625-94eb934dbdf5	"Proprio così. Salda come pietra. Non ho scordato il giorno che ci siamo conosciuti."<x1/><x2/><x3/><x4/>"L'ho incontrata il mio primo giorno a Earlwood, poco dopo aver lasciato Barakthrum. Avevo appena messo piede in paese e lei mi venne incontro, squillante come una campana. Tutta benvenuti e domande.<x5/><x6/><x7/><x8/>Aveva il posto così in pugno che quasi la presi per il sindaco. Quella sera mi portò alla sua taverna e mi presentò mezzo villaggio, nome per nome. Da allora Earlwood smise d'esser un segno lungo la strada. Divenne un posto dove tornare."
NPC_HEIMENTHALDRIK_RESPONSE_2306010f-e5b7-4f8b-bdc5-53c4cd5c13f5	“Sì, Heimen Thaldrik, figlio della pietra e d'inchiostro testardo. Poeta nel cuore, tessitore di sogni per mestiere.”<x1/><x2/>“E visto che siamo una compagnia insolita, mi farebbe comodo una mano, se hai un po' di gentilezza che avanza.”
NPC_HEIMENTHALDRIK_RESPONSE_24e39c87-5f6f-4393-a861-b3f0d0834300	“Si dice che Erynor, l'ultimo poeta della Purga Elfica, abbia inciso i suoi ultimi versi sotto la corteccia d'un albero, nascosto proprio in questa foresta.”<x1/><x2/>“Dicono che scrivesse mentre le ombre gli davano la caccia. Sapeva che sarebbe stata la sua ultima opera.”<x3/><x4/>“Mi serve una mano a cercar su qualche vecchio albero, vicino all'ultimo posto in cui fu visto. Solo tre. Gli altri li controllo io.”
NPC_HEIMENTHALDRIK_RESPONSE_268cfffc-507f-45aa-b120-12c103d81524	"Ah. Fa proprio piacere aver qualcuno con tanta voglia d'aiutare."<x1/><x2/><x3/><x4/>*Heimen estrae dal cappotto una mappa ripiegata di Wildwood, la spiana e picchietta con un dito tozzo sui segni d'inchiostro.*<x5/><x6/>"Bene, allora. Queste sono le rovine dove è più probabile trovar tavolette sulla corruzione. C'ero già andato a ficcare il naso, ma l'aria s'è fatta rovente e mi sono ritirato. So combattere, sì, ma non come te. Dove io ho fallito, tu avrai meno grane."
NPC_HEIMENTHALDRIK_RESPONSE_2823faad-25aa-49d1-9ed6-b454f4cd2f2b	"Sì, e se l'avessi detto prima avresti picchiato più forte? Anche il lavoro lungo conta. Abbiamo piantato un paletto."<x1/><x2/><x3/><x4/>*Heimen si ricompone; lo sguardo ora è saldo e l'ultima traccia di tensione gli abbandona il viso.*<x5/><x6/>"Avanti col prossimo passo, allora. A noi nani piace parlar chiaro, quindi vado dritto al punto. Ti ho osservato, viandante. Sei nel cuore di ciò che sta arrivando, che tu l'abbia chiesto o no. Voglio vederlo coi miei occhi e metterlo per iscritto, com'è davvero. Mi unirei a te, se mi vuoi."
NPC_HEIMENTHALDRIK_RESPONSE_288c2532-00ff-404b-8098-5d4272e0d4a6	"Bene. Mani salde, cuore saldo."<x1/><x2/><x3/><x4/>"Ah. Queste sono meglio di quanto osassi sperare. Ci passerò un po' di tempo, piano e con cura. Torna più tardi e avrò una direzione che valga la pena seguire."
NPC_HEIMENTHALDRIK_RESPONSE_2e0924a9-8808-4251-ac19-872437957e87	"Eh sì. La tragedia pesava forte, lì. Tanti elfi sono morti in quel posto, come in tutta la foresta. Più di quanti una canzone abbia cuore di contare."
NPC_HEIMENTHALDRIK_RESPONSE_2e72e875-566d-4b4e-be24-b8d65691b92f	"Giusto così. Non tutte le anime son fatte per rimuginare. Parlerò chiaro."<x1/><x2/><x3/><x4/>"Gli antichi elfi combattevano la corruzione ai loro tempi. E incidevano sulle tavolette ciò che imparavano, come una testimonianza giurata. Molto è andato in pezzi nelle guerre, ma fra le rovine sparse per Wildwood dovrebbe restare una traccia."
NPC_HEIMENTHALDRIK_RESPONSE_2e7b97a3-86f2-4ac2-85e7-ef3f4f98e678	“I poeti elfici incidevano le loro opere nella carne degli alberi Everlast. La corteccia ci si richiudeva sopra e teneva le parole al sicuro, nascoste nella crescita.”<x1/><x2/>“Solo occhi elfici potevano leggere lì sotto. Magia, quella.”<x3/><x4/>“Ora quasi tutte quelle poesie dormono nei tronchi. Aspettano qualcuno che abbia la pazienza di cercare.”
NPC_HEIMENTHALDRIK_RESPONSE_2eb97d96-753f-41c1-a837-2bb7e1cd4188	*Ride piano fra sé, con gli occhi velati.*<x1/><x2/>“Ah... quel vecchio elfo. Sapeva che questo giorno sarebbe arrivato.”<x3/><x4/>“Dice: 'E oh, per concludere questa poesia, molto dopo la mia fine e la fine di quest'albero, scrivo a te, ultimo lettore, che ora vedo. Porterai la mia storia nel domani dell'eternità. La tua è una stirpe che vede soltanto il passato, eppure ha più futuro di quanto a me resti da vedere. Ti vedo alla fine della mia storia, alla fine di questa poesia, l'ultima poesia di Erynor, ora, infine, perduta nell'eternità.'”<x5/><x6/>“Forse voleva che svanisse. O forse... sapeva che sarebbe successo, qualunque cosa facesse.”
NPC_HEIMENTHALDRIK_RESPONSE_34a6adc1-9db2-4d29-abc1-ece6bbabea27	"Saqi? Eh sì, quella è una nana degna d'una canzone. Una delle mie anime predilette a Earlwood. Volontà forte, mani generose. E quel genere di lavoro che la gente nota solo quando manca."
NPC_HEIMENTHALDRIK_RESPONSE_34f80ca8-25ee-42a4-8c16-556de21ed461	"Sì. Quello è una leggenda del posto, e a ragione. Opera degli Antichi, si vede bene. Pezzi più piccoli saltano fuori per tutta Mirkea, ma di così grandi se ne trovano pochi. Nemmeno oggi qualcuno sa dire a cosa servissero davvero. La verità è che degli Antichi sappiamo ben poco."
NPC_HEIMENTHALDRIK_RESPONSE_36546b2e-1ae0-43ac-8391-225748d169ee	"Più di quanto sperassi. Un brano, sopra tutti."<x1/><x2/><x3/><x4/>*Heimen espira dal naso, poi annuisce una volta, come per dare ragione a qualcosa che preferirebbe tacere.*<x5/><x6/>"In queste incisioni c'è un rito. Un'antica protezione elfica, fatta per allentar la presa della corruzione su Wildwood. Ma non si può compiere al sicuro davanti al focolare. Va fatto nella foresta, e chi ci abita non lo accoglierà bene. Mentre lo eseguo, sono esposto. Tu mi terrai lontani i denti."
NPC_HEIMENTHALDRIK_RESPONSE_389e4cd2-62f7-4276-9978-3220be5da619	"Ah. A te la storia può non importare, ma tu alla storia interessi parecchio."
NPC_HEIMENTHALDRIK_RESPONSE_3add20b0-f94b-4c69-97da-9b25c1cd650f	"Proprio così. Ho visto più strade di tanti altri, e direi ancora lo stesso."<x1/><x2/><x3/><x4/>"Saqi cuce insieme la gente prima che arrivino i guai. Nomi ai volti, mani al lavoro, fiducia alla fiducia. Così, quando arrivano i giorni duri, il villaggio non si scuce. È il suo dono. Fa la trama abbastanza forte da tenere."
NPC_HEIMENTHALDRIK_RESPONSE_3eb69f91-5313-402c-a6db-3e3e0b419f3a	"Perché è il mio lavoro. Il mio dovere. Lo scopo che ho scelto, da poeta e testimone."<x1/><x2/><x3/><x4/>"Questa guerra contro Sylbos e le sue forze oscure darà forma ai prossimi mille anni. Che si vinca o si perda. Voglio viverla da vicino, così quando la metterò in versi sarà vera. Poi porterò quella verità in ogni sala disposta ad ascoltarla."
NPC_HEIMENTHALDRIK_RESPONSE_3f1abeb1-ab3a-4033-9dfe-8d99d5c943db	"Sì, il primo tentativo è andato a vuoto. Non c'è vergogna a chiamar gli alleati quando c'è un lavoro da fare."
NPC_HEIMENTHALDRIK_RESPONSE_3f62d76f-4c01-4507-b9f6-36885c809a5e	"Sì. La incorniciano entrambi: ciò che c'era prima e ciò che viene dopo."<x1/><x2/><x3/><x4/>"Secondo quel che verrà, la storia potrà chiamarlo l'inizio di una nuova era per la foresta... o l'ultimo chiodo nella bara del culto di Ceres, qui. Potrebbe essere la svolta della guerra, in un senso o nell'altro. Un'epoca buia, o un'epoca di pace."<x5/><x6/>*Heimen si raddrizza e alza gli occhi; sul viso gli affiora un piccolo sorriso risoluto.*<x7/><x8/>"Io spero nella pace. E spero che la mia mano abbia una piccola parte nel raccontarla per come sarà."
NPC_HEIMENTHALDRIK_RESPONSE_3ff21e5f-3a78-43bd-9eec-a726a799ee96	"Eh sì. Ci sono entrato anni fa, prima che il posto si riempisse di puzzo di goblin e raschiar di stivali. Sotto la pietra ci sono rovine degli Antichi. Abbastanza comuni a Mirkea, se mai si può chiamar comune qualcosa degli Antichi."
NPC_HEIMENTHALDRIK_RESPONSE_40702efe-03ac-450f-ad8c-c76d58bc90f7	"Proprio quello voglio. Se è troppo per le tue belle dita, puoi portare altrove le tue fatiche."<x1/><x2/><x3/><x4/>*Heimen estrae dal cappotto una mappa ripiegata di Wildwood, la spiana e picchietta con un dito tozzo sui segni d'inchiostro.*<x5/><x6/>"Bene, allora. Queste sono le rovine dove è più probabile trovar tavolette sulla corruzione. C'ero già andato a ficcare il naso, ma l'aria s'è fatta rovente e mi sono ritirato. So combattere, sì, ma non come te. Dove io ho fallito, tu avrai meno grane."
NPC_HEIMENTHALDRIK_RESPONSE_43a5e961-06e6-47b2-8b9f-fc787da70f4b	"Può essere. O forse sono l'unico disposto a inseguir ciò che gli altri non vedono. Se hai occhi più acuti, ti ascolto."
NPC_HEIMENTHALDRIK_RESPONSE_45e174a5-9cf0-42fa-a56f-ee093f2807d5	"Allora mi spiace che tu debba portar il peso di questa convinzione. Ci sono dei che ci vogliono in catene, sì. Ma altri ci hanno sollevati quando potevano voltarsi dall'altra parte."<x1/><x2/><x3/><x4/>"Io cerco di pensar oltre gli dei, se mai si può. Sylbos, i Principi, gli Antichi Dei. Ogni guerra, ogni ingiustizia, ogni atto di pietà. Tutto si muove. Tutto spinge la cosa successiva a nascere.<x5/><x6/>E una domanda mi tiene i denti piantati addosso: che cosa diventa, tutto questo? La verità è più forte della rovina? La bontà è più d'un desiderio? La bellezza è nel midollo del mondo, o è tutta illusione, qualcosa che le menti mortali inventano per dare forma al buio?"
NPC_HEIMENTHALDRIK_RESPONSE_4707c687-62f3-4eb2-8eaf-951b7a2c7c9e	“Ecco, prendi. Ho segnato tre alberi promettenti. Devi solo darci un'occhiata. Gli altri li cerco io.”<x1/><x2/>“Bada a dove metti i piedi. I boschi hanno i denti.”
NPC_HEIMENTHALDRIK_RESPONSE_4710a288-3757-4094-ab5d-88921e5fe388	"Eh sì. Me lo chiedevo anch'io."<x1/><x2/><x3/><x4/>*Heimen si ricompone; lo sguardo ora è saldo e l'ultima traccia di tensione gli abbandona il viso.*<x5/><x6/>"Avanti col prossimo passo, allora. A noi nani piace parlar chiaro, quindi vado dritto al punto. Ti ho osservato, viandante. Sei nel cuore di ciò che sta arrivando, che tu l'abbia chiesto o no. Voglio vederlo coi miei occhi e metterlo per iscritto, com'è davvero. Mi unirei a te, se mi vuoi."
NPC_HEIMENTHALDRIK_RESPONSE_4741c970-c1c1-4e70-a465-69c8af3e68e6	*Heimen china il capo verso terra, con l'espressione di chi sa già.*<x1/><x2/>"Sì. Le voci corrono. Tragico, senza dubbio."
NPC_HEIMENTHALDRIK_RESPONSE_4803bbb7-9d95-4985-8aa8-a92a76d7f14e	"Bene. Allora la fiducia va nei due sensi, come dev'essere."<x1/><x2/><x3/><x4/>*Le dita di Heimen si fermano; la consueta disinvoltura lascia il posto a un atteggiamento più cauto.*<x5/><x6/>"Lascia che te lo chieda chiaro. Se guardi la storia, la vita, ogni scelta che fa andar avanti la gente, credi che tendano al bene? O facciamo soltanto canzoni per tener buono il buio?"
NPC_HEIMENTHALDRIK_RESPONSE_4ad2997b-83ab-4af1-bb61-79f968ed4720	"Sì, il tesoro chiama forte in posti così. Ma l'oro è un misero motivo per entrar nella storia a occhi chiusi."
NPC_HEIMENTHALDRIK_RESPONSE_521989f3-4155-43b9-a6dc-646f1a3cbbeb	"Ancora non so... Mi serve tempo per pensare. E per ringraziare."<x1/><x2/>"Ringraziar te, amico, per avermi aiutato a trovare tutto questo. Sul serio."
NPC_HEIMENTHALDRIK_RESPONSE_53673358-8761-4411-95cf-7876d6823308	"Sì. C'è del vero in questa risposta. Sperare senza certezze è forse la cosa più propria di noi mortali."<x1/><x2/><x3/><x4/>"Io cerco di pensar oltre gli dei, se mai si può. Sylbos, i Principi, gli Antichi Dei. Ogni guerra, ogni ingiustizia, ogni atto di pietà. Tutto si muove. Tutto spinge la cosa successiva a nascere.<x5/><x6/>E una domanda mi tiene i denti piantati addosso: che cosa diventa, tutto questo? La verità è più forte della rovina? La bontà è più d'un desiderio? La bellezza è nel midollo del mondo, o è tutta illusione, qualcosa che le menti mortali inventano per dare forma al buio?"
NPC_HEIMENTHALDRIK_RESPONSE_53c3ff79-0936-45e5-a67b-048007146c5f	"Eh sì. E mentirei a dire che il pensiero non mi scalda."<x1/><x2/><x3/><x4/>*Le dita di Heimen si fermano; la consueta disinvoltura lascia il posto a un atteggiamento più cauto.*<x5/><x6/>"Lascia che te lo chieda chiaro. Se guardi la storia, la vita, ogni scelta che fa andar avanti la gente, credi che tendano al bene? O facciamo soltanto canzoni per tener buono il buio?"
NPC_HEIMENTHALDRIK_RESPONSE_577b1ec0-cc19-406c-9d82-e71e75fd1d41	"Tante opere antiche sembrano sciocche quando se ne perde il perché. Il contesto è la metà sepolta della verità."<x1/><x2/><x3/><x4/>"Ci ho pensato spesso. La pietra è fatta come un sigillo, non come un tempietto. Lavoro degli Antichi: fatto per durare, per tener dentro il potere. Ed ecco il pensiero cupo: non credo che quelle uova custodissero cose morte. Credo tenessero prigionieri. Creature vive, rinchiuse nella pietra e nella magia. Quello grande? Qualunque cosa ci fosse dentro, non era un prigioniero da poco."
NPC_HEIMENTHALDRIK_RESPONSE_5886d1c2-e218-4293-ab72-9a2fb58cb97f	"Un Varco, eh? Ti ho visto usarli. Una fortuna rara. Ne farò buon uso e ti raggiungerò al Santuario."
NPC_HEIMENTHALDRIK_RESPONSE_59dd5af6-62b0-434e-bf85-6c3420506c2b	"Sì, la verità comincia da un'ipotesi. Tu tieni la posizione, io inseguirò l'enigma finché non dirà il suo nome."
NPC_HEIMENTHALDRIK_RESPONSE_5b77f503-8804-46e6-8581-85081cf7bf6a	"Sì, volentieri. E grazie dell'accoglienza."<x1/><x2/><x3/><x4/>"Sono qui anzitutto come testimone e consigliere. Presto questo posto avrà bisogno di consigli chiari, e di qualcuno che non lasci scivolar la verità fra le pietre. Poi, con l'attrezzatura, posso creare libri degli incantesimi. E se il silenzio comincia a guastar l'aria, be', il liuto si guadagnerà il pane."
NPC_HEIMENTHALDRIK_RESPONSE_60cae554-65dc-468d-946d-3ea1e85f0d50	"Più d'una canzone, amico. Consigli quando le scelte mordono. Libri degli incantesimi che ho scritto e raccolto. E quando il morale cede, un motivo che tenga su i cuori."
NPC_HEIMENTHALDRIK_RESPONSE_61c00505-dcb4-4690-a0fa-33b281595f35	"Eh sì. Più tempo per bere, cantare e parlar schietto davanti al fuoco. Non lo chiamerei un cattivo affare, amico."<x1/><x2/><x3/><x4/>"Sono qui anzitutto come testimone e consigliere. Presto questo posto avrà bisogno di consigli chiari, e di qualcuno che non lasci scivolar la verità fra le pietre. Poi, con l'attrezzatura, posso creare libri degli incantesimi. E se il silenzio comincia a guastar l'aria, be', il liuto si guadagnerà il pane."
NPC_HEIMENTHALDRIK_RESPONSE_642a0872-647e-469a-a858-d0f7e7c4197d	"Sì. Gente affascinante, se gente è la parola giusta. Però, lo confesso, le reliquie elfiche mi cantano più chiare."
NPC_HEIMENTHALDRIK_RESPONSE_6776e723-3326-4641-8835-3a096cfa0318	"Nella bisaccia ho più che corde e rime, amico. Un occhio acuto e una balestra fidata. E so trovar senso dove gli altri vedono follia."<x1/><x2/><x3/><x4/>*Scuote via dal mantello la polvere della foresta; la voce si abbassa, quasi un sussurro fra amici.*<x5/><x6/>"La verità è che a Wildwood la corruzione non ha mai attecchito. Sì, ha tormentato il mondo in tante forme, ma qui no. Non fra questi alberi. La foresta ha leggi sue, più antiche d'ogni corona. E ora... qualcosa le ha spezzate."
NPC_HEIMENTHALDRIK_RESPONSE_68410197-60e3-4de5-8f08-39759b529277	"Perché so quel che leggo. Anni di studio, e abbastanza pratica da distinguer un vero incanto da una bella bugia."<x1/><x2/><x3/><x4/>*Heimen avvicina la tua mappa, poi segna un punto con mano rapida ed esperta.*<x5/><x6/>"È un rito di protezione. Usiamo pietre del cammino per entrare in comunione con Ceres e chiederle di proteggere Wildwood. Gli elfi lo compivano regolarmente, con o senza corruzione, e ne annotarono l'effetto quando il marciume premeva sui confini. Lo respingeva. Conosco il posto giusto. Lo segno sulla mappa e ci vediamo là."
NPC_HEIMENTHALDRIK_RESPONSE_68f104b0-50ad-4c32-8916-f7c02d9ea0bf	"Capisco. Speranza e dubbio bevono spesso dalla stessa coppa."<x1/><x2/><x3/><x4/>"Eppure il tempo ci porta avanti, che lo capiamo o no. Verso la risposta, forse. O almeno verso la prossima sala buia. Ormai sei un alleato fidato, per la guerra che arriva e per le domande che non riesco a lasciar stare. Sarebbe una bella cosa continuar la ricerca con te."
NPC_HEIMENTHALDRIK_RESPONSE_6e0d46cb-9c6f-4ac3-9b71-d0173b67e9c3	"Eh sì... fra tutti i futuri che vedeva, ha scelto quello in cui la poesia arrivava a me."<x1/><x2/>"Ah, esser un elfo, vedere ogni strada che il domani potrebbe prendere e ancora non sapere cosa c'è alla fine."<x3/><x4/>"Sapeva che le sue parole avrebbero raggiunto qualcuno come me. Un altro artista, un'altra anima in cerca di senso. Ma non poteva sapere come le avrei interpretate, o cosa sarei diventato. Come lui, guardo avanti nella nebbia."<x5/><x6/>"Alla fine nessuno di noi vede la verità ultima. Siamo tutti al timone delle nostre barchette, a cercar la rotta fra le maree del tempo."<x7/><x8/>"È quello che faceva lui. Che facciamo noi. Che facevano perfino i vecchi imperatori elfici con la loro purga sanguinosa."<x9/><x10/>"Questo è il messaggio. Questa è la poesia."
NPC_HEIMENTHALDRIK_RESPONSE_709fcb45-4d19-4f2a-b916-6a227b18e2a7	“E lasciarsi macellare come bestiame? Sarebbe una tragedia anche quella.”<x1/><x2/>“Hanno menato le asce per disperazione, non per odio. Eppure... la foresta risponde con la stessa furia.”<x3/><x4/>"Qual è la via giusta? Forse la verità è che dobbiamo fare ciò che crediamo giusto, per sopravvivere e prosperare. E alla fine sarà giusto."<x5/><x6/>"Difficile dirlo."
NPC_HEIMENTHALDRIK_RESPONSE_72026a75-d15a-4080-bf9e-dc353f78bcf3	"Un tempo era casa loro. Le driadi erano elfi, nei tempi antichi. Hanno scordato la storia, ma non quel che si provava."
NPC_HEIMENTHALDRIK_RESPONSE_74eb0940-ef39-412a-b35c-7a25ea78fb86	"L'antico culmine del potere elfico. Quasi diecimila anni fa. Allora il loro impero copriva gran parte di Mirkea."
NPC_HEIMENTHALDRIK_RESPONSE_755a3518-4712-492e-b1d1-cf3e3515b173	"Bene. Ascolta con cura."<x1/><x2/><x3/><x4/>*Heimen espira dal naso, poi annuisce una volta, come per dare ragione a qualcosa che preferirebbe tacere.*<x5/><x6/>"In queste incisioni c'è un rito. Un'antica protezione elfica, fatta per allentar la presa della corruzione su Wildwood. Ma non si può compiere al sicuro davanti al focolare. Va fatto nella foresta, e chi ci abita non lo accoglierà bene. Mentre lo eseguo, sono esposto. Tu mi terrai lontani i denti."
NPC_HEIMENTHALDRIK_RESPONSE_766c00e0-e942-47e9-9229-dd8d0fdc0450	"Con quel cuore, ci scommetterei."
NPC_HEIMENTHALDRIK_RESPONSE_7a728d05-35d3-4044-9807-2a4a81737e10	"Ah! Scontrosa, eh? Quello è calore nanico con gli spigoli ancora addosso."<x1/><x2/><x3/><x4/>"L'ho incontrata il mio primo giorno a Earlwood, poco dopo aver lasciato Barakthrum. Avevo appena messo piede in paese e lei mi venne incontro, squillante come una campana. Tutta benvenuti e domande.<x5/><x6/><x7/><x8/>Aveva il posto così in pugno che quasi la presi per il sindaco. Quella sera mi portò alla sua taverna e mi presentò mezzo villaggio, nome per nome. Da allora Earlwood smise d'esser un segno lungo la strada. Divenne un posto dove tornare."
NPC_HEIMENTHALDRIK_RESPONSE_7d3c8f61-6f55-4df8-a104-feb76a43b63e	"Eh sì. Non vedo l'ora di tornare sul campo con te."
NPC_HEIMENTHALDRIK_RESPONSE_7decc159-43c2-47ff-961d-dae214e1aa9e	“Cinquant'anni fa il villaggio per poco non bruciò. Goblin. Follia.”<x1/><x2/>“Così costruirono mura, forti e alte. Ma ogni pietra e ogni legno che accatastavano si pagava in corteccia.”<x3/><x4/>“Fecero quel che dovevano. Ma quel colpo d'ascia abbatté più che alberi. Svegliò l'ira della foresta.”
NPC_HEIMENTHALDRIK_RESPONSE_7f8e454e-4315-40dd-b6da-1a8edee7036e	"Sì. Che sia così. Ho abbastanza fede per sperarlo, ma non tanta arroganza da dire che capisco gli dei."<x1/><x2/><x3/><x4/>"Io cerco di pensar oltre gli dei, se mai si può. Sylbos, i Principi, gli Antichi Dei. Ogni guerra, ogni ingiustizia, ogni atto di pietà. Tutto si muove. Tutto spinge la cosa successiva a nascere.<x5/><x6/>E una domanda mi tiene i denti piantati addosso: che cosa diventa, tutto questo? La verità è più forte della rovina? La bontà è più d'un desiderio? La bellezza è nel midollo del mondo, o è tutta illusione, qualcosa che le menti mortali inventano per dare forma al buio?"
NPC_HEIMENTHALDRIK_RESPONSE_819c7354-cd54-4be7-b51a-b85323432ba4	"Sono stato nei boschi, a guardar le foglie farsi strane. Alberi che mormorano storto, sentieri che scordano dove portano. Sono qui per risalir dal marciume alle radici."<x1/><x2/><x3/><x4/>*Scuote via dal mantello la polvere della foresta; la voce si abbassa, quasi un sussurro fra amici.*<x5/><x6/>"La verità è che a Wildwood la corruzione non ha mai attecchito. Sì, ha tormentato il mondo in tante forme, ma qui no. Non fra questi alberi. La foresta ha leggi sue, più antiche d'ogni corona. E ora... qualcosa le ha spezzate."
NPC_HEIMENTHALDRIK_RESPONSE_828a529f-7de4-4821-acf4-4204ac577b82	"Sì, c'è chi vuole esser lasciato in pace. Ma pochi vogliono davvero la solitudine. Saqi conosce la differenza."<x1/><x2/><x3/><x4/>"Saqi cuce insieme la gente prima che arrivino i guai. Nomi ai volti, mani al lavoro, fiducia alla fiducia. Così, quando arrivano i giorni duri, il villaggio non si scuce. È il suo dono. Fa la trama abbastanza forte da tenere."
NPC_HEIMENTHALDRIK_RESPONSE_8a63acf6-68e8-4946-ae4d-90d50fc40110	"Le mie capacità sono tue. Ma capacità senza fiducia è una lama senza mano a impugnarla."<x1/><x2/><x3/><x4/>*Le dita di Heimen si fermano; la consueta disinvoltura lascia il posto a un atteggiamento più cauto.*<x5/><x6/>"Lascia che te lo chieda chiaro. Se guardi la storia, la vita, ogni scelta che fa andar avanti la gente, credi che tendano al bene? O facciamo soltanto canzoni per tener buono il buio?"
NPC_HEIMENTHALDRIK_RESPONSE_8a7bc0c2-39ac-45ba-93eb-809daa2fbcac	"Ancora non so. Ma scommetterei moneta su un rito, una formula, qualche strumento che gli antichi elfi usavano contro la corruzione."
NPC_HEIMENTHALDRIK_RESPONSE_8f99c35f-3965-4c81-bb0c-0d761efa8817	"Abbastanza anni da chiamarla casa. Il resto può aspettare. Chiedimi del lavoro."
NPC_HEIMENTHALDRIK_RESPONSE_92183d77-248b-4885-8140-10c20ff43ff9	"Eh sì, parecchio. Sulla corruzione più niente, bada. Soprattutto il legame degli elfi con Ceres e i loro riti. Gli elfi e il popolo delle fate mettevano Ceres sopra tutti. Agir resta il Re degli Dei, ma per loro è una corona lontana. Compare anche Elaria, seconda in molte incisioni. Natura e magia, mano nella mano."
NPC_HEIMENTHALDRIK_RESPONSE_930cf9e5-119f-4440-9dcb-c38b34f99020	"Le mani le avevo legate al rito. Un passo falso e si spezza. E allora avremmo versato sangue per niente."<x1/><x2/><x3/><x4/>*Heimen ruota una spalla, mettendo alla prova l'articolazione dolorante, e ti rivolge un breve cenno cupo.*<x5/><x6/>"Ha funzionato. Questa è la verità. Ma non fiorirà in una notte. Potrebbero volerci anni per vederne il segno nel bosco vivo. Però abbiamo spostato l'equilibrio. Dopo questo, niente gran trucchi. Solo tener indietro il marciume, giorno per giorno."
NPC_HEIMENTHALDRIK_RESPONSE_94d0fd96-b281-4fd8-baee-6346da9cbb22	"Le notizie di ciò che s'è insinuato in questi boschi mi hanno richiamato qui. Ora, qual è la prossima mossa?"
NPC_HEIMENTHALDRIK_RESPONSE_94d1c30e-6aa2-4d1b-9d79-22606b33cd65	“Una guerra civile, anche se non la chiamavano così. L'imperatore e i suoi re videro la sciagura nei sogni e si rivoltarono contro la loro stessa gente.”<x1/><x2/>“Gli elfi fuggivano nelle foreste di confine, come questa, sperando in pietà. Quasi tutti trovarono l'acciaio.”<x3/><x4/>“Dicevano che avrebbe evitato una disgrazia più grande, vista secoli prima nelle visioni... ma chi può pesar tanto sangue contro dei forse?”<x5/><x6/>“Gli elfi ancora la piangono, in silenzio. E fanno bene.”
NPC_HEIMENTHALDRIK_RESPONSE_9802343e-9de7-44ed-9a60-0f37a1947819	"Comunque, hai il mio grazie, amico. Ho il sentore che ci incroceremo ancora. Magari a Earlwood, magari in una storia ancora da scrivere."<x1/><x2/>"Fino ad allora... buona giornata a te."
NPC_HEIMENTHALDRIK_RESPONSE_9850cb72-aaa8-4825-9e50-eba76e3a74e1	"Non ancora. Ho indizi ed echi, ma nessuna via chiara. Qualunque cosa sia passata, è furba. Nasconde le tracce come un'ombra si nasconde nell'ombra."<x1/><x2/><x3/><x4/>*Stringe le cinghie dello zaino e ne assesta il peso con un grugnito.*<x5/><x6/>"Continuerò a scavar nel verde. La verità è lì, la sento sotto la corteccia, nascosta nel silenzio. Serve solo tempo per tirarla fuori."
NPC_HEIMENTHALDRIK_RESPONSE_99a16aff-6b0f-4ce7-8406-2e2fc0ff3061	"Sapevo di poter contar su di te. Vorrei soltanto poter venire anch'io. Torna quando hai le tavolette."
NPC_HEIMENTHALDRIK_RESPONSE_9cfce4ec-cb8e-4028-8001-f219207bbd60	*La consueta vivacità di Heimen si attenua e la sua voce perde parte della teatralità.*<x1/><x2/>"Volevo parlar con te un momento. Per davvero, non solo fra mappe e guai. Ormai mi hai aiutato più d'una volta, e non l'ho scordato. In quelle rovine, soprattutto: senza di te al fianco l'avrei vista dura.<x3/><x4/>Al primo incontro ti avevo preso per una persona capace. Ora ti considero un amico."
NPC_HEIMENTHALDRIK_RESPONSE_9e35a66e-634b-4571-97c6-f44341a17ee0	"Hm. Sopravvivere serve, sì. Ma la sopravvivenza da sola lascia freddo il focolare."
NPC_HEIMENTHALDRIK_RESPONSE_a1c350b5-89e3-4651-8ff8-476e6957a854	*Appoggia uno stivale su una botte e il solito sorriso gli increspa il viso.*<x1/><x2/>"Ebbene, poeta, tessitore di sogni e matto per una causa: eccomi qua. Earlwood è un secondo focolare. Appena ho sentito che si agitavano guai, ho fatto fagotto e sono accorso."
NPC_HEIMENTHALDRIK_RESPONSE_a264402f-f7a5-41c7-a57c-2e8d15801fd7	"Eh sì. Lunga strada davanti, per tutti e due. Non vedo l'ora di mettermi in cammino."
NPC_HEIMENTHALDRIK_RESPONSE_a6ee2253-1540-463a-b363-23dbdc4f6d12	"Sì. Li studio. Le loro visioni, la loro storia, la profondità dei sentimenti. Gli antichi elfi erano più acuti di quelli d'oggi. Ho imparato la loro lingua per leggere le tavolette. Non è stato facile."
NPC_HEIMENTHALDRIK_RESPONSE_ad0d584a-059d-42a8-8677-a92c39212113	"Allora te le sei guadagnate due volte. Siedi e riprendi fiato."<x1/><x2/><x3/><x4/>"Ah. Queste sono meglio di quanto osassi sperare. Ci passerò un po' di tempo, piano e con cura. Torna più tardi e avrò una direzione che valga la pena seguire."
NPC_HEIMENTHALDRIK_RESPONSE_ae03b010-ae3f-4766-a51f-8bae2330e8df	"Non rimugino, amico. Prendo soltanto le misure."<x1/><x2/><x3/><x4/>"Mi chiedo come la storia ricorderà questo giorno, e quelli che verranno. La morte di un Emissario non è cosa da poco. Hai mai notato come ciò che viene dopo un fatto cambia il modo in cui la gente lo ricorda? Non parlo di quella sciocchezza, 'la storia la scrivono i vincitori'. Parlo del rapporto del tempo con sé stesso: di come un'epoca risponde a quella prima e le dà forma."
NPC_HEIMENTHALDRIK_RESPONSE_afc20315-c892-4b2e-a816-a21e085ce094	"Sì. C'è ferro in questa risposta. Spero che il mondo ti dia ragione."<x1/><x2/><x3/><x4/>"Eppure il tempo ci porta avanti, che lo capiamo o no. Verso la risposta, forse. O almeno verso la prossima sala buia. Ormai sei un alleato fidato, per la guerra che arriva e per le domande che non riesco a lasciar stare. Sarebbe una bella cosa continuar la ricerca con te."
NPC_HEIMENTHALDRIK_RESPONSE_b0113714-befc-4897-9bbf-0e013c217d96	"Sì. Allora spera di non aver mai bisogno della trama che ha tessuto."
NPC_HEIMENTHALDRIK_RESPONSE_b130b515-ddba-4581-bb28-d10b55b4acc9	"Continua ad aiutar Alaric a tenere insieme il villaggio. E sta' all'erta. Quando troverò la fonte, serviranno mani che non tremano."
NPC_HEIMENTHALDRIK_RESPONSE_b23134dd-2339-40ce-adf8-a19666b2e475	"Perché il passato è un maestro, amico. E non smette mai di dar lezioni, che ascoltiamo o no."
NPC_HEIMENTHALDRIK_RESPONSE_b77553a2-2473-4e21-9f9f-14b953be0eca	"Allora terrò stretto quel pensiero. C'è di peggio che sperare d'incontrar la verità con te al fianco."
NPC_HEIMENTHALDRIK_RESPONSE_baa2ac3a-7635-4e97-8eb2-e19623f25eae	"Ah. Puoi pensarla così. Una volontà forte può portarti lontano. Ma solo fino a un certo punto. Alla fine devi accordarti con la realtà, o la realtà ti spezza."<x1/><x2/><x3/><x4/>"Secondo quel che verrà, la storia potrà chiamarlo l'inizio di una nuova era per la foresta... o l'ultimo chiodo nella bara del culto di Ceres, qui. Potrebbe essere la svolta della guerra, in un senso o nell'altro. Un'epoca buia, o un'epoca di pace."<x5/><x6/>*Heimen si raddrizza e alza gli occhi; sul viso gli affiora un piccolo sorriso risoluto.*<x7/><x8/>"Io spero nella pace. E spero che la mia mano abbia una piccola parte nel raccontarla per come sarà."
NPC_HEIMENTHALDRIK_RESPONSE_c22ea12d-d061-4d45-9e6e-3378ac849e23	"Eh sì. Accetto volentieri. Facciamo qualcosa che valga la pena ricordare."
NPC_HEIMENTHALDRIK_RESPONSE_c64f6670-4ee6-4d36-9200-c4bc8eb8203a	"Strano è la prima parola. Vasto è la seconda. Ed è vasto, quel che conta."<x1/><x2/><x3/><x4/>"Gli Antichi non stavano soltanto sotto Mirkea, o soltanto sopra. La attraversavano tutta. Intere città sotto la terraferma. Strade di pietra e gallerie senza fine, sale sotto altre sale. Quello che hai visto era un ingresso, niente più. Una porta verso rovine più profonde. Ormai quasi tutte queste porte sono chiuse dai crolli. Chi scava per passar oltre tende a diventare un monito."
NPC_HEIMENTHALDRIK_RESPONSE_c6627980-252b-4664-a701-909fdfc980ff	"Ah, su. Non far aspettare un nano."
NPC_HEIMENTHALDRIK_RESPONSE_ccc9e3cb-2f70-4ea3-90d7-62b0fdc47d90	“Eh sì... niente nemmeno dalla mia parte. Ma... c'è ancora un albero che non ho trovato. Dev'esser vicino.”<x1/><x2/>“Mi aiuti a cercarlo? Dividendoci copriremo più terreno. Ma non perderti, eh?”
NPC_HEIMENTHALDRIK_RESPONSE_cee4bc2a-8ea0-4152-ab28-66d09b1a1fd0	"Sì, vecchia quanto il dolore. Ma mai tanto sfacciata. Wildwood ha retto per ere... fino a ora."
NPC_HEIMENTHALDRIK_RESPONSE_d61488ef-8137-4d4b-b0b8-ad560a979e21	"Sì. Interessante è la parola giusta. Ho passato più ore a pensar a quella pietra di quante voglia ammettere."<x1/><x2/><x3/><x4/>"Ci ho pensato spesso. La pietra è fatta come un sigillo, non come un tempietto. Lavoro degli Antichi: fatto per durare, per tener dentro il potere. Ed ecco il pensiero cupo: non credo che quelle uova custodissero cose morte. Credo tenessero prigionieri. Creature vive, rinchiuse nella pietra e nella magia. Quello grande? Qualunque cosa ci fosse dentro, non era un prigioniero da poco."
NPC_HEIMENTHALDRIK_RESPONSE_e0dcea6e-43c6-4f17-808e-6ec1eb0518bf	"Le vecchie storie dicono che la Foresta Eterna segue la legge di Ceres. Ordine divino nelle radici e nei rami. Wildwood rispettava quella legge... ma ultimamente è come se la foresta avesse scordato come si ascolta."<x1/><x2/><x3/><x4/>*Stringe le cinghie dello zaino e ne assesta il peso con un grugnito.*<x5/><x6/>"Continuerò a scavar nel verde. La verità è lì, la sento sotto la corteccia, nascosta nel silenzio. Serve solo tempo per tirarla fuori."
NPC_HEIMENTHALDRIK_RESPONSE_e1829253-0afb-4d4b-a60f-2855dc4e6851	"Per testimoniare. È già uno scopo sufficiente."<x1/><x2/><x3/><x4/>"Questa guerra contro Sylbos e le sue forze oscure darà forma ai prossimi mille anni. Che si vinca o si perda. Voglio viverla da vicino, così quando la metterò in versi sarà vera. Poi porterò quella verità in ogni sala disposta ad ascoltarla."
NPC_HEIMENTHALDRIK_RESPONSE_e52ccdc2-9f33-47a5-9ec7-d2064cf48ce2	"No. Ma resta abbastanza da parlarci, se sai ascoltare."<x1/><x2/><x3/><x4/>"L'ho trovato poco dopo esser giunto nella regione di Earlwood. Sapevo che qui avrei trovato pietra elfica, a cercar bene. Earlwood è piena della loro storia.<x5/><x6/><x7/><x8/>Ricordo quelle sale. Ci camminavo, leggevo le iscrizioni e sapevo che qualcuno mi osservava. Una driade, poi l'ho scoperto. Innocua, pensai. Magari non aveva mai visto un nano.<x9/><x10/><x11/><x12/>Poi si avvicinò. Cosa rara, una driade che va da un mortale di sua volontà. Rimase di sasso perché sapevo leggere l'elfico antico. Le dissi che avevo imparato da solo. Quando le chiesi del posto, disse soltanto: 'È una storia che non ho più cuore di raccontare'. Poi sparì fra gli alberi."
NPC_HEIMENTHALDRIK_RESPONSE_e7860ad6-e365-44dc-a823-18333b942e8f	"La calma viene dalla pratica. Un poeta impara presto, o lo divorano vivo. Le belve o il silenzio."<x1/><x2/><x3/><x4/>*Heimen ruota una spalla, mettendo alla prova l'articolazione dolorante, e ti rivolge un breve cenno cupo.*<x5/><x6/>"Ha funzionato. Questa è la verità. Ma non fiorirà in una notte. Potrebbero volerci anni per vederne il segno nel bosco vivo. Però abbiamo spostato l'equilibrio. Dopo questo, niente gran trucchi. Solo tener indietro il marciume, giorno per giorno."
NPC_HEIMENTHALDRIK_RESPONSE_ea7920ac-b9bd-48e5-925a-5d3a458cc333	"Grazie, amico. Buon cammino. Che i Principi ti facciano luce."
NPC_HEIMENTHALDRIK_RESPONSE_ea9882cc-6347-42d2-84a0-c4c5fccee292	"Sì, può bastare a farti muover le gambe. Ma io? Io ho la maledizione delle domande."<x1/><x2/><x3/><x4/>"Eppure il tempo ci porta avanti, che lo capiamo o no. Verso la risposta, forse. O almeno verso la prossima sala buia. Ormai sei un alleato fidato, per la guerra che arriva e per le domande che non riesco a lasciar stare. Sarebbe una bella cosa continuar la ricerca con te."
NPC_HEIMENTHALDRIK_RESPONSE_eccee348-3162-4aab-a72c-602f6feee262	"Le solite belve e gli spiriti della foresta. Solo, di più. Occhi aperti."
NPC_HEIMENTHALDRIK_RESPONSE_eccf45ed-9444-49e7-997b-570b129c1232	"Eh sì. Una pratica crudele, se ho ragione. E temo d'averla."
NPC_HEIMENTHALDRIK_RESPONSE_ed99f2c3-70e4-4972-a246-f1d94b35bd0a	“Grazie! Vediamo se l'ultimo verso canta ancora nella corteccia.”
NPC_HEIMENTHALDRIK_RESPONSE_edd590ec-0863-4a1a-84b8-0a4059af70eb	"Ah. Hai battuto la testa, eh? Non importa. La faccio breve."<x1/><x2/><x3/><x4/>"Gli Antichi non stavano soltanto sotto Mirkea, o soltanto sopra. La attraversavano tutta. Intere città sotto la terraferma. Strade di pietra e gallerie senza fine, sale sotto altre sale. Quello che hai visto era un ingresso, niente più. Una porta verso rovine più profonde. Ormai quasi tutte queste porte sono chiuse dai crolli. Chi scava per passar oltre tende a diventare un monito."
NPC_HEIMENTHALDRIK_RESPONSE_f57670cd-03b0-4817-8fa8-7b8bb9a07c8d	"Arti magiche, soprattutto. Nei prodigi fisici non brillo. Ma non ti lascerò a mani vuote."
NPC_HEIMENTHALDRIK_RESPONSE_f5c03060-c7ee-4b26-8d47-256545731a86	"Senza significato? No. Una prigione conta ancora anche quando il prigioniero non c'è più. Ti dice che mani l'hanno costruita."
NPC_HEIMENTHALDRIK_RESPONSE_f5f8fd72-b610-4c8a-8984-13da0eaf8b0a	"Io? No. Sono un poeta, mortale e niente più. Gli Emissari degli dei non incrociano spesso strade come la mia."
NPC_HEIMENTHALDRIK_RESPONSE_fbe11366-6365-4cdd-93ac-513a6d8d82c3	"Sì. Fa piacere sentirti parlar con senno."<x1/><x2/><x3/><x4/>"Gli antichi elfi combattevano la corruzione ai loro tempi. E incidevano sulle tavolette ciò che imparavano, come una testimonianza giurata. Molto è andato in pezzi nelle guerre, ma fra le rovine sparse per Wildwood dovrebbe restare una traccia."
NPC_HEIMENTHALDRIK_RESPONSE_fbe397b3-b6cb-42f1-8b13-e3f360a9375d	“È questo, sì. O lo era.”<x1/><x2/>“Pare che quelli del villaggio ci abbiano messo l'ascia. Resta solo una scheggia di corteccia vicino alle radici. Quanto basta a nasconderci un sussurro.”
NPC_HEIMENTHALDRIK_RESPONSE_fcd1610e-f187-47c5-89d3-b5df34bb9c9f	“È questa la tragedia, no? Sopravvivi alla tempesta e pianti il seme della prossima.”<x1/><x2/>“Sì, fecero quel che dovevano. E la foresta rispose lo stesso.”<x3/><x4/>"Qual è la via giusta? Forse la verità è che dobbiamo fare ciò che crediamo giusto, per sopravvivere e prosperare. E alla fine sarà giusto."<x5/><x6/>"Difficile dirlo."
NPC_HEIMENTHALDRIK_RESPONSE_ff07d1d2-1028-4b41-b974-1f7cd78c990a	"Sì. Ascolta com'è fatto."<x1/><x2/><x3/><x4/>*Heimen avvicina la tua mappa, poi segna un punto con mano rapida ed esperta.*<x5/><x6/>"È un rito di protezione. Usiamo pietre del cammino per entrare in comunione con Ceres e chiederle di proteggere Wildwood. Gli elfi lo compivano regolarmente, con o senza corruzione, e ne annotarono l'effetto quando il marciume premeva sui confini. Lo respingeva. Conosco il posto giusto. Lo segno sulla mappa e ci vediamo là."
NPC_HEIMENTHALDRIK_TITLE	Poeta Nanico
NPC_RAHANER_GREETING_12055d53-3dcf-4bb1-9e2f-52a7599b80bb	*Rahaner abbozza un sorriso al tuo avvicinarsi, a braccia conserte.*<x1/><x2/>"Ancora qui? Altro addestramento o qualcos'altro?"
NPC_RAHANER_GREETING_7fa56c56-287b-462b-8442-60f5c4ddfcf3	*Il veterano tiene l'unico braccio sul petto e ti rivolge un mezzo sorriso.*<x1/><x2/>"Guarda un po', stivali nuovi sul sentiero. Pochi scelgono Earlwood, di questi tempi. Solo i coraggiosi o gli sciocchi."
NPC_RAHANER_GREETING_8dafcd0f-a185-48e0-ac92-36d4ce286108	*Rahaner è assorto nei pensieri, con gli occhi fissi su un rapporto, quando si accorge del tuo arrivo.*<x1/><x2/>"Eccoti. Qualunque cosa ti porti qui dovrà aspettare. Abbiamo un problema urgente. I goblin hanno sfondato il perimetro sia a nord sia a sud."
NPC_RAHANER_GREETING_92ed0f5f-b2e2-44c2-b84a-80f8579d8db4	*Rahaner alza un sopracciglio e un lampo di sorpresa gli attraversa il viso.*<x1/><x2/>"Ho sentito che hai incontrato un Treant corrotto e puoi ancora raccontarlo. Dicono che l'hai abbattuto."
NPC_RAHANER_PLAYER_03f5e7a7-cde0-4f10-84db-d176fa2db9c9_BASE	“Hanno sempre sorvegliato il ponte?”
NPC_RAHANER_PLAYER_0483729e-c877-41b4-8912-84b6c2284e13_BASE	"Le guardie al ponte laterale non mi lasciano passare."
NPC_RAHANER_PLAYER_073b95f7-54b6-49ae-b62b-f6f7407f4898_BASE	"Cosa posso fare con i miei punti abilità?"
NPC_RAHANER_PLAYER_0b991430-e34f-4197-9d89-769f7d71194e_HEROIC	Pino e pietra. Li procurerò, visto che nessun altro può farlo.
NPC_RAHANER_PLAYER_0b991430-e34f-4197-9d89-769f7d71194e_JOKER	Pino e pietra. Bello sapere che il mio collo vale meno di quello di un contadino.
NPC_RAHANER_PLAYER_0b991430-e34f-4197-9d89-769f7d71194e_SCHOLAR	Pino e pietra, in quantità. Bene; preciso che nemmeno io mi occupo di agricoltura.
NPC_RAHANER_PLAYER_0b991430-e34f-4197-9d89-769f7d71194e_STOIC	Pino e pietra. Bene.
NPC_RAHANER_PLAYER_12c2d36a-e0f4-4468-b044-e3026dab8596_HEROIC	Se incontrerò un punto da attrezzare, poserò le corde. Ma non andrò oltre.
NPC_RAHANER_PLAYER_12c2d36a-e0f4-4468-b044-e3026dab8596_JOKER	Se capito in un punto da attrezzare, ci metto le corde. Ma non aspettarti una parata.
NPC_RAHANER_PLAYER_12c2d36a-e0f4-4468-b044-e3026dab8596_SCHOLAR	Se passerò da una delle postazioni, la attrezzerò. Non fare affidamento su altro.
NPC_RAHANER_PLAYER_12c2d36a-e0f4-4468-b044-e3026dab8596_STOIC	Piazzerò le corde se passo da un punto da attrezzare. Nient'altro.
NPC_RAHANER_PLAYER_1650d2d1-4de2-4863-9e9f-3dce2ff19f53_HEROIC	È servita tenacia, ma abbiamo prevalso.
NPC_RAHANER_PLAYER_1650d2d1-4de2-4863-9e9f-3dce2ff19f53_JOKER	Non è stato facile. Ci siamo riusciti comunque, ed è la parte che conta.
NPC_RAHANER_PLAYER_1650d2d1-4de2-4863-9e9f-3dce2ff19f53_SCHOLAR	Nonostante la difficoltà del compito, abbiamo avuto successo.
NPC_RAHANER_PLAYER_1650d2d1-4de2-4863-9e9f-3dce2ff19f53_STOIC	Non è stato facile. Ce l'abbiamo fatta.
NPC_RAHANER_PLAYER_17953431-db93-478b-a618-a9aef433672f_BASE	Perché hai così pochi combattenti?
NPC_RAHANER_PLAYER_185dfbda-a606-4cd7-b8b1-038fe868f5cb_HEROIC	Seguo gli ordini del mago blu. È tutto qui.
NPC_RAHANER_PLAYER_185dfbda-a606-4cd7-b8b1-038fe868f5cb_JOKER	Fare quello che dice il mago blu è l'unico brivido che mi resta, di questi tempi.
NPC_RAHANER_PLAYER_185dfbda-a606-4cd7-b8b1-038fe868f5cb_SCHOLAR	Il mago blu impartisce gli ordini. Io li eseguo. È così semplice.
NPC_RAHANER_PLAYER_185dfbda-a606-4cd7-b8b1-038fe868f5cb_STOIC	Seguo solo gli ordini di un mago blu.
NPC_RAHANER_PLAYER_1a94b991-68da-42d3-ac5e-7ee1c7bbbc2b_HEROIC	I miei obiettivi appartengono solo a me. E sarà sempre così.
NPC_RAHANER_PLAYER_1a94b991-68da-42d3-ac5e-7ee1c7bbbc2b_JOKER	I miei obiettivi restano con me, e non hanno in programma un trasloco.
NPC_RAHANER_PLAYER_1a94b991-68da-42d3-ac5e-7ee1c7bbbc2b_SCHOLAR	I miei obiettivi sono miei. La paternità non cambia.
NPC_RAHANER_PLAYER_1a94b991-68da-42d3-ac5e-7ee1c7bbbc2b_STOIC	I miei obiettivi sono miei. Lo saranno sempre.
NPC_RAHANER_PLAYER_2eb83b39-3a44-46be-bc91-23827bb59463_HEROIC	Non è una preoccupazione che ti spetta portare.
NPC_RAHANER_PLAYER_2eb83b39-3a44-46be-bc91-23827bb59463_JOKER	Oggi non ti riguarda. Magari domani.
NPC_RAHANER_PLAYER_2eb83b39-3a44-46be-bc91-23827bb59463_SCHOLAR	Non è di tua competenza. Mi fermerei qui.
NPC_RAHANER_PLAYER_2eb83b39-3a44-46be-bc91-23827bb59463_STOIC	Non ti riguarda.
NPC_RAHANER_PLAYER_2f47a81a-adfb-447e-b173-d2e6ad1856e4_HEROIC	Significa molto per me. Grazie.
NPC_RAHANER_PLAYER_2f47a81a-adfb-447e-b173-d2e6ad1856e4_JOKER	Ringraziamento ricevuto e registrato. Grazie.
NPC_RAHANER_PLAYER_2f47a81a-adfb-447e-b173-d2e6ad1856e4_SCHOLAR	Grazie. Parole simili sono più rare di quanto dovrebbero.
NPC_RAHANER_PLAYER_2f47a81a-adfb-447e-b173-d2e6ad1856e4_STOIC	Grazie. Lo apprezzo.
NPC_RAHANER_PLAYER_2f7b03ec-f143-4fc8-8a8e-cb2dfcfb3b36_BASE	"Perché gli attributi sono così importanti?"
NPC_RAHANER_PLAYER_3a3bb8f0-ea78-4980-90e0-93619cbdcf87_BASE	“Quanto è stato grave l'attacco degli spiriti?”
NPC_RAHANER_PLAYER_3cb82b1c-75c5-4cb1-9e77-9cfa29d6b190_HEROIC	Cosa ti ha spinto ad andartene dopo tanto tempo?
NPC_RAHANER_PLAYER_3cb82b1c-75c5-4cb1-9e77-9cfa29d6b190_JOKER	Cosa ti ha convinto, alla fine, a fare i bagagli dopo tutti quegli anni?
NPC_RAHANER_PLAYER_3cb82b1c-75c5-4cb1-9e77-9cfa29d6b190_SCHOLAR	Quale fattore ha determinato la decisione, dopo tanto tempo?
NPC_RAHANER_PLAYER_3cb82b1c-75c5-4cb1-9e77-9cfa29d6b190_STOIC	Perché andartene dopo tanto?
NPC_RAHANER_PLAYER_43a12d3b-2ac2-4b1a-8905-34e451f86d6c_HEROIC	Sono a disposizione per aiutare il villaggio in ogni modo possibile.
NPC_RAHANER_PLAYER_43a12d3b-2ac2-4b1a-8905-34e451f86d6c_JOKER	Il villaggio ha due mani in più. Che fortuna, per loro.
NPC_RAHANER_PLAYER_43a12d3b-2ac2-4b1a-8905-34e451f86d6c_SCHOLAR	Qualunque sia la necessità del villaggio, posso contribuire.
NPC_RAHANER_PLAYER_43a12d3b-2ac2-4b1a-8905-34e451f86d6c_STOIC	Farò il possibile per aiutare il villaggio.
NPC_RAHANER_PLAYER_47bc0347-0c34-42a4-b184-2cb8a1f777a0_HEROIC	Le creature sono cadute. La strada è aperta.
NPC_RAHANER_PLAYER_47bc0347-0c34-42a4-b184-2cb8a1f777a0_JOKER	Le creature sono pessimi blocchi stradali. Ora la via è libera.
NPC_RAHANER_PLAYER_47bc0347-0c34-42a4-b184-2cb8a1f777a0_SCHOLAR	Molte creature occupavano il percorso. Ora non più.
NPC_RAHANER_PLAYER_47bc0347-0c34-42a4-b184-2cb8a1f777a0_STOIC	C'erano creature sulla mia strada. Ora è libera.
NPC_RAHANER_PLAYER_4819053f-dff0-4c35-9809-fae2256c22ae_BASE	"Ho completato l'addestramento."
NPC_RAHANER_PLAYER_48bb4e5d-46d5-4542-87ec-977daa54848e_HEROIC	Impareranno, e ogni battaglia futura li renderà più forti.
NPC_RAHANER_PLAYER_48bb4e5d-46d5-4542-87ec-977daa54848e_JOKER	C'è ancora tanto da combattere. Impareranno in fretta, o diventeranno bravissimi a schivare.
NPC_RAHANER_PLAYER_48bb4e5d-46d5-4542-87ec-977daa54848e_SCHOLAR	Impareranno. Gli scontri futuri saranno un maestro scrupoloso.
NPC_RAHANER_PLAYER_48bb4e5d-46d5-4542-87ec-977daa54848e_STOIC	Impareranno. Restano altre battaglie.
NPC_RAHANER_PLAYER_4da8da61-39cc-4986-b23e-6586b0a5a13c_BASE	Sembra che tu abbia molta esperienza con i goblin?
NPC_RAHANER_PLAYER_51a2c3c4-c77d-4f23-a880-776f6b61b0f9_BASE	“Il sindaco deve detestarlo.”
NPC_RAHANER_PLAYER_5593c4b0-d6b5-4356-b7b7-2f8e02193b4d_HEROIC	Ora il sindaco lascia la gente fuori dai cancelli?
NPC_RAHANER_PLAYER_5593c4b0-d6b5-4356-b7b7-2f8e02193b4d_JOKER	Quindi adesso il sindaco ha deciso di sbattere la porta in faccia alla gente?
NPC_RAHANER_PLAYER_5593c4b0-d6b5-4356-b7b7-2f8e02193b4d_SCHOLAR	Il sindaco sta davvero negando l'accesso alle persone?
NPC_RAHANER_PLAYER_5593c4b0-d6b5-4356-b7b7-2f8e02193b4d_STOIC	Ora il sindaco chiude fuori la gente?
NPC_RAHANER_PLAYER_5cb151c4-29c0-46cf-9584-e90f1c7df4c2_BASE	"Di cosa ti occupi qui?"
NPC_RAHANER_PLAYER_6a5bcc27-4040-482d-a150-e6aa804fa158_HEROIC	Le vostre difese sono cadute, e ora chiedete ancora il mio aiuto?
NPC_RAHANER_PLAYER_6a5bcc27-4040-482d-a150-e6aa804fa158_JOKER	Le difese crollano e tornate di corsa a chiedere una mano?
NPC_RAHANER_PLAYER_6a5bcc27-4040-482d-a150-e6aa804fa158_SCHOLAR	Le vostre difese hanno ceduto e, ancora una volta, richiedete il mio intervento?
NPC_RAHANER_PLAYER_6a5bcc27-4040-482d-a150-e6aa804fa158_STOIC	Difese crollate. E di nuovo chiedete aiuto a me?
NPC_RAHANER_PLAYER_6b02d1b6-7900-4e87-b1df-e5a2e9a1652c_HEROIC	La foresta brulicava di creature aggressive, ma ho aperto un varco combattendo.
NPC_RAHANER_PLAYER_6b02d1b6-7900-4e87-b1df-e5a2e9a1652c_JOKER	La foresta era piena di creature aggressive. Ho preso la fuga. La dignità poteva aspettare.
NPC_RAHANER_PLAYER_6b02d1b6-7900-4e87-b1df-e5a2e9a1652c_SCHOLAR	La foresta era gremita di creature ostili. Troppe per attribuirlo al caso.
NPC_RAHANER_PLAYER_6b02d1b6-7900-4e87-b1df-e5a2e9a1652c_STOIC	La foresta era piena di creature aggressive. Ho salvato la pelle a stento.
NPC_RAHANER_PLAYER_6bcf14cb-3f8a-4f71-b7b6-2b6fcbb6bc8d_HEROIC	Molto bene. Torneremo a parlare quando avrò completato l'addestramento.
NPC_RAHANER_PLAYER_6bcf14cb-3f8a-4f71-b7b6-2b6fcbb6bc8d_JOKER	Ne riparliamo dopo l'addestramento. Sempre che io sopravviva.
NPC_RAHANER_PLAYER_6bcf14cb-3f8a-4f71-b7b6-2b6fcbb6bc8d_SCHOLAR	Capisco. Una volta concluso l'addestramento, confronteremo le osservazioni.
NPC_RAHANER_PLAYER_6bcf14cb-3f8a-4f71-b7b6-2b6fcbb6bc8d_STOIC	Ne riparliamo quando avrò finito l'addestramento.
NPC_RAHANER_PLAYER_6e2b936f-1216-4415-a86a-cb8c346ab3a9_BASE	"Piacere di conoscerti. Mi dispiace vedere il villaggio in questo stato."
NPC_RAHANER_PLAYER_70ff3fcf-2c0d-4fc1-a2a8-466236d4c2b9_HEROIC	Capisco. Molte battaglie hanno temprato anche me.
NPC_RAHANER_PLAYER_70ff3fcf-2c0d-4fc1-a2a8-466236d4c2b9_JOKER	Capisco. Anche nel mio passato le battaglie non mancano.
NPC_RAHANER_PLAYER_70ff3fcf-2c0d-4fc1-a2a8-466236d4c2b9_SCHOLAR	Comprendo. Anch'io ho contato la mia parte di battaglie.
NPC_RAHANER_PLAYER_70ff3fcf-2c0d-4fc1-a2a8-466236d4c2b9_STOIC	Capisco. Ho visto molte battaglie anch'io.
NPC_RAHANER_PLAYER_723b2f95-18c7-423e-bd21-36fc0e97b09d_HEROIC	Puoi contare sul mio aiuto.
NPC_RAHANER_PLAYER_723b2f95-18c7-423e-bd21-36fc0e97b09d_JOKER	Sono arrivati gli aiuti. Gli applausi sono facoltativi.
NPC_RAHANER_PLAYER_723b2f95-18c7-423e-bd21-36fc0e97b09d_SCHOLAR	Sono qui per aiutare. Qual è la prima necessità?
NPC_RAHANER_PLAYER_723b2f95-18c7-423e-bd21-36fc0e97b09d_STOIC	Sono qui per aiutare.
NPC_RAHANER_PLAYER_767991f0-816f-4af5-a807-78b66ce01870_HEROIC	Hanno tenuto duro mentre i goblin si avvicinavano, senza mai vacillare sotto pressione.
NPC_RAHANER_PLAYER_767991f0-816f-4af5-a807-78b66ce01870_JOKER	Goblin dappertutto e nessuno che facesse una piega. Gente solida.
NPC_RAHANER_PLAYER_767991f0-816f-4af5-a807-78b66ce01870_SCHOLAR	Hanno mantenuto il controllo per tutta l'ondata dei goblin, senza un solo cedimento.
NPC_RAHANER_PLAYER_767991f0-816f-4af5-a807-78b66ce01870_STOIC	Hanno tenuto la calma. I goblin li circondavano e non hanno ceduto.
NPC_RAHANER_PLAYER_76e3dd61-3d8e-4f18-bb62-31cc5ad89389_HEROIC	Sembra che tu lo custodisca ancora nel cuore.
NPC_RAHANER_PLAYER_76e3dd61-3d8e-4f18-bb62-31cc5ad89389_JOKER	Si direbbe che ti abbia lasciato il segno.
NPC_RAHANER_PLAYER_76e3dd61-3d8e-4f18-bb62-31cc5ad89389_SCHOLAR	Ne senti la mancanza. Questo è evidente.
NPC_RAHANER_PLAYER_76e3dd61-3d8e-4f18-bb62-31cc5ad89389_STOIC	Sembra che ti manchi.
NPC_RAHANER_PLAYER_78b5a2e7-7e01-49c2-b287-c5f537db8f13_HEROIC	Qualcuno ha avuto il coraggio di fermarlo, dunque. Bene.
NPC_RAHANER_PLAYER_78b5a2e7-7e01-49c2-b287-c5f537db8f13_JOKER	Qualcuno sarà intervenuto a fermare la festa, volenti o nolenti.
NPC_RAHANER_PLAYER_78b5a2e7-7e01-49c2-b287-c5f537db8f13_SCHOLAR	Qualcuno doveva intervenire per impedirlo. Evidentemente è accaduto.
NPC_RAHANER_PLAYER_78b5a2e7-7e01-49c2-b287-c5f537db8f13_STOIC	Qualcuno dev'essere intervenuto a fermarlo.
NPC_RAHANER_PLAYER_7ed49f8b-e3f1-49ac-a0c3-e411b08d0ab1_BASE	Mi racconti qualcosa di più delle tue tattiche?
NPC_RAHANER_PLAYER_80af5ea2-af19-4160-b806-ef76a7897cc2_HEROIC	Allora si stava meglio, o c'era soltanto più silenzio?
NPC_RAHANER_PLAYER_80af5ea2-af19-4160-b806-ef76a7897cc2_JOKER	Erano davvero tempi migliori, o solo tempi con più spigoli?
NPC_RAHANER_PLAYER_80af5ea2-af19-4160-b806-ef76a7897cc2_SCHOLAR	Si considerava un'epoca migliore, o semplicemente diversa?
NPC_RAHANER_PLAYER_80af5ea2-af19-4160-b806-ef76a7897cc2_STOIC	Erano tempi migliori?
NPC_RAHANER_PLAYER_80dfcb5c-1c39-44e9-9772-b5d44ce6e803_HEROIC	È un onore sostenere la gente di Earlwood.
NPC_RAHANER_PLAYER_80dfcb5c-1c39-44e9-9772-b5d44ce6e803_JOKER	La gente di Earlwood non sa cosa le aspetta, con un aiuto come questo.
NPC_RAHANER_PLAYER_80dfcb5c-1c39-44e9-9772-b5d44ce6e803_SCHOLAR	Mi fa piacere essere utile alla gente di Earlwood. Merita prospettive migliori.
NPC_RAHANER_PLAYER_80dfcb5c-1c39-44e9-9772-b5d44ce6e803_STOIC	Fa piacere aiutare la gente di Earlwood.
NPC_RAHANER_PLAYER_81dfef52-7818-41d6-93c0-6e0423bcb586_HEROIC	Dimmi cosa bisogna fare.
NPC_RAHANER_PLAYER_81dfef52-7818-41d6-93c0-6e0423bcb586_JOKER	Cosa c'è da fare stavolta? I miei stivali hanno appena sospirato.
NPC_RAHANER_PLAYER_81dfef52-7818-41d6-93c0-6e0423bcb586_SCHOLAR	Descrivi il compito. Valuterò quali strumenti richiede.
NPC_RAHANER_PLAYER_81dfef52-7818-41d6-93c0-6e0423bcb586_STOIC	Cosa devo fare?
NPC_RAHANER_PLAYER_81f8910a-8083-4719-8788-7efc0eb80357_HEROIC	Provvederò senza indugio.
NPC_RAHANER_PLAYER_81f8910a-8083-4719-8788-7efc0eb80357_JOKER	Meglio non far aspettare il perimetro.
NPC_RAHANER_PLAYER_81f8910a-8083-4719-8788-7efc0eb80357_SCHOLAR	Vado subito. I danni aumentano mentre parliamo.
NPC_RAHANER_PLAYER_81f8910a-8083-4719-8788-7efc0eb80357_STOIC	Ci vado subito.
NPC_RAHANER_PLAYER_84765ed4-6f9f-4981-8d1b-2d94e7d60e0e_HEROIC	Sembra una scelta dura, ma deve esserci una ragione.
NPC_RAHANER_PLAYER_84765ed4-6f9f-4981-8d1b-2d94e7d60e0e_JOKER	Dura. Una ragione ci sarà, nascosta da qualche parte.
NPC_RAHANER_PLAYER_84765ed4-6f9f-4981-8d1b-2d94e7d60e0e_SCHOLAR	Sembra effettivamente severo. Deve esserci una motivazione di fondo.
NPC_RAHANER_PLAYER_84765ed4-6f9f-4981-8d1b-2d94e7d60e0e_STOIC	Duro. Ci sarà un motivo.
NPC_RAHANER_PLAYER_8c57c749-d6ec-4da6-bf9b-66c13ff1f3a2_HEROIC	Le guardie hanno semplicemente obbedito, senza il coraggio di resistere?
NPC_RAHANER_PLAYER_8c57c749-d6ec-4da6-bf9b-66c13ff1f3a2_JOKER	Quindi le guardie si sono afflosciate più in fretta di una tenda da quattro soldi?
NPC_RAHANER_PLAYER_8c57c749-d6ec-4da6-bf9b-66c13ff1f3a2_SCHOLAR	E le guardie hanno obbedito? Viltà o semplice esecuzione degli ordini?
NPC_RAHANER_PLAYER_8c57c749-d6ec-4da6-bf9b-66c13ff1f3a2_STOIC	Le guardie hanno obbedito come codardi?
NPC_RAHANER_PLAYER_8eb20551-eb5f-4a43-915c-11a28ba9c7ed_HEROIC	Cosa mi darà l'addestramento?
NPC_RAHANER_PLAYER_8eb20551-eb5f-4a43-915c-11a28ba9c7ed_JOKER	Cosa fa il tuo addestramento, a parte farmi dolere tutto?
NPC_RAHANER_PLAYER_8eb20551-eb5f-4a43-915c-11a28ba9c7ed_SCHOLAR	Quali cambiamenti produce l'addestramento, esattamente?
NPC_RAHANER_PLAYER_8eb20551-eb5f-4a43-915c-11a28ba9c7ed_STOIC	A cosa serve?
NPC_RAHANER_PLAYER_8f3e7c76-3c5f-4a67-8e36-b33f776bc0da_HEROIC	È una vita dura, ma le difficoltà si possono superare.
NPC_RAHANER_PLAYER_8f3e7c76-3c5f-4a67-8e36-b33f776bc0da_JOKER	Una vita dura. Scommetto che almeno non ci si annoia.
NPC_RAHANER_PLAYER_8f3e7c76-3c5f-4a67-8e36-b33f776bc0da_SCHOLAR	Una vita dura. Ancora più difficile da abbandonare, immagino.
NPC_RAHANER_PLAYER_8f3e7c76-3c5f-4a67-8e36-b33f776bc0da_STOIC	Sembra una vita dura.
NPC_RAHANER_PLAYER_91b9e219-bb43-42dc-9f25-2f8d0c0a5ab0_HEROIC	La foresta offriva ciò che serviva. L'ho trovato senza grandi difficoltà.
NPC_RAHANER_PLAYER_91b9e219-bb43-42dc-9f25-2f8d0c0a5ab0_JOKER	La foresta me l'ha praticamente messo in mano. Nessun problema.
NPC_RAHANER_PLAYER_91b9e219-bb43-42dc-9f25-2f8d0c0a5ab0_SCHOLAR	La foresta conteneva tutto il necessario. L'ho ottenuto senza combattere.
NPC_RAHANER_PLAYER_91b9e219-bb43-42dc-9f25-2f8d0c0a5ab0_STOIC	Ho trovato tutto nella foresta. Poche difficoltà.
NPC_RAHANER_PLAYER_9b7c7054-f130-42f9-bc89-96de9c062631_BASE	"Posso recuperare l'esperienza e i punti abilità?"
NPC_RAHANER_PLAYER_9d32555a-0a1b-4ace-9a42-00bfc90f3c1b_BASE	A cosa stai pensando?
NPC_RAHANER_PLAYER_9e90e407-d801-4899-9a08-1b9c1d8d21e2_BASE	“Perché il sindaco aveva tanta paura?”
NPC_RAHANER_PLAYER_9f49a617-0f4d-40a4-a84d-3e4877a58eae_HEROIC	Ha ottenuto la vittoria senza neppure dover sguainare la spada.
NPC_RAHANER_PLAYER_9f49a617-0f4d-40a4-a84d-3e4877a58eae_JOKER	Ha fatto sembrare facile la resa.
NPC_RAHANER_PLAYER_9f49a617-0f4d-40a4-a84d-3e4877a58eae_SCHOLAR	Ha prevalso senza mai ricorrere alle armi.
NPC_RAHANER_PLAYER_9f49a617-0f4d-40a4-a84d-3e4877a58eae_STOIC	Ha vinto senza combattere.
NPC_RAHANER_PLAYER_9fdf43fc-3a3b-453a-b7a6-725279e0b732_HEROIC	Mi basta per procedere. Ti ringrazio.
NPC_RAHANER_PLAYER_9fdf43fc-3a3b-453a-b7a6-725279e0b732_JOKER	Mi basta così. Grazie per avermela fatta facile.
NPC_RAHANER_PLAYER_9fdf43fc-3a3b-453a-b7a6-725279e0b732_SCHOLAR	Il quadro è completo. Grazie per la precisione.
NPC_RAHANER_PLAYER_9fdf43fc-3a3b-453a-b7a6-725279e0b732_STOIC	È tutto ciò che mi serve sapere. Grazie.
NPC_RAHANER_PLAYER_9fe6957c-27d3-44b6-8ae6-71a1813a9791_HEROIC	Anche con la disciplina, ho poche speranze per loro. Contadini e cacciatori contro una corruzione soverchiante.
NPC_RAHANER_PLAYER_9fe6957c-27d3-44b6-8ae6-71a1813a9791_JOKER	Se aratri e trappole non spaventano la corruzione, per loro la vedo dura.
NPC_RAHANER_PLAYER_9fe6957c-27d3-44b6-8ae6-71a1813a9791_SCHOLAR	Contadini e cacciatori contro la corruzione. Le probabilità appaiono sfavorevoli.
NPC_RAHANER_PLAYER_9fe6957c-27d3-44b6-8ae6-71a1813a9791_STOIC	Ho poche speranze per loro. Contadini e cacciatori non hanno possibilità contro questa corruzione.
NPC_RAHANER_PLAYER_a16f167a-4de9-40fd-a832-9c77757496d8_HEROIC	Vigila su quel sentimento. Senza freni, può spingerti verso l'oscurità.
NPC_RAHANER_PLAYER_a16f167a-4de9-40fd-a832-9c77757496d8_JOKER	Occhio a quel sentimento. Se lo lasci guidare, finisci in un posto ancora più cupo di questo.
NPC_RAHANER_PLAYER_a16f167a-4de9-40fd-a832-9c77757496d8_SCHOLAR	Sorveglia quel sentimento. Alimentato abbastanza a lungo, conduce gli uomini verso luoghi oscuri.
NPC_RAHANER_PLAYER_a16f167a-4de9-40fd-a832-9c77757496d8_STOIC	Bada a quel sentimento. Ti porterà in luoghi oscuri.
NPC_RAHANER_PLAYER_a37b1a9a-881f-4455-b33f-cced14cdd5cd_HEROIC	Devo trovare un modo per uscire da qui.
NPC_RAHANER_PLAYER_a37b1a9a-881f-4455-b33f-cced14cdd5cd_JOKER	A dire il vero, sono qui solo per l'uscita.
NPC_RAHANER_PLAYER_a37b1a9a-881f-4455-b33f-cced14cdd5cd_SCHOLAR	Andarmene è l'intero piano.
NPC_RAHANER_PLAYER_a37b1a9a-881f-4455-b33f-cced14cdd5cd_STOIC	Cerco solo di uscire da qui.
NPC_RAHANER_PLAYER_a7f3kp9q-x2lm-8zrt-b5hn-4wc9jq2vtxy8_BASE	Quali sono i prossimi passi del mio addestramento?
NPC_RAHANER_PLAYER_a8a5b63e-3c13-42b3-8400-5e2e308d4721_BASE	"Ho sentito che vieni da Aldoria?"
NPC_RAHANER_PLAYER_ad1b4140-2692-442e-b60d-2649895e5648_HEROIC	Mi impegno ad aiutare chiunque ne abbia bisogno.
NPC_RAHANER_PLAYER_ad1b4140-2692-442e-b60d-2649895e5648_JOKER	Do una mano a chiunque sia nei pasticci.
NPC_RAHANER_PLAYER_ad1b4140-2692-442e-b60d-2649895e5648_SCHOLAR	Chiunque necessiti di aiuto lo riceve. È tutto il mio metodo.
NPC_RAHANER_PLAYER_ad1b4140-2692-442e-b60d-2649895e5648_STOIC	Aiuto chi ne ha bisogno.
NPC_RAHANER_PLAYER_adbaf44d-6036-495b-86df-f4ef6b52f396_HEROIC	Hanno faticato sotto pressione, maneggiando male gli attrezzi e perdendo tempo prezioso.
NPC_RAHANER_PLAYER_adbaf44d-6036-495b-86df-f4ef6b52f396_JOKER	È arrivata la pressione e sono volati gli attrezzi. Ci è voluto più del dovuto.
NPC_RAHANER_PLAYER_adbaf44d-6036-495b-86df-f4ef6b52f396_SCHOLAR	La pressione ha interrotto il loro ritmo. Gli attrezzi sfuggivano e il lavoro si è prolungato.
NPC_RAHANER_PLAYER_adbaf44d-6036-495b-86df-f4ef6b52f396_STOIC	Hanno ceduto sotto pressione. Attrezzi sfuggiti di mano, tempo sprecato.
NPC_RAHANER_PLAYER_aef4f6dc-f349-41d0-9bcf-c36e1c9a1dbf_HEROIC	Quella cosa ha opposto poca resistenza.
NPC_RAHANER_PLAYER_aef4f6dc-f349-41d0-9bcf-c36e1c9a1dbf_JOKER	Alla faccia della resistenza.
NPC_RAHANER_PLAYER_aef4f6dc-f349-41d0-9bcf-c36e1c9a1dbf_SCHOLAR	È caduto facilmente. Forse più facilmente del previsto.
NPC_RAHANER_PLAYER_aef4f6dc-f349-41d0-9bcf-c36e1c9a1dbf_STOIC	Ha opposto ben poca resistenza.
NPC_RAHANER_PLAYER_af8f6953-2d33-4108-9ad6-270fdd0a5625_HEROIC	Qualcosa ti turba. Dillo apertamente.
NPC_RAHANER_PLAYER_af8f6953-2d33-4108-9ad6-270fdd0a5625_JOKER	Porti quel disagio in bella vista come un distintivo.
NPC_RAHANER_PLAYER_af8f6953-2d33-4108-9ad6-270fdd0a5625_SCHOLAR	Il tuo disagio è evidente. Da cosa nasce?
NPC_RAHANER_PLAYER_af8f6953-2d33-4108-9ad6-270fdd0a5625_STOIC	La cosa sembra metterti a disagio.
NPC_RAHANER_PLAYER_b184b492-d90c-44e6-aa09-47fd604c1f2c_HEROIC	Le corde con campanelli non vi salveranno. Nulla, qui, potrà farlo.
NPC_RAHANER_PLAYER_b184b492-d90c-44e6-aa09-47fd604c1f2c_JOKER	Se contate sulle corde con campanelli per salvarvi, tanto vale cominciare a scavare.
NPC_RAHANER_PLAYER_b184b492-d90c-44e6-aa09-47fd604c1f2c_SCHOLAR	Le corde con campanelli guadagnano minuti. E i minuti non salveranno nessuno di voi.
NPC_RAHANER_PLAYER_b184b492-d90c-44e6-aa09-47fd604c1f2c_STOIC	Le corde con campanelli non serviranno. Morirete tutti.
NPC_RAHANER_PLAYER_b704424a-3348-49bd-a005-c55478f8af8f_HEROIC	Non posso garantire il successo, ma valuterò la cosa con attenzione.
NPC_RAHANER_PLAYER_b704424a-3348-49bd-a005-c55478f8af8f_JOKER	Le promesse si pagano a parte. Però ci penserò.
NPC_RAHANER_PLAYER_b704424a-3348-49bd-a005-c55478f8af8f_SCHOLAR	Ancora nessuna promessa. Prima devo valutare.
NPC_RAHANER_PLAYER_b704424a-3348-49bd-a005-c55478f8af8f_STOIC	Non prometto nulla. Ci penserò.
NPC_RAHANER_PLAYER_b881bcd2-0dab-4843-839c-d8e75f1adcca_HEROIC	Prima l'esperienza. Me la guadagnerò, e poi mi guadagnerò un nome migliore di "recluta".
NPC_RAHANER_PLAYER_b881bcd2-0dab-4843-839c-d8e75f1adcca_JOKER	Prima l'esperienza. Tornerò quando "recluta" non mi starà più a pennello.
NPC_RAHANER_PLAYER_b881bcd2-0dab-4843-839c-d8e75f1adcca_SCHOLAR	Prima l'esperienza, dunque. Tornerò quando ne avrò abbastanza, e potremo abbandonare "recluta".
NPC_RAHANER_PLAYER_b881bcd2-0dab-4843-839c-d8e75f1adcca_STOIC	Prima l'esperienza. Poi torno.
NPC_RAHANER_PLAYER_bbf3a35e-64bc-4b6e-a1d7-689cc79f2eb2_HEROIC	Dimmi cosa ti serve e provvederò. Non intendo trattenermi qui.
NPC_RAHANER_PLAYER_bbf3a35e-64bc-4b6e-a1d7-689cc79f2eb2_JOKER	Dimmi cosa ti serve. Prima me ne vado, meglio è.
NPC_RAHANER_PLAYER_bbf3a35e-64bc-4b6e-a1d7-689cc79f2eb2_SCHOLAR	Elenca esattamente ciò che ti occorre. Prima finirò, prima potrò andarmene.
NPC_RAHANER_PLAYER_bbf3a35e-64bc-4b6e-a1d7-689cc79f2eb2_STOIC	Dimmi solo cosa ti serve. Voglio uscire da qui.
NPC_RAHANER_PLAYER_c13a198f-1a9f-44f5-9523-e6bbfbd8d0eb_HEROIC	I tempi duri non risparmiano nessuno. I deboli diventano forti o cadono.
NPC_RAHANER_PLAYER_c13a198f-1a9f-44f5-9523-e6bbfbd8d0eb_JOKER	I tempi duri non fanno favori. I deboli si fanno le ossa o restano indietro.
NPC_RAHANER_PLAYER_c13a198f-1a9f-44f5-9523-e6bbfbd8d0eb_SCHOLAR	I tempi duri separano i deboli dai forti. La selezione non è delicata.
NPC_RAHANER_PLAYER_c13a198f-1a9f-44f5-9523-e6bbfbd8d0eb_STOIC	I deboli non supereranno i tempi duri. O si rafforzano o cadono.
NPC_RAHANER_PLAYER_c339dc50-f6a5-48ea-bc1a-2363123426aa_HEROIC	Non ho più bisogno di addestramento. Le mie cicatrici ne sono la prova.
NPC_RAHANER_PLAYER_c339dc50-f6a5-48ea-bc1a-2363123426aa_JOKER	A meno che "addestramento" non abbia cambiato significato, dubito che mi serva.
NPC_RAHANER_PLAYER_c339dc50-f6a5-48ea-bc1a-2363123426aa_SCHOLAR	Non sono alle prime armi. Quali mie lacune colmerebbe questo addestramento?
NPC_RAHANER_PLAYER_c339dc50-f6a5-48ea-bc1a-2363123426aa_STOIC	Non sono alle prime armi. L'addestramento sarebbe tempo perso.
NPC_RAHANER_PLAYER_c4210af6-a5e9-4b19-83f8-e6a681e9609f_HEROIC	Esercitazioni. Cosa mi offrono che il campo di battaglia non possa darmi?
NPC_RAHANER_PLAYER_c4210af6-a5e9-4b19-83f8-e6a681e9609f_JOKER	Esercitazioni. Stessi lividi di uno scontro, meno goblin. Dov'è il bello?
NPC_RAHANER_PLAYER_c4210af6-a5e9-4b19-83f8-e6a681e9609f_SCHOLAR	Esercitazioni invece di esperienza sul campo. Cosa migliorano che il combattimento non migliori?
NPC_RAHANER_PLAYER_c4210af6-a5e9-4b19-83f8-e6a681e9609f_STOIC	Esercitazioni. Perché non combattere e basta?
NPC_RAHANER_PLAYER_c6ef0503-7ec2-4df0-9581-5ec79235c24e_BASE	"Ho le risorse che mi hai chiesto."
NPC_RAHANER_PLAYER_c99f89a1-8de6-4d2f-84f7-7278c786fa7c_HEROIC	Cosa ti ha spinto a intraprendere il viaggio verso Earlwood?
NPC_RAHANER_PLAYER_c99f89a1-8de6-4d2f-84f7-7278c786fa7c_JOKER	Quale scherzo del destino ti ha scaricato a Earlwood?
NPC_RAHANER_PLAYER_c99f89a1-8de6-4d2f-84f7-7278c786fa7c_SCHOLAR	Cosa ti ha condotto a Earlwood, alla fine?
NPC_RAHANER_PLAYER_c99f89a1-8de6-4d2f-84f7-7278c786fa7c_STOIC	Cosa ti ha portato a Earlwood?
NPC_RAHANER_PLAYER_cb947e48-bdc4-4dd9-b308-a6daa9f263bf_BASE	Dove devo piazzare le corde con campanelli?
NPC_RAHANER_PLAYER_e0c554a5-1f48-41bb-a46a-82e3ad2d01b7_HEROIC	Guarda avanti. Il passato ha già avuto la sua parte di te.
NPC_RAHANER_PLAYER_e0c554a5-1f48-41bb-a46a-82e3ad2d01b7_JOKER	Non è il momento di rimuginare sul passato. A meno che tu non voglia perderti il prossimo ostacolo.
NPC_RAHANER_PLAYER_e0c554a5-1f48-41bb-a46a-82e3ad2d01b7_SCHOLAR	Il passato può attendere. Il presente no.
NPC_RAHANER_PLAYER_e0c554a5-1f48-41bb-a46a-82e3ad2d01b7_STOIC	Non è il momento di rimuginare sul passato.
NPC_RAHANER_PLAYER_e2a92958-0278-4973-8c2f-543ae3c989b6_HEROIC	Il tuo apprezzamento non è necessario per fare ciò che va fatto.
NPC_RAHANER_PLAYER_e2a92958-0278-4973-8c2f-543ae3c989b6_JOKER	Conserva l'apprezzamento per qualcuno che ne abbia bisogno.
NPC_RAHANER_PLAYER_e2a92958-0278-4973-8c2f-543ae3c989b6_SCHOLAR	Il tuo apprezzamento non è necessario: l'azione ha un merito proprio.
NPC_RAHANER_PLAYER_e2a92958-0278-4973-8c2f-543ae3c989b6_STOIC	Il tuo apprezzamento non serve.
NPC_RAHANER_PLAYER_e33994a0-5704-4536-b92e-95c4c880a95b_BASE	"Mi manda Alaric. Ha detto che ti serve aiuto?"
NPC_RAHANER_PLAYER_e46e51d8-511b-4ec3-a338-dbb4dd791c33_HEROIC	Sì, sarebbe un onore unirmi a voi e osservare l'addestramento.
NPC_RAHANER_PLAYER_e46e51d8-511b-4ec3-a338-dbb4dd791c33_JOKER	Sì, mi aggrego e vedo che aria tira al tuo addestramento.
NPC_RAHANER_PLAYER_e46e51d8-511b-4ec3-a338-dbb4dd791c33_SCHOLAR	Sì. Vorrei osservare i tuoi metodi da vicino.
NPC_RAHANER_PLAYER_e46e51d8-511b-4ec3-a338-dbb4dd791c33_STOIC	Sì. Vorrei unirmi a voi e osservare l'addestramento.
NPC_RAHANER_PLAYER_e5dcf46d-e226-4727-8bc8-632a21412c84_HEROIC	Sembra che tu abbia davvero trovato ciò che cercavi.
NPC_RAHANER_PLAYER_e5dcf46d-e226-4727-8bc8-632a21412c84_JOKER	Alla fine la ricerca ha dato i suoi frutti, allora.
NPC_RAHANER_PLAYER_e5dcf46d-e226-4727-8bc8-632a21412c84_SCHOLAR	Dunque la ricerca si è conclusa positivamente.
NPC_RAHANER_PLAYER_e5dcf46d-e226-4727-8bc8-632a21412c84_STOIC	Sembra che tu abbia trovato ciò che cercavi.
NPC_RAHANER_PLAYER_e9cfad7a-3613-45c8-bfd2-128ef356c509_BASE	“Hai ancora qualcuno, laggiù?”
NPC_RAHANER_PLAYER_ea229f97-c06a-4cf3-a280-4a5c7a218c99_HEROIC	Vuoi che piazzi anche delle corde con campanelli?
NPC_RAHANER_PLAYER_ea229f97-c06a-4cf3-a280-4a5c7a218c99_JOKER	Quindi vuoi che mi metta anche a tendere corde con campanelli?
NPC_RAHANER_PLAYER_ea229f97-c06a-4cf3-a280-4a5c7a218c99_SCHOLAR	Anche corde con campanelli, dunque? Dove sarebbero più efficaci?
NPC_RAHANER_PLAYER_ea229f97-c06a-4cf3-a280-4a5c7a218c99_STOIC	Devo piazzare anche corde con campanelli?
NPC_RAHANER_PLAYER_ef58aec1-0bb4-4be4-b004-f6b4b01fa8ab_BASE	Perché non puoi chiedere aiuto alla tua vecchia gilda?
NPC_RAHANER_PLAYER_efa036fb-2158-4432-9906-c3c13459348c_HEROIC	Trai il meglio da ciò che hai. Non è un'impresa da poco.
NPC_RAHANER_PLAYER_efa036fb-2158-4432-9906-c3c13459348c_JOKER	Con quello che hai, riesci perfino a farlo sembrare facile.
NPC_RAHANER_PLAYER_efa036fb-2158-4432-9906-c3c13459348c_SCHOLAR	Con queste risorse, i progressi superano quanto consentirebbero i calcoli.
NPC_RAHANER_PLAYER_efa036fb-2158-4432-9906-c3c13459348c_STOIC	Stai facendo bene con le risorse che hai.
NPC_RAHANER_PLAYER_f3a9c2e1-7b6d-4a8f-9c0e-5d1b7a2f6c3e_BASE	Il recinto a sud è stato riparato come si deve.
NPC_RAHANER_PLAYER_f65b9696-f8a8-42b1-8473-e77ea3c87e76_HEROIC	Sono in cammino verso il Riposo di Faustas, appena oltre la foresta.
NPC_RAHANER_PLAYER_f65b9696-f8a8-42b1-8473-e77ea3c87e76_JOKER	Si va al Riposo di Faustas, subito dopo la foresta.
NPC_RAHANER_PLAYER_f65b9696-f8a8-42b1-8473-e77ea3c87e76_SCHOLAR	Il Riposo di Faustas, oltre la foresta. Intendo raggiungerlo a breve.
NPC_RAHANER_PLAYER_f65b9696-f8a8-42b1-8473-e77ea3c87e76_STOIC	Vado al Riposo di Faustas. Oltre la foresta.
NPC_RAHANER_PLAYER_f89ff370-703f-4fc5-bdd0-80532599e4c3_HEROIC	Riporterò il legno e la pietra. Hai la mia parola.
NPC_RAHANER_PLAYER_f89ff370-703f-4fc5-bdd0-80532599e4c3_JOKER	È ora di recuperare legno e pietra. Sarà una passeggiata fra gli alberi.
NPC_RAHANER_PLAYER_f89ff370-703f-4fc5-bdd0-80532599e4c3_SCHOLAR	Capisco. Legno e pietra, nelle quantità indicate.
NPC_RAHANER_PLAYER_f89ff370-703f-4fc5-bdd0-80532599e4c3_STOIC	Tornerò con il legno e la pietra.
NPC_RAHANER_PLAYER_f8c5aaae-2b7d-4dbb-b40a-e4a7e86072d8_BASE	“Com'è Aldoria?”
NPC_RAHANER_PLAYER_f99bc525-e2a2-4962-a3bc-c837fc5d1477_BASE	“Forze speciali? Intendi missioni segrete?”
NPC_RAHANER_PLAYER_ffd45ad0-3c89-4b0f-8b9b-2c9dfb15970d_HEROIC	Usare ciò che sai per aiutare gli altri è una strada degna.
NPC_RAHANER_PLAYER_ffd45ad0-3c89-4b0f-8b9b-2c9dfb15970d_JOKER	Il sapere inutilizzato prende polvere. Meglio spenderlo per qualcuno.
NPC_RAHANER_PLAYER_ffd45ad0-3c89-4b0f-8b9b-2c9dfb15970d_SCHOLAR	Il sapere speso per gli altri rende interessi. Un impiego sensato.
NPC_RAHANER_PLAYER_ffd45ad0-3c89-4b0f-8b9b-2c9dfb15970d_STOIC	Aiutare gli altri è un buon uso di ciò che sai.
NPC_RAHANER_PLAYER_q09q87r7_HEROIC	Mi insegnerai come addestrarmi?
NPC_RAHANER_PLAYER_q09q87r7_JOKER	Mi sveli il segreto dell'addestramento?
NPC_RAHANER_PLAYER_q09q87r7_SCHOLAR	Cosa comporta, concretamente, un addestramento corretto?
NPC_RAHANER_PLAYER_q09q87r7_STOIC	Puoi insegnarmi ad addestrarmi?
NPC_RAHANER_RESPONSE_06117916-83d6-4cf6-82ef-4dcf3a06db36	"Faustas, eh? Dovrai aspettare. Il ponte è distrutto. Pensavo l'avessi visto."<x1/><x2/>"Finché non lo riparano, renditi utile. Sono qui, se vuoi addestrarti o parlare."
NPC_RAHANER_RESPONSE_0f60f524-78d6-43bb-85ce-d01cd0854d0e	"Guarda i varchi, i recinti rotti, i sentieri stretti, i margini dei campi. Passano da lì."
NPC_RAHANER_RESPONSE_13b27ed4-e0bb-4b4c-8100-96401351d8fd	*Rahaner ride piano, incrociando le braccia.*<x1/><x2/>"Meglio che lasciarlo marcire nelle ossa. Se evito anche solo a un idiota di morire da stupido, è tempo ben speso."
NPC_RAHANER_RESPONSE_1518d0a5-5027-41b8-9634-1dbf88a0587c	"Bene. Prendi le parole e mettile al lavoro."
NPC_RAHANER_RESPONSE_15e88c4b-a6b2-4d6e-b61b-77eb133c13be	"È così. Essere pronti serve. Averne nostalgia è pericoloso."<x1/><x2/><x3/><x4/>"A dire il vero, sono combattuto. Non lo confido a ogni avventuriero di passaggio. Meriti più sincerità di molti altri.<x5/><x6/>Quando ripenso ai miei anni di servizio, orgoglio non è la prima parola che mi viene. C'era il dovere, sì. Capacità. Resistenza. C'era anche sangue su scelte che un tempo chiamavo necessarie.<x7/><x8/>Eppure, quando i guai si addensano come ora, ne sento tornare la vecchia forza. La mente si affila. Il corpo ricorda il suo scopo. Ogni passo, ogni parola, ogni mano alzata sembra contare.<x9/><x10/>C'è vita, in questo. Vita vera. Ma devi dominarla, o sarà lei a dominare te."
NPC_RAHANER_RESPONSE_15f90a5a-5a3e-46bc-82a3-6b88a2d93e60	*Annuisce lentamente; il suo mezzo sorriso si distende.*<x1/><x2/>"Sto ancora cercando di capirlo. Ma questo... questo sembra più giusto di tutto ciò che ho fatto prima."
NPC_RAHANER_RESPONSE_1646567e-883b-44c8-9ca5-9bd15029c169	"Sospetto che tu abbia addolcito la verità. Ma fa comunque piacere sentirlo."<x1/><x2/><x3/><x4/>*Rahaner parla con gravità.*<x5/><x6/>"Quasi tutti alle prime armi. Pochissimi avevano visto un vero combattimento prima di questo disastro. Alcuni erano semplici cacciatori che si sono fatti avanti allo scoppio della crisi. Il sindaco ha chiuso loro le porte in faccia. Li ha lasciati fuori a morire con gli altri. Quanto a combattenti addestrati, siamo pochi. Alaric è bloccato qui al villaggio, Eldorian si divide in due dove può e Corin non può lasciare il nord."
NPC_RAHANER_RESPONSE_1809d368-3af2-4cc0-89d0-9c912f62a652	"La tua prontezza ad agire fa bene a questo vecchio cuore."<x1/><x2/><x3/><x4/>*Rahaner posa il rapporto e ti guarda negli occhi, ormai del tutto concentrato sul compito.*<x5/><x6/>"Mi servi prima sul perimetro nord. Respingi i goblin e stabilizza la linea. Poi vai a sud e tieni il fianco mentre i nostri ricostruiscono le difese."
NPC_RAHANER_RESPONSE_20fbd71a-40d2-4cc1-8325-cc7d365a34db	"Non più. L'esercito mi ha portato via quasi tutti i legami. Il tempo ha preso il resto. Anche tornando, non saprei chi andare a trovare."
NPC_RAHANER_RESPONSE_2224d9de-8a99-4fc8-9ba6-362982a101c4	*Ride piano, incrociando le braccia.*<x1/><x2/>"Attenzione. L'orgoglio è una lama pesante. Tende a tagliare dalla parte sbagliata. Comunque, bel lavoro."<x3/><x4/>"Mi fa piacere averti là fuori con noi. La gente dorme un po' meglio con qualcuno come te nei paraggi. Grazie."
NPC_RAHANER_RESPONSE_2991ff77-f353-4917-bbc4-dab67942bc11	"Aldoria, eh? È da un po' che nessuno mi chiede di quel posto. Ci ho passato quasi tutta la vita. Sono arrivato a Earlwood solo cinque anni fa."
NPC_RAHANER_RESPONSE_29c014fa-6418-4e4a-87dd-27b9b7b4c1f6	"Da soli, contadini e cacciatori no. Ma non intendo lasciarli così. Ne farò dei veri avventurieri. Pronti ad affrontare insieme ciò che arriva."
NPC_RAHANER_RESPONSE_2adf05ab-644f-4e54-b4f4-a85bdb223a0d	"Bene. Allora ascolta. Cominciamo le istruzioni."<x1/><x2/><x3/><x4/>*Il riso di Rahaner si spegne mentre si volta verso i novizi, con la schiena dritta e il tono fermo, controllato.*<x5/><x6/>"Ascoltate. Le ultime settimane sono state dure per tutti. Alcuni di voi avevano appena impugnato una lama quando sono cominciati gli scontri. Siete inesperti e avete paura. Non c'è vergogna. Ma non resteremo così. Ci addestriamo. Impariamo. Ci proteggiamo a vicenda.<x7/><x8/>I goblin preferiscono il buio. Aspettano che abbassiate la guardia, poi vi arrivano alle spalle e vi abbattono. Per impedirlo, la lezione di oggi è semplice: trappole con corde e campanelli. Le piazzerete nei punti chiave dei terreni agricoli, per avvisarci dei loro movimenti. Urtano una corda, noi sentiamo. E li aspettiamo pronti.<x9/><x10/>Prendete l'occorrente e muovetevi in coppia. Non andate a zonzo. Ci sono ancora goblin in quei campi."
NPC_RAHANER_RESPONSE_2cb71c8a-9a6a-4f2b-b69b-9fcfe44ff985	*Rahaner espira dal naso e lancia un'occhiata al muro.*<x1/><x2/>"Le cose cambiano. Un uomo invecchia. Posa il passato e guarda cosa può ancora costruire."<x3/><x4/>"Ho servito nell'esercito di Aldoria. Forze speciali. Molto tempo sul campo. Abbastanza da vedere troppo."
NPC_RAHANER_RESPONSE_302f2928-06cf-40c7-967a-cfdf3b7b1aef	"Mi fa piacere rivederti. La foresta peggiora ogni giorno. Non l'ho mai vista così. Nemmeno i veterani sanno spiegarselo."<x1/><x2/>"Hai dimostrato di essere più di una spada di passaggio. Resta con noi. Ci servirà gente come te."
NPC_RAHANER_RESPONSE_30d2df36-3cc6-4b42-9802-76b1e5f33440	"Quelle guardie al ponte? Hanno ordini precisi. Non far passare nessuno nel resto del villaggio."
NPC_RAHANER_RESPONSE_30dc8426-0932-4d2e-b825-a27b9a97e04d	"Troppa. I soldati di Aldoria passano la vita fra le forze di Xwin e le infestazioni di goblin. Bruci un covo, ne spuntano altri sulle colline. Ignorali abbastanza a lungo e ti svegli con un re sulla porta. Come noi, adesso."
NPC_RAHANER_RESPONSE_328db280-6f2e-4c00-bf63-c3c8265143c7	"Uno l'ha fatto. Senza neanche alzare la voce."<x1/><x2/>"Alaric è andato dritto in prima linea. Li ha fissati finché hanno ceduto. Niente spada. Solo uno sguardo. Hanno lasciato il quartiere della Sede della Gilda senza una parola."
NPC_RAHANER_RESPONSE_359398d4-9279-4c4f-b76f-3e89a7f1a537	*Accenna un sorriso che non raggiunge del tutto gli occhi.*<x1/><x2/>"Avevo ancora anni davanti e niente da dimostrare. A questo villaggio... serviva qualcuno che restasse e trasmettesse ciò che sapeva."<x3/><x4/>*Rahaner sorride appena, con lo sguardo lontano.*<x5/><x6/>"Appesa la spada, sono venuto a cercare qualcosa di diverso. Non più facile. Che valesse di più. Alla gilda serviva un mentore. Sono rimasto."
NPC_RAHANER_RESPONSE_3c278574-6146-4c82-86b8-9e7c31562aa5	"Una risposta degna. Ricorda solo che anche la pietà deve nascere dal tuo giudizio. Non dalla sola abitudine."<x1/><x2/><x3/><x4/>"Ammetto una cosa: quando hai messo piede qui la prima volta, non sapevo cosa pensare di te. Nessuno esce da un Varco inattivo da tanto tempo senza portarsi dietro delle domande.<x5/><x6/>Ma le domande non sono risposte. Da allora ti ho osservato. Ascolti. Agisci. Torni quando la gente conta su di te.<x7/><x8/>È abbastanza raro da meritare di essere detto. Apprezzo che tu sia qui."
NPC_RAHANER_RESPONSE_3e0d4808-ef32-41bc-aea9-84429dc725c3	*Rahaner annuisce lentamente, con evidente rispetto nello sguardo.*<x1/><x2/>"Bene. Uno scontro del genere mette alla prova il tuo acciaio. Dentro e fuori. Sembra che tu abbia retto."<x3/><x4/>"Mi fa piacere averti là fuori con noi. La gente dorme un po' meglio con qualcuno come te nei paraggi. Grazie."
NPC_RAHANER_RESPONSE_48e8bf1c-6ea3-4c46-89c9-fee46238bbf7	*Rahaner accenna un sorriso d'intesa, ma la sua postura si fa un poco più eretta.*<x1/><x2/>"Pensavo che Earlwood comincia a sembrare un accampamento militare prima dell'alba. Tutti in attesa. Tutti a fingere di non tendere l'orecchio al primo corno.<x3/><x4/>Mi riporta a quando ero soldato."
NPC_RAHANER_RESPONSE_4a08dc28-cf76-4d8c-866b-4cf59e6a7d15	"Non hanno discusso l'ordine. Ma non hanno nemmeno tenuto la posizione. Appena qualcuno ha mostrato carattere, hanno ceduto."<x1/><x2/>"Alaric è andato dritto in prima linea. Li ha fissati finché hanno ceduto. Niente spada. Solo uno sguardo. Hanno lasciato il quartiere della Sede della Gilda senza una parola."
NPC_RAHANER_RESPONSE_4a3de0d2-36de-4a27-abfe-1fddac7f2bf0	"Suona crudele. Ma c'è del vero. Ne ho visti tanti indurirsi. O sparire."<x1/><x2/><x3/><x4/>*Lo sguardo di Rahaner si perde lontano per un istante, poi torna su di te.*<x5/><x6/>"Ho addestrato molti combattenti, negli anni. Dopo il congedo dal servizio di Aldoria, la Gilda degli Avventurieri del posto mi ha assunto per formare le reclute. Soprattutto ex soldati e ragazzi di città. Avevano bisogno solo di un addestramento specialistico. Qui è diverso. Contadini e cacciatori. Gente disperata. Per loro, disciplina e buone tattiche sono tutto. Così si resiste a mostri più numerosi e più forti."
NPC_RAHANER_RESPONSE_4a5ed546-b7a0-4d46-8138-1b8469dd9402	*Rahaner annuisce una volta, lentamente.*<x1/><x2/>"Lo era. Ma insegna. Sugli altri, sul tuo conto. Non chiedermi di riviverne i dettagli."<x3/><x4/>*Rahaner sorride appena, con lo sguardo lontano.*<x5/><x6/>"Appesa la spada, sono venuto a cercare qualcosa di diverso. Non più facile. Che valesse di più. Alla gilda serviva un mentore. Sono rimasto."
NPC_RAHANER_RESPONSE_4be5c528-bc3c-45ae-8774-9b4c03785d3b	"Bene, recluta. Torna là fuori. Riporta a casa la pelle."
NPC_RAHANER_RESPONSE_4d6c5737-3342-4035-b8df-b1c91682f123	"Già qui, con quello che ci serve? Ti ringrazio. Com'era la situazione là fuori?"
NPC_RAHANER_RESPONSE_4d978c0b-7734-4d88-899e-d0ecbb89c748	"Ti aspetto, recluta."
NPC_RAHANER_RESPONSE_4ed6e8ff-bc32-4e5a-8d48-d4eb93ad52bb	"No. Solo dagli attacchi degli spiriti. Prima non c'erano guardie, a meno che non passasse una parata."
NPC_RAHANER_RESPONSE_5658c1c2-4b90-49f8-b2c1-bf8d255ec9cf	"Ah. Allora ascoltalo bene, ma non consegnargli le redini. Anche un vecchio mago saggio può percorrere solo la propria strada."<x1/><x2/><x3/><x4/>"Ammetto una cosa: quando hai messo piede qui la prima volta, non sapevo cosa pensare di te. Nessuno esce da un Varco inattivo da tanto tempo senza portarsi dietro delle domande.<x5/><x6/>Ma le domande non sono risposte. Da allora ti ho osservato. Ascolti. Agisci. Torni quando la gente conta su di te.<x7/><x8/>È abbastanza raro da meritare di essere detto. Apprezzo che tu sia qui."
NPC_RAHANER_RESPONSE_59fd2269-9f82-489e-b967-28637393395e	*Rahaner chiude gli occhi per un momento e il petto gli si distende per il sollievo.*<x1/><x2/>"Bene. Ogni aiuto conta, adesso. Dimmi: come si sono comportati gli avventurieri che ricostruivano il recinto?"
NPC_RAHANER_RESPONSE_5de87b3a-54ee-4a67-8a7a-948602f51eb5	*Rahaner accenna un sorriso.*<x1/><x2/>"Non gli serviva. A volte basta che qualcuno resti dritto quando tutti gli altri si abbassano."
NPC_RAHANER_RESPONSE_5e51b79b-36cb-4d04-98b9-96b98ff3c594	“Una recluta in cerca di addestramento, eh?”<x1/><x2/>“Addestro volentieri chi ne ha voglia.”<x3/><x4/>“Prima ti servirà un po' di esperienza. Quando vuoi cominciare, dimmelo. Ti aiuterò a migliorare uno dei tuoi attributi.”<x5/><x6/>“Ne riparliamo quando hai finito.”
NPC_RAHANER_RESPONSE_631e4e7d-50e2-46d1-83b8-7e7677f37b2c	"Ti credo. La battaglia lascia il segno. Ma rivela anche per cosa una persona è disposta a resistere."<x1/><x2/><x3/><x4/>"Quella spinta verso la vita è parte di ciò che fa resistere gente come noi. Per me forse meno, ormai. Ma da giovane conoscevo bene quella fame. Diventare più forte. Andare avanti. Mettere le mani sul mondo e lasciarci un segno.<x5/><x6/>Quello non è mai stato l'errore. L'errore è stato lasciare che un altro uomo decidesse dove indirizzare quella forza.<x7/><x8/>Dimmi, dunque, avventuriero: i tuoi obiettivi sono tuoi?"
NPC_RAHANER_RESPONSE_6822977f-f942-4688-a12c-52ab479b6a68	"Basta così. Ogni corda aiuta. Che i Principi ti illuminino il cammino."
NPC_RAHANER_RESPONSE_6e3f8001-feed-4798-9ad4-f2b2e19a76af	"No. Era solo un tempo in cui ogni scelta sembrava più netta. Da giovani, ci si illude facilmente che questo voglia dire migliore."<x1/><x2/><x3/><x4/>"A dire il vero, sono combattuto. Non lo confido a ogni avventuriero di passaggio. Meriti più sincerità di molti altri.<x5/><x6/>Quando ripenso ai miei anni di servizio, orgoglio non è la prima parola che mi viene. C'era il dovere, sì. Capacità. Resistenza. C'era anche sangue su scelte che un tempo chiamavo necessarie.<x7/><x8/>Eppure, quando i guai si addensano come ora, ne sento tornare la vecchia forza. La mente si affila. Il corpo ricorda il suo scopo. Ogni passo, ogni parola, ogni mano alzata sembra contare.<x9/><x10/>C'è vita, in questo. Vita vera. Ma devi dominarla, o sarà lei a dominare te."
NPC_RAHANER_RESPONSE_6f40e91b-e163-485b-9995-de1bd3f2466e	"Capito. Il tempo stringe, ma la scelta è tua. Se non puoi venire, faremo il possibile senza di te."
NPC_RAHANER_RESPONSE_6f688e42-3f60-46ce-8e0c-b0bb3c93c65c	*Rahaner scoppia in una breve risata.*<x1/><x2/>"Ah! Alaric e il sindaco hanno sempre avuto rapporti tesi. Be', Alaric ne riconosce a malapena l'esistenza. Il sindaco vuole attenzione. Non lo sopporta."
NPC_RAHANER_RESPONSE_73cc8472-4abf-4b58-8754-9a6b9ecbf8f2	"Ci abbiamo provato. Le gilde non sono un ordine unico. Ciascuna è autonoma, e quasi tutti i loro combattenti sono impegnati con gli eserciti di Aldoria. 'Gilda' è solo un nome per un gruppo di avventurieri. Quella di Earlwood è nata intorno ad Alaric dopo l'ultima crisi. La gente si è raccolta attorno a lui per imparare. Il villaggio voleva la sua protezione."
NPC_RAHANER_RESPONSE_741f40b6-8e2f-4b0f-b4b7-c818e4629d08	"Ci manca ciò che conta: se un altro Treant tira un masso contro il muro, viene giù come carta."<x1/><x2/>"Servono Pino di Wildwood e Pietra. Là fuori ce n'è in abbondanza. Ma non rischio il collo di un contadino per prenderli."<x3/><x4/>"Ti segno tutto. Portane abbastanza e forse questo muro reggerà un po' di più."
NPC_RAHANER_RESPONSE_74b12e0d-996f-45b5-95d6-f6d5c7337d99	"Aldoria ha gli spigoli vivi. Lucida fuori, caotica sotto. Lì si cresce in fretta. Che tu lo voglia o no."
NPC_RAHANER_RESPONSE_79511860-3c34-4ecf-8d2e-9fe5311e04fa	"Forse. Resta comunque ad ascoltare come lavoriamo qui."<x1/><x2/><x3/><x4/>*Il riso di Rahaner si spegne mentre si volta verso i novizi, con la schiena dritta e il tono fermo, controllato.*<x5/><x6/>"Ascoltate. Le ultime settimane sono state dure per tutti. Alcuni di voi avevano appena impugnato una lama quando sono cominciati gli scontri. Siete inesperti e avete paura. Non c'è vergogna. Ma non resteremo così. Ci addestriamo. Impariamo. Ci proteggiamo a vicenda.<x7/><x8/>I goblin preferiscono il buio. Aspettano che abbassiate la guardia, poi vi arrivano alle spalle e vi abbattono. Per impedirlo, la lezione di oggi è semplice: trappole con corde e campanelli. Le piazzerete nei punti chiave dei terreni agricoli, per avvisarci dei loro movimenti. Urtano una corda, noi sentiamo. E li aspettiamo pronti.<x9/><x10/>Prendete l'occorrente e muovetevi in coppia. Non andate a zonzo. Ci sono ancora goblin in quei campi."
NPC_RAHANER_RESPONSE_7c028b97-3393-4c82-91cb-ec6b858b3d41	"Qualunque cosa accada, hai agito bene nei nostri confronti. Questo conta. Ora, se permetti, ho ordini da urlare."
NPC_RAHANER_RESPONSE_805ac60f-e51f-4a0b-9397-2499918a7783	*Ride piano, ma gli occhi non partecipano.*<x1/><x2/>"Certi giorni, sì. Ma è un posto che ti si incide dentro. Non serve sentirne la mancanza per ricordarlo."<x3/><x4/>"Ho servito nell'esercito di Aldoria. Forze speciali. Molto tempo sul campo. Abbastanza da vedere troppo."
NPC_RAHANER_RESPONSE_8520a12f-cbd7-4150-9e31-6253eb910f46	"Eccome. E continueremo. A migliorare e a restare vivi. Giorno per giorno."
NPC_RAHANER_RESPONSE_854a3522-9bb3-4558-aa9a-18e49e85eaed	"Molte cose che valgono non sono necessarie. Si offrono perché sono vere."
NPC_RAHANER_RESPONSE_90809328-398d-47ac-8d97-08e76e143877	"Vero. Ma il passato può ancora insegnare. Basta ascoltare."<x1/><x2/><x3/><x4/>"A dire il vero, sono combattuto. Non lo confido a ogni avventuriero di passaggio. Meriti più sincerità di molti altri.<x5/><x6/>Quando ripenso ai miei anni di servizio, orgoglio non è la prima parola che mi viene. C'era il dovere, sì. Capacità. Resistenza. C'era anche sangue su scelte che un tempo chiamavo necessarie.<x7/><x8/>Eppure, quando i guai si addensano come ora, ne sento tornare la vecchia forza. La mente si affila. Il corpo ricorda il suo scopo. Ogni passo, ogni parola, ogni mano alzata sembra contare.<x9/><x10/>C'è vita, in questo. Vita vera. Ma devi dominarla, o sarà lei a dominare te."
NPC_RAHANER_RESPONSE_90e9c689-10d8-45c7-8220-f5d6f9f49144	“Gli attributi determinano quali incantesimi puoi lanciare.”<x1/><x2/>“A parte la magia di razza e di classe, quasi tutti gli incantesimi richiedono una combinazione di attributi.”<x3/><x4/>“E non ci sono solo gli incantesimi. Gli attributi determinano quanto colpisci forte e quanto puoi sopportare. Tutto il tuo modo di combattere.”
NPC_RAHANER_RESPONSE_982a9838-9f45-4a89-a758-0f3815878b23	"Puoi azzerare le abilità, certo. Ma ti servirà una Pergamena di Riaddestramento, una Pergamena di Recupero Abilità o un Libro di Recupero Abilità."<x1/><x2/>"Non sono facili da trovare."
NPC_RAHANER_RESPONSE_989093da-a1c4-4c93-aec4-a1b5efb9c2af	"Temo di sì. Credimi, non mi piace dipendere dall'aiuto esterno."<x1/><x2/><x3/><x4/>*Rahaner posa il rapporto e ti guarda negli occhi, ormai del tutto concentrato sul compito.*<x5/><x6/>"Mi servi prima sul perimetro nord. Respingi i goblin e stabilizza la linea. Poi vai a sud e tieni il fianco mentre i nostri ricostruiscono le difese."
NPC_RAHANER_RESPONSE_9cef3b2d-507f-4e6f-89fa-ff4885921ca3	"Bene. Tieni stretto quel pensiero. È più facile rubare la volontà a chi dimentica quanto vale."<x1/><x2/><x3/><x4/>"Ammetto una cosa: quando hai messo piede qui la prima volta, non sapevo cosa pensare di te. Nessuno esce da un Varco inattivo da tanto tempo senza portarsi dietro delle domande.<x5/><x6/>Ma le domande non sono risposte. Da allora ti ho osservato. Ascolti. Agisci. Torni quando la gente conta su di te.<x7/><x8/>È abbastanza raro da meritare di essere detto. Apprezzo che tu sia qui."
NPC_RAHANER_RESPONSE_9d96e1b8-6ebc-4155-90d0-6cb906108af8	"Curiosità, eh? Hm. È un misto di guerriglia e giudizio disciplinato. Combatti in solitaria o in piccoli gruppi. Colpisci il nemico dove fa male. Poi vai a sostenere gli alleati prima che il nemico si riprenda. Ognuno deve sapersela cavare. Gli scontri con i mostri sono caotici e spesso ti ritrovi senza aiuto. Ma impari anche quando sfruttare il vantaggio e quando passare al sostegno. Resta ancora a Earlwood e forse ne vedrai di più sul campo."
NPC_RAHANER_RESPONSE_9f8e0f6f-b963-4c55-944f-338601fb4206	"Grazie, recluta. Occhio alla pelle, là fuori."
NPC_RAHANER_RESPONSE_a595d0c0-1f67-4e2c-8eba-d4b9d9443b59	"Bene. Muoviti in fretta. Occhi aperti."
NPC_RAHANER_RESPONSE_a801287f-41cd-4f27-a2c0-0532c248b7e4	*Rahaner ti squadra.*<x1/><x2/>"Vuoi dare una mano, eh? Bene. Ci servirebbe più gente come te."
NPC_RAHANER_RESPONSE_b7e0ef7c-3347-4a6a-a02e-cf04e3c6b777	"Puoi assegnare punti abilità al tuo albero in qualsiasi momento. Il punto è usarli bene."
NPC_RAHANER_RESPONSE_b7ffb228-3e27-41e1-85d2-9ea52d368a3e	"Eh. Un giorno alla volta. Questo villaggio ha ferro nelle ossa. Alaric fa più di quanto lasci vedere, anche con quella sua faccia da statua."<x1/><x2/>"Mi chiamo Rahaner. Impedisco a questo posto di andare in pezzi. Anche alla gente. Cosa ti porta qui?"
NPC_RAHANER_RESPONSE_b97a0a4c-94a2-4e70-9384-e170d7489cf0	"Segrete, sì. Sporche, sempre. Molte decisioni che non puoi revocare. Diciamo che ho visto il peggio di ciò che la guerra fa agli uomini."
NPC_RAHANER_RESPONSE_bbfce24c-06d9-4ca1-a702-e689912b6490	*Rahaner accenna un sorriso, come se aspettasse la tua domanda.*<x1/><x2/>"Questi sono alcuni novizi. Alla loro prima vera lezione. Anche in tempi come questi, non puoi lasciare indietro la tua gente. Finora hai fatto un buon lavoro. Vuoi unirti all'addestramento?"
NPC_RAHANER_RESPONSE_c6adf253-c4a1-4199-9000-2a56b43f2b79	"Può succedere. Ma il nemico non è quel sentimento. È perdere il giudizio per assecondarlo."<x1/><x2/><x3/><x4/>"Quella spinta verso la vita è parte di ciò che fa resistere gente come noi. Per me forse meno, ormai. Ma da giovane conoscevo bene quella fame. Diventare più forte. Andare avanti. Mettere le mani sul mondo e lasciarci un segno.<x5/><x6/>Quello non è mai stato l'errore. L'errore è stato lasciare che un altro uomo decidesse dove indirizzare quella forza.<x7/><x8/>Dimmi, dunque, avventuriero: i tuoi obiettivi sono tuoi?"
NPC_RAHANER_RESPONSE_c79c0fb7-6064-4d5c-a124-ce0dc5f411da	"Gentile da parte tua. Spero solo che il mio meglio basti davvero per loro."<x1/><x2/><x3/><x4/>*Lo sguardo di Rahaner si perde lontano per un istante, poi torna su di te.*<x5/><x6/>"Ho addestrato molti combattenti, negli anni. Dopo il congedo dal servizio di Aldoria, la Gilda degli Avventurieri del posto mi ha assunto per formare le reclute. Soprattutto ex soldati e ragazzi di città. Avevano bisogno solo di un addestramento specialistico. Qui è diverso. Contadini e cacciatori. Gente disperata. Per loro, disciplina e buone tattiche sono tutto. Così si resiste a mostri più numerosi e più forti."
NPC_RAHANER_RESPONSE_cde270ef-90e4-4b1f-9e19-2d2a5b709b3f	"Non sprizzi simpatia, eh? Per tua fortuna non la prendo sul personale. Comunque, da qui non te ne vai. Il ponte è distrutto."<x1/><x2/>"Vieni da me, se vuoi usare quell'energia per qualcosa di utile."
NPC_RAHANER_RESPONSE_d22ff676-8e23-4a36-b0e5-5dcbfe2c4ab1	"Un Treant ha lanciato un masso dritto nel villaggio. Allora abbiamo costruito il muro. Da quel momento montiamo la guardia."
NPC_RAHANER_RESPONSE_d2cbfe00-c1fa-4ac4-9f2f-e4bda9c6b55e	*Rahaner accenna un sorriso senza allegria.*<x1/><x2/>"Lo pensavo anch'io, all'inizio. Ma la ragione non sempre sopravvive al primo scontro con la paura."<x3/><x4/>"Gli spiriti ci hanno colpito duro, la prima notte. Il sindaco è andato nel panico. Ha cercato di sigillare il paese. Ha ordinato di chiudere i cancelli, abbandonando il quartiere esterno."
NPC_RAHANER_RESPONSE_db812d3b-028d-4550-8aab-a428f2b6f853	"Non siamo mai stati un grande ordine. Solo una piccola gilda di periferia. Earlwood non attira grandi numeri né contratti ricchi. E fino a poco fa il grosso della nostra forza d'attacco era bloccato oltre il ponte distrutto. Avevamo ancora meno spade."
NPC_RAHANER_RESPONSE_e660cc31-8037-4e68-b1ef-609f9f471f7b	"Bel lavoro, recluta."<x1/><x2/>"Ora i tuoi attributi sono più alti. Continua ad addestrarti e otterrai punti abilità. Col tempo sbloccheranno nuove abilità."<x3/><x4/>"Questo è quanto. Domande?"
NPC_RAHANER_RESPONSE_eba2f9be-f88e-4e27-9786-1d44e980f06e	"È un politico, non un combattente. Negli uomini così la paura corre più della ragione."
NPC_RAHANER_RESPONSE_f33531e0-058e-48bb-9052-cf1206bca3b2	"Hm. Temevo che fosse così."<x1/><x2/><x3/><x4/>*Rahaner parla con gravità.*<x5/><x6/>"Quasi tutti alle prime armi. Pochissimi avevano visto un vero combattimento prima di questo disastro. Alcuni erano semplici cacciatori che si sono fatti avanti allo scoppio della crisi. Il sindaco ha chiuso loro le porte in faccia. Li ha lasciati fuori a morire con gli altri. Quanto a combattenti addestrati, siamo pochi. Alaric è bloccato qui al villaggio, Eldorian si divide in due dove può e Corin non può lasciare il nord."
NPC_RAHANER_RESPONSE_f4ac4f13-0a32-47f5-8783-69b309b0bcb2	*Ride brevemente e scuote la testa.*<x1/><x2/>"Così pare. Non è la prima volta che sbaglia decisione sotto pressione."<x3/><x4/>"Gli spiriti ci hanno colpito duro, la prima notte. Il sindaco è andato nel panico. Ha cercato di sigillare il paese. Ha ordinato di chiudere i cancelli, abbandonando il quartiere esterno."
NPC_RAHANER_RESPONSE_f5a866fb-a0ac-461f-9cf2-02aa270c7a42	"Usiamo ogni strumento disponibile. Le corde con campanelli hanno già salvato vite. Se moriranno, non sarà perché siamo rimasti a guardare."<x1/><x2/><x3/><x4/>*Rahaner ti mette in mano un piccolo kit, con campanelli e filo ordinatamente raccolti.*<x5/><x6/>"Prendi un kit. Se hai tempo, là fuori, dagli una mano. Poche corde ben piazzate possono salvare molte vite."
NPC_RAHANER_RESPONSE_f831d7ce-6337-4f3d-b47e-65be40aa0a69	"Conta, davvero. Ora torniamo a governare questo disastro. Sai dove trovarmi."
NPC_RAHANER_RESPONSE_fefd41fb-c4ad-461d-b593-6940dbcbc836	"Continui a essere un sostegno saldo per noi. Non lo dimentico. Ora muoviti. Che i Principi ti illuminino il cammino."
NPC_RAHANER_RESPONSE_ff141119-2b40-4a6d-a45b-5e021da578b8	"Se vuoi, sì. Hai già dimostrato il tuo valore. Per te sarà un lavoro facile. Vederti al loro fianco li calmerà."<x1/><x2/><x3/><x4/>*Rahaner ti mette in mano un piccolo kit, con campanelli e filo ordinatamente raccolti.*<x5/><x6/>"Prendi un kit. Se hai tempo, là fuori, dagli una mano. Poche corde ben piazzate possono salvare molte vite."
NPC_RAHANER_RESPONSE_p12p435	"Addestro le nuove reclute. Se ti serve addestramento, puoi venire da me. In una crisi come questa, serve tutto l'aiuto possibile."
NPC_RAHANER_TITLE	L'Addestratore della Gilda di Earlwood
