English	Italiano
(Best to Least)	(Dal migliore al peggiore)
(MAX)	(MAX)
+{0} XP	+{0} XP
+{0}% XP, -{1}% decay	+{0}% XP, -{1}% decadimento
...or hold	...o tieni premuto
1 point	1 punto
100G buy-in required to play	Serve un ingresso da 100G per giocare
10h left	10h rimanenti
<color=#FFDA00>Move</color> around with	<color=#FFDA00>Muoviti</color> con
[Server]	[Server]
A banner from Earlwood Village.	Uno stendardo dal Villaggio di Earlwood.
A barrel chair from Earlwood Village.	Una sedia a botte dal Villaggio di Earlwood.
A basic colored frayed rug.	Un semplice tappeto logoro colorato.
A basic colored linen rug.	Un semplice tappeto di lino colorato.
A building foundation made of Heart Oak.	Una fondazione in Quercia del Cuore.
A coop for chickens. Periodically produces eggs for harvest.	Un pollaio. Produce periodicamente uova da raccogliere.
A daisy patch. Purely decorative.	Un'aiuola di margherite. Puramente decorativa.
A floor rug made from alpha wolf fur.	Un tappeto ricavato dalla pelliccia di un lupo alfa.
A gate wide enough to walk a cart through.	Un cancello abbastanza largo da farci passare un carro.
A grass patch. Purely decorative.	Una zona d'erba. Puramente decorativa.
A green garden. Purely decorative.	Un giardino verde. Puramente decorativo.
A Heartwood door frame.	Un telaio in durame.
A large mounted fish. Purely decorative.	Un grande pesce impagliato. Puramente decorativo.
A mill that periodically produces Heart Oak for collection.	Un mulino che produce periodicamente Quercia del Cuore da raccogliere.
A new day awakens...	Un nuovo giorno si risveglia...
A Pinewood door frame.	Un telaio di pino.
A pinewood foundation for a home.	Una fondazione di pino per una casa.
A pinewood window that lets daylight through a wall.	Una finestra di pino che lascia entrare la luce del giorno.
A quarry that periodically produces copper for collection.	Una cava che produce periodicamente rame da raccogliere.
A quarry that periodically produces stone for collection.	Una cava che produce periodicamente pietra da raccogliere.
A Stone door frame.	Un telaio di pietra.
A Stone floor for a home.	Un pavimento di pietra per una casa.
A sturdy table for homes and halls.	Un tavolo robusto per case e sale.
A sunflower patch. Purely decorative.	Un'aiuola di girasoli. Puramente decorativa.
A traditional hero, always acting with honor and chivalry.\n	Un eroe tradizionale, sempre mosso da onore e cavalleria.\n
A wall-mounted banner from Earlwood Village.	Uno stendardo da muro dal Villaggio di Earlwood.
A water well. Periodically produces Water for collection.	Un pozzo d'acqua. Produce periodicamente Acqua da raccogliere.
A wooden training dummy.	Un manichino da allenamento in legno.
A workstation or production building is supplying you too.	Anche una postazione o un edificio di produzione ti rifornisce.
A {0} has killed {1}	Un {0} ha ucciso {1}
A {0} has killed {1} with {2}	Un {0} ha ucciso {1} con {2}
Abandon	Abbandona
Abandoned Camp	Campo Abbandonato
Abandoned Farmsteads	Fattorie Abbandonate
Abandoned Homestead	Fattoria Abbandonata
Accelerated Casting	Lancio Accelerato
Accept	Accetta
ACCEPT	ACCETTA
Ace	Asso
Acorn	Ghianda
Action	Azione
Active	Attivo
active	attivo
Active effect - only the strongest instance applies.	Effetto attivo: vale solo l'istanza più forte.
Adept Emblem	Emblema dell'Adepto
Adjust Deed Level	Regola il livello dell'incarico
Adjust Difficulty	Regola la difficoltà
Adjust Difficulty Level	Regola il livello di difficoltà
Adjust Lobby Number	Regola il numero della lobby
Adjust Materials	Regola i materiali
Adjust Player Limit	Regola il limite dei giocatori
Adjust Value	Regola il valore
Adlan	Adlan
Adrenaline	Adrenalina
Advanced	Avanzate
Adventure	Avventura
Adventure:	Avventura:
Adventurers B1 - Corin's Followers	Avventurieri B1 - Seguaci di Corin
Adventurers’ Guild	Gilda degli Avventurieri
Aelwynor	Aelwynor
Aelwynor The Wildroot Father	Aelwynor il Padre delle Radici Selvatiche
Aelwynor The Wildroot Father Deed	Incarico: Aelwynor il Padre delle Radici Selvatiche
Aether Howl	Ululato d'Etere
Aetherfang Phalanx	Falange Zanna d'Etere
Aetheric	Eterico
Aethershade	Ombra d'Etere
Age of Elven Atrocity	Era dell'Atrocità Elfica
Age: Unknown	Età: sconosciuta
Agility	Agilità
Agility:	Agilità:
Agir	Agir
Aid the adventurers.	Aiuta gli avventurieri.
Aimed Shot	Tiro mirato
Akolasis	Akolasis
Alacrity	Alacrità
Alaric	Alaric
Alchemy Bench	Banco d'alchimia
Alchemy Table	Tavolo d'alchimia
Alchemy Table Required	Richiede un tavolo d'alchimia
Alcohol	Alcolici
Aldoria	Aldoria
Aldoron	Aldoron
All	Tutti
All Characters Allowed	Tutti i personaggi ammessi
All selection slots are full	Tutti gli slot di selezione sono pieni
All Spells	Tutti gli incantesimi
Alpha Bite	Morso Alfa
Alpha Claw	Artiglio Alfa
Alpha Fur	Pelliccia Alfa
Alpha Fur Rug	Tappeto di Pelliccia Alfa
Alpha Howl	Ululato Alfa
Alpha Pounce	Balzo Alfa
Alpha Reposition	Riposizionamento Alfa
Althaeas Flourish	Fioritura di Althaea
Althaeas Spikes	Punte di Althaea
Althaeas Swap	Scambio di Althaea
Althaeas Tidal Wave	Onda di Marea di Althaea
Ambience Volume	Volume dell'ambiente
Ambush	Imboscata
Amulet	Amuleto
An assortment from Basilton's Garden. Purely decorative.	Un assortimento dal Giardino di Basilton. Puramente decorativo.
Ancient	Antico
and <color=#FFDA00>hold</color>	e <color=#FFDA00>tieni premuto</color>
Apple	Mela
Apple Juice	Succo di Mela
Apple Seed	Seme di Melo
Apple Tree Plot	Appezzamento di Meli
Apply	Applica
Arcane Band	Anello Arcano
Arcane Charm	Ciondolo Arcano
Arcane Endurance	Resistenza Arcana
Arcane Shielded	Scudo Arcano
Archetype	Archetipo
Archetype Attributes	Attributi dell'archetipo
Archetype:	Archetipo:
Archetype\n	Archetipo\n
Are you sure of your choices?	Sei sicuro delle tue scelte?
Are you sure you want to delete this character?	Vuoi davvero eliminare questo personaggio?
Are you sure you want to delete this world?	Vuoi davvero eliminare questo mondo?
Are you sure you want to disconnect from lobby?	Vuoi davvero disconnetterti dalla lobby?
Are you sure you want to sell your beloved pet?	Vuoi davvero vendere il tuo amato compagno?
Are you sure you want to shatter your equipped item?	Vuoi davvero frantumare l'oggetto equipaggiato?
Armor	Armatura
Armor Penetration	Penetrazione dell'armatura
Armor Penetration Percent	Penetrazione dell'armatura %
Armor Penetration Percent:	Penetrazione dell'armatura %:
Armor Penetration:	Penetrazione dell'armatura:
Armor Percent	Armatura %
Armor Percent:	Armatura %:
Armor:	Armatura:
Arrow Of The Deep Cold	Freccia del Freddo Profondo
Arrows	Frecce
Ascending	Crescente
Ashen Escalation	Escalation di Cenere
Astral Purr	Fusa Astrali
Attack	Attacco
Attack Damage	Danno d'attacco
Attack Damage:	Danno d'attacco:
Attack Speed	Velocità d'attacco
Attack Speed:	Velocità d'attacco:
Attack Swap	Cambio d'attacco
Attack with	Attacca con
Attacks	Attacchi
Attribute	Attributo
Attribute Stats	Valori degli attributi
Attributes	Attributi
Attributes Required	Attributi richiesti
Attributes respec'd!	Attributi riassegnati!
Audio	Audio
Audio Settings	Impostazioni audio
Auto	Automatico
Auto Attack	Attacco automatico
Auto Show Next Quest	Mostra automaticamente la prossima
Auto sprint in Settings Menu	Scatto automatico nel menu Impostazioni
Auto Sprint Outside Of Combat 	Scatto automatico fuori dal combattimento 
Auto Sprint While Exploring	Scatto automatico in esplorazione
Auto-Hide Base Walls	Nascondi automaticamente i muri
Auto-Open Doors	Apertura automatica delle porte
Automatic Sprint	Scatto automatico
Available Bounties	Taglie disponibili
Available Deeds	Incarichi disponibili
Available Points	Punti disponibili
Available Skill Points	Punti abilità disponibili
Available Skillpoint	Punto abilità disponibile
Axe	Ascia
Axe 1	Ascia 1
Axe 2	Ascia 2
Axe Arts	Arti dell'ascia
Back	Indietro
Back to Lobby Selection	Torna alla scelta della lobby
Back to World Selection	Torna alla scelta del mondo
Back\n	Indietro\n
Backstep	Passo indietro
Backstep Strike	Colpo in arretramento
Badge	Distintivo
Bandage	Benda
Bandit	Bandito
Banned Players: {0}	Giocatori banditi: {0}
banner of light	stendardo di luce
Barakthrum	Barakthrum
Barrel Chair	Sedia a Botte
Barrens	Terre Aride
Barrier	Barriera
Bash	Percossa
Bashers	Picchiatori
Basic Amulet	Amuleto Semplice
Basic Stats	Statistiche di base
Basilisk	Basilisco
Basilton	Basilton
Basilton Garden	Giardino di Basilton
Basilton's Farm	Fattoria di Basilton
Basilton's Seeds	Sementi di Basilton
Battle Axe	Ascia da battaglia
beacon	segnalatore
Beast Meat	Carne di Bestia
Beast Occupied Ruins Waypoint	Punto di passaggio delle Rovine Occupate
Beast Warden	Custode delle Bestie
Beast-Occupied Ruins	Rovine Occupate dalle Bestie
Beastfury	Furia Ferina
Bed	Letto
Befr	Befr
Befr accepted your junk for {0}g	Befr ha accettato la tua robaccia per {0}g
Befr's Shop	Negozio di Befr
bell-line	corda con campanelli
bell-lines	corde con campanelli
bell-tab	campanello segnalatore
Bellflower Soup	Zuppa di Campanula
Belt	Cintura
Bet ${0}	Punta ${0}
Betting Basics	Basi della puntata
Betting Rounds	Giri di puntata
Bite	Morso
Black Hole	Buco Nero
Blackblood Tempo	Tempo di Sangue Nero
Blackhole	Buco Nero
Blade	Lama
Blade Dance	Danza delle lame
Blazeborne Daggers	Pugnali Nati dalla Fiamma
Blazing Wrath	Ira Ardente
Bleeding	Sanguinamento
Bleeding Damage	Danno da sanguinamento
Bleeding Damage:	Danno da sanguinamento:
Bleeding Duration	Durata sanguinamento
Bleeding Duration:	Durata sanguinamento:
Bleeding Resistance	Resistenza al sanguinamento
Blessed Cincture	Cintura Benedetta
Blight Crow	Corvo del Morbo
Blighted	Infetto
Blighted Trail	Scia Infetta
Blightseed	Seme del Morbo
Blizzard	Tormenta
Block by Holding	Para tenendo premuto
Blood In The Water	Sangue nell'Acqua
Blood in the Water	Sangue nell'Acqua
Blood Rage Potion	Pozione della Furia Sanguinaria
Bloodfrenzy	Frenesia Sanguinaria
Blunt	Contundente
Blunt Armor	Armatura contundente
Blunt Armor:	Armatura contundente:
Blunt Damage	Danno contundente
Blunt Damage:	Danno contundente:
Blunt Force Execute	Esecuzione Contundente
Blunt Piercing	Penetrazione contundente
Blunt Piercing:	Penetrazione contundente:
Bolstering	Rinforzante
Bone Breaker	Spaccaossa
Bonus	Bonus
Boon Potion	Pozione del Favore
Boots	Stivali
Boss	Boss
Bottle Of Fire	Bottiglia di Fuoco
Bottle Of Fire On Death	Bottiglia di Fuoco alla Morte
Boulder Toss	Lancio di masso
Bounties	Taglie
Bracer	Bracciale
Bramble Fan	Ventaglio di Spine
Brawler	Rissoso
Brazier	Braciere
Breath	Soffio
Brews simple potions and tonics.	Prepara pozioni e tonici semplici.
Briar Heart Bridge	Ponte di Briar Heart
Briarheart Stomp	Pestone di Briarheart
Briarheart The Firecursed	Briarheart il Maledetto dal Fuoco
Broken Waygate Clearing	Radura del Varco Infranto
Brooch	Spilla
Brother Generals	Generali Fratelli
Brush Flax Plot	Appezzamento di Lino Selvatico
Brutalclaw	Artiglio Brutale
Build	Costruisci
Build a Campfire and Cook a Droop Core	Costruisci un falò e cuoci un Nucleo di Droop
Build a hanging bridge to cross the gap.	Costruisci un ponte sospeso per superare il dirupo.
Build Unlock	Sblocco costruzione
Build up Heimen's dwelling to access new songs.	Amplia la dimora di Heimen per accedere a nuovi brani.
Build: Select a tent, choose where to place, then press	Costruisci: scegli una tenda, decidi dove posizionarla, poi premi
Builder	Costruttore
Building Name	Nome della costruzione
Building Upgrade	Miglioramento della costruzione
Bullheart	Cuore di Toro
Bulwark	Baluardo
Burn Resistance	Resistenza all'ustione
Burn Salve	Unguento per ustioni
Burning	Ustione
Burning Damage	Danno da ustione
Burning Duration	Durata ustione
Burning Duration:	Durata ustione:
Burning Pit	Fossa Ardente
Burning Resistance	Resistenza all'ustione
Burnward	Guardia Ardente
Burrow Broth	Brodo di Tana
Button	Pulsante
Buy	Compra
Buy Back	Riacquista
Buy Multiple	Compra più unità
Buy Stack	Compra la pila
Buy-Back	Riacquista
By stone and song	Per la pietra e il canto
Call ${0}	Chiama ${0}
Call To The Moon	Richiamo alla Luna
Calmdrift	Deriva Calma
Camera Panning Dead Zone	Zona morta del movimento telecamera
Campfire	Falò
Campfire Required	Richiede un falò
Can be changed anytime from the Settings menu	Modificabile in qualsiasi momento dal menu Impostazioni
Cancel	Annulla
Cancel Queue	Annulla la coda
Cancel/Back	Annulla/Indietro
Cannot be empty	Non può essere vuoto
Cannot dismantle while another player is using it	Non puoi smontarlo mentre un altro giocatore lo usa
Cannot dismantle while items are present	Non puoi smontarlo mentre contiene oggetti
Cannot equip this item	Non puoi equipaggiare questo oggetto
Cannot respawn: a nearby ally is in combat	Impossibile rinascere: un alleato vicino è in combattimento
Cannot unequip pet while in courier mode.	Non puoi rimuovere il compagno in modalità corriere.
Cannot use backpack in combat	Non puoi usare lo zaino in combattimento
Capacity	Capienza
Cape	Mantello
caretaker's gem	gemma del custode
Carrion Parrot	Pappagallo Carogna
Carrion Sweep	Spazzata Carogna
Carrot	Carota
Cast spell with	Lancia incantesimi con
Cast spells with:	Lancia gli incantesimi con:
Casting	Lancio
Casting Selection	Selezione del lancio
Category	Categoria
Celestial Amulet	Amuleto Celestiale
Celestial Band	Anello Celestiale
Celestial Bracer	Bracciale Celestiale
Celestial Charm	Ciondolo Celestiale
Celestial Cincture	Cintura Celestiale
Celestial Emblem	Emblema Celestiale
Celestial Undercoat	Sottoveste Celestiale
Centaur	Centauro
Ceres	Ceres
Ceres Ether Missile	Dardo d'Etere di Ceres
Change Party Name	Cambia il nome del gruppo
Change World	Cambia mondo
Channel	Canalizzazione
Channeled Call	Richiamo Canalizzato
Character	Personaggio
Character Customization	Personalizzazione del personaggio
Character Info	Informazioni sul personaggio
Character name is already used or reserved	Il nome del personaggio è già in uso o riservato
Character name is too long	Il nome del personaggio è troppo lungo
Character name must be at least 2 characters	Il nome del personaggio deve avere almeno 2 caratteri
character name required	nome del personaggio obbligatorio
Character View	Vista del personaggio
Charge	Carica
Charged	Carico
Charges	Cariche
Charisma	Carisma
Charisma:	Carisma:
Charm	Ciondolo
Chest	Cassa
Chest List	Elenco delle casse
Chest Type	Tipo di cassa
Chick	Pulcino
Chicken	Gallina
Chicken Coop	Pollaio
Chicken Egg	Uovo di Gallina
Chill	Gelo
Chill Duration	Durata gelo
Chill Duration:	Durata gelo:
Chill Power	Potenza del gelo
Chill Power Increase	Aumento del potere del gelo
Chill Power:	Potenza del gelo:
Chill Resistance	Resistenza al gelo
Chilled	Assiderato
Chillhowl	Ululato Gelido
Chilling	Agghiacciante
Chillwing Descent	Discesa dell'Ala Gelida
chime	sonaglio
Choking Vine	Vite Soffocante
Choose	Scegli
Choose Building	Scegli la costruzione
Choose Deed	Scegli l'incarico
Choose item	Scegli oggetto
Choose pet	Scegli compagno
Choose Recipe	Scegli la ricetta
Choose recipe	Scegli la ricetta
Chosen of the Forest	Prescelto della Foresta
Chrono Spike	Spina cronale
Cinder Detonation	Detonazione di Brace
Circle of Magic	Cerchio di Magia
Class	Classe
Class:	Classe:
Claw	Artiglio
Clear Spring	Sorgente Limpida
Clear Water	Acqua Limpida
Cleave	Fendente
Click again to abandon: {0}	Clicca di nuovo per abbandonare: {0}
Click or Drag Consumables into your Hotbar	Clicca o trascina i consumabili nella barra rapida
Click or Drag Equipment into its Equipment slot.	Clicca o trascina l'equipaggiamento nel suo slot.
Click this button to track quest	Clicca questo pulsante per seguire la missione
Clone	Clone
Clone Dagger Throw	Lancio di Pugnale del Clone
Close	Chiudi
Cloth Lining	Fodera di Stoffa
Clothing	Abbigliamento
Clothing 1	Abbigliamento 1
Clothing 2	Abbigliamento 2
Club Swing And Slam	Mazzata e Schianto
Club Swing And Slam Stuck	Mazzata e Schianto Bloccati
Coagulating	Coagulante
Coal	Carbone
Codex	Codex
Codex Updated: New entries available	Codex aggiornato: nuove voci disponibili
Codex: Empowered Monster information discovered.	Codex: scoperte informazioni sui mostri potenziati.
Cold Scaled Power	Potere Scalato dal Freddo
Cold-Scaled Power	Potere Scalato dal Freddo
Combat	Combattimento
Combat Item	Oggetto da combattimento
Combat items refilled	Oggetti da combattimento ricaricati
Combat Medic	Medico da Campo
Combo Modifier	Modificatore di combo
Command Attack	Ordine: Attacca
Command Defend	Ordine: Difendi
Commanding	Imperioso
Common	Comune
Complete Map	Mappa completa
Complete Task Group	Completa il gruppo di compiti
Completed	Completato
Concentration	Concentrazione
Concentration On Hit	Concentrazione al colpo
Concentration Percent	Concentrazione %
Concentration Percent:	Concentrazione %:
Concentration Potion	Pozione di concentrazione
Concentration Regen	Rigen. concentrazione
Concentration Regeneration	Rigenerazione della concentrazione
Concentration:	Concentrazione:
Confirm	Conferma
Confirm Targeting	Conferma bersaglio
Conflagration	Conflagrazione
Connected Recipes	Ricette collegate
Consumable	Consumabile
Contagion	Contagio
Container	Contenitore
Continuar Jogo	Continua partita
Continue	Continua
Continue Game	Continua partita
Contribute	Contribuisci
Contribute All	Contribuisci con tutto
Control	Comandi
Control Settings	Impostazioni dei comandi
Control Type	Tipo di comando
Controller	Controller
Controller Type	Tipo di controller
Convergence	Convergenza
Cooked Beast Meat	Carne di bestia cotta
Cooked Critter	Bestiola Cotta
Cooking Skill:	Abilità cucina:
Cooking Station	Postazione di cucina
Cooks simple food and lights your camp.	Cucina cibo semplice e illumina il campo.
Cooldown	Tempo di recupero
Copper	Rame
Copper Ore	Minerale di Rame
Copper Pickaxe	Piccone di Rame
Copper Quarry	Cava di Rame
Copper Throwing Knife	Coltello da Lancio di Rame
Copper Woodcutting Axe	Ascia da Legna di Rame
Copy	Copia
Cordwyn Yard	Deposito di Cordwyn
Core Stats	Statistiche principali
Core stats	Statistiche principali
Corin	Corin
Corin's Camp	Campo di Corin
Corin's Campfire	Falò di Corin
Corin's Followers	Seguaci di Corin
Corin's Shop	Negozio di Corin
Cornu Charge	Carica di Cornu
Cornu charge	Carica di Cornu
Cornu Charge\n	Carica di Cornu\n
Corrupted Claw	Artiglio Corrotto
Corrupted Droop	Droop corrotto
Corrupted Droop Empowered	Droop corrotto potenziato
Corrupted Droop King Erupt	Eruzione del Re Droop Corrotto
Corrupted Droop King Lunge	Affondo del Re Droop Corrotto
Corrupted Droop King Spit	Sputo del Re Droop Corrotto
Corrupted Forest King	Re della Foresta corrotto
Corrupted Forest King Phase Change	Cambio di Fase del Re della Foresta Corrotto
Corrupted Grove	Boschetto Corrotto
Corrupted Guardian	Guardiano corrotto
Corrupted Heart	Cuore corrotto
Corrupted Heart False Lead	Cuore corrotto (falsa pista)
Corrupted Hunters	Cacciatori corrotti
Corrupted Monstrous Droop	Droop mostruoso corrotto
Corrupted Riverside Camp	Campo Corrotto sul Fiume
Corrupted Root Stomp	Pestone di Radici Corrotte
Corrupted Thicket	Boscaglia corrotta
Corrupted Thicket Entrance	Ingresso della Boscaglia Corrotta
Corrupted Treant	Treant corrotto
Corrupted Treant Bark	Corteccia di Treant Corrotto
Corrupted Treant Head	Testa di Treant Corrotto
Corrupted Treant Heart	Cuore di Treant Corrotto
Corrupted Treant Swipe	Fendente di Treant Corrotto
Corrupted Treant Trophy	Trofeo di Treant Corrotto
Corrupted Tree	Albero Corrotto
Corrupted Wildwood Wolf	Lupo di Wildwood corrotto
Corrupted Wildwood Wolf Empowered	Lupo di Wildwood corrotto potenziato
Corrupted Wolves	Lupi corrotti
Corrupting	Corrompente
Corruption	Corruzione
Cost	Costo
Could not find a player with that name	Nessun giocatore trovato con quel nome
Could not open the password prompt	Impossibile aprire la richiesta della password
Countdown cancelled: fewer than two players remain.	Conto alla rovescia annullato: restano meno di due giocatori.
Countdown complete. Dealing the first hand!	Conto alla rovescia finito. Si distribuisce la prima mano!
Counterfire Discipline	Disciplina del Controfuoco
Courier	Corriere
Courier Overview:	Riepilogo del corriere:
Cracking	Spaccante
Craft	Crea
Crafting	Artigianato
Crafting Codex	Codex dell'artigianato
Create	Crea
Create New Character	Crea nuovo personaggio
Create New World	Crea nuovo mondo
Credit	Crediti
Crippling Strike	Colpo Storpiante
Crit Chance	Probabilità di critico
Crit Damage	Danno critico
Critical Chance	Probabilità di critico
Critical Chance vs. Bleeding	Probabilità di critico vs. sanguinamento
Critical Chance vs. Bleeding:	Probabilità di critico vs. sanguinamento:
Critical Chance vs. Burning	Probabilità di critico vs. ustione
Critical Chance vs. Burning:	Probabilità di critico vs. ustione:
Critical Chance vs. Chilled	Probabilità di critico vs. assiderato
Critical Chance vs. Chilled:	Probabilità di critico vs. assiderato:
Critical Chance vs. Poison:	Probabilità di critico vs. veleno:
Critical Chance vs. Poisoned	Probabilità di critico vs. avvelenato
Critical Chance vs. Stunned	Probabilità di critico vs. stordito
Critical Chance vs. Stunned:	Probabilità di critico vs. stordito:
Critical Chance:	Probabilità di critico:
Critical Damage	Danno critico
Critical Damage vs. Bleeding	Danno critico vs. sanguinamento
Critical Damage vs. Bleeding:	Danno critico vs. sanguinamento:
Critical Damage vs. Burning	Danno critico vs. ustione
Critical Damage vs. Burning:	Danno critico vs. ustione:
Critical Damage vs. Chilled	Danno critico vs. assiderato
Critical Damage vs. Poison:	Danno critico vs. veleno:
Critical Damage vs. Poisoned	Danno critico vs. avvelenato
Critical Damage vs. Stunned	Danno critico vs. stordito
Critical Damage vs. Stunned:	Danno critico vs. stordito:
Critical Damage:	Danno critico:
Critical Multiplier	Moltiplicatore critico
Critical Rate	Probabilità di critico
Critter Meat	Carne di Bestiola
Crops grew	Le colture sono cresciute
Crops ready for harvest	Colture pronte per il raccolto
Crossbow	Balestra
Crossbow Swap	Cambio a balestra
Crownbreaker Sweep	Spazzata Spaccacorona
Cull	Abbatti
Cure	Cura
Current Area	Area attuale
Current Party	Gruppo attuale
Current XP:	XP attuali:
Cutting Shears	Cesoie
Cycle Tooltip	Scorri la descrizione
Dagger 1	Pugnale 1
Dagger 2	Pugnale 2
Daggers	Pugnali
Daisy Patch	Aiuola di Margherite
Damage	Danno
Damage vs. <40% HP	Danno vs. <40% HP
Damage vs. Bleeding	Danno vs. sanguinamento
Damage vs. Bleeding:	Danno vs. sanguinamento:
Damage vs. Burning	Danno vs. ustione
Damage vs. Burning:	Danno vs. ustione:
Damage vs. Chilled	Danno vs. assiderato
Damage vs. Chilled:	Danno vs. assiderato:
Damage vs. Full Health	Danno vs. salute massima
Damage vs. Full Health:	Danno vs. salute massima:
Damage vs. Low Health:	Danno vs. salute bassa:
Damage vs. Piercing:	Danno vs. penetrazione:
Damage vs. Poison:	Danno vs. veleno:
Damage vs. Poisoned	Danno vs. avvelenato
Damage vs. Stunned	Danno vs. stordito
Damage vs. Stunned:	Danno vs. stordito:
Dance	Danza
Dandelion	Dandelion
Dark Caverns	Caverne Oscure
Dark Gods	Dei Oscuri
Dark Lord	Signore Oscuro
Dash	Scatto rapido
Dash / Sprint	Scatto / Corsa
Dash with	Scatta con
Dashburst	Scatto Esplosivo
Date	Data
Daw's Shop	Negozio di Daw
Day	Giorno
Days	Giorni
Days:	Giorni:
Dazzler	Accecante
Deadly	Letale
Deadly Rhythm	Ritmo Letale
Deal increased damage to Chilled targets.	Infliggi più danno ai bersagli assiderati.
Deal increased damage to Stunned targets.	Infliggi più danno ai bersagli storditi.
Deal increased damage to targets at full Health.	Infliggi più danno ai bersagli con salute piena.
Deal increased damage to targets below 40% Health.	Infliggi più danno ai bersagli sotto il 40% di salute.
Deal increased damage to targets that are Bleeding.	Infliggi più danno ai bersagli sanguinanti.
Deal increased damage to targets that are Burning.	Infliggi più danno ai bersagli ustionati.
Deal increased damage to targets that are Poisoned.	Infliggi più danno ai bersagli avvelenati.
Deal less damage, but double the burning stacks	Infliggi meno danno, ma raddoppia le cariche di ustione
Decay	Decadimento
Decay Burst	Scarica di Decadimento
Decay Channel	Canalizzazione del Decadimento
Decay Damage	Danno da decadimento
Decay Damage:	Danno da decadimento:
Decay Piercing	Penetrazione da decadimento
Decay Piercing:	Penetrazione da decadimento:
Decay Resistance	Resistenza al decadimento
Decay Resistance:	Resistenza al decadimento:
Decor	Decorazioni
Deed	Incarico
Deed Board	Bacheca degli incarichi
Deed level	Livello dell'incarico
Deed level:	Livello dell'incarico:
Deed level: 12	Livello dell'incarico: 12
Deed Name Deed Name Deed NameDeed NameDeed Name	Nome Incarico Nome Incarico Nome IncaricoNome IncaricoNome Incarico
Deeds	Incarichi
Deeprest	Riposo Profondo
Deer	Cervo
Defence	Difesa
Defend And Assault	Difesa e Assalto
Defend and Assault	Difesa e Assalto
Defense	Difesa
Defensive Spell	Incantesimo difensivo
Delete	Elimina
Delete Beacon	Elimina segnalatore
Deliver	Consegna
Deposit All	Deposita tutto
Deposit Matching	Deposita i corrispondenti
Descending	Decrescente
Description:	Descrizione:
Destined Paramour	Amante Predestinato
Details	Dettagli
Developer Mode	Modalità sviluppatore
Devour	Divorare
Devour Call	Richiamo Divoratore
Difficulty	Difficoltà
Difficulty Level	Livello di difficoltà
Difficulty:	Difficoltà:
Dimraeth	Dimraeth
Dimraeth Mountains	Monti di Dimraeth
Dirt Patch	Zona di Terra
Disable Auto Target	Disattiva mira automatica
Disband	Sciogli
discipline scout	ricognizione disciplinare
Dismantle	Smonta
Display	Schermo
Display Settings	Impostazioni dello schermo
Display/Hide Item Tooltips	Mostra/nascondi le descrizioni oggetti
Display/Hide Tooltips	Mostra/nascondi le descrizioni
Divine Amulet	Amuleto Divino
Divine Charm	Ciondolo Divino
Diyar's Pet Shop	Negozio di compagni di Diyar
Dog	Cane
Dolmarok	Dolmarok
Don't show	Non mostrare
Donate	Dona
Donation	Donazione
Door	Porta
Door Frame	Telaio
Double Strike	Colpo doppio
Dragon	Drago
Dragon's Breath	Soffio del Drago
Drain Sustenance\n	Prosciuga sostentamento\n
dreamweaver	tessitore di sogni
Drink	Bevanda
Droop Core	Nucleo di Droop
Droop Empowered	Droop potenziato
Droop Farm	Allevamento di Droop
Droop Gelo	Gelatina di Droop
Droop King	Re Droop
Droop King Erupt	Eruzione del Re Droop
Droop King Lunge	Affondo del Re Droop
Droop King Spit	Sputo del Re Droop
Droop Lunge	Affondo di Droop
Droop Nest	Nido di Droop
Droop Spit	Sputo di Droop
Droop Spitter	Droop sputatore
Droop Spitter Empowered	Droop sputatore potenziato
Drooplet	Drooplet
Drooplet Empowered	Drooplet potenziato
Drop	Getta
Drop Item	Getta oggetto
Drop Stack	Getta la pila
Dryad	Driade
Dryad Beastwarden	Driade Custode delle Bestie
Dryad Beastwarden Corrupted Beast Key	Chiave della bestia corrotta: Driade Custode delle Bestie
Dryad Beastwarden Empowered	Driade Custode delle Bestie potenziata
Dryad Eye	Occhio di Driade
Dryad Lock	Ciocca di Driade
Dryad Rivercaller	Driade Rivercaller
Dryad Rivercaller Corrupted Beast Key	Chiave della bestia corrotta: Driade Rivercaller
Dryad Rivercaller Empowered	Driade Rivercaller potenziata
Dryad Rootweaver	Driade Tessiradici
Dryad Rootweaver Corrupted Beast Key	Chiave della bestia corrotta: Driade Tessiradici
Dryad Rootweaver Empowered	Driade Tessiradici potenziata
dryad-touched water	acqua toccata dalle driadi
Dryads	Driadi
Dualbond	Doppio Vincolo
Dualpath	Doppia Via
Durability	Durabilità
Duratianus	Duratianus
Duration	Durata
Duskbloom	Fiore del Crepuscolo
Dwarf	Nano
dwarf	nano
Dwarven Poet	Poeta Nanico
Dwarven Road	Strada Nanica
Dwarves	Nani
dwarves	nani
Dynamic (Native)	Dinamica (nativa)
Dzn's Shop	Negozio di Dzn
Earlwood	Earlwood
Earlwood Banner	Stendardo di Earlwood
Earlwood Barrel Chair	Sedia a Botte di Earlwood
Earlwood Bed	Letto di Earlwood
Earlwood Brazier	Braciere di Earlwood
Earlwood Bridge	Ponte di Earlwood
Earlwood Crossroads	Crocevia di Earlwood
Earlwood Entrance	Ingresso di Earlwood
Earlwood Farmlands	Terre coltivate di Earlwood
Earlwood Farmlands Roadside Camp	Campo sulla Strada delle Terre Coltivate di Earlwood
Earlwood Feast	Banchetto di Earlwood
Earlwood Fence	Recinto di Earlwood
Earlwood Fence Gate	Cancello di Earlwood
Earlwood Forest East	Foresta di Earlwood Est
Earlwood Forge	Fucina di Earlwood
Earlwood Hearth	Focolare di Earlwood
Earlwood Pot Plant	Pianta in Vaso di Earlwood
Earlwood Quarry	Cava di Earlwood
Earlwood Road Waygate	Varco della Strada di Earlwood
Earlwood South Waygate	Varco Sud di Earlwood
Earlwood Training Dummy	Manichino da Allenamento di Earlwood
Earlwood Village	Villaggio di Earlwood
Earlwood Village South	Villaggio di Earlwood Sud
Earlwood Wall	Mura di Earlwood
Earlwood Wall Banner	Stendardo da Muro di Earlwood
Earth	Terra
Earth Shattering	spaccaterra
Earthshaker	Scuotiterra
Earthshaker\n	Scuotiterra\n
Eastern Forest Grove	Boschetto della Foresta Orientale
Easy	Facile
Echo	Eco
Echo Rift	Fenditura d'eco
Echo Shade	Ombra d'Eco
Echo Weaver	Tessitore d'Eco
Echoed	Riecheggiato
Echoed Focus	Concentrazione Riecheggiata
Echoes Of Ice	Echi di Ghiaccio
Echoes of Ice	Echi di Ghiaccio
Echoes of Mutilation	Echi di mutilazione
Echoes Of Mutilation	Echi di Mutilazione
Echoing	Echeggiante
Edit Name	Modifica nome
Edit Player Limit	Modifica limite giocatori
Effect	Effetto
Eight	Otto
Elaria	Elaria
elder tree	albero antico
elder-tree sap	linfa dell'albero antico
Eldorian	Eldorian
Electricity	Elettricità
Electricity Damage	Danno da elettricità
Electricity Damage:	Danno da elettricità:
Electricity Piercing	Penetrazione da elettricità
Electricity Piercing:	Penetrazione da elettricità:
Electricity Resistance	Resistenza all'elettricità
Electricity Resistance:	Resistenza all'elettricità:
Elemental Ranger	Ranger Elementale
Elemental Ranger\n	Ranger Elementale\n
Elf	Elfo
Elf Final Attack	Attacco Finale dell'Elfo
Elf Melee Attack	Attacco in Mischia dell'Elfo
Elixir of Rebirth	Elisir della Rinascita
Elven	Elfico
Elven Imperial era	era imperiale elfica
Elven Purge	Purga Elfica
Elven Tablet	Tavoletta Elfica
Elvish Velocity	Velocità Elfica
Ember Cascade	Cascata di Brace
Ember Hound	Cane di Brace
Emberbless Soup	Zuppa Benedetta dalla Brace
Emberbloom	Emberbloom
Emberbloom Plot	Appezzamento di Emberbloom
Emberbloom Seed	Seme di Emberbloom
Emberlash	Sferzata di Brace
Emerging Friend	Amicizia Nascente
Emissaries	Emissari
Emissary	Emissario
Emoji Wheel	Ruota delle emoji
Emote	Espressione
Emotes	Espressioni
Empower Ally	Potenzia Alleato
Empower Wolf	Potenzia Lupo
Empowered Bracer	Bracciale Potenziato
Empowered Monsters	Mostri potenziati
Empowered Rune	Runa Potenziata
Empty	Vuoto
Empty Plot	Appezzamento Vuoto
Empty Seat	Posto libero
Empty Servers	Server vuoti
Empty the pet's inventory before unequipping.	Svuota l'inventario del compagno prima di rimuoverlo.
Enable Chat	Attiva la chat
Enable Steam Deck Back Grip Buttons	Attiva i tasti posteriori di Steam Deck
enchanted soil	terra incantata
enchanted spindle	fuso incantato
Encounters reset	Scontri azzerati
Encumbrance	Ingombro
Encumbrance Bonus	Bonus ingombro
Encumbrance:	Ingombro:
Enduring	Resistente
Energy	Energia
Energy:	Energia:
Enflamed	Infiammato
Engraved Rune	Runa Incisa
Enhanced Amulet	Amuleto Migliorato
Enlarge	Ingrandimento
Enraging	Infuriante
Enraging Parry	Parata Infuriante
Entangling Roots	Radici Avviluppanti
Enter Character Name	Inserisci il nome del personaggio
Enter Code...	Inserisci il codice...
Enter Key...	Premi un tasto...
Enter Password	Inserisci la password
enter server name	inserisci il nome del server
Enter text...	Inserisci testo...
Enter World Name	Inserisci il nome del mondo
Envenoming	Avvelenante
Environment Movement	Movimento dell'ambiente
Equip	Equipaggia
Equip Consumables to your Hotbar with	Assegna i consumabili alla barra rapida con
Equip Gear to its Equipment Slot with	Equipaggia l'attrezzatura nel suo slot con
Equipment	Equipaggiamento
Equipment and pets can't be used at this station.	Equipaggiamento e compagni non si possono usare a questa postazione.
Equipment panel	Pannello equipaggiamento
Equipment Sets	Set di equipaggiamento
Equipment Upgrade Overview	Riepilogo dei miglioramenti
Equipped	Equipaggiato
Erupt	Eruzione
Erupting	Eruttante
Eternal Forest	Foresta Eterna
Ether	Etere
Ether Damage	Danno da etere
Ether Damage:	Danno da etere:
Ether Piercing	Penetrazione da etere
Ether Piercing:	Penetrazione da etere:
Ether Resistance	Resistenza all'etere
Ether Resistance:	Resistenza all'etere:
Events	Eventi
Everburn Mortar	Mortaio Eternofuoco
Everlast trees	alberi Everlast
Everyone	Tutti
Everyone must leave the area before this deed can be taken	Tutti devono lasciare l'area prima di accettare questo incarico
Exclusive with	Esclusivo con
Exile Of Xwin	Esule di Xwin
Exit	Esci
Experience points earned.	Punti esperienza guadagnati.
Experience points needed for next level.	Punti esperienza necessari per il livello successivo.
Exploration	Esplorazione
Explosive Flask	Fiasca Esplosiva
Facility Center	Centro Servizi
Facility Upgraded	Struttura migliorata
Faded Rune	Runa Sbiadita
Fairweather	Fairweather
Fairy	Fata
Fairy Invulnerable	Fata Invulnerabile
Fangra	Fangra
Fangra Cub	Cucciolo di Fangra
Farming	Agricoltura
Farmlands East	Terre coltivate Est
Farmlands North	Terre Coltivate Nord
Farmlands Old Camp	Vecchio Campo delle Terre Coltivate
Farmlands Road	Strada delle terre coltivate
Farmlands South	Terre Coltivate Sud
Farmlands West	Terre coltivate Ovest
Fated Paramour	Amante del Destino
Faustas	Faustas
Faustas's Rest	Riposo di Faustas
Faustas's Tower	Torre di Faustas
Female	Femmina
Fence	Recinto
Fence Gate	Cancello
Fences	Recinti
Fencing from Basilton's Garden.	Recinzione dal Giardino di Basilton.
Fencing from Earlwood.	Recinzione di Earlwood.
Fencing from Heart Oak.	Recinzione in Quercia del Cuore.
Fencing from quarried stone.	Recinzione in pietra di cava.
Feralbond	Vincolo Ferino
fertiliser	fertilizzante
Fervent Lover	Amante Fervente
Festering Wounds	Ferite Purulente
Fill Sustenance	Riempi il sostentamento
Fill Vitals	Riempi i vitali
Filter	Filtro
Filter Menu	Menu dei filtri
Filter:	Filtro:
Filters	Filtri
Final Attack	Attacco finale
Find Map Crystals to fill in your Map.	Trova i cristalli di mappa per completarla.
Finishing Edge	Filo Finale
Fire	Fuoco
Fire Aura	Aura di Fuoco
Fire Damage	Danno da fuoco
Fire Damage:	Danno da fuoco:
Fire Piercing	Penetrazione da fuoco
Fire Piercing:	Penetrazione da fuoco:
Fire Resistance	Resistenza al fuoco
Fire Resistance:	Resistenza al fuoco:
Fireball	Palla di fuoco
Fireburst	Scoppio di Fuoco
fish-scarecrows	spaventapasseri a forma di pesce
Fishing Rod	Canna da pesca
Five	Cinque
Flamebound Charge	Carica Infuocata
Flamecaller	Evocafiamme
Flamecaller Pit	Fossa dell'Evocafiamme
Flamefeed Frenzy	Frenesia Nutrifiamma
Flaming	Fiammeggiante
Flaming Oil	Olio Fiammeggiante
Flaming Oil Coating	Rivestimento di Olio Fiammeggiante
Flaming Strike	Colpo Fiammeggiante
Flaring	Fiammeggiante
Flashheating	Incandescente
Flax Gloves	Guanti di Lino
Flax Rope	Corda di Lino
Flax Seed	Seme di Lino
Floral Flourish	Fioritura Floreale
Flowers and Acorns	Fiori e ghiande
Focused	Focalizzato
Focused Assault	Assalto Focalizzato
Fold	Passa
Followers [{0}/{1}]	Seguaci [{0}/{1}]
Food	Cibo
for	per
for the power of the emoji	per il potere delle emoji
Ford of Garfael	Guado di Garfael
Forest	Foresta
Forest Depths Waypoint	Punto di passaggio delle Profondità della Foresta
Forest Entrance	Ingresso della Foresta
forest gate	accesso alla foresta
Forest Golem	Golem della Foresta
Forest Heart	Cuore della Foresta
Forest Heart Bramble Fan	Ventaglio di Spine del Cuore della Foresta
Forest Heart Heartbound Tether	Legame del Cuore della Foresta
Forest Heart Manager	Gestore del Cuore della Foresta
Forest Heart Resin Geyser	Geyser di Resina del Cuore della Foresta
Forest Heart Sap Bloom	Fioritura di Linfa del Cuore della Foresta
forest kin	gente della foresta
Forest King	Re della Foresta
Forest King Fur	Pelliccia del Re della Foresta
Forest King Tine	Punta di Corno del Re della Foresta
Forest Meet	Raduno della Foresta
Forest Path Overlook	Belvedere del Sentiero della Foresta
Forest Path Start	Inizio del Sentiero della Foresta
Forest's Edge	Margini della Foresta
forest-kin	gente della foresta
Forestlinked	Legato alla Foresta
Forests Edge Homestead	Fattoria ai Margini della Foresta
Forest’s Edge	Margini della Foresta
Forge	Fucina
Forge Anvil	Incudine della Fucina
forge master	maestro fabbro
Formidable Foe Slain	Nemico formidabile ucciso
Fortified Undercoat	Sottoveste Fortificata
forward camp	campo avanzato
Foundation	Fondazione
Four	Quattro
Fracturing	Fratturante
Frame Rate	Frequenza dei fotogrammi
Frames	Fotogrammi
Frayed Cloth	Stoffa Logora
Frayed Rug	Tappeto Logoro
free point	punto gratuito
Freestanding light for paths and yards.	Una luce autoportante per sentieri e cortili.
Frenzied Slashes	Tagli Frenetici
Frenzy	Frenesia
Fried Chicken Egg	Uovo Fritto
Friendly Fire	Fuoco amico
Friendly fire	fuoco amico
Friends Online	Amici online
Friends Only	Solo amici
Frost	Gelo
Frost Forged Might	Possanza Forgiata dal Gelo
Frost Glide	Scivolata gelida
Frost Javelin	Giavellotto gelido
Frost Owl	Civetta Gelida
Frostbite Focus	Concentrazione del Congelamento
Frostborne Daggers	Pugnali Nati dal Gelo
Frostbound	Vincolo gelido
Frostbound Potion	Pozione del Vincolo Gelido
Frosted	Gelido
Frosted Oil	Olio Gelido
Frosted Oil Coating	Rivestimento di Olio Gelido
Frostquake	Sisma Gelido
Frostshock	Scossa Gelida
Frostward	Guardia Gelida
Frozen Strike	Colpo Congelato
Full Health	Salute massima
Full Screen	Schermo intero
Full Servers	Server pieni
Fur	Pelliccia
Furious Strike	Colpo furioso
Furniture	Mobilio
Gameplay Settings	Impostazioni di gioco
Gargoyle	Gargoyle
Gear	Attrezzatura
Gemini	Gemini
Gender	Genere
General	Generale
Giant Old One's Egg	Uovo dell'Antico Gigante
Giant's Trench	Trincea del Gigante
Gilded Band	Anello Dorato
Glacial Drag	Trascinamento Glaciale
Glass Vial	Fiala di Vetro
Glide	Scivolata
Glimmerflax	Glimmerflax
Gloom Stalker	Cacciatore dell'Ombra
Gloomfang	Zanna Tenebrosa
Gloves	Guanti
Goblin	Goblin
Goblin Basher	Goblin Picchiatore
Goblin Basher Empowered	Goblin Picchiatore potenziato
Goblin Basher T2	Goblin Picchiatore T2
Goblin Caller	Evocatore di Goblin
Goblin Cave Entrance	Ingresso della Caverna dei Goblin
Goblin Cave Mouth	Imbocco della Caverna dei Goblin
Goblin Caves	Caverne dei Goblin
Goblin Charge	Carica Goblin
Goblin Crisis	Crisi dei Goblin
Goblin Devour Runner	Goblin Corridore Divoratore
Goblin Flaskrat	Goblin Flaskrat
Goblin Flaskrat Empowered	Goblin Flaskrat potenziato
Goblin Flaskrat T2	Goblin Flaskrat T2
Goblin Flaskrat T2Empowered	Goblin Flaskrat T2 potenziato
Goblin Friend	Amico dei Goblin
Goblin King	Re Goblin
Goblin King Head	Testa del Re Goblin
Goblin King Trophy	Trofeo del Re Goblin
Goblin Ripper	Goblin Squartatore
Goblin Ripper Empowered	Goblin Squartatore potenziato
Goblin Ripper T2	Goblin Squartatore T2
Goblin Ripper T2Empowered	Goblin Squartatore T2 potenziato
Goblin Tooth	Dente di Goblin
Goblin Toss	Lancio di Goblin
Goblins	Goblin
Gobo Charge	Carica Gobo
God Mode Deer	Cervo God Mode
Gold	Oro
Gold:	Oro:
Golem	Golem
Golems Garden	Giardino dei Golem
Gorehorn	Corno Cruento
Gorewraith Ambush	Imboscata dello Spettro Cruento
Gorilla	Gorilla
Gotburg Fire	Fuoco di Gotburg
Gotburg The Burned	Gotburg l'Ustionato
Grass Patch	Zona d'Erba
Graveveil	Velo Sepolcrale
Great Academy of Aldoria	Grande Accademia di Aldoria
Great Iniquities	Grandi Iniquità
Green Knight	Cavaliere Verde
Griffon	Grifone
Grim trophy from a corrupted Treant.	Un cupo trofeo ricavato da un Treant corrotto.
Grimhollow Pines	Pini di Grimhollow
Ground Cover	Copertura del terreno
Ground Decor	Decorazioni del terreno
Grove Guardian	Guardiana del Boschetto
Guard	Guardia
Guard Efficiency	Efficienza della guardia
Guardstep	Passo Guardiano
Guild	Gilda
Guild Hall	Sede della Gilda
Guild Mentor	Mentore della Gilda
Guild Shop	Negozio della Gilda
Gust	Raffica
Gusting	Raffica
Hail	Grandine
Hail Of Arrows	Pioggia di Frecce
Hair	Capelli
Hand Rankings	Punteggi delle mani
Hard	Difficile
Hardcore	Hardcore
Harpy	Arpia
Harvest Tool	Strumento di raccolta
Harvesting	Mietente
Haste	Celerità
Hasty	Affrettato
Haylor	Haylor
Haylor's Mill	Mulino di Haylor
Haylors	Haylor
Haymaker	Colpo Demolitore
Header	Intestazione
Heal	Cura
Healing Power	Potere curativo
Health	Salute
Health Potion	Pozione di salute
Health Regen	Rigen. salute
Health:	Salute:
Heart Oak	Quercia del Cuore
Heart Oak Bed	Letto di Quercia del Cuore
Heart Oak Doorway	Vano di Porta di Quercia del Cuore
Heart Oak Fence	Recinto di Quercia del Cuore
Heart Oak Fence Gate	Cancello di Quercia del Cuore
Heart Oak Log	Tronco di Quercia del Cuore
Heart Oak Mill	Mulino di Quercia del Cuore
Heart Oak Planks	Tavole di Quercia del Cuore
Heartbound Tether	Legame del Cuore
Heartwood Chest	Cassa in Durame
Heartwood Door	Porta in Durame
Heartwood Door Frame	Telaio in Durame
Heartwood Floor	Pavimento in Durame
Heartwood Foundation	Fondazione in Durame
Heartwood Pillar	Pilastro in Durame
Heartwood Table	Tavolo in Durame
Heartwood Wall	Muro in Durame
Hearty	Vigoroso
Heavy Strike	Colpo Pesante
Heimen	Heimen
Heimen's Camp	Campo di Heimen
Heimen's Music Box	Carillon di Heimen
Heimen's Shop	Negozio di Heimen
Heroic	Eroico
Heroic Emblem	Emblema Eroico
Hidden Grove	Boschetto Nascosto
Hide	Nascondi
Hide Filters	Nascondi i filtri
Hide Item Tooltips	Nascondi descrizioni oggetti
Hide Player Names	Nascondi i nomi dei giocatori
Hide Walls Off	Non nascondere i muri
High	Alto
High Priestess Althaea Of The Tirathlan	Somma Sacerdotessa Althaea del Tirathlan
Hoard King	Re del Tesoro
Hoard King Tooth	Dente del Re del Tesoro
Hold	Tieni premuto
Hold Cast	Mantieni il lancio
Hold for Salvage Mode	Tieni premuto per la modalità recupero
Hold to build	Tieni premuto per costruire
hold to craft	tieni premuto per creare
Hold to Reset Bindings	Tieni premuto per azzerare i comandi
Hold to Sprint	Tieni premuto per scattare
Hook	Gancio
Hopeful Shepherd	Pastore fiducioso
HornedVanguard	AvanguardiaCornuta
Horns	Corna
Host	Ospite
Hound	Cane
Hour:	Ora:
Hours	Ore
How To Play	Come si gioca
Howl	Ululato
HP	HP
HP Percent	HP %
HP Percent:	HP %:
Human	Umano
Human Melee Attack	Attacco in Mischia dell'Umano
Hunger	Fame
Hunt	Caccia
Hunter	Cacciatore
Hunter's Stew	Stufato del Cacciatore
Hunter's Trap	Trappola del Cacciatore
I have done that	L'ho fatto
I have not done that	Non l'ho fatto
Ice	Ghiaccio
Ice Damage	Danno da ghiaccio
Ice Damage:	Danno da ghiaccio:
Ice Piercing	Penetrazione da ghiaccio
Ice Piercing:	Penetrazione da ghiaccio:
Ice Pool	Pozza di ghiaccio
Ice Pools	Pozze di ghiaccio
Ice Resistance	Resistenza al ghiaccio
Ice Resistance:	Resistenza al ghiaccio:
Icon of Encumbrance	Icona dell'ingombro
Ideological Paragon	Modello Ideologico
Ideological Spark	Scintilla Ideologica
If you don't, your maximum <color=#FFDA00>Health,</color> 	Altrimenti la tua <color=#FFDA00>salute</color> massima, 
Imbued Charm	Ciondolo Imbevuto
Imperial Son	Figlio Imperiale
In game	In gioco
In menu	Nel menu
IN PROGRESS	IN CORSO
In-Game Menu	Menu di gioco
In-Game Navigation	Navigazione in gioco
inactive	inattivo
incompatible difficulty level	livello di difficoltà incompatibile
Incorrect password	Password errata
Incorrect Quantity	Quantità errata
Increase	Aumento
Increase attack speed	Aumenta la velocità d'attacco
Increase movement speed	Aumenta la velocità di movimento
Increase/Decrease	Aumenta/Diminuisci
Increases all Blunt Damage you deal by a percentage.	Aumenta di una percentuale tutto il danno contundente che infliggi.
Increases all Decay Damage you deal by a percentage.	Aumenta di una percentuale tutto il danno da decadimento che infliggi.
Increases all Electricity Damage you deal by a percentage.	Aumenta di una percentuale tutto il danno da elettricità che infliggi.
Increases all Ether Damage you deal by a percentage.	Aumenta di una percentuale tutto il danno da etere che infliggi.
Increases all Fire Damage you deal by a percentage.	Aumenta di una percentuale tutto il danno da fuoco che infliggi.
Increases all Ice Damage you deal by a percentage.	Aumenta di una percentuale tutto il danno da ghiaccio che infliggi.
Increases all Strike Damage you deal by a percentage.	Aumenta di una percentuale tutto il danno da taglio che infliggi.
Increases all Thrust Damage you deal by a percentage.	Aumenta di una percentuale tutto il danno perforante che infliggi.
Increases how much Health you recover over time.	Aumenta la salute che recuperi nel tempo.
Increases how much Stamina you recover over time.	Aumenta il vigore che recuperi nel tempo.
Increases Ice Resistance	Aumenta la resistenza al ghiaccio
Increases maximum Health and Health regeneration.	Aumenta la salute massima e la sua rigenerazione.
Increases Physical Power and Magic Power.	Aumenta il potere fisico e il potere magico.
Increases the bonus damage dealt by critical hits.	Aumenta il danno aggiuntivo dei colpi critici.
Increases the damage dealt by Bleeding.	Aumenta il danno inflitto dal sanguinamento.
Increases the damage dealt by Burning.	Aumenta il danno inflitto dall'ustione.
Increases the damage dealt by Poison.	Aumenta il danno inflitto dal veleno.
Increases the duration of Bleeding stacks.	Aumenta la durata delle cariche di sanguinamento.
Increases the duration of Burning stacks.	Aumenta la durata delle cariche di ustione.
Increases the duration of Chill stacks.	Aumenta la durata delle cariche di gelo.
Increases the duration of Poison stacks.	Aumenta la durata delle cariche di veleno.
Increases the duration of Rage stacks.	Aumenta la durata delle cariche di furia.
Increases the maximum Bleeding stacks you can apply.	Aumenta le cariche massime di sanguinamento che puoi applicare.
Increases the maximum Burning stacks you can apply.	Aumenta le cariche massime di ustione che puoi applicare.
Increases the maximum Chill stacks you can apply.	Aumenta le cariche massime di gelo che puoi applicare.
Increases the maximum Poison stacks you can apply.	Aumenta le cariche massime di veleno che puoi applicare.
Increases the maximum Rage stacks you can gain.	Aumenta le cariche massime di furia che puoi accumulare.
Increases the maximum Shock stacks you can apply.	Aumenta le cariche massime di scossa che puoi applicare.
Increases the slow applied by Chill.	Aumenta il rallentamento applicato dal gelo.
Increases the Stun Build-up your attacks and effects deal.	Aumenta l'accumulo di stordimento dei tuoi attacchi ed effetti.
Increases your Armor by a percentage.	Aumenta la tua armatura di una percentuale.
Increases your base Concentration by a percentage.	Aumenta la tua concentrazione base di una percentuale.
Increases your base Health by a percentage.	Aumenta la tua salute base di una percentuale.
Increases your base Stamina by a percentage.	Aumenta il tuo vigore base di una percentuale.
Increases your chance to land a critical hit.	Aumenta la probabilità di mettere a segno un colpo critico.
Increases your critical hit chance against Bleeding targets.	Aumenta la probabilità di critico contro bersagli sanguinanti.
Increases your critical hit chance against Burning targets.	Aumenta la probabilità di critico contro bersagli ustionati.
Increases your critical hit chance against Chilled targets.	Aumenta la probabilità di critico contro bersagli assiderati.
Increases your critical hit chance against Poisoned targets.	Aumenta la probabilità di critico contro bersagli avvelenati.
Increases your critical hit chance against Stunned targets.	Aumenta la probabilità di critico contro bersagli storditi.
Increases your critical hit damage against Bleeding targets.	Aumenta il danno critico contro bersagli sanguinanti.
Increases your critical hit damage against Burning targets.	Aumenta il danno critico contro bersagli ustionati.
Increases your critical hit damage against Chilled targets.	Aumenta il danno critico contro bersagli assiderati.
Increases your critical hit damage against Poisoned targets.	Aumenta il danno critico contro bersagli avvelenati.
Increases your critical hit damage against Stunned targets.	Aumenta il danno critico contro bersagli storditi.
Increases your maximum Health.	Aumenta la tua salute massima.
Increases your maximum Stamina.	Aumenta il tuo vigore massimo.
Increases your Movement Speed.	Aumenta la tua velocità di movimento.
Increases your Resistance by a percentage.	Aumenta la tua resistenza di una percentuale.
Indoor cooking station with steady heat. Cooks hearty meals.	Postazione di cucina al chiuso a calore costante. Prepara pasti sostanziosi.
Indulgence	Indulgenza
Infection Scent	Odore d'Infezione
Infectious Cleaver	Mannaia Infettiva
Infectious Swarm	Sciame Infettivo
Ingredients	Ingredienti
Iniquities	Iniquità
Iniquity	Iniquità
Inoculating	Inoculante
Inoculation	Inoculazione
Inoculation Potion	Pozione di Inoculazione
Input	Input
Inspect	Esamina
Insufficient ingredient quantity!	Quantità di ingredienti insufficiente!
Intelligence	Intelligenza
Intelligence:	Intelligenza:
Interact	Interagisci
Interrupting	Interruzione
Invalid action	Azione non valida
Invalid pet data	Dati del compagno non validi
Inventory	Inventario
Inventory full, dropping rune on the ground	Inventario pieno, la runa cade a terra
Inventory is full	Inventario pieno
Invincible Shield	Scudo Invincibile
Invite sent to: {0}	Invito inviato a: {0}
Invite-Only	Solo su invito
Invulnerability	Invulnerabilità
Iron	Ferro
Ironfist	Pugno di Ferro
It must be night to sleep	Devi aspettare la notte per dormire
Item	Oggetto
Item is already equipped	Oggetto già equipaggiato
Item Menu	Menu oggetti
Item menu	Menu oggetti
Item Slot 1	Slot oggetto 1
Item Slot 2	Slot oggetto 2
Item Slot 3	Slot oggetto 3
Item Slot 4	Slot oggetto 4
Item:	Oggetto:
Jack	Jack
Javelin	Giavellotto
JJ Fish	JJ Fish
Join	Unisciti
Join World	Entra nel mondo
Joker	Burlone
Jolt Dagger	Pugnale Folgorante
Journal	Diario
Junk Hail	Grandine di Rottami
Keeps your room closed.	Tiene chiusa la stanza.
Kindled	Ravvivato
Kindled Focus	Concentrazione Ravvivata
Kindling	Innesco
Kindling Potion	Pozione d'Innesco
Kindred Companion	Compagno Affine
Kindred Soul	Anima Affine
King	Re
King's Path	Sentiero del Re
Knockout Reserves	Riserve da Knockout
Language	Lingua
Language Selection	Selezione della lingua
Large fire bowl for bright, steady light.	Un ampio braciere per una luce intensa e costante.
Large Goblin Tooth	Dente di Goblin Grande
Large Rock A	Roccia grande A
Large Rock B	Roccia grande B
Large storage for gear and materials. Use as storage.	Ampio deposito per attrezzatura e materiali. Usalo come deposito.
Large Tent	Tenda Grande
Laughing Slashes	Tagli Beffardi
Layered Undercoat	Sottoveste a Strati
Leads to the	Conduce a
Learned	Appreso
Leave	Esci
Leave Conversation	Termina la conversazione
Leave Party	Lascia il gruppo
Legacy Camera (Dev)	Telecamera classica (Dev)
Legendary Foe Slain	Nemico leggendario ucciso
Lesser Concent	Concentr. minore
Lesser Concentration Potion	Pozione Minore di Concentrazione
Lesser Concentration Throwflask	Fiasca da Lancio Minore di Concentrazione
Lesser Health Potion	Pozione Minore di Salute
Lesser Health Throwflask	Fiasca da Lancio Minore di Salute
Lesser Stamina Potion	Pozione Minore di Vigore
Lesser Stamina Throwflask	Fiasca da Lancio Minore di Vigore
Level	Livello
level {0}	livello {0}
Level {0}	Livello {0}
Level {0} (Max)	Livello {0} (Max)
Level:	Livello:
ley lines	linee di forza
Lifebloom	Fiore della Vita
Light	Chiaro
Light Bandages	Bende Leggere
Lightning Surge	Ondata Fulminea
Lightweight	Leggero
Limitless Onslaught	Assalto illimitato
Linen	Lino
Linen Gloves	Guanti di Tela
Linen Rug	Tappeto di Lino
Lionspear	Lancia del Leone
Lionsurge	Ondata del Leone
Loading...	Caricamento...
Lobby browser unavailable in direct connect mode.	Elenco lobby non disponibile in connessione diretta.
Lobby Options	Opzioni della lobby
Lobby Type	Tipo di lobby
Location	Posizione
Lock Buildings to Owner	Blocca le costruzioni al proprietario
Lock Camera to Player	Blocca la telecamera sul giocatore
Locked	Bloccato
Log A	Tronco A
Log B	Tronco B
Log C	Tronco C
Loose Stone	Pietra smossa
Lost Archeologist Campfire	Falò dell'Archeologo Perduto
Lost Archeologist Tent	Tenda dell'Archeologo Perduto
Lost Boy	Bambino smarrito
Lost Caverns	Caverne Perdute
Lost Caverns East	Caverne Perdute Est
Lost Caverns West	Caverne Perdute Ovest
Lost Guardian	Guardiano Perduto
Low	Basso
Low seat carved from Treant wood. Still twitches with life.	Un sedile basso intagliato nel legno di Treant. Freme ancora di vita.
Loyal Companion	Compagno Leale
Lumen Realm	regno di Lumen
Lunar Tailstorm	Tempesta di Coda Lunare
LVL	LVL
Lvl	Lvl
Magic Barrier	Barriera magica
Magic Damage	Danno magico
Magic Damage Percent	Danno magico %
Magic Damage Percent:	Danno magico %:
Magic Damage:	Danno magico:
Magic Piercing	Penetrazione magica
Magic Piercing:	Penetrazione magica:
Magic Power	Potere magico
Magic Power Increase	Aumento del potere magico
Magician	Mago
Main Menu	Menu principale
Main Quest	Missione principale
Main Quests	Missioni principali
Male	Maschio
Mana	Mana
Manage Bans	Gestisci i bandi
Manga	Manga
Manga's Equipment	Equipaggiamento di Manga
Manga's Forge	Fucina di Manga
Many Cut Phantom	Fantasma dai Molti Tagli
Map	Mappa
Map Fragment	Frammento di mappa
Map Revealed	Mappa rivelata
Marina	Marina
Markers	Segnalini
Master Volume	Volume principale
Max Bleeding	Sanguinamento max
Max Bleeding:	Sanguinamento max:
Max Burning	Ustione max
Max Burning:	Ustione max:
Max Chill	Gelo max
Max Chill:	Gelo max:
Max Drunkenness	Ebbrezza max
Max encumbrance increased. You can carry more.	Ingombro massimo aumentato. Puoi trasportare di più.
Max Level	Livello massimo
Max Level:	Livello massimo:
Max Players	Giocatori massimi
Max Poison	Veleno max
Max Poison:	Veleno max:
Max Rage	Furia max
Max Rage:	Furia max:
Max Shock	Scossa max
Max Shock:	Scossa max:
Max XP:	XP massimi:
Mayor	Sindaco
Meditative	Meditativo
Medium	Medio
Mem	Mem
memorial wall	muro dei caduti
Memory	Memoria
Mending	Risanante
Menu Navigation	Navigazione del menu
Meteorite	Meteorite
Mill	Mulino
Minion	servitore
Minor Blood Rage Potion	Pozione Scarsa della Furia Sanguinaria
Minor Concentration Throwflask	Fiasca da Lancio Scarsa di Concentrazione
Minor Health Throwflask	Fiasca da Lancio Scarsa di Salute
Minotaur	Minotauro
Minotaur Attack	Attacco del Minotauro
Minotaur Empire	Impero dei Minotauri
Minotaur Magic	Magia del Minotauro
Mirkea	Mirkea
Missing attribute requirements: {0}	Requisiti di attributo mancanti: {0}
Moderate	Moderato
Modest Band	Anello Modesto
Modifiers	Modificatori
Momentum	Slancio
Monkey	Scimmia
Monster	Mostro
Monster Dash Basic	Scatto Base del Mostro
Monster Recovery	Recupero del Mostro
Monster Recovery Extended	Recupero Esteso del Mostro
Monster Recovery Long	Recupero Lungo del Mostro
Monster Recovery Medium	Recupero Medio del Mostro
Monsters reappear	I mostri ricompaiono
Monstrous Droop	Droop mostruoso
Monstrous Droop Farmlands	Droop mostruoso delle terre coltivate
Moon Cat	Gatto Lunare
Moonridge Vale	Valle di Moonridge
Moonthorn	Spina Lunare
More than 8 Players is not officially supported	Più di 8 giocatori non è ufficialmente supportato
Mortar	Mortaio
Mortar Volley	Salva di Mortaio
Mor’daneth	Mor’daneth
Mount Grandor	Monte Grandor
Mouse	Mouse
Move	Muovi
Move Down	Sposta giù
Move Item	Sposta oggetto
Move item	Sposta oggetto
Move Left	Sposta a sinistra
Move Right	Sposta a destra
Move Up	Sposta su
Move with	Muoviti con
Move: Press 	Movimento: premi 
Movement Speed	Velocità di movimento
Movement Speed:	Velocità di movimento:
Mud Fence	Recinto di Fango
Mud Fence Gate	Cancello di Fango
Multi-strike	Colpo multiplo
Multiplayer	Multigiocatore
Multiplayer Settings	Impostazioni multigiocatore
Multiplayer World	Mondo multigiocatore
Multistrike	Colpo multiplo
Murder Tempo	Tempo Omicida
Music	Musica
Music Volume	Volume della musica
Mutilation	Mutilazione
Myrll	Myrll
Myrll Required	Richiede Myrll
Myrll's Shop	Negozio di Myrll
Mystic	Mistico
Mystic Amulet	Amuleto Mistico
Mystweave	Trama Mistica
Mythic Band	Anello Mitico
Mythic Bracer	Bracciale Mitico
Mythic Cincture	Cintura Mitica
Mythic Emblem	Emblema Mitico
Mythic Undercoat	Sottoveste Mitica
Mythical	Mitico
N/A	N/D
Name	Nome
Name cannot contain two spaces in a row	Il nome non può contenere due spazi consecutivi
Name Confirm	Conferma nome
Name has too many accents stacked on one character	Il nome ha troppi accenti sullo stesso carattere
Name must start with a letter	Il nome deve iniziare con una lettera
Name:	Nome:
Nature's Calm Tonic	Tonico della Calma Naturale
Nature's Ward Steak	Bistecca della Protezione Naturale
Natures Shroud	Manto della Natura
Navigate	Naviga
Navigate Options	Scorri le opzioni
Nearby Event Advanced	Evento vicino avanzato
Nearby Event Complete!	Evento vicino completato!
Nearby Event:	Evento vicino:
Nearby Farmstead	Fattoria Vicina
Nerveblight	Piaga Nervosa
Nesting Hollow	Conca dei Nidi
New	Nuovo
new blood	recluta
New Build Unlocked: {0}	Nuova costruzione sbloccata: {0}
New Character Only	Solo nuovi personaggi
New Characters Only	Solo nuovi personaggi
New characters only	solo nuovi personaggi
New Deed:	Nuovo incarico:
New deeds available at the deed board.	Nuovi incarichi disponibili alla bacheca.
New item:	Nuovo oggetto:
New Main Quest:	Nuova missione principale:
New Member Joined the Sanctum	Un nuovo membro si è unito al Santuario
New pet available at Myrll's Shop	Nuovo compagno disponibile al Negozio di Myrll
New Recipe Unlocked	Nuova ricetta sbloccata
New Recipe Unlocked: {0}	Nuova ricetta sbloccata: {0}
New Side Quest:	Nuova missione secondaria:
New Skill Point Unlocked	Nuovo punto abilità sbloccato
New Stat	Nuova statistica
News & Updates	Notizie e aggiornamenti
NewWorld	NuovoMondo
Next	Avanti
Next Color	Colore successivo
Next Level XP	XP prossimo livello
Next Level XP:	XP prossimo livello:
Next Page	Pagina successiva
Next page	Pagina successiva
Next Tab	Scheda successiva
Next/Previous	Successivo/Precedente
Nights Whisper	Sussurro della Notte
Nine	Nove
No	No
No active player can post the big blind.	Nessun giocatore attivo può versare il buio grande.
No active player can post the small blind.	Nessun giocatore attivo può versare il buio piccolo.
No active player can take the dealer button.	Nessun giocatore attivo può prendere il bottone del mazziere.
No chests supplying	Nessuna cassa che rifornisce
No Cooldown	Nessun tempo di recupero
No empty slot to place the split stack.	Nessuno slot libero per la pila divisa.
No entries match your search.	Nessuna voce corrisponde alla ricerca.
No friends online	Nessun amico online
No items in this filter	Nessun oggetto in questo filtro
No lobbies found.	Nessuna lobby trovata.
No lobbies match your filters.	Nessuna lobby corrisponde ai filtri.
No matches	Nessun risultato
No Matching Items	Nessun oggetto corrispondente
No news at this time	Nessuna novità al momento
No one is eligible for the pot of {0}. It is forfeited.	Nessuno ha diritto al piatto di {0}. Viene perso.
No player is able to act first.	Nessun giocatore può agire per primo.
No recipes to unlock.	Nessuna ricetta da sbloccare.
No seats are available at this table for an NPC.	Non ci sono posti liberi a questo tavolo per un NPC.
No seats are available at this table.	Non ci sono posti liberi a questo tavolo.
No servers online	Nessun server online
No Space	Spazio insufficiente
No special modifiers.	Nessun modificatore speciale.
No Target	Nessun bersaglio
Normal Sprint	Scatto normale
North Ruins Camp	Campo delle Rovine Nord
Northcut Camp Campfire	Falò del Campo di Northcut
Northern Lost Ruin	Rovina Perduta Settentrionale
Northern Outpost	Avamposto Settentrionale
Not enough Concentration	Concentrazione insufficiente
Not enough gold to purchase that	Oro insufficiente per l'acquisto
Not enough gold to refund that	Oro insufficiente per il rimborso
Not enough Health	Salute insufficiente
Not enough inventory space for that	Spazio nell'inventario insufficiente
Not enough resources	Risorse insufficienti
Not enough Stamina	Vigore insufficiente
Note	Nota
Note:	Nota:
Nothing discovered yet	Nessuna scoperta ancora
Nourishment	Nutrimento
Nourishment drained	Nutrimento esaurito
Nourishment Low	Nutrimento basso
Novice Emblem	Emblema del Novizio
NPC Quests	Missioni degli NPC
Numen	Numen
Oak Cabinet	Credenza di Quercia
Objective:	Obiettivo:
Offence	Offesa
Offense	Offesa
Offensive Tool	Strumento offensivo
Ogre Magi	Maghi Ogre
Oil	Olio
Oil And Fire	Olio e Fuoco
Oil Flask	Fiasca d'Olio
Oil Pool	Pozza d'Olio
Old Campfire	Vecchio Falò
Old Character already Selected	Personaggio vecchio già selezionato
Old Faith	Antica Fede
Old Gods	Antichi Dei
Old Ones	Antichi
Old Ones' Ruins	Rovine degli Antichi
Old Stump	Vecchio Ceppo
On Cooldown	In recupero
One Away	Manca uno
One Away!	Manca uno!
One ingredient away from a new recipe!	Manca un ingrediente per una nuova ricetta!
One ingredient away from {0} new recipes!	Manca un ingrediente per {0} nuove ricette!
Only drinks can go in the auto-drink slot.	Nello slot di idratazione automatica vanno solo bevande.
Only food can go in the auto-eat slot.	Nello slot di alimentazione automatica va solo cibo.
Only its owner can change this.	Solo il proprietario può modificarlo.
Only one player remains. The round is over.	Resta un solo giocatore. Il turno è finito.
Only one {0} can be equipped	Puoi equipaggiare un solo {0}
Only pets can be placed in the pet pen	Nel recinto si possono mettere solo compagni
Only recipe items can be selected	Si possono selezionare solo oggetti da ricetta
Only recipe items from your backpack can be selected	Si possono selezionare solo oggetti da ricetta dello zaino
Only the owner can dismantle this	Solo il proprietario può smontarlo
Only the party leader can kick players	Solo il capogruppo può espellere giocatori
Onslaught	Assalto
Open	Apri
Open <color=#FFDA00>Build Menu</color> by holding	Apri il <color=#FFDA00>menu costruzioni</color> tenendo premuto
Open <color=#FFDA00>Build Menu</color> by pressing	Apri il <color=#FFDA00>menu costruzioni</color> premendo
Open build menu by holding	Apri il menu costruzioni tenendo premuto
Open Profile Window	Apri finestra del profilo
Open Trade Window	Apri la finestra di scambio
Open your <color=#FFDA00>Inventory</color>	Apri l'<color=#FFDA00>inventario</color>
Open your Inventory with	Apri l'inventario con
Open your Map at any time with	Apri la mappa in qualsiasi momento con
Options	Opzioni
Order by	Ordina per
Order:	Ordine:
Outbreak	Epidemia
Output	Risultato
output	risultato
Over-run Shrine	Sacrario Invaso
Over-run Shrine Waypoint	Punto di passaggio del Sacrario Invaso
Overchannel	Sovraccanalizzazione
Overview	Riepilogo
Owned: {0}	Posseduti: {0}
Owner	Proprietario
Packbond	Vincolo del Branco
Padded Undercoat	Sottoveste Imbottita
Page Complete	Pagina completata
Pale Bark The Old Oak	Pale Bark la Vecchia Quercia
Pants	Pantaloni
Parry	Parata
Party	Gruppo
Party Disbanded	Gruppo sciolto
Party has been disbanded	Il gruppo è stato sciolto
Party Invitation	Invito al gruppo
Party invite from: {0}	Invito al gruppo da: {0}
Party Name	Nome del gruppo
Party XP:	XP del gruppo:
Party {0} created	Gruppo {0} creato
passing-ritual	rito di passaggio del dono
Passionate Partner	Partner Appassionato
Passive	Passiva
Passive bonus - stacks with your other bonuses.	Bonus passivo: si somma agli altri bonus.
Password	Password
Password Protected	Protetta da password
Password protected	protetta da password
Path blocked	Percorso bloccato
Pathing made of stone.	Un camminamento di pietra.
Pathsurge	Ondata di Sentieri
Pathweaver	Tessitore di Sentieri
Pause/Play	Pausa/Riproduci
pennant	gagliardetto
Percent	Percentuale
Perfect Parry by blocking the moment an attack lands with	Parata perfetta: para nell'istante in cui l'attacco arriva con
Perfect Vanish	Dissolvenza perfetta
Perfected Rune	Runa Perfezionata
perimeter pass	giro del perimetro
Periodically produces Droop Cores for harvest.	Produce periodicamente Nuclei di Droop da raccogliere.
Periodically produces eggs for harvest.	Produce periodicamente uova da raccogliere.
Periodically produces Water.	Produce periodicamente Acqua.
Permafrost Rhythm	Ritmo del Permafrost
Persona	Persona
Personal Loot	Bottino personale
Personal loot	Bottino personale
Personal\nLoot	Bottino\npersonale
Pestilent Tremor	Tremore Pestilenziale
Pet	Compagno
Pet courier	Corriere compagno
Pet Description	Descrizione del compagno
Pet inventory is empty.	L'inventario del compagno è vuoto.
Pet Menu	Menu dei compagni
Pet Pen	Recinto dei compagni
Pet Pen is full	Il recinto è pieno
Pet Pen Level	Livello del recinto
Pet Pen: 12 slots, train pets to level 10, +10% pen XP.	Recinto: 12 posti, allena i compagni fino al livello 10, +10% XP del recinto.
Pet Pen: 24 slots, train pets to level 15, +20% pen XP.	Recinto: 24 posti, allena i compagni fino al livello 15, +20% XP del recinto.
Pet Spell	Incantesimo del compagno
Pet Spell Description	Descrizione dell'incantesimo del compagno
Pet Spell Name	Nome dell'incantesimo del compagno
Pet storage is full	Il deposito dei compagni è pieno
Pets can't be placed in courier storage	I compagni non si possono mettere nel deposito del corriere
Pets can't be stored in containers.	I compagni non si possono mettere nei contenitori.
Pets cannot be sold here.	Qui non si possono vendere compagni.
Pets cannot be sold.	I compagni non si possono vendere.
Phantom Crossfire	Fuoco Incrociato Fantasma
Phase Duellist	Duellante di Fase
Phasing	Sfasato
Physical	Fisico
Physical Damage	Danno fisico
Physical Damage Percent	Danno fisico %
Physical Damage Percent:	Danno fisico %:
Physical Damage:	Danno fisico:
Physical Piercing	Penetrazione fisica
Physical Piercing:	Penetrazione fisica:
Physical Power	Potere fisico
Physical Power Increase	Aumento del potere fisico
Physique	Costituzione
Physique:	Costituzione:
Pickaxe	Piccone
Piece Bonus	Bonus per pezzo
Piercing	Penetrazione
Pillar	Pilastro
Pine Window	Finestra di Pino
Pinewood [1/13]	Pino [1/13]
Pinewood Branch	Ramo di pino
Pinewood Chair	Sedia di Pino
Pinewood Chest	Cassa di Pino
Pinewood Door	Porta di Pino
Pinewood Foundation	Fondazione di Pino
Pinewood Log	Tronco di pino
Pinewood Mill	Mulino di Pino
Pinewood Planks	Tavole di Pino
Pinewood Table	Tavolo di Pino
Pinewood Torch	Torcia di Pino
Pinewood Tree Garden	Giardino di Pini
Pinewood Wall	Muro di Pino
Pitfighter	Lottatore da Fossa
Place Beacon	Piazza segnalatore
Plague Magic	Magia della peste
Plague Marksmanship	Tiro della Peste
Plague Mind	Mente della Peste
Plague Shards	Frammenti di peste
Plain Talisman	Talismano Comune
Plain wooden chair for seating.	Una semplice sedia di legno.
Play/Pause	Riproduci/Pausa
Played Before	Già giocato
Player	Giocatore
Player Benchmark	Test prestazioni
Player List	Elenco dei giocatori
Players	Giocatori
players	giocatori
Plump	Plump
Poet's Brew	Infuso del Poeta
Point of Interest Found:	Punto d'interesse trovato:
POIs	Punti d'interesse
Poison	Veleno
Poison Cure	Antidoto
Poison Damage	Danno da veleno
Poison Damage:	Danno da veleno:
Poison Duration	Durata veleno
Poison Duration:	Durata veleno:
Poison Erupt	Eruzione Velenosa
Poison Flask	Fiasca di Veleno
Poison Mist	Nebbia velenosa
Poison Piercing	Penetrazione da veleno
Poison Pool	Pozza di Veleno
Poison Resistance	Resistenza al veleno
Poison Spores	Spore Velenose
Poisoned	Avvelenato
Poker Table	Tavolo da Poker
Poker Table unlocked! You can now build one at your base.	Tavolo da poker sbloccato! Ora puoi costruirne uno alla base.
Polished Band	Anello Lucidato
Pool of Remembrance	Pozza del Ricordo
Post Processing	Post-elaborazione
Pot plants from Earlwood Village.	Piante in vaso dal Villaggio di Earlwood.
Potato	Patata
Potential Loot	Bottino possibile
Potion	Pozione
Power Hook	Gancio potente
Power Of The Wild	Potere della Natura Selvaggia
Praesidiism	Presidiismo
Precision Fang	Zanna di Precisione
Press	Premi
Press '{0}'	Premi '{0}'
Press to build	Premi per costruire
Pressure	Pressione
Previous Color	Colore precedente
Previous Tab	Scheda precedente
Price	Prezzo
Prime Principles	Principi Primi
Private	Privata
Private container	Contenitore privato
Production	Produzione
Proficiency	Competenza
Public	Pubblica
Public container	Contenitore pubblico
Pulling from 1 chest	Prelievo da 1 cassa
Pulling from {0} chests	Prelievo da {0} casse
Pulverize	Polverizza
Pulverizing Frenzy	Frenesia Polverizzante
Pummel	Martellamento
purge	purga
Purging	Purgante
Putrid	Putrido
Pyre Echo	Eco della Pira
Pyreweaver	Tessitore di Fiamme
Qallaw's House	Casa di Qallaw
Quake	Sisma
QualityPreset	PresetQualità
Quantity	Quantità
Queen	Donna
Quest	Missione
Quest Arrows	Frecce delle missioni
Quest Complete!	Missione completata!
Quest Name Placeholder	Segnaposto nome missione
Quest Update	Aggiornamento della missione
Quests	Missioni
Queue	Coda
queue	coda
Quick	Rapido
Quick Buy	Acquisto rapido
Quick Cast	Lancio rapido
Quick Jab	Jab rapido
Quick Sell	Vendita rapida
Quicktrade	Scambio Rapido
Quit	Esci
Rabbit	Coniglio
Race	Razza
Race:	Razza:
Rage	Furia
Rage Duration	Durata furia
Rage Duration:	Durata furia:
Rage From Ruin	Furia dalla Rovina
Rage from Ruin	Furia dalla Rovina
Rageborn Flaskrat	Flaskrat nato dalla furia
Rageborn Ripper	Squartatore nato dalla furia
Raging	Furente
Rahaner	Rahaner
Rahaner Required	Richiede Rahaner
Raise ${0}	Rilancia ${0}
Random Recipe Discovery	Scoperta casuale delle ricette
Ranged Final Attack	Attacco finale a distanza
Rare	Raro
Rarity	Rarità
Rate Of Fire	cadenza di tiro
Rebuild the Earlwood Bridge	Ricostruisci il ponte di Earlwood
Recall Pet	Richiama il compagno
Received Followers:	Seguaci ricevuti:
Received Gold:	Oro ricevuto:
Received item:	Oggetto ricevuto:
Received XP:	XP ricevuti:
Recipe	Ricetta
Recipe Already Learned	Ricetta già appresa
Recipe is for another bench	La ricetta è per un altro banco
Recipe Name	Nome della ricetta
Recipe Unlock	Sblocco ricetta
Recipes	Ricette
Recoverative Rage	Furia Recuperativa
Recovering Finisher	Finisher Ristoratore
Recovery	Recupero
Redsteel	Acciaio Rosso
Reduce Motion	Riduci il movimento
Reduces Blunt Damage taken. Less effective at higher values.	Riduce il danno contundente subito. Meno efficace ai valori alti.
Reduces Decay Damage taken. Less effective at higher values.	Riduce il danno da decadimento subito. Meno efficace ai valori alti.
Reduces Ether Damage taken. Less effective at higher values.	Riduce il danno da etere subito. Meno efficace ai valori alti.
Reduces Fire Damage taken. Less effective at higher values.	Riduce il danno da fuoco subito. Meno efficace ai valori alti.
Reduces Ice Damage taken. Less effective at higher values.	Riduce il danno da ghiaccio subito. Meno efficace ai valori alti.
Reduces spell cooldowns. Less effective at higher values.	Riduce i tempi di recupero degli incantesimi. Meno efficace ai valori alti.
Refined Rune	Runa Raffinata
Refresh	Aggiorna
Refund the nodes that depend on this one first	Rimborsa prima i nodi che dipendono da questo
Regen	Rigen.
Regeneration	Rigenerazione
Regenerative Rage	Furia Rigenerativa
Region	Regione
Regular	Normale
Reinforced Bracer	Bracciale Rinforzato
Reinforced Cincture	Cintura Rinforzata
Rejection	Repulsione
Rejuvenating Rage	Furia Ringiovanente
Rejuvenation	Ringiovanimento
Rejuvination	Ringiovanimento
Relentless Assault	Assalto Implacabile
Reliable storage for gear and materials. Use as storage.	Deposito affidabile per attrezzatura e materiali. Usalo come deposito.
Rename	Rinomina
Rending	Lacerante
Reorder	Riordina
Replenishing	Ristoratore
Reposition	Riposizionamento
Require Attribute	Attributo richiesto
Require Workstation	Richiede una postazione
Required Attribute:	Attributo richiesto:
Required Materials	Materiali richiesti
Required:	Richiesti:
Required: Door Frame	Richiede: telaio della porta
Required: Foundation	Richiede: fondazione
Required: Table	Richiede: tavolo
Required: Wall	Richiede: muro
Requirements not met	Requisiti non soddisfatti
Requires crafting level {0}	Richiede livello di artigianato {0}
Requires Level	Richiede livello
Requires: {0}	Richiede: {0}
Reroll	Ritira
Reset	Azzera
Reset Attributes	Azzera gli attributi
Resin Geyser	Geyser di Resina
Resistance	Resistenza
Resistance Penetration	Penetrazione delle resistenze
Resistance Penetration Percent	Penetrazione delle resistenze %
Resistance Penetration Percent:	Penetrazione delle resistenze %:
Resistance Penetration:	Penetrazione delle resistenze:
Resistance Percent	Resistenza %
Resistance Percent:	Resistenza %:
Resistance:	Resistenza:
Resolution	Risoluzione
Resource	Risorsa
Respec	Riassegna
Respec All	Riassegna tutto
Respec All:	Riassegna tutto:
Respec All: 20 points	Riassegna tutto: 20 punti
Respec Cost:	Costo di riassegnazione:
Rest	Riposa
Rest at a campfire to refill combat items	Riposa presso un falò per ricaricare gli oggetti da combattimento
Rest at campfires to refill potions and other combat items.	Riposa ai falò per ricaricare pozioni e altri oggetti da combattimento.
Restorative	Rigenerante
Retaliation	Rappresaglia
Retarget While Casting	Cambia bersaglio durante il lancio
Rewards	Ricompense
Rewind	Riavvolgimento
Rift	Fenditura
Ring	Anello
Riposte	Riposta
Riposte Discipline	Disciplina della Riposta
Ripping	Squarciante
Ripple	Ondulazione
Rippling Echoes	Echi Ondeggianti
Riptide	Marea Impetuosa
River Crossing	Passaggio sul Fiume
Rivercaller's Grove	Boschetto di Rivercaller
Riverside Camp	Campo sul Fiume
Roadside Outpost	Avamposto sulla Strada
Roasted Droop Core	Nucleo di Droop Arrostito
Romantic Companion	Compagno Romantico
Romantic Interest	Interesse Romantico
Roof	Tetto
Roofs	Tetti
Root Spikes	Punte di Radice
Root Stomp	Pestone di Radici
Root Strike Spike	Spina del Colpo di Radice
Root Surge	Ondata di Radici
Root Thrust	Stoccata di Radice
Rootbloom	Fiore di Radici
Rootbound	Legato alle Radici
Rooted	Radicato
Rootfan	Ventaglio di Radici
Rootweaver	Tessiradici
Rosary	Rosary
Rotate	Ruota
Rotting	Putrescente
Rotting Roots	Radici Putrescenti
Rotting Stomp	Pestone Putrescente
Rotting Treant	Treant putrescente
Rotting Treant Empowered	Treant putrescente potenziato
Rough Paper	Carta Grezza
Rounds	Round
Rousing Snarl	Ringhio Incitante
Royal Flush: A, K, Q, J, 10 of the same suit.	Scala Reale Massima: A, K, Q, J, 10 dello stesso seme.
Rug	Tappeto
Rumbler	Rombante
Run by holding	Corri tenendo premuto
Rune	Runa
rune dust	polvere runica
Rune Essence	Essenza runica
Rune essence gain: +10% Coarse & Shaped	Guadagno essenza runica: +10% grezza e modellata
Rune essence gain: +20% Coarse & Shaped	Guadagno essenza runica: +20% grezza e modellata
rune smith	fabbro runico
rune-smithing	forgiatura runica
Rune-smithing	Forgiatura runica
Runed Charm	Ciondolo Runico
runesmithing	forgiatura runica
Runesmithing	Forgiatura runica
Runic Masterpiece	Capolavoro Runico
Rupture	lacerazione
Ruptured	Lacerato
Ruthless	Spietato
Salt	Sale
Salvage	Recupera
Salvage All	Recupera tutto
Salvage all	Recupera tutto
Salvage directly in inventory	Recupera direttamente nell'inventario
Sanctum	Santuario
Sanctum Alpha	Santuario Alpha
Sap Artillery	Artiglieria di Linfa
Sap Bloom	Fioritura di Linfa
Saqi	Saqi
Saqi serves hearty stove dishes and specialist drinks.	Saqi serve piatti sostanziosi da stufa e bevande speciali.
Saqi serves premium feasts and resistance dishes.	Saqi serve banchetti pregiati e piatti che donano resistenza.
Saqi's Kitchen	Cucina di Saqi
Saqi's Tavern	Taverna di Saqi
Savage	Selvaggio
Savage Claw	Artiglio Selvaggio
Savage Frostbite	Morso Gelido Selvaggio
Scarf	Sciarpa
Scavenger Guard Shop	Negozio della Guardia Saccheggiatrice
Scholar	Studioso
Scorching	Bruciante
Scout	Esploratore
scout posts	postazioni degli esploratori
Screen Shake	Scuotimento dello schermo
Scriptura Principiorum	Scriptura Principiorum
Scroll	Scorri
Scroll of Retraining	Pergamena di Riaddestramento
Search	Cerca
Searching for lobbies...	Ricerca delle lobby...
Second Wind	Secondo Respiro
Seed Bomb	Bomba di Semi
Seed Bombs	Bombe di Semi
Seedrot	Marciume di Semi
Seedstorm	Tempesta di Semi
Seeing Red	Vedere Rosso
Seeker Emblem	Emblema del Cercatore
Seismic Echo	Eco Sismica
Seismic Stampede	Carica sismica
Seismic Throne Slam	Schianto del Trono Sismico
Select	Seleziona
Select a movement type	Seleziona un tipo di movimento
Select a server	Seleziona un server
Select a target and lock on with	Seleziona un bersaglio e aggancialo con
Select at least {0} duplicate recipe items	Seleziona almeno {0} oggetti da ricetta duplicati
Select Quantity	Seleziona la quantità
Select the nearby Waygate to Fast Travel.	Seleziona il Varco vicino per il viaggio rapido.
Select to 'Fast Travel'	Seleziona per il viaggio rapido
Selected Server	Server selezionato
Selection changed. Pick your recipe items again	Selezione cambiata. Scegli di nuovo gli oggetti della ricetta
Sell	Vendi
Sell Half	Vendi metà
Sell Item	Vendi oggetto
Sell Stack	Vendi la pila
Send All	Invia tutto
Send everything in the container to your inventory	Invia tutto il contenuto nel tuo inventario
Send Half	Invia metà
Send Item	Invia oggetto
Send Matching	Invia i corrispondenti
Send Stack	Invia la pila
Send To	Invia a
Send to Pet	Invia al compagno
Sent {0} items to {1}	Inviati {0} oggetti a {1}
Septic Aftercut	Taglio Settico
Server	Server
Server is running a different version	Il server usa una versione diversa
Server lobby is full	La lobby del server è piena
Server went offline	Il server è andato offline
Set	Set
Set Bonuses	Bonus dei set
Settings	Impostazioni
Seven	Sette
SFX Volume	Volume degli effetti
Shadow	Ombra
Shadow Art	Arte dell'ombra
Shadow Arts	Arti dell'ombra
Shadow Clone	Clone d'ombra
Shadow Clones	Cloni d'ombra
Shadow Convergence	Convergenza d'ombra
Shadow Dagger	Pugnale d'ombra
Shadow Daggers	Pugnali d'ombra
Shadow Duelist	Duellante d'Ombra
Shadow Quake	Sisma d'Ombra
Shadow Quality	Qualità delle ombre
Shadow Shockwave	Onda d'Ombra
Shadowed Steel	Acciaio Ombrato
Shakers	Scuotitori
Shaman	Sciamano
Shank And Run	Accoltella e Fuggi
Shards	Frammenti
Share Map Fragments	Condividi i frammenti di mappa
Share Waygate Unlocks	Condividi i Varchi sbloccati
Sharp	Affilato
Shatter Equipment	Frantuma equipaggiamento
Shattering	Frantumante
Shatterstun	Stordimento Frantumante
Shazhn's House	Casa di Shazhn
Shazhn's Shop	Negozio di Shazhn
Shieldline	Linea di Scudi
SHIFT	MAIUSC
Shift +	Maiusc +
Shining Fungus Grove	Boschetto dei Funghi Luminosi
Shock	Scossa
Shocking	Folgorante
Shockwave	Onda di Shock
Shop	Negozio
Shot	Tiro
Shoulder Pad	Spallaccio
Shovel	Pala
Show Beacon Arrows	Mostra le frecce dei segnalatori
Show Chat	Mostra la chat
Show Filters	Mostra i filtri
Show Full Party Vitals	Mostra tutti i vitali del gruppo
Show Map Marker Indicators	Mostra gli indicatori dei segnalini
Show Mouse Direction	Mostra la direzione del mouse
Show on Map	Mostra sulla mappa
Show on map	Mostra sulla mappa
Show Only	Mostra solo
Show Other Players Damage	Mostra il danno degli altri giocatori
Show Party Arrows	Mostra le frecce del gruppo
Show Party HUD	Mostra l'HUD del gruppo
Show Party Indicators	Mostra gli indicatori del gruppo
Show Quest Arrows	Mostra le frecce delle missioni
Show Quest Tracker	Mostra il tracciatore missioni
Show Spell Indicators During Cast	Mostra gli indicatori durante il lancio
Show tooltip	Mostra descrizione
Show Tracked Quest	Mostra la missione seguita
Show/Hide Filter Menu	Mostra/nascondi il menu dei filtri
Side Quest	Missione secondaria
Side Quests	Missioni secondarie
Silent Path	Sentiero Silenzioso
Silent Recovery	Recupero Silenzioso
Silver Cat	Gatto Argentato
Silver Ward	Guardia d'Argento
Simple Bracer	Bracciale Semplice
Simple Sash	Fascia Semplice
Simple table for homes and halls.	Un tavolo semplice per case e sale.
Singing Bellflower	Campanula Canterina
Singing Bellflower Plot	Appezzamento di Campanula Canterina
Singing Bellflower Seed	Seme di Campanula Canterina
Singleplayer	Giocatore singolo
Singleplayer World	Mondo per giocatore singolo
Sisters' Grove	Boschetto delle Sorelle
Sit In	Entra al tavolo
Sit Out	Salta il turno
Six	Sei
Skill Points Unlocked: {0}	Punti abilità sbloccati: {0}
Skill Return Book	Libro di Recupero Abilità
Skill Return Scroll	Pergamena di Recupero Abilità
Skill Tree	Albero delle abilità
Skills	Abilità
Skin	Pelle
Slash And Bash	Taglia e Percuoti
Slash and Bash	Taglia e Percuoti
Sleep	Dormi
Sleeping Bag	Sacco a Pelo
Sleeping Droop	Droop dormiente
Slicing	Tagliente
Slow	Rallentamento
Small Rock	Roccia piccola
Smashing	Fracassante
Smashmouth	Smashmouth
Smashmouth Club Swing And Slam	Mazzata e Schianto di Smashmouth
Snake	Serpente
Social	Sociale
Sold out	Esaurito
Solid	Solido
Sonic Bolt	Dardo Sonico
Sonic Daggers	Pugnali Sonici
Sort	Ordina
Sort & Filter	Ordina e filtra
Sort by:	Ordina per:
Soul Mate	Anima Gemella
South Lookout Camp	Campo d'Osservazione Sud
South Ruins Camp	Campo delle Rovine Sud
Southbarrows	Southbarrows
Southern Barrens	Terre Aride Meridionali
SPACE	SPAZIO
space	spazio
Spacebar	Barra spaziatrice
Spawn Elemental Pool	Evoca Pozza Elementale
Spawn Forest Heart	Evoca Cuore della Foresta
Spectating: {0}	Stai osservando: {0}
Speed	Velocità
Speed Up	Accelera
Speed:	Velocità:
Spell	Incantesimo
Spell 1	Incantesimo 1
Spell 2	Incantesimo 2
Spell 3	Incantesimo 3
Spell 4	Incantesimo 4
Spell 5	Incantesimo 5
Spell Already Unlocked	Incantesimo già sbloccato
Spell Haste	Celerità magica
Spell Haste:	Celerità magica:
Spell On Cooldown	Incantesimo in recupero
Spell Unlock	Sblocco incantesimo
Spellbook	Libro degli incantesimi
spellcrafting	creazione di incantesimi
Spells	Incantesimi
Spent Points	Punti spesi
Spider	Ragno
Spike	Spina
Spirit Swap	Scambio Spirituale
Spiritbound	Legato allo Spirito
Spiteful	Rancoroso
Spiteful Bolt	Dardo Malevolo
Split	Dividi
Splitting	Scindente
Sprinting	Scatto
Squirrel	Scoiattolo
Stacking Effect	Effetto ad accumulo
Stairs	Scale
Stalwart	Saldo
Stamina	Vigore
Stamina Percent	Vigore %
Stamina Percent:	Vigore %:
Stamina Potion	Pozione di vigore
Stamina Regen	Rigen. vigore
Stamina Regeneration	Rigenerazione del vigore
Stamina:	Vigore:
Stampede	Carica travolgente
Standing Torch	Torcia a Stelo
Start	Inizia
Starting a new hand.	Inizio di una nuova mano.
Starting nodes cannot be refunded	I nodi iniziali non sono rimborsabili
Statistics	Statistiche
Status Effect	Effetto di stato
Status Effects	Effetti di stato
Stay Nourished, remember to Eat or Drink regularly	Resta nutrito: ricorda di mangiare o bere regolarmente
Steadfast Ally	Alleato Fedele
Steady Companion	Compagno Stabile
Stealth	Furtività
Steam is not available.	Steam non è disponibile.
Stillwater	Acqua Ferma
Stoic	Stoico
Stone	Pietra
Stone Door	Porta di Pietra
Stone Door Frame	Telaio di Pietra
Stone Doorway	Vano di Porta di Pietra
Stone Fence	Recinto di Pietra
Stone Fence Gate	Cancello di Pietra
Stone Floor	Pavimento di Pietra
Stone Foundation	Fondazione di Pietra
Stone Nails	Chiodi di Pietra
Stone Pathing	Lastricato di Pietra
Stone Pickaxe	Piccone di Pietra
Stone Quarry	Cava di Pietra
Stone Throw	Lancio di Pietra
Stone Throwing Knife	Coltello da Lancio di Pietra
Stone Wall	Muro di Pietra
Stone Woodcutting Axe	Ascia da Legna di Pietra
Stonehide	Pelle di Pietra
Stonehoove	Zoccolo di Pietra
Stop Current Item In Queue	Interrompi l'oggetto in coda
Storage	Deposito
Storm Aura	Aura Tempestosa
Storm Aura Shock	Scossa dell'Aura di Tempesta
Str	For
Straight	Diretto
Straight to the	Subito al
Stranger	Sconosciuto
Strength	Forza
Strength:	Forza:
Strike	Taglio
Strike Armor	Armatura da taglio
Strike Armor:	Armatura da taglio:
Strike Damage	Danno da taglio
Strike Damage:	Danno da taglio:
Strike Piercing	Penetrazione da taglio
Strike Piercing:	Penetrazione da taglio:
Strong Straight	Diretto potente
Structures	Strutture
Studded Amulet	Amuleto Borchiato
Stun	Stordimento
Stun Build	Accumulo di stordimento
Stun Build-up	Accumulo di stordimento
Stun Buildup Increase:	Aumento accumulo stordimento:
Stun Damage	Danno da stordimento
Stun Shatter Burst	Scarica Frantumante
Stunned	Stordito
Stunning Pounce	Balzo Stordente
Stunning Tempo	Tempo Stordente
SUB-ENTRIES	SOTTOVOCI
Sudden Stride	Falcata Improvvisa
Sundering	Squassante
Sunflower Patch	Aiuola di Girasoli
Super Ultra Wide (1440p)	Super ultrapanoramico (1440p)
Support	Supporto
Surge	Ondata
Surge Of Mastery	Ondata di Maestria
Surge of Mastery	Ondata di Maestria
Surgecasting	Lancio d'Ondata
Surged	Montante
Surging	Montante
Suspicious Shop	Negozio sospetto
Suspicious Trader	Mercante sospetto
Swap	Cambio
Swap to Earlwood Map and select Earlwood Village Waygate.	Passa alla mappa di Earlwood e seleziona il Varco del Villaggio.
Swift	Veloce
Swift Strike	Colpo Veloce
Swiftstep	Passo Rapido
Switch page	Cambia pagina
Sword	Spada
Sword Swap	Cambio a spada
Sylbos	Sylbos
Tab	Tab
Table	Tavolo
Take All	Prendi tutto
Take all	Prendi tutto
Take Matching	Prendi i corrispondenti
Talk	Parla
Tall Earlwood Pot Plant	Pianta Alta in Vaso di Earlwood
Tamsin	Tamsin
Tamsin Required	Richiede Tamsin
Tamsin's Shop	Negozio di Tamsin
Target needs at least {0} {1} stacks	Il bersaglio necessita di almeno {0} cariche di {1}
Target not an Ally	Il bersaglio non è un alleato
Target not in Range	Bersaglio fuori portata
Teleport	Teletrasporto
Teleport To:	Teletrasporto a:
Tempered Bracer	Bracciale Temprato
Tempered Cincture	Cintura Temprata
Tempo Conversion	Conversione di Tempo
Temporal	Temporale
Temporal Cleave	Fendente Temporale
Temporal Echo	Eco temporale
Temporal Pressure	Pressione temporale
Temporal Ripple	Ondulazione Temporale
Temporal Rot	Marciume Temporale
Temporal Surge	Ondata temporale
Ten	Dieci
Tender	Tender
Tenderberry	Tenderberry
Tenderberry Plot	Appezzamento di Tenderberry
Tenderberry Seed	Seme di Tenderberry
Tenderberry Tea	Tè di Tenderberry
Tendon Slice	Taglio dei Tendini
Tent	Tenda
That chest is full.	Quella cassa è piena.
That crafting slot is full.	Quello slot di produzione è pieno.
That item does not teach a craftable recipe	Quell'oggetto non insegna una ricetta realizzabile
That name is reserved and cannot be used	Quel nome è riservato e non si può usare
That name is too long to save. Please use fewer characters	Quel nome è troppo lungo da salvare. Usa meno caratteri
That node cannot be refunded	Quel nodo non è rimborsabile
That node isn't purchased	Quel nodo non è stato acquistato
That party name is already taken	Quel nome di gruppo è già in uso
That player is already in a party	Quel giocatore è già in un gruppo
That player is already in your party	Quel giocatore è già nel tuo gruppo
That player is not in this party	Quel giocatore non è in questo gruppo
That player is not in your party	Quel giocatore non è nel tuo gruppo
That stack is already fully selected	Quella pila è già selezionata per intero
Thaumablossom	Thaumablossom
Thaumablossom Plot	Appezzamento di Thaumablossom
Thaumablossom Seed	Seme di Thaumablossom
Thaumablossom Tea	Tè di Thaumablossom
The auto-drink slot's stack is already full	La pila dello slot di idratazione è già piena
The auto-eat slot's stack is already full	La pila dello slot di alimentazione è già piena
The bells of Dimraeth toll for {0}	Le campane di Dimraeth suonano per {0}
The Corrupted Glade	La Radura Corrotta
The Earlwood Banner Weaver	La Tessitrice di Stendardi di Earlwood
The Earlwood Guild Leader	Il capo della Gilda di Earlwood
The Earlwood Guild Trainer	L'Addestratore della Gilda di Earlwood
The Earlwood Scout	L'esploratore di Earlwood
The first hand begins in {0} seconds...	La prima mano inizia in {0} secondi...
The Forest Path	Il Sentiero della Foresta
The Forest Throne	Il Trono della Foresta
The Gentlest Spirit	Lo spirito più gentile
The Gnawed Tunnels	I Tunnel Rosicchiati
The Greater Wildwood	Il Grande Wildwood
The Guild Hall	La Sede della Gilda
The Guild's Communal Campfire	Il Falò Comune della Gilda
The Hoard Halls	Le Sale del Tesoro
The Hoard King's Den	La Tana del Re del Tesoro
The Longest Name	Il Nome Più Lungo
The Lost Caverns	Le Caverne Perdute
The Lost Caverns Tutorial	Tutorial delle Caverne Perdute
The Rootcall Veil	Il Velo del Richiamo delle Radici
The Rootward Road	La Strada delle Radici
The Ruins of Lost Lament	Le Rovine del Lamento Perduto
The Sanctum	Il Santuario
The Sanctum Waygate	Il Varco del Santuario
The Sealed Approach	L'Accesso Sigillato
The Sealed Approach Camp	Campo dell'Accesso Sigillato
The server has a different difficulty than this character	Il server ha una difficoltà diversa da questo personaggio
The Shard Court	La Corte dei Frammenti
The table is full.	Il tavolo è pieno.
The Traveling Merchant	Il mercante ambulante
The Travelling Merchant	Il Mercante Itinerante
The Twisting Woods	I Boschi Tortuosi
The Twisting Woods Camp	Campo dei Boschi Tortuosi
The Wildwood Golem	Il Golem di Wildwood
Thelongestnamee	Thelongestnamee
Thick Skin	Pelle Spessa
Thickblood Broth	Brodo di Sangue Denso
Third Strike	Terzo Colpo
Thirst	Sete
This action is on cooldown	Questa azione è in recupero
This belongs to another player.	Questo appartiene a un altro giocatore.
This deed is already in progress	Questo incarico è già in corso
This item can be refilled by resting at a campfire	Questo oggetto si ricarica riposando presso un falò
This item is locked	Questo oggetto è bloccato
This recipe requires: {0}	Questa ricetta richiede: {0}
This server only allows new characters or returning players	Questo server ammette solo personaggi nuovi o di ritorno
This tier is not yet unlocked	Questo grado non è ancora sbloccato
This world accepts new characters only	Questo mondo accetta solo nuovi personaggi
Thorn Spikes	Punte di Spine
Thornborn	Nato dalle Spine
Three	Tre
Thrust	Perforante
Thrust Armor	Armatura perforante
Thrust Armor:	Armatura perforante:
Thrust Damage	Danno perforante
Thrust Damage:	Danno perforante:
Thrust Piercing	Penetrazione perforante
Thrust Piercing:	Penetrazione perforante:
Tidal Wave	Onda di Marea
Tidepool	Pozza di Marea
Tidestorm	Tempesta di Marea
Time	Tempo
Time Magic	Magia del tempo
Timeless Flames	Fiamme Atemporali
Timeless Void	Vuoto eterno
Tips	Suggerimenti
Title	Titolo
To <color=#FFDA00>attack</color> press 	Per <color=#FFDA00>attaccare</color> premi 
To <color=#FFDA00>block</color> hold	Per <color=#FFDA00>parare</color> tieni premuto
To <color=#FFDA00>block</color> press 	Per <color=#FFDA00>parare</color> premi 
To <color=#FFDA00>dash</color> press	Per <color=#FFDA00>scattare</color> premi
To <color=#FFDA00>lock the target</color> press 	Per <color=#FFDA00>bloccare il bersaglio</color> premi 
To <color=#FFDA00>run</color> hold	Per <color=#FFDA00>correre</color> tieni premuto
to cancel	per annullare
to interact and collect the items	per interagire e raccogliere gli oggetti
To pick up the item Press	Per raccogliere l'oggetto premi
to revive	per rianimare
to revive at the nearest waypoint.	per rianimarti al punto di passaggio più vicino.
Toggle Break Equipment	Attiva/disattiva rottura equipaggiamento
Toggle Stats Dropdown	Apri/chiudi l'elenco delle statistiche
Toggle Tooltips	Mostra/nascondi descrizioni
Too heavy to travel. Store or drop some weight first.	Troppo pesante per viaggiare. Deposita o getta del peso.
Too heavy, dropping excess.	Troppo pesante, getto l'eccesso.
Tool Level	Livello strumento
Tools	Strumenti
Total	Totale
Total Attributes	Attributi totali
Total Banned Players	Giocatori banditi in totale
Toxic	Tossico
Toxic Oil	Olio Tossico
Toxic Oil Coating	Rivestimento di Olio Tossico
Toxic Slice	Taglio Tossico
Toxicbloom	Fiore Tossico
Track Name	Nome traccia
Track Quest	Segui missione
Track your New Quest in the Quest Menu with	Segui la nuova missione nel menu Missioni con
Trade	Scambia
Trail Fork	Bivio del Sentiero
Train	Allena
Trainer	Addestratore
Training Dummy	Manichino da allenamento
Transfer all items	Trasferisci tutti gli oggetti
Transfer All to Inventory	Trasferisci tutto nell'inventario
Transfer Item	Trasferisci oggetto
Transfer item	Trasferisci oggetto
Transfer Stack	Trasferisci la pila
Trap	Trappola
Travel	Viaggia
Traveling Merchant	Mercante ambulante
Traveller	Viandante
Treant	Treant
Treant Attack	Attacco di Treant
Treant Empowered	Treant potenziato
Treant Head	Testa di Treant
Treant Heart	Cuore di Treant
Treant Stool	Sgabello di Treant
Treant Swipe	Fendente di Treant
Treant Trophy	Trofeo di Treant
Treant Wood	Legno di Treant
Treant Wood Stool	Sgabello di Legno di Treant
Treants	Treant
Tree Growth	Crescita dell'Albero
Tree-Father	Padre degli Alberi
tree-father	padre degli alberi
tree-folk	gente degli alberi
Treefathers	Padri degli Alberi
Troll	Troll
TURN IN	CONSEGNA
Twin Daggers	Pugnali gemelli
Two	Due
Type	Tipo
TYPE	TIPO
Types	Tipi
Tyrant Quake	Sisma del Tiranno
UI Scaling	Scala dell'interfaccia
Unable to fetch lobbies.	Impossibile recuperare le lobby.
Unable to load news	Impossibile caricare le novità
Uncommon	Non comune
Under Root Camp	Campo Sottoradice
Under-coat	Sottoveste
Unknown	Sconosciuto
Unknown Hand	Mano sconosciuta
Unknown host	Ospite sconosciuto
Unlock Builds	Sblocca le costruzioni
Unraveling	Disfacente
Untargetable	Non bersagliabile
Unyielding	Inflessibile
Upgrade	Migliora
Upgrade Cost	Costo del miglioramento
Upgrade Saqi to expand her menu of crafted meals.	Migliora Saqi per ampliare il suo menu di pasti preparati.
Use	Usa
Use <color=#FFDA00>Map Crystals</color> to fill in your Map.	Usa i <color=#FFDA00>cristalli di mappa</color> per completare la mappa.
Use/Equip	Usa/Equipaggia
Used In	Usato in
Utility	Utilità
Vanguard	Avanguardia
Vanish	Dissolvenza
Vanishing Strike	Colpo dissolvente
Vehement Cleave	Fendente veemente
Venom Spit	Sputo Velenoso
Venomous	Velenoso
Versatile Warrior	Guerriero Versatile
Veylenth Vordae	Veylenth Vordae
Virulent Casting	Lancio Virulento
Vital Conduit	Condotto Vitale
Vitals	Vitali
Vitals & Utility	Vitali e utilità
Void	Vuoto
Vortex	Vortice
VSync	VSync
Wait for revival or hold 	Attendi la rianimazione o tieni premuto 
Waiting for another player to join...	In attesa di un altro giocatore...
Waiting for player to sleep	In attesa che il giocatore dorma
Walk up to the chest and interact	Avvicinati alla cassa e interagisci
Walk up to the chest and press	Avvicinati alla cassa e premi
Wall	Muro
Wall Decor	Decorazioni da muro
Wall-mounted trophy from a felled Goblin King.	Trofeo da muro ricavato da un Re Goblin abbattuto.
Wall-mounted trophy from a felled Treant.	Trofeo da muro ricavato da un Treant abbattuto.
Walls	Muri
War Banner	Stendardo di Guerra
War Cat	Gatto da Guerra
War Roar	Ruggito di Guerra
ward stake	palo protettivo
ward-stone	pietra protettiva
ward-work	trama protettiva
Wardbound	Legato alla Guardia
warding banner	stendardo protettivo
Warming Broth	Brodo Riscaldante
Water	Acqua
Water Flask	Fiasca d'Acqua
Water Pool	Pozza d'Acqua
Water Surge	Ondata d'Acqua
Water Well	Pozzo d'Acqua
Wave	Onda
Wave Strike	Colpo d'onda
way-stones	pietre del cammino
Wayfinder Line	Linea dei Cercavia
Waygate	Varco
Waygate Menu	Menu dei Varchi
Waygate Scroll	Pergamena del Varco
Waygate:	Varco:
Waygates	Varchi
Waypoint	Punto di passaggio
Waypoints	Punti di passaggio
waystone	pietra del cammino
Waystone Burrow	Tana della Pietra del Cammino
Waywell	Pozzo del Cammino
Weak Health Extract	Estratto Debole di Salute
Weak Magic Extract	Estratto Debole di Magia
Weak Point Sense	Senso del Punto Debole
Weapon	Arma
Weapon Oil	Olio per armi
Weapon Swap	Cambio arma
Weather:	Meteo:
Weaving Jabs	Jab Intrecciati
Weight	Peso
Welcome to Dimraeth!	Benvenuto a Dimraeth!
Well Rested	Ben riposato
Well Rested Buff	Bonus Ben Riposato
West Lookout Camp	Campo d'Osservazione Ovest
West River Camp	Campo del Fiume Ovest
Whirl Of Gore	Vortice di Sangue
Wild Strider	Passo Silvestre
Wildfire	Incendio Selvaggio
Wildroot Father	Padre delle Radici Selvatiche
Wildstrider	Passosilvestre
Wildwood	Wildwood
Wildwood Aetherfang Wolf	Lupo Zanna d'Etere di Wildwood
Wildwood Aetherfang Wolf Empowered	Lupo Zanna d'Etere di Wildwood potenziato
Wildwood Caverns	Caverne di Wildwood
Wildwood Center	Centro di Wildwood
Wildwood East Waygate	Varco Est di Wildwood
Wildwood Forest	Foresta di Wildwood
Wildwood North Waygate	Varco Nord di Wildwood
Wildwood Pine	Pino di Wildwood
Wildwood Pine Door Frame	Telaio di Pino di Wildwood
Wildwood Pine Floor	Pavimento di Pino di Wildwood
Wildwood Pine Pillar	Pilastro di Pino di Wildwood
Wildwood Pine Stairs	Scale di Pino di Wildwood
Wildwood Pine Wall	Muro di Pino di Wildwood
Wildwood Roadside Camp	Campo sulla Strada di Wildwood
Wildwood Ruins	Rovine di Wildwood
Wildwood Wolf	Lupo di Wildwood
Wildwood Wolf Alpha	Lupo di Wildwood alfa
Wildwood Wolf Alpha B	Lupo di Wildwood alfa B
Wildwood Wolf Empowered	Lupo di Wildwood potenziato
Window	Finestra
Winter Focus	Concentrazione Invernale
Winterguard	Guardia Invernale
Wishlist	Lista dei desideri
With Character	Con il personaggio
With Friends	Con gli amici
Withering	Avvizzente
Woldroot Stomp	Pestone di Woldroot
Woldroot Swipe	Fendente di Woldroot
Woldroot The Path Guardian	Woldroot il Guardiano del Sentiero
Wolf Fang	Zanna di Lupo
Wolf Pack Sense	Senso del Branco
Wolf Pounce	Balzo del Lupo
Wolves	Lupi
Wood Planks	Tavole di Legno
Wood Wall	Muro di Legno
Woodfire Stove	Stufa a legna
Woodfire Stove Required	Richiede una stufa a legna
Woodland Flax	Lino silvestre
Workbench	Banco da lavoro
Workbench Required	Richiede un banco da lavoro
Workbenches	Banchi da lavoro
Workers periodically harvest Copper Ore.	I lavoratori raccolgono periodicamente Minerale di Rame.
Workers periodically harvest Heart Oak.	I lavoratori raccolgono periodicamente Quercia del Cuore.
Workers periodically harvest Stone.	I lavoratori raccolgono periodicamente Pietra.
Workers periodically harvest Wildwood Pine.	I lavoratori raccolgono periodicamente Pino di Wildwood.
World	Mondo
World Difficulty	Difficoltà del mondo
World name is already used or reserved	Il nome del mondo è già in uso o riservato
World name is too long	Il nome del mondo è troppo lungo
World name must be at least 2 characters	Il nome del mondo deve avere almeno 2 caratteri
world name required	nome del mondo obbligatorio
World Options	Opzioni del mondo
Worp Plant	Pianta di Worp
Worps	worp
worps	worp
XP increased	XP aumentati
Xwin	Xwin
Xwin Dreadhorn	Cornispavento di Xwin
Year	Anno
Years	Anni
Yes	Sì
You are already in a party	Sei già in un gruppo
You are blocked by that player	Quel giocatore ti ha bloccato
You are carrying too much weight to unequip this pet.	Trasporti troppo peso per rimuovere questo compagno.
You are currently in combat	Sei in combattimento
You are getting hungry. Health is reduced.	Stai diventando affamato. La salute è ridotta.
You are Incapacitated!	Sei incapacitato!
You can only assign combat items to quick slots	Negli slot rapidi puoi assegnare solo oggetti da combattimento
You can only have one bandage equipped	Puoi equipaggiare una sola benda
You can only have one boon potion equipped	Puoi equipaggiare una sola pozione del favore
You can only have one burn salve equipped	Puoi equipaggiare un solo unguento per ustioni
You can only have one concentration potion equipped	Puoi equipaggiare una sola pozione di concentrazione
You can only have one health potion equipped	Puoi equipaggiare una sola pozione di salute
You can only have one offensive tool equipped	Puoi equipaggiare un solo strumento offensivo
You can only have one poison cure equipped	Puoi equipaggiare un solo antidoto
You can only have one stamina potion equipped	Puoi equipaggiare una sola pozione di vigore
You can only have one weapon oil equipped	Puoi equipaggiare un solo olio per armi
You cannot carry that much weight	Non puoi trasportare tutto quel peso
You cannot carry that much weight.	Non puoi trasportare tutto quel peso.
You cannot do that during combat	Non puoi farlo durante il combattimento
You cannot drop that	Non puoi gettarlo
You cannot put your pet into their own backpack.	Non puoi mettere il compagno nel suo stesso zaino.
You do not have enough space for that	Non hai spazio sufficiente
You do not have the required attributes	Non hai gli attributi richiesti
You don't own this pet.	Questo compagno non è tuo.
You feel thirsty. Stamina and concentration are reduced.	Hai sete. Vigore e concentrazione sono ridotti.
You have already unlocked this buildable	Hai già sbloccato questa costruzione
You have already unlocked this recipe	Hai già sbloccato questa ricetta
You have already unlocked this spell	Hai già sbloccato questo incantesimo
You have been invited to join party: {0}	Sei stato invitato a unirti al gruppo: {0}
You have been kicked from the party	Sei stato espulso dal gruppo
You have left the party	Hai lasciato il gruppo
You haven't learned this recipe yet. Use the item instead	Non hai ancora appreso questa ricetta. Usa invece l'oggetto
You leveled up!	Sei salito di livello!
You must be in a party to be a leader	Devi essere in un gruppo per esserne il capo
You must be in a party to leave	Devi essere in un gruppo per uscirne
You must be invited to a party	Devi essere invitato a un gruppo
You must be the party leader to disband a party	Devi essere il capogruppo per scioglierlo
You must be the party leader to transfer party ownership	Devi essere il capogruppo per trasferirne la proprietà
You must leave your current party first	Devi prima lasciare il gruppo attuale
You rested	Ti sei riposato
You slept until {0}:00	Hai dormito fino alle {0}:00
You've already recently invited that player	Hai già invitato quel giocatore di recente
Your Character	Il tuo personaggio
Your character's archetype based on race and class.	L'archetipo del tuo personaggio, in base a razza e classe.
Your character's class.	La classe del tuo personaggio.
Your character's name.	Il nome del tuo personaggio.
Your character's race.	La razza del tuo personaggio.
Your current level.	Il tuo livello attuale.
Your level is too low to equip this item	Il tuo livello è troppo basso per questo oggetto
Your nourishment is low. Regeneration is reduced.	Il tuo nutrimento è basso. La rigenerazione è ridotta.
Your party is already at the maximum size	Il tuo gruppo ha già raggiunto la dimensione massima
Your World	Il tuo mondo
{0} - Set active	{0} - Set attivo
{0} - {1}-Piece: {2}	{0} - {1} pezzi: {2}
{0} bet {1} chips.	{0} ha puntato {1} fiche.
{0} Bleeding Duration	{0} Durata sanguinamento
{0} Blunt Armor	{0} Armatura contundente
{0} Blunt Piercing	{0} Penetrazione contundente
{0} Burning Duration	{0} Durata ustione
{0} called.	{0} ha chiamato.
{0} cannot sit in (not enough gold).	{0} non può entrare (oro insufficiente).
{0} checked.	{0} ha passato.
{0} Chill Duration	{0} Durata gelo
{0} class is required for this spell	Questo incantesimo richiede la classe {0}
{0} Decay Piercing	{0} Penetrazione da decadimento
{0} Decay Resistance	{0} Resistenza al decadimento
{0} Electricity Piercing	{0} Penetrazione da elettricità
{0} Electricity Resistance	{0} Resistenza all'elettricità
{0} Ether Piercing	{0} Penetrazione da etere
{0} Ether Resistance	{0} Resistenza all'etere
{0} Fire Piercing	{0} Penetrazione da fuoco
{0} folded.	{0} si è ritirato.
{0} has been kicked from the party	{0} è stato espulso dal gruppo
{0} has begun to rest	{0} ha iniziato a riposare
{0} has begun to sleep	{0} ha iniziato a dormire
{0} has decayed away!	{0} si è decomposto!
{0} has decayed into {1}!	{0} si è decomposto in {1}!
{0} has disconnected	{0} si è disconnesso
{0} has joined the party	{0} si è unito al gruppo
{0} has joined the server	{0} è entrato nel server
{0} has joined the table in seat {1}.	{0} si è unito al tavolo al posto {1}.
{0} has killed {1}	{0} ha ucciso {1}
{0} has killed {1} with {2}	{0} ha ucciso {1} con {2}
{0} has left the party	{0} ha lasciato il gruppo
{0} is asking for support	{0} chiede supporto
{0} is now level {1}	{0} è ora di livello {1}
{0} is now the big blind.	{0} è ora il buio grande.
{0} is now the party leader	{0} è ora il capogruppo
{0} is now the small blind.	{0} è ora il buio piccolo.
{0} is playing on {1} mode	{0} sta giocando in modalità {1}
{0} is requesting to make rest	{0} chiede di riposare
{0} is reserved	{0} è riservato
{0} is sitting out (not enough gold for the buy-in).	{0} salta il turno (oro insufficiente per l'ingresso).
{0} Poison Duration	{0} Durata veleno
{0} Poison Piercing	{0} Penetrazione da veleno
{0} race is required for this spell	Questo incantesimo richiede la razza {0}
{0} Rage Duration	{0} Durata furia
{0} raised {1} chips.	{0} ha rilanciato di {1} fiche.
{0} ran out of chips and is sitting out.	{0} ha esaurito le fiche e salta il turno.
{0} ran out of chips and left the table.	{0} ha esaurito le fiche e ha lasciato il tavolo.
{0} ran out of time and folds.	{0} ha esaurito il tempo e passa.
{0} ready to harvest	{0} pronto per il raccolto
{0} refilled	{0} ricaricato
{0} reset	{0} azzerato
{0} returned	{0} restituito
{0} sat back in.	{0} è rientrato.
{0} sat out.	{0} salta il turno.
{0} shown / {1} found	{0} mostrati / {1} trovati
{0} still growing	{0} è ancora in crescita
{0} Strike Armor	{0} Armatura da taglio
{0} Strike Piercing	{0} Penetrazione da taglio
{0} Thrust Armor	{0} Armatura perforante
{0} Thrust Piercing	{0} Penetrazione perforante
{0} tie for the pot of {1}! Each receives {2}.	{0} pareggiano per il piatto di {1}! Ognuno riceve {2}.
{0} wants help attacking {1}	{0} chiede aiuto per attaccare {1}
{0} wants someone to pick up {1}	{0} chiede a qualcuno di raccogliere {1}
{0} wants to defend {1}	{0} vuole difendere {1}
{0} wants to harvest {1}	{0} vuole raccogliere {1}
{0} wants to talk to {1}	{0} vuole parlare con {1}
{0} went all-in with {1} chips.	{0} è andato all-in con {1} fiche.
{0} wins a side pot of {1} with {2}.	{0} vince un piatto laterale di {1} con {2}.
{0} wins the main pot of {1}.	{0} vince il piatto principale di {1}.
{0} wins the pot of {1} with {2}.	{0} vince il piatto di {1} con {2}.
{0} {1}/sec	{0} {1}/sec
{0}'s hand was folded automatically.	La mano di {0} è stata passata automaticamente.
