CODEX_BUILDBARRELCHAIR_DESC	Sedie a botte del Villaggio di Earlwood.
CODEX_BUILDDIRTPATCH_DESC	Una porzione di terreno arato. Puramente decorativa: puoi costruirci sopra qualsiasi cosa.
CODEX_BUILDDUMMY_DESC	Un manichino da allenamento in legno
CODEX_BUILDEARLWOODBANNER_DESC	Stendardo del Villaggio di Earlwood
CODEX_BUILDEARLWOODBED_DESC	Un robusto letto del villaggio per dormire e recuperare. Usa per dormire. <x1/> Conferisce il Bonus Ben Riposato: <x2/> Bonus XP dai mostri: 15% <x3/> Decadimento di Fame e Sete ridotto: 10% <x4/> Durata: 15 minuti
CODEX_BUILDEARLWOODPOTPLANT_DESC	Piante in vaso del Villaggio di Earlwood
CODEX_BUILDEARLWOODWALLBANNER_DESC	Stendardo da muro del Villaggio di Earlwood
CODEX_BUILDHEARTOAKDOORWAY_DESC	Telaio in Durame
CODEX_BUILDHEARTWOODDOOR_DESC	Tieni chiusa la tua stanza
CODEX_BUILDHEARTWOODDOOR_NAME	Porta in Durame
CODEX_BUILDHEARTWOODFOUNDATION_DESC	Una fondazione in durame per una casa.
CODEX_BUILDLARGETENT_DESC	Una tenda da spedizione logora per allestire un campo. Usa per dormire. <x1/> Conferisce il Bonus Ben Riposato: <x2/> Bonus XP dai mostri: 10% <x3/> Decadimento di Fame e Sete ridotto: 5% <x4/> Durata: 10 minuti
CODEX_BUILDLINENRUG_DESC	Un semplice tappeto di lino colorato
CODEX_BUILDPINEWOODCHAIR_DESC	Una semplice sedia di legno.
CODEX_BUILDPINEWOODDOORFRAME_DESC	Telaio di Pino
CODEX_BUILDPINEWOODMILL_DESC	Un mulino che produce periodicamente Pino di Wildwood da raccogliere.
CODEX_BUILDPINEWOODWALL_DESC	Muri di Pino
CODEX_BUILDTALLEARLWOODPOTPLAN_DESC	Piante in vaso del Villaggio di Earlwood
CODEX_BUILDTENT_DESC	Una tenda da spedizione logora per allestire un campo. Usa per dormire. <x1/> Conferisce il Bonus Ben Riposato: <x2/> Bonus XP dai mostri: 10% <x3/> Decadimento di Fame e Sete ridotto: 5% <x4/> Durata: 10 minuti
CODEX_BUILDTREANTSTOOL_DESC	Un sedile basso intagliato nel legno di Treant. Freme ancora di vita.
CODEX_CAT_BUILDING_BLURB	Tutto ciò che puoi costruire sul tuo terreno. Muri, laboratori, comodità e curiosità.
CODEX_CAT_BUILDING_NAME	Costruzioni
CODEX_CAT_CRAFTING_BLURB	Ogni ricetta che puoi apprendere. Cosa produce, quanto costa e cosa permette di ottenere.
CODEX_CAT_DAMAGETYPES_BLURB	I danni nel mondo appartengono a diversi tipi, ciascuno contrastato, penetrato e amplificato separatamente.
CODEX_CAT_DAMAGETYPES_NAME	Tipi di danno
CODEX_CAT_DEFENCE_BLURB	La Difesa comprende tutto ciò che riduce il danno subito. Il danno in arrivo viene ridotto da una formula:<x1/><x2/><x3/><x4/>Riduzione % = Difesa × 100 / (Difesa + 100) - Penetrazione dell'attaccante<x5/><x6/><x7/><x8/>Difesa = (Livello + Bonus fissi) × (1 + Bonus %)<x9/><x10/><x11/><x12/>Difesa - Armatura contro danni da Taglio, Perforanti e Contundenti; Resistenza contro ogni elemento, calcolata separatamente.<x13/><x14/>Livello - ogni personaggio e mostro ha una difesa di base pari al proprio livello.<x15/><x16/>Bonus fissi - Armatura e Resistenza da equipaggiamento, Albero delle abilità ed effetti, sommate fra loro.<x17/><x18/>Bonus % - aumenti percentuali sommati fra loro e applicati una sola volta.<x19/><x20/>Penetrazione - la statistica di Penetrazione corrispondente dell'attaccante, sottratta alla tua riduzione.<x21/><x22/><x23/><x24/>Rendimenti decrescenti: 100 Difesa dimezza il danno subito e ogni punto successivo incide meno del precedente. Aumentarla aiuta sempre, ma non rende immuni. Ogni colpo infligge almeno 1 danno.
CODEX_CAT_EFFECTS_BLURB	Condizioni inflitte quando si riempie un indicatore di accumulo nascosto. Alcune danneggiano, altre debilitano, molte fanno entrambe le cose.
CODEX_CAT_EFFECTS_NAME	Effetti ad accumulo
CODEX_CAT_EMPOWERMENTS_BLURB	Mostri rari che compaiono con un singolo potenziamento, una corruzione che conferisce loro un'abilità aggiuntiva.
CODEX_CAT_EMPOWERMENTS_NAME	Mostri potenziati
CODEX_CAT_MONSTERS_BLURB	Le creature delle terre selvagge. Conosci il tuo nemico prima che sia lui a conoscere te.
CODEX_CAT_MONSTERS_NAME	Mostri
CODEX_CAT_NPCS_BLURB	La gente del regno. Alleati, mercanti e misteri.
CODEX_CAT_NPCS_NAME	Persone
CODEX_CAT_OFFENCE_BLURB	L'Offesa comprende tutto ciò che determina la potenza dei tuoi attacchi. Ogni colpo segue una formula:<x1/><x2/><x3/><x4/>Danno = Moltiplicatore dell'attacco × Potere × (1 + Statistiche della fonte + Statistiche del tipo) × (1 + Effetti più forti) × (1 - Riduzione del bersaglio)<x5/><x6/><x7/><x8/>Moltiplicatore dell'attacco - la potenza dell'attacco o dell'incantesimo stesso.<x9/><x10/>Potere - Potere fisico per danni da Taglio, Perforanti e Contundenti; Potere magico per gli elementi.<x11/><x12/>Statistiche della fonte - i tuoi bonus percentuali al Danno fisico o al Danno magico, sommati fra loro.<x13/><x14/>Statistiche del tipo - bonus percentuali al tipo preciso di danno, come Danno da fuoco o Danno da taglio, sommati fra loro.<x15/><x16/>Effetti più forti - i bonus attivi dello stesso genere non si accumulano; si applicano l'effetto della fonte più forte e quello del tipo più forte, sommandoli fra loro.<x17/><x18/>Riduzione del bersaglio - vedi la categoria Difesa.<x19/><x20/><x21/><x22/>I colpi critici moltiplicano il risultato per il tuo Danno critico. Ogni colpo infligge almeno 1 danno.
CODEX_CAT_SPELLS_BLURB	Ogni arte di guerra e meraviglia che un eroe può apprendere. Costi, tempi di recupero e ciò che lasciano dietro di sé.
CODEX_CAT_TIMEDEFFECTS_BLURB	Condizioni temporanee con durata limitata. Bonus e penalità da pozioni, cibo, incantesimi e attacchi nemici. Scadono da soli; fonti più forti applicano versioni più durature o potenti.<x1/>Le icone nella barra degli effetti sono di due tipi. Gli effetti attivi sono condizioni applicate a te; ricevere di nuovo lo stesso effetto non lo accumula, perché vale solo l'istanza più forte. I bonus passivi si attivano tramite abilità ed equipaggiamento e si sommano a tutti gli altri bonus.<x2/>Passa il puntatore su un'icona per vederne il tipo.
CODEX_CAT_TIMEDEFFECTS_NAME	Effetti
CODEX_CAT_UTILITY_BLURB	Statistiche utili fuori dal combattimento: quanto bene sostieni gli altri, quanto velocemente viaggi e quanto puoi trasportare.
CODEX_CAT_VITALS_BLURB	Le risorse fondamentali per continuare a combattere: Salute, Concentrazione, Vigore e il Nutrimento che le rifornisce.
CODEX_EFFECTALACRITY_DESC	Un bonus cumulabile che accelera gli attacchi base.<x1/>Ogni accumulo aumenta la tua Velocità d'attacco del 2%.<x2/>Si ottiene da alcune tecniche di combattimento.
CODEX_EFFECTBLEEDING_DESC	Un effetto cumulabile di danno nel tempo.<x1/>Ogni accumulo infligge danni ogni secondo in base al Potere fisico dell'attaccante. Altri colpi che causano Sanguinamento aggiungono accumuli.<x2/><x3/><x4/><x5/><x6/>L'equipaggiamento può prolungarne la durata e amplificarne il danno.
CODEX_EFFECTBURNING_DESC	Un effetto cumulabile di danno nel tempo.<x1/>Ogni accumulo infligge danni ogni secondo in base al Potere magico dell'attaccante. Altri colpi che causano Ustione aggiungono accumuli.<x2/><x3/><x4/><x5/><x6/>L'equipaggiamento può prolungarne la durata e amplificarne il danno.
CODEX_EFFECTCHILL_DESC	Una penalità cumulabile che rallenta la vittima.<x1/>Ogni accumulo riduce la Velocità di movimento del 2%.<x2/>Il Gelo viene applicato soprattutto dagli attacchi di Ghiaccio.<x3/><x4/><x5/><x6/><x7/>L'equipaggiamento può prolungarne la durata e potenziarne il rallentamento.
CODEX_EFFECTCROSSBOWSWAP_DESC	Un bonus cumulabile ottenuto passando alla balestra. Ogni accumulo aumenta la tua Velocità di movimento finché dura.
CODEX_EFFECTDOUBLESTRIKE_DESC	Un bonus cumulabile che raddoppia gli attacchi.<x1/>Finché hai accumuli, ogni colpo ne consuma uno e infligge due volte il proprio danno.<x2/><x3/><x4/><x5/><x6/>L'equipaggiamento può prolungarne la durata.
CODEX_EFFECTFROSTBOUND_DESC	Un bonus cumulabile che ti rende più resistente al freddo.<x1/>Ogni accumulo aumenta la tua Resistenza al ghiaccio.<x2/><x3/><x4/><x5/><x6/>L'equipaggiamento può prolungarne la durata.
CODEX_EFFECTINOCULATION_DESC	Un bonus cumulabile che ti protegge dalle tossine.<x1/>Ogni accumulo riduce del 2% il danno subito dagli effetti periodici del Veleno.<x2/><x3/><x4/><x5/><x6/>L'equipaggiamento può prolungarne la durata.
CODEX_EFFECTKINDLED_DESC	Un bonus cumulabile che ti protegge dalle fiamme.<x1/>Ogni accumulo riduce del 2% il danno subito dagli effetti periodici dell'Ustione.<x2/><x3/><x4/><x5/><x6/>L'equipaggiamento può prolungarne la durata.
CODEX_EFFECTPOISON_DESC	Un effetto cumulabile di danno nel tempo.<x1/>Ogni accumulo infligge danni ogni secondo in base al più alto tra Potere fisico e Potere magico dell'attaccante. Altri colpi che causano Veleno aggiungono accumuli.<x2/><x3/><x4/><x5/><x6/>L'equipaggiamento può prolungarne la durata e amplificarne il danno.
CODEX_EFFECTRAGE_DESC	Un bonus cumulabile che potenzia gli attacchi fisici.<x1/>Ogni accumulo aumenta del 2% il Danno fisico che infliggi.<x2/>Si ottiene da alcuni incantesimi, pozioni e passive.<x3/><x4/><x5/><x6/><x7/>L'equipaggiamento può prolungarne la durata.
CODEX_EFFECTSHOCK_DESC	Aumenta la riduzione dei tempi di recupero e la Velocità di movimento.
CODEX_EFFECTSWORDSWAP_DESC	Un bonus cumulabile ottenuto passando alla spada. Ogni accumulo aumenta la tua Velocità d'attacco finché dura.
CODEX_EFFECTTEMPORALECHO_DESC	Una penalità cumulabile che rallenta la vittima.<x1/>Ogni accumulo riduce la Velocità di movimento del 2%.<x2/><x3/><x4/><x5/><x6/>L'equipaggiamento può prolungarne la durata e potenziarne il rallentamento.
CODEX_EFFECTTEMPORALSURGE_DESC	Un bonus cumulabile che ti rende più rapido.<x1/>Ogni accumulo aumenta la Velocità di movimento dell'1%.<x2/><x3/><x4/><x5/><x6/>L'equipaggiamento può prolungarne la durata.
CODEX_EFFECTTREANTBURNING_DESC	Gli accumuli di Ustione aumentano il danno al bersaglio
CODEX_EFFECTVERSATILEWARRIOR_DESC	Un bonus cumulabile per combattere con lama e incantesimi. Ogni accumulo aumenta sia il Danno fisico sia il Danno magico che infliggi.
CODEX_EMPOWERMENTARCANESHIELDED_DESC	Un potenziamento che conferisce al mostro una barriera capace di assorbire interamente un incantesimo.<x1/>La barriera ritorna poco dopo essere stata consumata e ferma solo i lanci diretti: il danno nel tempo già attivo sul mostro continua a infliggergli danni attraverso di essa.
CODEX_EMPOWERMENTARCANESHIELDED_NAME	Scudo Arcano
CODEX_EMPOWERMENTBLIGHTED_DESC	Un potenziamento che lascia una scia di Pozze di Veleno ovunque passi il mostro.<x1/>Le pozze compaiono durante gli spostamenti, non a intervalli regolari: se il mostro ti insegue, contamina tutto il percorso alle sue spalle.
CODEX_EMPOWERMENTBLIGHTED_NAME	Infetto
CODEX_EMPOWERMENTBRUTAL_DESC	Un potenziamento che aumenta il danno e la Velocità di movimento del mostro.<x1/>Il suo modo di combattere non cambia, ma gli attacchi noti colpiscono più forte e arrivano prima di quanto ti aspetti da quella creatura.
CODEX_EMPOWERMENTFLAMECALLER_DESC	Un potenziamento che lascia Fosse Ardenti sul terreno sotto il mostro.<x1/>Nuove fosse compaiono durante lo scontro, ovunque si trovi: un lungo combattimento nello stesso punto riempie gradualmente il terreno di fuoco da evitare.
CODEX_EMPOWERMENTFLAMECALLER_NAME	Evocafiamme
CODEX_EMPOWERMENTFROSTBOUND_DESC	Un potenziamento che avvolge il mostro in un campo persistente di freddo.<x1/>Stargli vicino applica Gelo: più a lungo resti a distanza ravvicinata, più vieni rallentato.
CODEX_EMPOWERMENTMORTAR_DESC	Un potenziamento che lancia periodicamente un proiettile esplosivo sulla posizione di un giocatore.<x1/>Sceglie qualcuno nella zona indipendentemente da chi sta combattendo: chi attacca a distanza o offre supporto è esposto quanto chi sta in prima linea.
CODEX_EMPOWERMENTMORTAR_NAME	Mortaio
CODEX_EMPOWERMENTSPITEFUL_DESC	Un potenziamento che spara periodicamente un anello di proiettili in ogni direzione.<x1/>La salva ignora l'orientamento del mostro: arretrare di lato non basta. Osserva il lancio e spostati fuori dalla traiettoria dell'anello.
CODEX_EMPOWERMENTSPITEFUL_NAME	Rancoroso
CODEX_EMPOWERMENTSTORMAURA_DESC	Un potenziamento che infligge continuamente Danno da etere a chiunque si trovi vicino al mostro.<x1/>Il danno si applica senza che il mostro attacchi: restare a distanza ravvicinata costa Salute anche mentre pari o schivi i suoi colpi.
CODEX_EMPOWERMENTSTORMAURA_NAME	Aura Tempestosa
CODEX_EMPOWERMENTSWIFT_DESC	Un potenziamento che aumenta la Velocità di movimento del mostro.<x1/>Si avvicina e si riposiziona più velocemente di un mostro normale, rendendo meno affidabili gli attacchi in arretramento e la fuga.
CODEX_EMPOWERMENTUNYIELDING_DESC	Un potenziamento che riduce drasticamente la durata degli stordimenti inflitti al mostro.<x1/>Lo stordimento lo trattiene appena: aspettati che continui ad agire quando un nemico normale sarebbe indifeso.
CODEX_EMPOWERMENTUNYIELDING_NAME	Inflessibile
CODEX_EMPOWERMENTVENOMOUS_DESC	Un potenziamento che applica Veleno ogni volta che un attacco del mostro ti colpisce.<x1/>Gli accumuli crescono rapidamente sotto attacchi ravvicinati continui: allontanati o rimuovili prima che il danno nel tempo superi le tue capacità di cura.
CODEX_EMPOWERMENTVENOMOUS_NAME	Velenoso
CODEX_FACT_CASTTIME	Tempo di lancio
CODEX_FACT_CRAFTEDAT	Creato presso
CODEX_FACT_DAMAGETYPE	Tipo di danno
CODEX_FACT_DANGER	Pericolo
CODEX_FACT_ELEMENT	Elemento
CODEX_FACT_HEALTHCOST	Costo in Salute
CODEX_FACT_KIND	Genere
CODEX_FACT_MAXSTACKS	Accumuli massimi
CODEX_FACT_PARENT	Voce principale
CODEX_FACT_RANGE	Portata
CODEX_FACT_STACK	Accumulo
CODEX_FACT_STORAGESLOTS	Slot di deposito
CODEX_FACT_TAGS	Etichette
CODEX_FACT_TARGETS	Bersagli
CODEX_FACT_ZONES	Zone
CODEX_ITEMALPHACLAW_DESC	Un enorme artiglio rinforzato per natura, apprezzato per la robustezza e il valore simbolico.
CODEX_ITEMALPHAFUR_DESC	Spessa pelliccia di un predatore alfa, folta e capace di trattenere il calore.
CODEX_ITEMAPPLE_DESC	Una mela succosa, ottimo spuntino nutriente da portare in viaggio.
CODEX_ITEMBEASTMEAT_DESC	Carne sostanziosa delle bestie di Mirkea, apprezzata per il sapore e il valore nutritivo.
CODEX_ITEMBRUSHFLAX_DESC	Lino resistente raccolto nel sottobosco.
CODEX_ITEMBRUSHFLAX_NAME	Lino Selvatico
CODEX_ITEMCHICKENEGG_DESC	Un delizioso Uovo di Gallina crudo.
CODEX_ITEMCOPPERORE_DESC	Roccia grezza contenente rame, estratta dalle miniere di Mirkea.
CODEX_ITEMCORRUPTEDTREANTBARK_DESC	Corteccia annerita strappata a un Treant, deformata dalla corruzione.<x1/><x2/> <x3/><x4/> Un ingrediente essenziale per la creazione di incantesimi.
CODEX_ITEMCORRUPTEDTREANTHEART_DESC	Il cuore nodoso di un Treant corrotto.<x1/><x2/> <x3/><x4/> Un ingrediente essenziale per la creazione di incantesimi.
CODEX_ITEMCRITTERMEAT_DESC	Carne appena ricavata da piccola selvaggina.
CODEX_ITEMDROOPCORE_DESC	Il cuore vivo di un Droop, che pulsa ancora debolmente di energia arcana.
CODEX_ITEMDROOPGELO_DESC	Una sostanza scivolosa e gelatinosa estratta dal Droop. Idratante per natura, offusca la mente se non viene raffinata.
CODEX_ITEMDRYADEYE_DESC	Un occhio cristallino di una Driade caduta. Si dice riveli frammenti della memoria della foresta.
CODEX_ITEMDRYADLOCK_DESC	Una ciocca di capelli argentei di Driade, ancora calda di una debole scintilla vitale.
CODEX_ITEMEMBERBLOOM_DESC	Una pianta rara che cresce nel cuore della foresta, rinomata per le sue proprietà potenzianti
CODEX_ITEMFORESTKINGFUR_DESC	Un folto ciuffo di pelliccia incantata che fluttua nell'aria come privo di peso.
CODEX_ITEMFORESTKINGTINE_DESC	Una punta spezzata di un enorme palco di corna, liscia al tatto e intrisa di potente magia
CODEX_ITEMFRAYEDCLOTH_DESC	Una striscia strappata di tessuto logoro, con bordi sfilacciati e consunti.
CODEX_ITEMGLASSVIAL_DESC	Un recipiente trasparente di qualità alchemica, progettato per contenere pozioni, estratti o miscele instabili.
CODEX_ITEMGOBLINTOOTH_DESC	Un piccolo dente ingiallito, scheggiato e storto, estratto dalla mascella di un goblin.
CODEX_ITEMHEARTOAK_DESC	Legno pesante ricavato dalla venerata Quercia del Cuore di Aldoria.
CODEX_ITEMHORDEKINGTOOTH_DESC	Una zanna seghettata del Re del Tesoro, macchiata di scuro vicino alla radice
CODEX_ITEMLARGEGOBLINTOOTH_DESC	Un dente di goblin enorme, pesante e spesso, con solchi profondi
CODEX_ITEMLINEN_DESC	Tessuto a trama fitta ottenuto da fibre vegetali trattate.
CODEX_ITEMOIL_DESC	Un liquido denso e scivoloso che prende fuoco facilmente e brucia a lungo.
CODEX_ITEMPOISON_DESC	Un liquido velenoso denso
CODEX_ITEMSINGINGBELLFLOWER_DESC	Una pianta rara che cresce nel cuore della foresta, nota per le sue proprietà rigeneranti
CODEX_ITEMSTONE_DESC	Pietra finemente frantumata, raccolta nei siti di scavo di Mirkea.
CODEX_ITEMTENDERBERRY_DESC	Una morbida bacca cremisi, nota per la dolcezza delicata e il calore curativo.
CODEX_ITEMTHAUMABLOSSOM_DESC	Un fiore viola luminoso che si ritiene cresca vicino alle fratture delle linee di forza.
CODEX_ITEMTREANTHEART_DESC	Il nucleo pulsante di un Treant, colmo di magia vitale latente. Se ne avverte ancora il battito ritmico nel palmo.
CODEX_ITEMTREANTWOOD_DESC	Legno spesso e vivo ricavato dai Treant, che vibra debolmente di forza rigenerante.
CODEX_ITEMWILDWOODPINE_DESC	Un pino alto e resistente, originario delle regioni più selvagge di Aldoria, apprezzato per la robustezza e la flessibilità.
CODEX_ITEMWOLFFANG_DESC	Una zanna ricurva di lupo selvatico.
CODEX_META_DEFINITION	Definizione  ›
CODEX_META_SUBENTRIES	<x1/> sottovoci  ›
CODEX_META_SUBENTRY	<x1/> sottovoce  ›
CODEX_MONSTERCORRUPTEDHEART1_NAME	Cuore corrotto1
CODEX_MONSTERGOBLINFLASKRATT2EMPOWERED_NAME	Goblin Flaskrat T2 potenziato
CODEX_MONSTERGOBLINRIPPERT2EMPOWERED_NAME	Goblin Squartatore T2 potenziato
CODEX_NPCBASILTONSNOTE_NAME	Biglietto di Basilton
CODEX_NPCGUARD_NAME	Guardia
CODEX_NPCLOSTBOY_NAME	Bambino smarrito
CODEX_NPCSUSPICIOUSTRADER_NAME	Mercante sospetto
CODEX_RECIPEAPPLEJUICE_DESC	Succo di Mela dolce diluito con acqua. Ottimo per dissetarsi in viaggio. Berlo aumenta per un certo tempo la Rigenerazione del vigore<x1/><x2/><x3/><x4/><x5/>Ripristina la barra della Sete e aumenta la Rigenerazione del vigore del 10% per 30 minuti. Può essere attivo un solo bonus da bevanda alla volta.
CODEX_RECIPEBELLFLOWERSOUP_DESC	Una zuppa aromatica e mistica di Campanula Canterina e Thaumablossom. Il suo aroma etereo calma i sensi e protegge dalle instabili energie dell'Etere.<x1/><x2/><x3/><x4/><x5/>Ripristina le barre di Fame e Sete. Conferisce 10% Salute massima e 25% Resistenza all'etere per 30 minuti.
CODEX_RECIPEBLOODRAGEPOTION1_DESC	Una potente Pozione della Furia Sanguinaria, ricavata dall'essenza di un grande Goblin. Conferisce temporaneamente Furia a chi la beve.<x1/><x2/><x3/><x4/>Bevi per applicare 5 accumuli di Furia<x5/><x6/> Le cariche si ricaricano riposando.
CODEX_RECIPEBLOODRAGEPOTION2_DESC	Una potente Pozione della Furia Sanguinaria, ricavata dall'essenza di un grande Goblin. Conferisce temporaneamente Furia a chi la beve.<x1/><x2/><x3/><x4/>Bevi per applicare 5 accumuli di Furia<x5/><x6/> Le cariche si ricaricano riposando.
CODEX_RECIPEBLOODRAGEPOTION3_DESC	Una potente Pozione della Furia Sanguinaria, ricavata dall'essenza di un grande Goblin. Conferisce temporaneamente Furia a chi la beve.<x1/><x2/><x3/><x4/>Bevi per applicare 5 accumuli di Furia<x5/><x6/> Le cariche si ricaricano riposando.
CODEX_RECIPEBLOODRAGEPOTION4_DESC	Una potente Pozione della Furia Sanguinaria, ricavata dall'essenza di un grande Goblin. Conferisce temporaneamente Furia a chi la beve.<x1/><x2/><x3/><x4/>Bevi per applicare 5 accumuli di Furia<x5/><x6/> Le cariche si ricaricano riposando.
CODEX_RECIPEBLOODRAGEPOTION5_DESC	Una potente Pozione della Furia Sanguinaria, ricavata dall'essenza di un grande Goblin. Conferisce temporaneamente Furia a chi la beve.<x1/><x2/><x3/><x4/>Bevi per applicare 5 accumuli di Furia<x5/><x6/> Le cariche si ricaricano riposando.
CODEX_RECIPEBLOODRAGEPOTION_DESC	Una potente Pozione della Furia Sanguinaria, ricavata dall'essenza di un grande Goblin. Conferisce temporaneamente Furia a chi la beve.<x1/><x2/><x3/><x4/>Bevi per applicare 5 accumuli di Furia<x5/><x6/> Le cariche si ricaricano riposando.
CODEX_RECIPEBURNSALVE1_DESC	Un unguento rapido fatto con stoffa e bacche curative. Rimuove l'Ustione da chi lo usa.<x1/><x2/><x3/><x4/>Cura l'Ustione<x5/><x6/> Le cariche si ricaricano riposando.
CODEX_RECIPEBURNSALVE2_DESC	Un unguento rapido fatto con stoffa e bacche curative. Rimuove l'Ustione da chi lo usa.<x1/><x2/><x3/><x4/>Cura l'Ustione<x5/><x6/> Le cariche si ricaricano riposando.
CODEX_RECIPEBURNSALVE3_DESC	Un unguento rapido fatto con stoffa e bacche curative. Rimuove l'Ustione da chi lo usa.<x1/><x2/><x3/><x4/>Cura l'Ustione<x5/><x6/> Le cariche si ricaricano riposando.
CODEX_RECIPEBURNSALVE4_DESC	Un unguento rapido fatto con stoffa e bacche curative. Rimuove l'Ustione da chi lo usa.<x1/><x2/><x3/><x4/>Cura l'Ustione<x5/><x6/> Le cariche si ricaricano riposando.
CODEX_RECIPEBURNSALVE5_DESC	Un unguento rapido fatto con stoffa e bacche curative. Rimuove l'Ustione da chi lo usa.<x1/><x2/><x3/><x4/>Cura l'Ustione<x5/><x6/> Le cariche si ricaricano riposando.
CODEX_RECIPEBURNSALVE_DESC	Un unguento rapido fatto con stoffa e bacche curative. Rimuove l'Ustione da chi lo usa.<x1/><x2/><x3/><x4/>Cura l'Ustione<x5/><x6/> Le cariche si ricaricano riposando.
CODEX_RECIPEBURROWBROTH_DESC	Un brodo rustico e confortante di Carne di Bestiola e uova fresche. Apprezzato dagli esploratori del sottosuolo perché sostiene sia la salute fisica sia la concentrazione.<x1/><x2/><x3/><x4/><x5/>Ripristina le barre di Fame e Sete. Conferisce 5% Salute massima e Concentrazione massima per 30 minuti.
CODEX_RECIPECOOKEDBEASTMEAT_DESC	Un piatto semplice e saziante, apprezzato da viandanti e raccoglitori. Cotto per preservarne il sapore naturale e placare la fame nelle terre selvagge.<x1/><x2/><x3/><x4/><x5/>Ripristina la barra della Fame e aumenta la Salute massima del 10% per 30 minuti. Può essere attivo un solo bonus da cibo alla volta.
CODEX_RECIPECOOKEDCRITTER_DESC	Un pasto semplice arrostito sulla fiamma viva, che offre un modesto nutrimento per placare la fame in viaggio.<x1/><x2/><x3/><x4/><x5/>Ripristina la barra della Fame e aumenta la Salute massima del 5% per 30 minuti. Può essere attivo un solo bonus da cibo alla volta.
CODEX_RECIPECOPPERPICKAXE_DESC	Uno strumento da minatore con testa forgiata in rame, progettato per scavare facilmente nella pietra compatta.
CODEX_RECIPECOPPERTHROWINGKNIFE1_DESC	Un Coltello da Lancio di Rame ben bilanciato che attraversa i nemici. Apprezzato in combattimento per precisione e peso.<x1/><x2/><x3/><x4/>Lancia per danneggiare i nemici e applicare Sanguinamento. I coltelli attraversano i nemici.<x5/><x6/> Le cariche si ricaricano riposando.
CODEX_RECIPECOPPERTHROWINGKNIFE2_DESC	Un Coltello da Lancio di Rame ben bilanciato che attraversa i nemici. Apprezzato in combattimento per precisione e peso.<x1/><x2/><x3/><x4/>Lancia per danneggiare i nemici e applicare Sanguinamento. I coltelli attraversano i nemici.<x5/><x6/> Le cariche si ricaricano riposando.
CODEX_RECIPECOPPERTHROWINGKNIFE3_DESC	Un Coltello da Lancio di Rame ben bilanciato che attraversa i nemici. Apprezzato in combattimento per precisione e peso.<x1/><x2/><x3/><x4/>Lancia per danneggiare i nemici e applicare Sanguinamento. I coltelli attraversano i nemici.<x5/><x6/> Le cariche si ricaricano riposando.
CODEX_RECIPECOPPERTHROWINGKNIFE4_DESC	Un Coltello da Lancio di Rame ben bilanciato che attraversa i nemici. Apprezzato in combattimento per precisione e peso.<x1/><x2/><x3/><x4/>Lancia per danneggiare i nemici e applicare Sanguinamento. I coltelli attraversano i nemici.<x5/><x6/> Le cariche si ricaricano riposando.
CODEX_RECIPECOPPERTHROWINGKNIFE5_DESC	Un Coltello da Lancio di Rame ben bilanciato che attraversa i nemici. Apprezzato in combattimento per precisione e peso.<x1/><x2/><x3/><x4/>Lancia per danneggiare i nemici e applicare Sanguinamento. I coltelli attraversano i nemici.<x5/><x6/> Le cariche si ricaricano riposando.
CODEX_RECIPECOPPERTHROWINGKNIFE_DESC	Un Coltello da Lancio di Rame ben bilanciato che attraversa i nemici. Apprezzato in combattimento per precisione e peso.<x1/><x2/><x3/><x4/>Lancia per danneggiare i nemici e applicare Sanguinamento. I coltelli attraversano i nemici.<x5/><x6/> Le cariche si ricaricano riposando.
CODEX_RECIPECOPPERWOODCUTTINGAXE_DESC	Un'ascia migliorata con filo di rame. Incide più a fondo la corteccia e accelera la raccolta del legno.
CODEX_RECIPEEARLWOODFEAST_DESC	Un banchetto ricco e saziante di sostanziosa Carne di Bestia e uova fresche, cotto lentamente sul calore intenso del Legno di Treant. Potenzia in modo equilibrato tutti gli attributi fisici e mentali.<x1/><x2/><x3/><x4/><x5/>Ripristina la barra della Fame. Conferisce 7% Salute, Vigore e Concentrazione massimi per 30 minuti.
CODEX_RECIPEEMBERBLESSSOUP_DESC	Una zuppa sostanziosa e riscaldante, con l'essenza ardente di Emberbloom e tenera Carne di Bestia. Riempie lo stomaco e protegge dal calore intenso e dalle fiamme impetuose<x1/><x2/><x3/><x4/><x5/>Ripristina le barre di Fame e Sete. Conferisce 10% Salute massima, 25% Resistenza al fuoco e Resistenza all'ustione per 30 minuti.
CODEX_RECIPEEXPLOSIVEFLASK1_DESC	Una fiala instabile progettata per esplodere al contatto, bruciando i nemici nel raggio dell'esplosione.<x1/><x2/><x3/><x4/>Lancia per creare una pozza ardente.<x5/><x6/> Le cariche si ricaricano riposando.
CODEX_RECIPEEXPLOSIVEFLASK2_DESC	Una fiala instabile progettata per esplodere al contatto, bruciando i nemici nel raggio dell'esplosione.<x1/><x2/><x3/><x4/>Lancia per creare una pozza ardente.<x5/><x6/> Le cariche si ricaricano riposando.
CODEX_RECIPEEXPLOSIVEFLASK3_DESC	Una fiala instabile progettata per esplodere al contatto, bruciando i nemici nel raggio dell'esplosione.<x1/><x2/><x3/><x4/>Lancia per creare una pozza ardente.<x5/><x6/> Le cariche si ricaricano riposando.
CODEX_RECIPEEXPLOSIVEFLASK4_DESC	Una fiala instabile progettata per esplodere al contatto, bruciando i nemici nel raggio dell'esplosione.<x1/><x2/><x3/><x4/>Lancia per creare una pozza ardente.<x5/><x6/> Le cariche si ricaricano riposando.
CODEX_RECIPEEXPLOSIVEFLASK5_DESC	Una fiala instabile progettata per esplodere al contatto, bruciando i nemici nel raggio dell'esplosione.<x1/><x2/><x3/><x4/>Lancia per creare una pozza ardente.<x5/><x6/> Le cariche si ricaricano riposando.
CODEX_RECIPEEXPLOSIVEFLASK_DESC	Una fiala instabile progettata per esplodere al contatto, bruciando i nemici nel raggio dell'esplosione.<x1/><x2/><x3/><x4/>Lancia per creare una pozza ardente.<x5/><x6/> Le cariche si ricaricano riposando.
CODEX_RECIPEFLAMINGOIL1_DESC	Usa per rivestire l'arma, convertendo parte del suo danno in Danno da fuoco.<x1/><x2/><x3/><x4/>I tuoi attacchi infliggono il 50% del loro danno come Danno da fuoco per 12 secondi.<x5/><x6/> Le cariche si ricaricano riposando.
CODEX_RECIPEFLAMINGOIL2_DESC	Usa per rivestire l'arma, convertendo parte del suo danno in Danno da fuoco.<x1/><x2/><x3/><x4/>I tuoi attacchi infliggono il 50% del loro danno come Danno da fuoco per 12 secondi.<x5/><x6/> Le cariche si ricaricano riposando.
CODEX_RECIPEFLAMINGOIL3_DESC	Usa per rivestire l'arma, convertendo parte del suo danno in Danno da fuoco.<x1/><x2/><x3/><x4/>I tuoi attacchi infliggono il 50% del loro danno come Danno da fuoco per 12 secondi.<x5/><x6/> Le cariche si ricaricano riposando.
CODEX_RECIPEFLAMINGOIL4_DESC	Usa per rivestire l'arma, convertendo parte del suo danno in Danno da fuoco.<x1/><x2/><x3/><x4/>I tuoi attacchi infliggono il 50% del loro danno come Danno da fuoco per 12 secondi.<x5/><x6/> Le cariche si ricaricano riposando.
CODEX_RECIPEFLAMINGOIL5_DESC	Usa per rivestire l'arma, convertendo parte del suo danno in Danno da fuoco.<x1/><x2/><x3/><x4/>I tuoi attacchi infliggono il 50% del loro danno come Danno da fuoco per 12 secondi.<x5/><x6/> Le cariche si ricaricano riposando.
CODEX_RECIPEFLAMINGOIL_DESC	Usa per rivestire l'arma, convertendo parte del suo danno in Danno da fuoco.<x1/><x2/><x3/><x4/>I tuoi attacchi infliggono il 50% del loro danno come Danno da fuoco per 12 secondi.<x5/><x6/> Le cariche si ricaricano riposando.
CODEX_RECIPEFLAXGLOVES_DESC	Guanti leggeri tessuti con lino della foresta. Offrono una protezione modesta e presa durante la raccolta.
CODEX_RECIPEFLAXROPE_DESC	Una semplice corda di lino
CODEX_RECIPEFRIEDCHICKENEGG_DESC	Un delizioso Uovo Fritto. Semplice e rapido da preparare, è ricco dell'energia essenziale per mantenere la concentrazione in viaggio.<x1/><x2/><x3/><x4/><x5/>Ripristina la barra della Fame. Conferisce 5% Vigore massimo e Concentrazione massima per 30 minuti.
CODEX_RECIPEFROSTBOUNDPOTION1_DESC	Una pozione a base di infuso di Thaumablossom che protegge dal Ghiaccio.<x1/><x2/><x3/><x4/>Usa per ottenere 5 accumuli di Vincolo gelido.<x5/><x6/> Le cariche si ricaricano riposando.
CODEX_RECIPEFROSTBOUNDPOTION2_DESC	Una pozione a base di infuso di Thaumablossom che protegge dal Ghiaccio.<x1/><x2/><x3/><x4/>Usa per ottenere 5 accumuli di Vincolo gelido.<x5/><x6/> Le cariche si ricaricano riposando.
CODEX_RECIPEFROSTBOUNDPOTION3_DESC	Una pozione a base di infuso di Thaumablossom che protegge dal Ghiaccio.<x1/><x2/><x3/><x4/>Usa per ottenere 5 accumuli di Vincolo gelido.<x5/><x6/> Le cariche si ricaricano riposando.
CODEX_RECIPEFROSTBOUNDPOTION4_DESC	Una pozione a base di infuso di Thaumablossom che protegge dal Ghiaccio.<x1/><x2/><x3/><x4/>Usa per ottenere 5 accumuli di Vincolo gelido.<x5/><x6/> Le cariche si ricaricano riposando.
CODEX_RECIPEFROSTBOUNDPOTION5_DESC	Una pozione a base di infuso di Thaumablossom che protegge dal Ghiaccio.<x1/><x2/><x3/><x4/>Usa per ottenere 5 accumuli di Vincolo gelido.<x5/><x6/> Le cariche si ricaricano riposando.
CODEX_RECIPEFROSTBOUNDPOTION_DESC	Una pozione a base di infuso di Thaumablossom che protegge dal Ghiaccio.<x1/><x2/><x3/><x4/>Usa per ottenere 5 accumuli di Vincolo gelido.<x5/><x6/> Le cariche si ricaricano riposando.
CODEX_RECIPEFROSTEDOIL1_DESC	Usa per rivestire l'arma, convertendo parte del suo danno in Danno da ghiaccio.<x1/><x2/><x3/><x4/>I tuoi attacchi infliggono il 50% del loro danno come Danno da ghiaccio per 12 secondi.<x5/><x6/> Le cariche si ricaricano riposando.
CODEX_RECIPEFROSTEDOIL2_DESC	Usa per rivestire l'arma, convertendo parte del suo danno in Danno da ghiaccio.<x1/><x2/><x3/><x4/>I tuoi attacchi infliggono il 50% del loro danno come Danno da ghiaccio per 12 secondi.<x5/><x6/> Le cariche si ricaricano riposando.
CODEX_RECIPEFROSTEDOIL3_DESC	Usa per rivestire l'arma, convertendo parte del suo danno in Danno da ghiaccio.<x1/><x2/><x3/><x4/>I tuoi attacchi infliggono il 50% del loro danno come Danno da ghiaccio per 12 secondi.<x5/><x6/> Le cariche si ricaricano riposando.
CODEX_RECIPEFROSTEDOIL4_DESC	Usa per rivestire l'arma, convertendo parte del suo danno in Danno da ghiaccio.<x1/><x2/><x3/><x4/>I tuoi attacchi infliggono il 50% del loro danno come Danno da ghiaccio per 12 secondi.<x5/><x6/> Le cariche si ricaricano riposando.
CODEX_RECIPEFROSTEDOIL5_DESC	Usa per rivestire l'arma, convertendo parte del suo danno in Danno da ghiaccio.<x1/><x2/><x3/><x4/>I tuoi attacchi infliggono il 50% del loro danno come Danno da ghiaccio per 12 secondi.<x5/><x6/> Le cariche si ricaricano riposando.
CODEX_RECIPEFROSTEDOIL_DESC	Usa per rivestire l'arma, convertendo parte del suo danno in Danno da ghiaccio.<x1/><x2/><x3/><x4/>I tuoi attacchi infliggono il 50% del loro danno come Danno da ghiaccio per 12 secondi.<x5/><x6/> Le cariche si ricaricano riposando.
CODEX_RECIPEHEARTOAKPLANKS_DESC	Tavole robuste ricavate dal legno di Quercia del Cuore. Essenziali per costruire.
CODEX_RECIPEHUNTERSSTEW_DESC	Uno stufato caldo e nutriente, cotto lentamente con cura. Spesso condiviso ai focolari del villaggio dopo lunghe giornate di lavoro.<x1/><x2/><x3/><x4/><x5/>Ripristina le barre di Fame e Sete e aumenta Salute massima e Vigore massimo del 10% per 30 minuti. Può essere attivo un solo bonus da cibo alla volta.
CODEX_RECIPEINNOCULATIONPOTION1_DESC	Una pozione a base di infuso di veleno che protegge dagli effetti velenosi e dal Decadimento.<x1/><x2/><x3/><x4/>Usa per ottenere 5 accumuli di Inoculazione.<x5/><x6/> Le cariche si ricaricano riposando.
CODEX_RECIPEINNOCULATIONPOTION2_DESC	Una pozione a base di infuso di veleno che protegge dagli effetti velenosi e dal Decadimento.<x1/><x2/><x3/><x4/>Usa per ottenere 5 accumuli di Inoculazione.<x5/><x6/> Le cariche si ricaricano riposando.
CODEX_RECIPEINNOCULATIONPOTION3_DESC	Una pozione a base di infuso di veleno che protegge dagli effetti velenosi e dal Decadimento.<x1/><x2/><x3/><x4/>Usa per ottenere 5 accumuli di Inoculazione.<x5/><x6/> Le cariche si ricaricano riposando.
CODEX_RECIPEINNOCULATIONPOTION4_DESC	Una pozione a base di infuso di veleno che protegge dagli effetti velenosi e dal Decadimento.<x1/><x2/><x3/><x4/>Usa per ottenere 5 accumuli di Inoculazione.<x5/><x6/> Le cariche si ricaricano riposando.
CODEX_RECIPEINNOCULATIONPOTION5_DESC	Una pozione a base di infuso di veleno che protegge dagli effetti velenosi e dal Decadimento.<x1/><x2/><x3/><x4/>Usa per ottenere 5 accumuli di Inoculazione.<x5/><x6/> Le cariche si ricaricano riposando.
CODEX_RECIPEINNOCULATIONPOTION_DESC	Una pozione a base di infuso di veleno che protegge dagli effetti velenosi e dal Decadimento.<x1/><x2/><x3/><x4/>Usa per ottenere 5 accumuli di Inoculazione.<x5/><x6/> Le cariche si ricaricano riposando.
CODEX_RECIPEKINDLINGPOTION1_DESC	Una pozione a base di infuso di Emberbloom che protegge dal Fuoco.<x1/><x2/><x3/><x4/>Usa per ottenere 5 accumuli di Innesco.<x5/><x6/> Le cariche si ricaricano riposando.
CODEX_RECIPEKINDLINGPOTION2_DESC	Una pozione a base di infuso di Emberbloom che protegge dal Fuoco.<x1/><x2/><x3/><x4/>Usa per ottenere 5 accumuli di Innesco.<x5/><x6/> Le cariche si ricaricano riposando.
CODEX_RECIPEKINDLINGPOTION3_DESC	Una pozione a base di infuso di Emberbloom che protegge dal Fuoco.<x1/><x2/><x3/><x4/>Usa per ottenere 5 accumuli di Innesco.<x5/><x6/> Le cariche si ricaricano riposando.
CODEX_RECIPEKINDLINGPOTION4_DESC	Una pozione a base di infuso di Emberbloom che protegge dal Fuoco.<x1/><x2/><x3/><x4/>Usa per ottenere 5 accumuli di Innesco.<x5/><x6/> Le cariche si ricaricano riposando.
CODEX_RECIPEKINDLINGPOTION5_DESC	Una pozione a base di infuso di Emberbloom che protegge dal Fuoco.<x1/><x2/><x3/><x4/>Usa per ottenere 5 accumuli di Innesco.<x5/><x6/> Le cariche si ricaricano riposando.
CODEX_RECIPEKINDLINGPOTION_DESC	Una pozione a base di infuso di Emberbloom che protegge dal Fuoco.<x1/><x2/><x3/><x4/>Usa per ottenere 5 accumuli di Innesco.<x5/><x6/> Le cariche si ricaricano riposando.
CODEX_RECIPELESSERCONCENTRATIONPOTION1_DESC	Una pozione di lucidità distillata da fiori rari ed essenza arcana.<x1/><x2/><x3/><x4/>Ripristina 450 Concentrazione in 4 secondi.<x5/><x6/> Le cariche si ricaricano riposando.
CODEX_RECIPELESSERCONCENTRATIONPOTION2_DESC	Una pozione di lucidità distillata da fiori rari ed essenza arcana.<x1/><x2/><x3/><x4/>Ripristina 450 Concentrazione in 4 secondi.<x5/><x6/> Le cariche si ricaricano riposando.
CODEX_RECIPELESSERCONCENTRATIONPOTION3_DESC	Una pozione di lucidità distillata da fiori rari ed essenza arcana.<x1/><x2/><x3/><x4/>Ripristina 450 Concentrazione in 4 secondi.<x5/><x6/> Le cariche si ricaricano riposando.
CODEX_RECIPELESSERCONCENTRATIONPOTION4_DESC	Una pozione di lucidità distillata da fiori rari ed essenza arcana.<x1/><x2/><x3/><x4/>Ripristina 450 Concentrazione in 4 secondi.<x5/><x6/> Le cariche si ricaricano riposando.
CODEX_RECIPELESSERCONCENTRATIONPOTION5_DESC	Una pozione di lucidità distillata da fiori rari ed essenza arcana.<x1/><x2/><x3/><x4/>Ripristina 450 Concentrazione in 4 secondi.<x5/><x6/> Le cariche si ricaricano riposando.
CODEX_RECIPELESSERCONCENTRATIONPOTION_DESC	Una pozione di lucidità distillata da fiori rari ed essenza arcana.<x1/><x2/><x3/><x4/>Ripristina 450 Concentrazione in 4 secondi.<x5/><x6/> Le cariche si ricaricano riposando.
CODEX_RECIPELESSERCONCENTRATIONTHROWFLASK1_DESC	Una Pozione Minore di Concentrazione con una corda legata attorno. Utile per ripristinare la Concentrazione altrui in combattimento.<x1/><x2/><x3/><x4/>Lancia per ripristinare 300 Concentrazione a un alleato in 4 secondi.<x5/><x6/> Le cariche si ricaricano riposando.
CODEX_RECIPELESSERCONCENTRATIONTHROWFLASK2_DESC	Una Pozione Minore di Concentrazione con una corda legata attorno. Utile per ripristinare la Concentrazione altrui in combattimento.<x1/><x2/><x3/><x4/>Lancia per ripristinare 300 Concentrazione a un alleato in 4 secondi.<x5/><x6/> Le cariche si ricaricano riposando.
CODEX_RECIPELESSERCONCENTRATIONTHROWFLASK3_DESC	Una Pozione Minore di Concentrazione con una corda legata attorno. Utile per ripristinare la Concentrazione altrui in combattimento.<x1/><x2/><x3/><x4/>Lancia per ripristinare 300 Concentrazione a un alleato in 4 secondi.<x5/><x6/> Le cariche si ricaricano riposando.
CODEX_RECIPELESSERCONCENTRATIONTHROWFLASK4_DESC	Una Pozione Minore di Concentrazione con una corda legata attorno. Utile per ripristinare la Concentrazione altrui in combattimento.<x1/><x2/><x3/><x4/>Lancia per ripristinare 300 Concentrazione a un alleato in 4 secondi.<x5/><x6/> Le cariche si ricaricano riposando.
CODEX_RECIPELESSERCONCENTRATIONTHROWFLASK5_DESC	Una Pozione Minore di Concentrazione con una corda legata attorno. Utile per ripristinare la Concentrazione altrui in combattimento.<x1/><x2/><x3/><x4/>Lancia per ripristinare 300 Concentrazione a un alleato in 4 secondi.<x5/><x6/> Le cariche si ricaricano riposando.
CODEX_RECIPELESSERCONCENTRATIONTHROWFLASK_DESC	Una Pozione Minore di Concentrazione con una corda legata attorno. Utile per ripristinare la Concentrazione altrui in combattimento.<x1/><x2/><x3/><x4/>Lancia per ripristinare 300 Concentrazione a un alleato in 4 secondi.<x5/><x6/> Le cariche si ricaricano riposando.
CODEX_RECIPELESSERHEALTHPOTION1_DESC	Una bevanda curativa preparata con acqua incantata ed erbe.<x1/><x2/><x3/><x4/>Ripristina 450 Salute in 4 secondi.<x5/><x6/> Le cariche si ricaricano riposando.
CODEX_RECIPELESSERHEALTHPOTION2_DESC	Una bevanda curativa preparata con acqua incantata ed erbe.<x1/><x2/><x3/><x4/>Ripristina 450 Salute in 4 secondi.<x5/><x6/> Le cariche si ricaricano riposando.
CODEX_RECIPELESSERHEALTHPOTION3_DESC	Una bevanda curativa preparata con acqua incantata ed erbe.<x1/><x2/><x3/><x4/>Ripristina 450 Salute in 4 secondi.<x5/><x6/> Le cariche si ricaricano riposando.
CODEX_RECIPELESSERHEALTHPOTION4_DESC	Una bevanda curativa preparata con acqua incantata ed erbe.<x1/><x2/><x3/><x4/>Ripristina 450 Salute in 4 secondi.<x5/><x6/> Le cariche si ricaricano riposando.
CODEX_RECIPELESSERHEALTHPOTION5_DESC	Una bevanda curativa preparata con acqua incantata ed erbe.<x1/><x2/><x3/><x4/>Ripristina 450 Salute in 4 secondi.<x5/><x6/> Le cariche si ricaricano riposando.
CODEX_RECIPELESSERHEALTHPOTION_DESC	Una bevanda curativa preparata con acqua incantata ed erbe.<x1/><x2/><x3/><x4/>Ripristina 450 Salute in 4 secondi.<x5/><x6/> Le cariche si ricaricano riposando.
CODEX_RECIPELESSERHEALTHTHROWFLASK1_DESC	Una Pozione Minore di Salute con una corda legata attorno. Utile per curare gli altri in combattimento.<x1/><x2/><x3/><x4/>Lancia per ripristinare 300 Salute a un alleato in 4 secondi.<x5/><x6/> Le cariche si ricaricano riposando.
CODEX_RECIPELESSERHEALTHTHROWFLASK2_DESC	Una Pozione Minore di Salute con una corda legata attorno. Utile per curare gli altri in combattimento.<x1/><x2/><x3/><x4/>Lancia per ripristinare 300 Salute a un alleato in 4 secondi.<x5/><x6/> Le cariche si ricaricano riposando.
CODEX_RECIPELESSERHEALTHTHROWFLASK3_DESC	Una Pozione Minore di Salute con una corda legata attorno. Utile per curare gli altri in combattimento.<x1/><x2/><x3/><x4/>Lancia per ripristinare 300 Salute a un alleato in 4 secondi.<x5/><x6/> Le cariche si ricaricano riposando.
CODEX_RECIPELESSERHEALTHTHROWFLASK4_DESC	Una Pozione Minore di Salute con una corda legata attorno. Utile per curare gli altri in combattimento.<x1/><x2/><x3/><x4/>Lancia per ripristinare 300 Salute a un alleato in 4 secondi.<x5/><x6/> Le cariche si ricaricano riposando.
CODEX_RECIPELESSERHEALTHTHROWFLASK5_DESC	Una Pozione Minore di Salute con una corda legata attorno. Utile per curare gli altri in combattimento.<x1/><x2/><x3/><x4/>Lancia per ripristinare 300 Salute a un alleato in 4 secondi.<x5/><x6/> Le cariche si ricaricano riposando.
CODEX_RECIPELESSERHEALTHTHROWFLASK_DESC	Una Pozione Minore di Salute con una corda legata attorno. Utile per curare gli altri in combattimento.<x1/><x2/><x3/><x4/>Lancia per ripristinare 300 Salute a un alleato in 4 secondi.<x5/><x6/> Le cariche si ricaricano riposando.
CODEX_RECIPELESSERSTAMINAPOTION1_DESC	Un tonico rivitalizzante al profumo di menta ed erbe selvatiche.<x1/><x2/><x3/><x4/>Ripristina 450 Vigore in 4 secondi.<x5/><x6/> Le cariche si ricaricano riposando.
CODEX_RECIPELESSERSTAMINAPOTION2_DESC	Un tonico rivitalizzante al profumo di menta ed erbe selvatiche.<x1/><x2/><x3/><x4/>Ripristina 450 Vigore in 4 secondi.<x5/><x6/> Le cariche si ricaricano riposando.
CODEX_RECIPELESSERSTAMINAPOTION3_DESC	Un tonico rivitalizzante al profumo di menta ed erbe selvatiche.<x1/><x2/><x3/><x4/>Ripristina 450 Vigore in 4 secondi.<x5/><x6/> Le cariche si ricaricano riposando.
CODEX_RECIPELESSERSTAMINAPOTION4_DESC	Un tonico rivitalizzante al profumo di menta ed erbe selvatiche.<x1/><x2/><x3/><x4/>Ripristina 450 Vigore in 4 secondi.<x5/><x6/> Le cariche si ricaricano riposando.
CODEX_RECIPELESSERSTAMINAPOTION5_DESC	Un tonico rivitalizzante al profumo di menta ed erbe selvatiche.<x1/><x2/><x3/><x4/>Ripristina 450 Vigore in 4 secondi.<x5/><x6/> Le cariche si ricaricano riposando.
CODEX_RECIPELESSERSTAMINAPOTION_DESC	Un tonico rivitalizzante al profumo di menta ed erbe selvatiche.<x1/><x2/><x3/><x4/>Ripristina 450 Vigore in 4 secondi.<x5/><x6/> Le cariche si ricaricano riposando.
CODEX_RECIPELESSERSTAMINATHROWFLASK1_DESC	Una Pozione Minore di Vigore con una corda legata attorno. Utile per ripristinare il Vigore altrui in combattimento.<x1/><x2/><x3/><x4/>Lancia per ripristinare 300 Vigore a un alleato in 4 secondi.<x5/><x6/> Le cariche si ricaricano riposando.
CODEX_RECIPELESSERSTAMINATHROWFLASK2_DESC	Una Pozione Minore di Vigore con una corda legata attorno. Utile per ripristinare il Vigore altrui in combattimento.<x1/><x2/><x3/><x4/>Lancia per ripristinare 300 Vigore a un alleato in 4 secondi.<x5/><x6/> Le cariche si ricaricano riposando.
CODEX_RECIPELESSERSTAMINATHROWFLASK3_DESC	Una Pozione Minore di Vigore con una corda legata attorno. Utile per ripristinare il Vigore altrui in combattimento.<x1/><x2/><x3/><x4/>Lancia per ripristinare 300 Vigore a un alleato in 4 secondi.<x5/><x6/> Le cariche si ricaricano riposando.
CODEX_RECIPELESSERSTAMINATHROWFLASK4_DESC	Una Pozione Minore di Vigore con una corda legata attorno. Utile per ripristinare il Vigore altrui in combattimento.<x1/><x2/><x3/><x4/>Lancia per ripristinare 300 Vigore a un alleato in 4 secondi.<x5/><x6/> Le cariche si ricaricano riposando.
CODEX_RECIPELESSERSTAMINATHROWFLASK5_DESC	Una Pozione Minore di Vigore con una corda legata attorno. Utile per ripristinare il Vigore altrui in combattimento.<x1/><x2/><x3/><x4/>Lancia per ripristinare 300 Vigore a un alleato in 4 secondi.<x5/><x6/> Le cariche si ricaricano riposando.
CODEX_RECIPELESSERSTAMINATHROWFLASK_DESC	Una Pozione Minore di Vigore con una corda legata attorno. Utile per ripristinare il Vigore altrui in combattimento.<x1/><x2/><x3/><x4/>Lancia per ripristinare 300 Vigore a un alleato in 4 secondi.<x5/><x6/> Le cariche si ricaricano riposando.
CODEX_RECIPELIGHTBANDAGES1_DESC	Bende avvolte strettamente e preparate con unguenti curativi. Usate per trattare le ferite sul campo.<x1/><x2/> Le cariche si ricaricano riposando<x3/><x4/><x5/><x6/>Cura il Sanguinamento.<x7/><x8/> Le cariche si ricaricano riposando.
CODEX_RECIPELIGHTBANDAGES2_DESC	Bende avvolte strettamente e preparate con unguenti curativi. Usate per trattare le ferite sul campo.<x1/><x2/> Le cariche si ricaricano riposando<x3/><x4/><x5/><x6/>Cura il Sanguinamento.<x7/><x8/> Le cariche si ricaricano riposando.
CODEX_RECIPELIGHTBANDAGES3_DESC	Bende avvolte strettamente e preparate con unguenti curativi. Usate per trattare le ferite sul campo.<x1/><x2/> Le cariche si ricaricano riposando<x3/><x4/><x5/><x6/>Cura il Sanguinamento.<x7/><x8/> Le cariche si ricaricano riposando.
CODEX_RECIPELIGHTBANDAGES4_DESC	Bende avvolte strettamente e preparate con unguenti curativi. Usate per trattare le ferite sul campo.<x1/><x2/> Le cariche si ricaricano riposando<x3/><x4/><x5/><x6/>Cura il Sanguinamento.<x7/><x8/> Le cariche si ricaricano riposando.
CODEX_RECIPELIGHTBANDAGES5_DESC	Bende avvolte strettamente e preparate con unguenti curativi. Usate per trattare le ferite sul campo.<x1/><x2/> Le cariche si ricaricano riposando<x3/><x4/><x5/><x6/>Cura il Sanguinamento.<x7/><x8/> Le cariche si ricaricano riposando.
CODEX_RECIPELIGHTBANDAGES_DESC	Bende avvolte strettamente e preparate con unguenti curativi. Usate per trattare le ferite sul campo.<x1/><x2/> Le cariche si ricaricano riposando<x3/><x4/><x5/><x6/>Cura il Sanguinamento.<x7/><x8/> Le cariche si ricaricano riposando.
CODEX_RECIPELINENGLOVES_DESC	Robusti guanti da lavoro cuciti in tela. Migliorano presa e comfort durante la raccolta prolungata.
CODEX_RECIPELINEN_DESC	Tessuto a trama fitta ottenuto da fibre vegetali trattate.<x1/><x2/><x3/>Nessuno
CODEX_RECIPEMINORBLOODRAGEPOTION1_DESC	Una pozione ricavata dall'essenza di un Goblin. Conferisce temporaneamente Furia a chi la beve.<x1/><x2/><x3/><x4/>Bevi per applicare 2 accumuli di Furia<x5/><x6/> Le cariche si ricaricano riposando.
CODEX_RECIPEMINORBLOODRAGEPOTION2_DESC	Una pozione ricavata dall'essenza di un Goblin. Conferisce temporaneamente Furia a chi la beve.<x1/><x2/><x3/><x4/>Bevi per applicare 2 accumuli di Furia<x5/><x6/> Le cariche si ricaricano riposando.
CODEX_RECIPEMINORBLOODRAGEPOTION3_DESC	Una pozione ricavata dall'essenza di un Goblin. Conferisce temporaneamente Furia a chi la beve.<x1/><x2/><x3/><x4/>Bevi per applicare 2 accumuli di Furia<x5/><x6/> Le cariche si ricaricano riposando.
CODEX_RECIPEMINORBLOODRAGEPOTION4_DESC	Una pozione ricavata dall'essenza di un Goblin. Conferisce temporaneamente Furia a chi la beve.<x1/><x2/><x3/><x4/>Bevi per applicare 2 accumuli di Furia<x5/><x6/> Le cariche si ricaricano riposando.
CODEX_RECIPEMINORBLOODRAGEPOTION5_DESC	Una pozione ricavata dall'essenza di un Goblin. Conferisce temporaneamente Furia a chi la beve.<x1/><x2/><x3/><x4/>Bevi per applicare 2 accumuli di Furia<x5/><x6/> Le cariche si ricaricano riposando.
CODEX_RECIPEMINORBLOODRAGEPOTION_DESC	Una pozione ricavata dall'essenza di un Goblin. Conferisce temporaneamente Furia a chi la beve.<x1/><x2/><x3/><x4/>Bevi per applicare 2 accumuli di Furia<x5/><x6/> Le cariche si ricaricano riposando.
CODEX_RECIPEMINORCONCENTRATIONTHROWFLASK1_DESC	Un estratto scarso di concentrazione con una corda legata attorno. Utile per ripristinare la Concentrazione altrui in combattimento.<x1/><x2/><x3/><x4/>Lancia per ripristinare 100 Concentrazione a un alleato in 4 secondi.<x5/><x6/> Le cariche si ricaricano riposando.
CODEX_RECIPEMINORCONCENTRATIONTHROWFLASK2_DESC	Un estratto scarso di concentrazione con una corda legata attorno. Utile per ripristinare la Concentrazione altrui in combattimento.<x1/><x2/><x3/><x4/>Lancia per ripristinare 100 Concentrazione a un alleato in 4 secondi.<x5/><x6/> Le cariche si ricaricano riposando.
CODEX_RECIPEMINORCONCENTRATIONTHROWFLASK3_DESC	Un estratto scarso di concentrazione con una corda legata attorno. Utile per ripristinare la Concentrazione altrui in combattimento.<x1/><x2/><x3/><x4/>Lancia per ripristinare 100 Concentrazione a un alleato in 4 secondi.<x5/><x6/> Le cariche si ricaricano riposando.
CODEX_RECIPEMINORCONCENTRATIONTHROWFLASK4_DESC	Un estratto scarso di concentrazione con una corda legata attorno. Utile per ripristinare la Concentrazione altrui in combattimento.<x1/><x2/><x3/><x4/>Lancia per ripristinare 100 Concentrazione a un alleato in 4 secondi.<x5/><x6/> Le cariche si ricaricano riposando.
CODEX_RECIPEMINORCONCENTRATIONTHROWFLASK5_DESC	Un estratto scarso di concentrazione con una corda legata attorno. Utile per ripristinare la Concentrazione altrui in combattimento.<x1/><x2/><x3/><x4/>Lancia per ripristinare 100 Concentrazione a un alleato in 4 secondi.<x5/><x6/> Le cariche si ricaricano riposando.
CODEX_RECIPEMINORCONCENTRATIONTHROWFLASK_DESC	Un estratto scarso di concentrazione con una corda legata attorno. Utile per ripristinare la Concentrazione altrui in combattimento.<x1/><x2/><x3/><x4/>Lancia per ripristinare 100 Concentrazione a un alleato in 4 secondi.<x5/><x6/> Le cariche si ricaricano riposando.
CODEX_RECIPEMINORHEALTHTHROWFLASK1_DESC	Un estratto scarso di salute con una corda legata attorno. Utile per curare gli altri in combattimento.<x1/><x2/><x3/><x4/>Lancia per ripristinare 100 Salute a un alleato in 4 secondi.<x5/><x6/> Le cariche si ricaricano riposando.
CODEX_RECIPEMINORHEALTHTHROWFLASK2_DESC	Un estratto scarso di salute con una corda legata attorno. Utile per curare gli altri in combattimento.<x1/><x2/><x3/><x4/>Lancia per ripristinare 100 Salute a un alleato in 4 secondi.<x5/><x6/> Le cariche si ricaricano riposando.
CODEX_RECIPEMINORHEALTHTHROWFLASK3_DESC	Un estratto scarso di salute con una corda legata attorno. Utile per curare gli altri in combattimento.<x1/><x2/><x3/><x4/>Lancia per ripristinare 100 Salute a un alleato in 4 secondi.<x5/><x6/> Le cariche si ricaricano riposando.
CODEX_RECIPEMINORHEALTHTHROWFLASK4_DESC	Un estratto scarso di salute con una corda legata attorno. Utile per curare gli altri in combattimento.<x1/><x2/><x3/><x4/>Lancia per ripristinare 100 Salute a un alleato in 4 secondi.<x5/><x6/> Le cariche si ricaricano riposando.
CODEX_RECIPEMINORHEALTHTHROWFLASK5_DESC	Un estratto scarso di salute con una corda legata attorno. Utile per curare gli altri in combattimento.<x1/><x2/><x3/><x4/>Lancia per ripristinare 100 Salute a un alleato in 4 secondi.<x5/><x6/> Le cariche si ricaricano riposando.
CODEX_RECIPEMINORHEALTHTHROWFLASK_DESC	Un estratto scarso di salute con una corda legata attorno. Utile per curare gli altri in combattimento.<x1/><x2/><x3/><x4/>Lancia per ripristinare 100 Salute a un alleato in 4 secondi.<x5/><x6/> Le cariche si ricaricano riposando.
CODEX_RECIPENATURESCALMTONIC_DESC	Un tonico lenitivo e calmante preparato con Thaumablossom al chiaro di luna e Legno di Treant. Placa la mente, favorendo una concentrazione profonda e un recupero più rapido della Concentrazione.<x1/><x2/><x3/><x4/><x5/>Ripristina la barra della Sete. Conferisce 10% Concentrazione massima e Rigenerazione della concentrazione per 30 minuti.
CODEX_RECIPENATURESWARDSTEAK_DESC	Una bistecca di bestia cotta con Legno di Treant e condita con Thaumablossom. Conferisce resistenza prolungata agli effetti del veleno.<x1/><x2/><x3/><x4/><x5/>Ripristina le barre di Fame e Sete. Conferisce 10% Salute massima, +25% Resistenza al decadimento e Resistenza al veleno per 30 minuti.
CODEX_RECIPEOILFLASK1_DESC	Una fiasca di olio denso e infiammabile, usato per rivestire superfici, accendere trappole o alimentare fuochi alchemici.<x1/><x2/><x3/><x4/>Lancia per creare una Pozza d'Olio.<x5/><x6/> Le cariche si ricaricano riposando.
CODEX_RECIPEOILFLASK2_DESC	Una fiasca di olio denso e infiammabile, usato per rivestire superfici, accendere trappole o alimentare fuochi alchemici.<x1/><x2/><x3/><x4/>Lancia per creare una Pozza d'Olio.<x5/><x6/> Le cariche si ricaricano riposando.
CODEX_RECIPEOILFLASK3_DESC	Una fiasca di olio denso e infiammabile, usato per rivestire superfici, accendere trappole o alimentare fuochi alchemici.<x1/><x2/><x3/><x4/>Lancia per creare una Pozza d'Olio.<x5/><x6/> Le cariche si ricaricano riposando.
CODEX_RECIPEOILFLASK4_DESC	Una fiasca di olio denso e infiammabile, usato per rivestire superfici, accendere trappole o alimentare fuochi alchemici.<x1/><x2/><x3/><x4/>Lancia per creare una Pozza d'Olio.<x5/><x6/> Le cariche si ricaricano riposando.
CODEX_RECIPEOILFLASK5_DESC	Una fiasca di olio denso e infiammabile, usato per rivestire superfici, accendere trappole o alimentare fuochi alchemici.<x1/><x2/><x3/><x4/>Lancia per creare una Pozza d'Olio.<x5/><x6/> Le cariche si ricaricano riposando.
CODEX_RECIPEOILFLASK_DESC	Una fiasca di olio denso e infiammabile, usato per rivestire superfici, accendere trappole o alimentare fuochi alchemici.<x1/><x2/><x3/><x4/>Lancia per creare una Pozza d'Olio.<x5/><x6/> Le cariche si ricaricano riposando.
CODEX_RECIPEPINEWOODPLANKS_DESC	Tavole ricavate dal Pino di Wildwood, apprezzate per la robustezza e usate in costruzioni resistenti.
CODEX_RECIPEPOETSBREW_DESC	Una bevanda ispiratrice e melodiosa con infuso di Campanula Canterina. Schiarisce la gola e accelera il battito, donando ai viandanti la resistenza di un bardo rinomato.<x1/><x2/><x3/><x4/><x5/>Ripristina la barra della Sete. Conferisce 10% Vigore massimo e Rigenerazione del vigore per 30 minuti.
CODEX_RECIPEPOISONCURE1_DESC	Un tonico alle erbe formulato per eliminare le tossine nocive dal corpo. Apprezzato dagli esploratori esperti.<x1/><x2/> Le cariche si ricaricano riposando<x3/><x4/><x5/><x6/>Cura il Veleno.<x7/><x8/> Le cariche si ricaricano riposando.
CODEX_RECIPEPOISONCURE2_DESC	Un tonico alle erbe formulato per eliminare le tossine nocive dal corpo. Apprezzato dagli esploratori esperti.<x1/><x2/> Le cariche si ricaricano riposando<x3/><x4/><x5/><x6/>Cura il Veleno.<x7/><x8/> Le cariche si ricaricano riposando.
CODEX_RECIPEPOISONCURE3_DESC	Un tonico alle erbe formulato per eliminare le tossine nocive dal corpo. Apprezzato dagli esploratori esperti.<x1/><x2/> Le cariche si ricaricano riposando<x3/><x4/><x5/><x6/>Cura il Veleno.<x7/><x8/> Le cariche si ricaricano riposando.
CODEX_RECIPEPOISONCURE4_DESC	Un tonico alle erbe formulato per eliminare le tossine nocive dal corpo. Apprezzato dagli esploratori esperti.<x1/><x2/> Le cariche si ricaricano riposando<x3/><x4/><x5/><x6/>Cura il Veleno.<x7/><x8/> Le cariche si ricaricano riposando.
CODEX_RECIPEPOISONCURE5_DESC	Un tonico alle erbe formulato per eliminare le tossine nocive dal corpo. Apprezzato dagli esploratori esperti.<x1/><x2/> Le cariche si ricaricano riposando<x3/><x4/><x5/><x6/>Cura il Veleno.<x7/><x8/> Le cariche si ricaricano riposando.
CODEX_RECIPEPOISONCURE_DESC	Un tonico alle erbe formulato per eliminare le tossine nocive dal corpo. Apprezzato dagli esploratori esperti.<x1/><x2/> Le cariche si ricaricano riposando<x3/><x4/><x5/><x6/>Cura il Veleno.<x7/><x8/> Le cariche si ricaricano riposando.
CODEX_RECIPEPOISONFLASK1_DESC	Un contenitore sigillato di potente tossina. Spesso usato per creare zone avvelenate o miscele letali.<x1/><x2/><x3/><x4/>Lancia per creare una Pozza di Veleno.<x5/><x6/> Le cariche si ricaricano riposando.
CODEX_RECIPEPOISONFLASK2_DESC	Un contenitore sigillato di potente tossina. Spesso usato per creare zone avvelenate o miscele letali.<x1/><x2/><x3/><x4/>Lancia per creare una Pozza di Veleno.<x5/><x6/> Le cariche si ricaricano riposando.
CODEX_RECIPEPOISONFLASK3_DESC	Un contenitore sigillato di potente tossina. Spesso usato per creare zone avvelenate o miscele letali.<x1/><x2/><x3/><x4/>Lancia per creare una Pozza di Veleno.<x5/><x6/> Le cariche si ricaricano riposando.
CODEX_RECIPEPOISONFLASK4_DESC	Un contenitore sigillato di potente tossina. Spesso usato per creare zone avvelenate o miscele letali.<x1/><x2/><x3/><x4/>Lancia per creare una Pozza di Veleno.<x5/><x6/> Le cariche si ricaricano riposando.
CODEX_RECIPEPOISONFLASK5_DESC	Un contenitore sigillato di potente tossina. Spesso usato per creare zone avvelenate o miscele letali.<x1/><x2/><x3/><x4/>Lancia per creare una Pozza di Veleno.<x5/><x6/> Le cariche si ricaricano riposando.
CODEX_RECIPEPOISONFLASK_DESC	Un contenitore sigillato di potente tossina. Spesso usato per creare zone avvelenate o miscele letali.<x1/><x2/><x3/><x4/>Lancia per creare una Pozza di Veleno.<x5/><x6/> Le cariche si ricaricano riposando.
CODEX_RECIPEROASTEDDROOPCORE_DESC	Un succulento Nucleo di Droop arrostito sul fuoco. Uno dei pasti più semplici e abbondanti di Mirkea.<x1/><x2/><x3/><x4/><x5/>Ripristina la barra della Fame.
CODEX_RECIPEROUGHPAPER_DESC	Carta lacera infusa di magia, a malapena integra ma ancora utile.
CODEX_RECIPESPELLBOOKADRENALINE_DESC	Un libro degli incantesimi che insegna Adrenalina a chi lo legge. Usa per apprendere l'incantesimo se hai gli attributi richiesti.
CODEX_RECIPESPELLBOOKAETHERFANGPHALANX_DESC	Un libro degli incantesimi che insegna Falange Zanna d'Etere a chi lo legge. Usa per apprendere l'incantesimo se hai gli attributi richiesti.
CODEX_RECIPESPELLBOOKALPHAHOWL_DESC	Un libro degli incantesimi che insegna Ululato Alfa a chi lo legge. Usa per apprendere l'incantesimo se hai gli attributi richiesti.
CODEX_RECIPESPELLBOOKBARRIER_DESC	Un libro degli incantesimi che insegna Barriera a chi lo legge. Usa per apprendere l'incantesimo se hai gli attributi richiesti.
CODEX_RECIPESPELLBOOKBASH_DESC	Un libro degli incantesimi che insegna Percossa a chi lo legge. Usa per apprendere l'incantesimo se hai gli attributi richiesti.
CODEX_RECIPESPELLBOOKBLACKHOLE_DESC	Un libro degli incantesimi che insegna Buco Nero a chi lo legge. Usa per apprendere l'incantesimo se hai gli attributi richiesti.
CODEX_RECIPESPELLBOOKBRAMBLEFAN_DESC	Un libro degli incantesimi che insegna Ventaglio di Spine a chi lo legge. Usa per apprendere l'incantesimo se hai gli attributi richiesti.
CODEX_RECIPESPELLBOOKCIRCLEOFMAGIC_DESC	Un libro degli incantesimi che insegna Cerchio di Magia a chi lo legge. Usa per apprendere l'incantesimo se hai gli attributi richiesti.
CODEX_RECIPESPELLBOOKCLEARWATER_DESC	Un libro degli incantesimi che insegna Acqua Limpida a chi lo legge. Usa per apprendere l'incantesimo se hai gli attributi richiesti.
CODEX_RECIPESPELLBOOKCOMBATMEDIC_DESC	Un libro degli incantesimi che insegna Medico da Campo a chi lo legge. Usa per apprendere l'incantesimo se hai gli attributi richiesti.
CODEX_RECIPESPELLBOOKCONFLAGURATION_DESC	Un libro degli incantesimi che insegna Conflagrazione a chi lo legge. Usa per apprendere l'incantesimo se hai gli attributi richiesti.
CODEX_RECIPESPELLBOOKCRIPPLINGSTRIKE_DESC	Un libro degli incantesimi che insegna Colpo Storpiante a chi lo legge. Usa per apprendere l'incantesimo se hai gli attributi richiesti.
CODEX_RECIPESPELLBOOKDEVOUR_DESC	Un libro degli incantesimi che insegna Divorare a chi lo legge. Usa per apprendere l'incantesimo se hai gli attributi richiesti.
CODEX_RECIPESPELLBOOKEMPOWERALLY_DESC	Un libro degli incantesimi che insegna Potenzia Alleato a chi lo legge.
CODEX_RECIPESPELLBOOKENTANGLINGROOTS_DESC	Un libro degli incantesimi che insegna Radici Avviluppanti a chi lo legge.
CODEX_RECIPESPELLBOOKERUPT_DESC	Un libro degli incantesimi che insegna Eruzione a chi lo legge. Usa per apprendere l'incantesimo se hai gli attributi richiesti.
CODEX_RECIPESPELLBOOKFIREBURST_DESC	Un libro degli incantesimi che insegna Scoppio di Fuoco a chi lo legge. Usa per apprendere l'incantesimo se hai gli attributi richiesti.
CODEX_RECIPESPELLBOOKFLAMINGSTRIKE_DESC	Un libro degli incantesimi che insegna Colpo Fiammeggiante a chi lo legge. Usa per apprendere l'incantesimo se hai gli attributi richiesti.
CODEX_RECIPESPELLBOOKFRENZIEDSLASHES_DESC	Un libro degli incantesimi che insegna Tagli Frenetici a chi lo legge. Usa per apprendere l'incantesimo se hai gli attributi richiesti.
CODEX_RECIPESPELLBOOKFROZENSTRIKE_DESC	Un libro degli incantesimi che insegna Colpo Congelato a chi lo legge. Usa per apprendere l'incantesimo se hai gli attributi richiesti.
CODEX_RECIPESPELLBOOKGOBLINTOSS_DESC	Un libro degli incantesimi che insegna Lancio di Goblin a chi lo legge. Usa per apprendere l'incantesimo se hai gli attributi richiesti.
CODEX_RECIPESPELLBOOKGUST_DESC	Un libro degli incantesimi che insegna Raffica a chi lo legge. Usa per apprendere l'incantesimo se hai gli attributi richiesti.
CODEX_RECIPESPELLBOOKHEAVYSTRIKE_DESC	Un libro degli incantesimi che insegna Colpo Pesante a chi lo legge. Usa per apprendere l'incantesimo se hai gli attributi richiesti.
CODEX_RECIPESPELLBOOKINFECTIOUSSWARM_DESC	Un libro degli incantesimi che insegna Sciame Infettivo a chi lo legge. Usa per apprendere l'incantesimo se hai gli attributi richiesti.
CODEX_RECIPESPELLBOOKJUNKHAIL_DESC	Un libro degli incantesimi che insegna Grandine di Rottami a chi lo legge. Usa per apprendere l'incantesimo se hai gli attributi richiesti.
CODEX_RECIPESPELLBOOKMETEOR_DESC	Un libro degli incantesimi che insegna Meteorite a chi lo legge. Usa per apprendere l'incantesimo se hai gli attributi richiesti.
CODEX_RECIPESPELLBOOKPOISONSPORES_DESC	Un libro degli incantesimi che insegna Nebbia velenosa a chi lo legge.
CODEX_RECIPESPELLBOOKPOISONSPORES_NAME	Libro degli incantesimi: Nebbia velenosa
CODEX_RECIPESPELLBOOKREJECTION_DESC	Un libro degli incantesimi che insegna Repulsione a chi lo legge. Usa per apprendere l'incantesimo se hai gli attributi richiesti.
CODEX_RECIPESPELLBOOKRIPPLE_DESC	Un libro degli incantesimi che insegna Ondulazione a chi lo legge. Usa per apprendere l'incantesimo se hai gli attributi richiesti.
CODEX_RECIPESPELLBOOKSAPARTILLERY_DESC	Un libro degli incantesimi che insegna Artiglieria di Linfa a chi lo legge. Usa per apprendere l'incantesimo se hai gli attributi richiesti.
CODEX_RECIPESPELLBOOKSAVAGECLAW_DESC	Un libro degli incantesimi che insegna Artiglio Selvaggio a chi lo legge.
CODEX_RECIPESPELLBOOKSEEDBOMB_DESC	Un libro degli incantesimi che insegna Bomba di Semi a chi lo legge. Usa per apprendere l'incantesimo se hai gli attributi richiesti.
CODEX_RECIPESPELLBOOKSHOCKWAVE_DESC	Un libro degli incantesimi che insegna Onda di Shock a chi lo legge. Usa per apprendere l'incantesimo se hai gli attributi richiesti.
CODEX_RECIPESPELLBOOKSPAWNFORESTHEART_DESC	Un libro degli incantesimi che insegna Evoca Cuore della Foresta a chi lo legge. Usa per apprendere l'incantesimo se hai gli attributi richiesti.
CODEX_RECIPESPELLBOOKSPIRITSWAP_DESC	Un libro degli incantesimi che insegna Scambio Spirituale a chi lo legge.
CODEX_RECIPESPELLBOOKTENDONSLICE_DESC	Un libro degli incantesimi che insegna Taglio dei Tendini a chi lo legge. Usa per apprendere l'incantesimo se hai gli attributi richiesti.
CODEX_RECIPESPELLBOOKTOXICSLICE_DESC	Un libro degli incantesimi che insegna Taglio Tossico a chi lo legge. Usa per apprendere l'incantesimo se hai gli attributi richiesti.
CODEX_RECIPESPELLBOOKWARBANNER_DESC	Un libro degli incantesimi che insegna Stendardo di Guerra a chi lo legge. Usa per apprendere l'incantesimo se hai gli attributi richiesti.
CODEX_RECIPESPELLBOOKWATERSURGE_DESC	Un libro degli incantesimi che insegna Ondata d'Acqua a chi lo legge.
CODEX_RECIPESTONENAILS_DESC	Chiodi di Pietra intagliati a mano, usati per costruire mobili rustici e telai di sostegno.
CODEX_RECIPESTONEPICKAXE_DESC	Un piccone pesante rinforzato per spaccare la pietra ed estrarre minerali da terreni rocciosi.
CODEX_RECIPESTONETHROWINGKNIFE1_DESC	Un coltello da lancio ricavato da una pietra affilata e avvolto in corda leggera. Lancialo ai nemici per ferirli in profondità e farli sanguinare.<x1/><x2/><x3/><x4/>Lancia per danneggiare i nemici e applicare Sanguinamento.<x5/><x6/> Le cariche si ricaricano riposando.
CODEX_RECIPESTONETHROWINGKNIFE2_DESC	Un coltello da lancio ricavato da una pietra affilata e avvolto in corda leggera. Lancialo ai nemici per ferirli in profondità e farli sanguinare.<x1/><x2/><x3/><x4/>Lancia per danneggiare i nemici e applicare Sanguinamento.<x5/><x6/> Le cariche si ricaricano riposando.
CODEX_RECIPESTONETHROWINGKNIFE3_DESC	Un coltello da lancio ricavato da una pietra affilata e avvolto in corda leggera. Lancialo ai nemici per ferirli in profondità e farli sanguinare.<x1/><x2/><x3/><x4/>Lancia per danneggiare i nemici e applicare Sanguinamento.<x5/><x6/> Le cariche si ricaricano riposando.
CODEX_RECIPESTONETHROWINGKNIFE4_DESC	Un coltello da lancio ricavato da una pietra affilata e avvolto in corda leggera. Lancialo ai nemici per ferirli in profondità e farli sanguinare.<x1/><x2/><x3/><x4/>Lancia per danneggiare i nemici e applicare Sanguinamento.<x5/><x6/> Le cariche si ricaricano riposando.
CODEX_RECIPESTONETHROWINGKNIFE5_DESC	Un coltello da lancio ricavato da una pietra affilata e avvolto in corda leggera. Lancialo ai nemici per ferirli in profondità e farli sanguinare.<x1/><x2/><x3/><x4/>Lancia per danneggiare i nemici e applicare Sanguinamento.<x5/><x6/> Le cariche si ricaricano riposando.
CODEX_RECIPESTONETHROWINGKNIFE_DESC	Un coltello da lancio ricavato da una pietra affilata e avvolto in corda leggera. Lancialo ai nemici per ferirli in profondità e farli sanguinare.<x1/><x2/><x3/><x4/>Lancia per danneggiare i nemici e applicare Sanguinamento.<x5/><x6/> Le cariche si ricaricano riposando.
CODEX_RECIPESTONEWOODCUTTINGAXE_DESC	Un'affidabile ascia da boscaiolo, bilanciata per colpi regolari durante la raccolta di legname nelle terre selvagge.
CODEX_RECIPETENDERBERRYTEA_DESC	Un tè lenitivo preparato con bacche della foresta. Noto per la delicata azione ristoratrice sullo spirito e per l'idratazione.<x1/><x2/><x3/><x4/><x5/>Ripristina la barra della Sete e aumenta la Salute massima del 10% per 30 minuti. Può essere attivo un solo bonus da bevanda alla volta.
CODEX_RECIPETHAUMABLOSSOMTEA_DESC	Un raro infuso d'erbe preparato al chiaro di luna.<x1/><x2/><x3/><x4/><x5/>Ripristina la barra della Sete e aumenta la Concentrazione massima del 10% per 30 minuti. Può essere attivo un solo bonus da bevanda alla volta.
CODEX_RECIPETHICKBLOODBROTH_DESC	Un brodo ricavato dall'essenza di un grande Goblin, il cui sapore è mascherato dalla dolcezza della Mela. Conferisce Resistenza al sanguinamento a chi lo consuma<x1/><x2/><x3/><x4/>Bevi per applicare 4 accumuli di Furia<x5/><x6/> Le cariche si ricaricano riposando.
CODEX_RECIPETOXICOIL1_DESC	Usa per rivestire l'arma, convertendo parte del suo danno in Danno da decadimento.<x1/><x2/><x3/><x4/>I tuoi attacchi infliggono il 50% del loro danno come Danno da decadimento per 12 secondi.<x5/><x6/> Le cariche si ricaricano riposando.
CODEX_RECIPETOXICOIL2_DESC	Usa per rivestire l'arma, convertendo parte del suo danno in Danno da decadimento.<x1/><x2/><x3/><x4/>I tuoi attacchi infliggono il 50% del loro danno come Danno da decadimento per 12 secondi.<x5/><x6/> Le cariche si ricaricano riposando.
CODEX_RECIPETOXICOIL3_DESC	Usa per rivestire l'arma, convertendo parte del suo danno in Danno da decadimento.<x1/><x2/><x3/><x4/>I tuoi attacchi infliggono il 50% del loro danno come Danno da decadimento per 12 secondi.<x5/><x6/> Le cariche si ricaricano riposando.
CODEX_RECIPETOXICOIL4_DESC	Usa per rivestire l'arma, convertendo parte del suo danno in Danno da decadimento.<x1/><x2/><x3/><x4/>I tuoi attacchi infliggono il 50% del loro danno come Danno da decadimento per 12 secondi.<x5/><x6/> Le cariche si ricaricano riposando.
CODEX_RECIPETOXICOIL5_DESC	Usa per rivestire l'arma, convertendo parte del suo danno in Danno da decadimento.<x1/><x2/><x3/><x4/>I tuoi attacchi infliggono il 50% del loro danno come Danno da decadimento per 12 secondi.<x5/><x6/> Le cariche si ricaricano riposando.
CODEX_RECIPETOXICOIL_DESC	Usa per rivestire l'arma, convertendo parte del suo danno in Danno da decadimento.<x1/><x2/><x3/><x4/>I tuoi attacchi infliggono il 50% del loro danno come Danno da decadimento per 12 secondi.<x5/><x6/> Le cariche si ricaricano riposando.
CODEX_RECIPEWARMINGBROTH_DESC	Un brodo confortante che trattiene il calore, con infuso di petali ardenti di Emberbloom e uova nutrienti. Scaccia il freddo dell'inverno più rigido e protegge dalle temperature gelide.<x1/><x2/><x3/><x4/><x5/>Ripristina le barre di Fame e Sete. Conferisce 10% Salute massima, 25% Resistenza al ghiaccio e Resistenza al gelo per 30 minuti.
CODEX_RECIPEWATERFLASK1_DESC	Una fiasca sigillata contenente acqua.<x1/><x2/><x3/><x4/>Lancia per creare una Pozza d'Acqua.<x5/><x6/> Le cariche si ricaricano riposando.
CODEX_RECIPEWATERFLASK2_DESC	Una fiasca sigillata contenente acqua.<x1/><x2/><x3/><x4/>Lancia per creare una Pozza d'Acqua.<x5/><x6/> Le cariche si ricaricano riposando.
CODEX_RECIPEWATERFLASK3_DESC	Una fiasca sigillata contenente acqua.<x1/><x2/><x3/><x4/>Lancia per creare una Pozza d'Acqua.<x5/><x6/> Le cariche si ricaricano riposando.
CODEX_RECIPEWATERFLASK4_DESC	Una fiasca sigillata contenente acqua.<x1/><x2/><x3/><x4/>Lancia per creare una Pozza d'Acqua.<x5/><x6/> Le cariche si ricaricano riposando.
CODEX_RECIPEWATERFLASK5_DESC	Una fiasca sigillata contenente acqua.<x1/><x2/><x3/><x4/>Lancia per creare una Pozza d'Acqua.<x5/><x6/> Le cariche si ricaricano riposando.
CODEX_RECIPEWATERFLASK_DESC	Una fiasca sigillata contenente acqua.<x1/><x2/><x3/><x4/>Lancia per creare una Pozza d'Acqua.<x5/><x6/> Le cariche si ricaricano riposando.
CODEX_RECIPEWATER_DESC	L'acqua distillata è perfetta da bere in viaggio. È un ingrediente comune in cucina e in alchimia in tutta Mirkea.<x1/><x2/><x3/><x4/><x5/>Ripristina la barra della Sete.
CODEX_RECIPEWEAKHEALTHEXTRACT1_DESC	Un estratto concentrato d'erbe usato negli unguenti curativi di base.<x1/><x2/><x3/><x4/>Ripristina 150 Salute in 4 secondi.<x5/><x6/> Le cariche si ricaricano riposando.
CODEX_RECIPEWEAKHEALTHEXTRACT2_DESC	Un estratto concentrato d'erbe usato negli unguenti curativi di base.<x1/><x2/><x3/><x4/>Ripristina 150 Salute in 4 secondi.<x5/><x6/> Le cariche si ricaricano riposando.
CODEX_RECIPEWEAKHEALTHEXTRACT3_DESC	Un estratto concentrato d'erbe usato negli unguenti curativi di base.<x1/><x2/><x3/><x4/>Ripristina 150 Salute in 4 secondi.<x5/><x6/> Le cariche si ricaricano riposando.
CODEX_RECIPEWEAKHEALTHEXTRACT4_DESC	Un estratto concentrato d'erbe usato negli unguenti curativi di base.<x1/><x2/><x3/><x4/>Ripristina 150 Salute in 4 secondi.<x5/><x6/> Le cariche si ricaricano riposando.
CODEX_RECIPEWEAKHEALTHEXTRACT5_DESC	Un estratto concentrato d'erbe usato negli unguenti curativi di base.<x1/><x2/><x3/><x4/>Ripristina 150 Salute in 4 secondi.<x5/><x6/> Le cariche si ricaricano riposando.
CODEX_RECIPEWEAKHEALTHEXTRACT_DESC	Un estratto concentrato d'erbe usato negli unguenti curativi di base.<x1/><x2/><x3/><x4/>Ripristina 150 Salute in 4 secondi.<x5/><x6/> Le cariche si ricaricano riposando.
CODEX_RECIPEWEAKMAGICEXTRACT1_DESC	Una tintura alchemica ricavata da piante selvatiche.<x1/><x2/><x3/><x4/>Ripristina 150 Concentrazione in 4 secondi.<x5/><x6/> Le cariche si ricaricano riposando.
CODEX_RECIPEWEAKMAGICEXTRACT2_DESC	Una tintura alchemica ricavata da piante selvatiche.<x1/><x2/><x3/><x4/>Ripristina 150 Concentrazione in 4 secondi.<x5/><x6/> Le cariche si ricaricano riposando.
CODEX_RECIPEWEAKMAGICEXTRACT3_DESC	Una tintura alchemica ricavata da piante selvatiche.<x1/><x2/><x3/><x4/>Ripristina 150 Concentrazione in 4 secondi.<x5/><x6/> Le cariche si ricaricano riposando.
CODEX_RECIPEWEAKMAGICEXTRACT4_DESC	Una tintura alchemica ricavata da piante selvatiche.<x1/><x2/><x3/><x4/>Ripristina 150 Concentrazione in 4 secondi.<x5/><x6/> Le cariche si ricaricano riposando.
CODEX_RECIPEWEAKMAGICEXTRACT5_DESC	Una tintura alchemica ricavata da piante selvatiche.<x1/><x2/><x3/><x4/>Ripristina 150 Concentrazione in 4 secondi.<x5/><x6/> Le cariche si ricaricano riposando.
CODEX_RECIPEWEAKMAGICEXTRACT_DESC	Una tintura alchemica ricavata da piante selvatiche.<x1/><x2/><x3/><x4/>Ripristina 150 Concentrazione in 4 secondi.<x5/><x6/> Le cariche si ricaricano riposando.
CODEX_SET_BONUSES	BONUS DEI SET
CODEX_SET_CHESTS	TROVATO NELLE CASSE
CODEX_SET_DISCOVERED	Aggiornamento del Codex: <x1/>
CODEX_SET_DROPPEDBY	LASCIATO DA
CODEX_SET_PIECES	<x1/> pezzi
CODEX_SPELLADRENALINE_DESC	Premi per lanciare. Spendi il 20% dei tuoi HP massimi per ripristinare il 60% del tuo Vigore massimo.
CODEX_SPELLAETHERFANGPHALANX_DESC	Premi per lanciare. Evoca lame orbitanti che colpiscono i nemici vicini. Ogni lama infligge Danno da etere.<x1/><x2/><x3/><x4/><x5/>Danno da etere: (ME:1.25)
CODEX_SPELLAIMEDSHOT_BROADHEADSHOT_DESC	Tiro mirato non attraversa più i nemici: li respinge invece fino alla portata massima.
CODEX_SPELLAIMEDSHOT_BROADHEADSHOT_NAME	Tiro a Punta Larga
CODEX_SPELLAIMEDSHOT_CORRUPTINGARROW_DESC	Tiro mirato consuma fino a 10 accumuli di Sanguinamento sui nemici colpiti e applica 1 accumulo di Veleno per ogni accumulo di Sanguinamento consumato.
CODEX_SPELLAIMEDSHOT_CORRUPTINGARROW_NAME	Freccia Corrompente
CODEX_SPELLAIMEDSHOT_DESC	Premi per lanciare. Dopo un breve ritardo, scaglia un potente tiro che attraversa i nemici e infligge Danno perforante. Puoi mirare durante il ritardo.<x1/><x2/><x3/><x4/><x5/>Danno perforante: (PT: 3.0)
CODEX_SPELLAIMEDSHOT_ENVENOMINGARROW_DESC	Tiro mirato applica 4 accumuli di Veleno ai nemici colpiti. Se colpisce più di un nemico, quelli dopo il primo ricevono invece 2 accumuli di Veleno.
CODEX_SPELLAIMEDSHOT_ENVENOMINGARROW_NAME	Freccia Avvelenante
CODEX_SPELLAIMEDSHOT_INOCULATINGARROW_DESC	Tiro mirato conferisce 2 accumuli di Inoculazione per ogni nemico Avvelenato colpito. Se colpisce almeno 2 nemici Avvelenati, ottieni 2 accumuli aggiuntivi di Inoculazione.
CODEX_SPELLAIMEDSHOT_INOCULATINGARROW_NAME	Freccia Inoculante
CODEX_SPELLAIMEDSHOT_LONGSHOT_DESC	Tiro mirato infligge il 50% di danno extra ai nemici oltre metà della portata, ma il 40% di danno in meno a quelli entro metà della portata.
CODEX_SPELLAIMEDSHOT_LONGSHOT_NAME	Tiro Lungo
CODEX_SPELLAIMEDSHOT_POISONLACEDARROW_DESC	Tiro mirato converte il Sanguinamento in Veleno. Non utilizzabile con Freccia Seghettata.
CODEX_SPELLAIMEDSHOT_POISONLACEDARROW_NAME	Freccia Intrisa di Veleno
CODEX_SPELLAIMEDSHOT_PURGINGARROW_DESC	Tiro mirato consuma Veleno sui nemici colpiti per infliggere il 5% di danno in più per accumulo consumato, fino a 10 accumuli di Veleno.
CODEX_SPELLAIMEDSHOT_PURGINGARROW_NAME	Freccia Purgante
CODEX_SPELLAIMEDSHOT_RENDINGARROW_DESC	Tiro mirato applica 3 accumuli di Sanguinamento ai nemici colpiti.
CODEX_SPELLAIMEDSHOT_RENDINGARROW_NAME	Freccia Lacerante
CODEX_SPELLAIMEDSHOT_SERRATEDARROW_DESC	Tiro mirato applica accumuli di Sanguinamento.
CODEX_SPELLAIMEDSHOT_SERRATEDARROW_NAME	Freccia Seghettata
CODEX_SPELLAIMEDSHOT_SURPRISINGSHOT_DESC	Tiro mirato infligge il 60% di danno bonus ai nemici fuori dal combattimento.
CODEX_SPELLAIMEDSHOT_SURPRISINGSHOT_NAME	Tiro a Sorpresa
CODEX_SPELLALPHAHOWLPLAYER_DESC	Premi per lanciare. Richiama una scarica di proiettili che si spargono casualmente sul campo di battaglia, ciascuno infliggendo danno ripartito tra Ghiaccio ed Etere nel punto d'impatto.<x1/><x2/><x3/>Danno da ghiaccio: (MI:0.82), Danno da etere: (MA:0.82)
CODEX_SPELLARROWOFTHEDEEPCOLD_DESC	Colpire un nemico Assiderato con il terzo attacco a distanza scaglia da dietro di lui un'enorme freccia di ghiaccio che attraversa tutti i nemici sul percorso e infligge Danno da ghiaccio.<x1/><x2/><x3/>Danno da ghiaccio: (MI:0.66)
CODEX_SPELLARROWOFTHEDEEPCOLD_NAME	Freccia del Freddo Profondo
CODEX_SPELLBACKSTEPSTRIKE_CRIPPLINGBACKSTEP_DESC	I nemici colpiti vengono rallentati del 15% per 2 secondi, ma Colpo in arretramento infligge il 20% di danno in meno.
CODEX_SPELLBACKSTEPSTRIKE_CRIPPLINGBACKSTEP_NAME	Passo indietro Storpiante
CODEX_SPELLBACKSTEPSTRIKE_CRIPPLINGSTRIKE_DESC	Rallenta i nemici colpiti del 15% per 2 s.
CODEX_SPELLBACKSTEPSTRIKE_DESC	Premi per lanciare. Colpisci i nemici davanti a te, infliggendo Danno perforante, e scatta indietro. Ottieni Ondata temporale se colpisci un nemico.<x1/><x2/><x3/><x4/><x5/>Danno perforante: (PT:2.5)
CODEX_SPELLBACKSTEPSTRIKE_ECHOEDBACKSTEP_DESC	Consuma fino a 5 accumuli di Eco temporale sui nemici colpiti per infliggere il 5% di Danno da stordimento extra per accumulo consumato, ma Colpo in arretramento non conferisce più Ondata temporale.
CODEX_SPELLBACKSTEPSTRIKE_ECHOEDSTRIKE_DESC	Consuma Eco temporale sul bersaglio per infliggere Danno da stordimento bonus.
CODEX_SPELLBACKSTEPSTRIKE_ECHOINGBACKSTEP_DESC	Applica 3 accumuli di Eco temporale a tutti i nemici colpiti.
CODEX_SPELLBACKSTEPSTRIKE_ECHOINGSTRIKE_DESC	Applica Eco temporale ai nemici colpiti anziché Ondata temporale.
CODEX_SPELLBACKSTEPSTRIKE_EXECUTINGBACKSTEP_DESC	Infligge il 30% di danno extra ai nemici sotto il 40% degli HP, ma il 50% di danno in meno sopra tale soglia.
CODEX_SPELLBACKSTEPSTRIKE_EXECUTINGBACKSTEP_NAME	Passo indietro Esecutore
CODEX_SPELLBACKSTEPSTRIKE_EXECUTINGSTRIKE_DESC	Infligge il 30% di danno in più ai nemici sotto il 40% degli HP e il 50% in meno agli altri.
CODEX_SPELLBACKSTEPSTRIKE_EXECUTINGSTRIKE_NAME	Colpo Esecutore
CODEX_SPELLBACKSTEPSTRIKE_PURSUINGBACKSTEP_DESC	Se Colpo in arretramento colpisce almeno 1 nemico, puoi rilanciarlo entro 2 secondi per scattare avanti e colpire di nuovo al 50% del danno. Il secondo colpo non può conferire Ondata temporale.
CODEX_SPELLBACKSTEPSTRIKE_PURSUINGBACKSTEP_NAME	Passo indietro Inseguitore
CODEX_SPELLBACKSTEPSTRIKE_PURSUINGSTRIKE_DESC	Dopo un colpo a segno, puoi rilanciare entro 2 s. Il rilancio fa scattare in avanti e infligge il 50% del danno.
CODEX_SPELLBACKSTEPSTRIKE_PURSUINGSTRIKE_NAME	Colpo Inseguitore
CODEX_SPELLBACKSTEPSTRIKE_RENDINGBACKSTEP_DESC	Applica 3 accumuli di Sanguinamento a tutti i nemici colpiti.
CODEX_SPELLBACKSTEPSTRIKE_RENDINGSTRIKE_DESC	Applica Sanguinamento ai nemici colpiti anziché Ondata temporale.
CODEX_SPELLBACKSTEPSTRIKE_REPEATINGBACKSTEP_DESC	Alla fine dello scatto, colpisci di nuovo in un'area più ampia. Se entrambi gli attacchi vanno a segno, riduci il tempo di recupero di Colpo in arretramento del 50%.
CODEX_SPELLBACKSTEPSTRIKE_REPEATINGSTRIKE_DESC	Colpisci una seconda volta dopo lo scatto in un'area più ampia; recuperi il 50% del tempo di recupero se entrambi i colpi vanno a segno.
CODEX_SPELLBACKSTEPSTRIKE_SURGEDBACKSTEP_DESC	Non ottieni più Ondata temporale colpendo un nemico. Se invece hai Ondata temporale, la consumi per infliggere istanze di danno extra. Ottieni 1 istanza extra per accumulo consumato, fino a 5.
CODEX_SPELLBACKSTEPSTRIKE_SURGEDSTRIKE_DESC	Consuma Ondata temporale per infliggere istanze di danno extra per accumulo.
CODEX_SPELLBARRIER_DESC	Premi per lanciare. Conferisci uno scudo che svanisce rapidamente a un alleato bersaglio.<x1/><x2/><x3/><x4/><x5/>Scudo: (M:3.5)
CODEX_SPELLBASH_DESC	Premi per lanciare. Colpisci davanti a te, infliggendo poco Danno contundente e Accumulo di stordimento extra.<x1/><x2/><x3/><x4/><x5/>Danno contundente: (PB:1.5)
CODEX_SPELLBLADEDANCE_COAGULATINGDANCE_DESC	Ogni colpo di Danza delle lame consuma 1 accumulo di Veleno sul bersaglio per applicare 2 accumuli aggiuntivi di Sanguinamento.
CODEX_SPELLBLADEDANCE_DESC	Premi per lanciare. Sferra una raffica di 5 colpi, ciascuno dei quali infligge Danno da taglio.<x1/><x2/><x3/><x4/><x5/>Danno da taglio: (PS:6.12)
CODEX_SPELLBLADEDANCE_ENVENOMINGDANCE_DESC	Ogni colpo di Danza delle lame applica anche 1 accumulo di Veleno al bersaglio.
CODEX_SPELLBLADEDANCE_EXTRASTRIKES_DESC	Colpo multiplo ora colpisce altre volte, con una rapida raffica alla fine della danza.
CODEX_SPELLBLADEDANCE_EXTRASTRIKES_NAME	Colpi Extra
CODEX_SPELLBLADEDANCE_HARVESTINGDANCE_DESC	Ogni colpo di Danza delle lame consuma accumuli di Sanguinamento sul bersaglio per infliggere l'8% di danno in più per accumulo, fino al 40% per colpo. Danza delle lame non applica più Sanguinamento.
CODEX_SPELLBLADEDANCE_INOCULATINGDANCE_DESC	Ogni colpo di Danza delle lame conferisce 1 accumulo di Inoculazione se colpisce un bersaglio Avvelenato.
CODEX_SPELLBLADEDANCE_REBOUNDINGDANCE_DESC	Dopo ogni colpo, Danza delle lame cerca un nuovo bersaglio vicino per il colpo successivo, se disponibile. Se nessun altro nemico è a portata, continua a colpire il bersaglio originale.
CODEX_SPELLBLADEDANCE_REBOUNDINGDANCE_NAME	Danza Rimbalzante
CODEX_SPELLBLADEDANCE_SHREDDINGDANCE_DESC	Danza delle lame riduce l'Armatura del bersaglio del 10% per colpo per 5 secondi.
CODEX_SPELLBLADEDANCE_SHREDDINGDANCE_NAME	Danza Dilaniatrice
CODEX_SPELLBLADEDANCE_SHREDDINGSTRIKE_DESC	Colpo multiplo riduce l'Armatura del bersaglio.
CODEX_SPELLBLADEDANCE_SHREDDINGSTRIKE_NAME	Colpo Dilaniatore
CODEX_SPELLBLADEDANCE_SWEEPINGDANCE_DESC	Ogni colpo di Danza delle lame infligge anche Danno da taglio in una piccola area attorno al bersaglio colpito, al 40% del danno, ma il colpo principale infligge il 20% di danno in meno.
CODEX_SPELLBLADEDANCE_SWEEPINGDANCE_NAME	Danza a Spazzata
CODEX_SPELLBLADEDANCE_THRUSTINGDANCE_DESC	Danza delle lame infligge Danno perforante.
CODEX_SPELLBLADEDANCE_THRUSTINGDANCE_NAME	Danza Perforante
CODEX_SPELLBLAZEBORNEDAGGERS_DESC	Colpire un nemico con il tuo Attacco finale scatena una scarica di fuoco attorno a lui, infliggendo Danno da fuoco a tutti i nemici vicini e consumando fino a 10 accumuli di Ondata temporale; il danno aumenta per ogni accumulo consumato.<x1/><x2/><x3/>Danno da fuoco: (MF:0.42)
CODEX_SPELLBLAZINGWRATH_DESC	Dopo aver speso Furia, ottieni un'Aura di Fuoco per 5 secondi, che infligge Danno da fuoco e applica Ustione ai nemici vicini ogni secondo. La durata aumenta di 0,5 secondi per ogni accumulo di Furia speso.<x1/><x2/><x3/>Danno da fuoco: (MF:0.4)
CODEX_SPELLBLIZZARD_CENTEREDBLIZZARD_DESC	Tormenta viene lanciata sulla tua posizione e ti segue. Raggio e danno aumentano del 25%.
CODEX_SPELLBLIZZARD_CENTEREDBLIZZARD_NAME	Tormenta Centrata
CODEX_SPELLBLIZZARD_CHILLINGBLIZZARD_DESC	Tormenta non infligge danni, ma applica 2 accumuli aggiuntivi di Assiderato al secondo e ha un raggio aumentato del 50%.
CODEX_SPELLBLIZZARD_DESC	Premi per lanciare. Crea una tormenta nel punto bersaglio. Infligge Danno da ghiaccio, applica Gelo ogni secondo e lascia una Pozza di ghiaccio.<x1/><x2/><x3/><x4/><x5/>Danno da ghiaccio: (MI:2.81), Gelo: 4
CODEX_SPELLBLIZZARD_FRACTURINGBLIZZARD_DESC	Al lancio, Tormenta consuma fino a 10 tuoi accumuli di Vincolo gelido. La sua durata aumenta di 0,5 secondi per accumulo consumato.
CODEX_SPELLBLIZZARD_FROSTBINDINGBLIZZARD_DESC	Tormenta applica 2 accumuli di Vincolo gelido al secondo a tutti gli alleati al suo interno.
CODEX_SPELLBLIZZARD_FROSTBINDINGBLIZZARD_NAME	Tormenta del Vincolo Gelido
CODEX_SPELLBLIZZARD_FROSTBITEBLIZZARD_DESC	Tormenta consuma Gelo per infliggere +10% danno per accumulo. Non utilizzabile con Tormenta Lieve.
CODEX_SPELLBLIZZARD_FROSTBITEBLIZZARD_NAME	Tormenta Mordigelo
CODEX_SPELLBLIZZARD_ICYFORTIFICATION_DESC	Gli alleati dentro Tormenta ottengono +30% Armatura e Resistenza.
CODEX_SPELLBLIZZARD_ICYFORTIFICATION_NAME	Fortificazione Gelida
CODEX_SPELLBLIZZARD_PURSUINGBLIZZARD_DESC	Tormenta cerca e segue il nemico più vicino. Raggio e danno di Tormenta si riducono del 20%
CODEX_SPELLBLIZZARD_PURSUINGBLIZZARD_NAME	Tormenta Inseguitrice
CODEX_SPELLBLIZZARD_SHATTERINGBLIZZARD_DESC	Tormenta consuma fino a 10 accumuli di Assiderato per infliggere il 10% di Danno da ghiaccio in più per accumulo consumato. Non applica più Assiderato né crea una Pozza di ghiaccio.
CODEX_SPELLBLIZZARD_SOFTBLIZZARD_DESC	Tormenta non infligge danni, ma applica 2x Gelo in un'area più ampia del 50%. Non utilizzabile con Tormenta Mordigelo.
CODEX_SPELLBLIZZARD_SOFTBLIZZARD_NAME	Tormenta Lieve
CODEX_SPELLBLIZZARD_STEADYBLIZZARD_DESC	Il raggio di Tormenta aumenta del 15%
CODEX_SPELLBLIZZARD_STEADYBLIZZARD_NAME	Tormenta Costante
CODEX_SPELLBOULDERTOSS_BOULDERSLAM_DESC	Tempo di recupero ridotto a 4 s, ma portata notevolmente ridotta.
CODEX_SPELLBOULDERTOSS_BOULDERSLAM_NAME	Schianto del Masso
CODEX_SPELLBOULDERTOSS_DESC	Premi per lanciare. Scaglia un masso gigante nel punto bersaglio. Infligge Danno contundente a tutti i nemici colpiti.<x1/><x2/><x3/><x4/><x5/><x6/><x7/><x8/><x9/>Può interrompere gli attacchi dei nemici piccoli.
CODEX_SPELLBOULDERTOSS_ENRAGINGBOULDER_DESC	Lancio di masso conferisce 5 accumuli di Furia se colpisce almeno 1 nemico.
CODEX_SPELLBOULDERTOSS_ENRAGINGBOULDER_NAME	Masso Infuriante
CODEX_SPELLBOULDERTOSS_OILBOULDER_DESC	Il masso lascia una Pozza d'Olio all'impatto.
CODEX_SPELLBOULDERTOSS_OILBOULDER_NAME	Masso d'Olio
CODEX_SPELLBOULDERTOSS_RAGINGBOULDER_DESC	Lancio di masso spende Furia per aumentare il proprio Accumulo di stordimento del 3% per accumulo speso, fino al 30%.
CODEX_SPELLBOULDERTOSS_RAGINGBOULDER_NAME	Masso Furente
CODEX_SPELLBOULDERTOSS_SHARPSHRAPNEL_DESC	I massi frantumati attraversano i nemici, infliggendo Danno perforante e applicando Sanguinamento.
CODEX_SPELLBOULDERTOSS_SHARPSHRAPNEL_NAME	Schegge Affilate
CODEX_SPELLBOULDERTOSS_SHATTERINGBOULDER_DESC	Il masso si frantuma all'impatto, spargendo altri frammenti che infliggono danno.
CODEX_SPELLBOULDERTOSS_SHATTERINGBOULDER_NAME	Masso Frantumante
CODEX_SPELLBRAMBLEFANPLAYER_DESC	Premi per lanciare. Evoca un ventaglio di spine verso il bersaglio, infliggendo Danno perforante e applicando Sanguinamento a tutti i nemici trafitti. Ogni Cuore della Foresta vicino genera il proprio ventaglio di spine verso il bersaglio.<x1/><x2/><x3/>Danno perforante: (PT:0.68), Sanguinamento: 1
CODEX_SPELLCERESAETHERMISSILE_DESC	Lanciare un incantesimo di Etere evoca un dardo d'etere a ricerca che insegue un nemico vicino, infliggendo Danno da etere all'impatto.<x1/><x2/><x3/>Danno da etere: (MA:1.16)
CODEX_SPELLCHRONOSPIKE_CRIPPLINGSPIKE_DESC	Bersaglia il nemico più vicino senza dare priorità al danno nel tempo e rallenta al colpo.
CODEX_SPELLCHRONOSPIKE_CRIPPLINGSPIKE_NAME	Spina Storpiante
CODEX_SPELLCHRONOSPIKE_DESC	Premi per lanciare. Compi un breve passo, poi scaglia una spina temporale che cerca il nemico con più accumuli di danno nel tempo. Anticipa Ustione, Veleno e Sanguinamento: il danno residuo viene inflitto subito e ogni accumulo anticipato aggiunge Danno da etere bonus.<x1/><x2/>Danno da etere: (MA:2.4),<x3/>Danno da etere bonus per accumulo: (MA:0.2)
CODEX_SPELLCHRONOSPIKE_ECHOINGSPIKE_DESC	Gli accumuli anticipati diventano Eco temporale anziché infliggere Danno da etere bonus; il loro danno residuo viene comunque inflitto subito.
CODEX_SPELLCHRONOSPIKE_RENDINGSPIKE_DESC	Gli accumuli anticipati diventano Sanguinamento anziché infliggere Danno da etere bonus; il loro danno residuo viene comunque inflitto subito.
CODEX_SPELLCHRONOSPIKE_REVERSINGSPIKE_DESC	Non anticipa più gli accumuli di danno nel tempo: li raddoppia invece, aggiungendone fino a 5 per tipo.
CODEX_SPELLCHRONOSPIKE_REVERSINGSPIKE_NAME	Spina Invertente
CODEX_SPELLCHRONOSPIKE_SPLITTINGSPIKE_DESC	Scaglia 3 proiettili contro i primi 3 bersagli per priorità, ciascuno al 33% del danno.
CODEX_SPELLCHRONOSPIKE_SPLITTINGSPIKE_NAME	Spina Scindente
CODEX_SPELLCHRONOSPIKE_SURGINGSPIKE_DESC	Ottieni 3 accumuli di Ondata temporale al lancio.
CODEX_SPELLCINDERDETONATION_DESC	Colpire un nemico con Ustione con il terzo attacco scatena un'esplosione infuocata che infligge Danno da fuoco.<x1/><x2/><x3/>Danno da fuoco: (MF:0.87)
CODEX_SPELLCIRCLEOFMAGIC_DESC	Premi per lanciare. Crea un Cerchio di Magia per 10 secondi che aumenta del 25% il Danno magico di tutti gli alleati al suo interno.
CODEX_SPELLCLEARWATER_DESC	Premi per lanciare. Converti tutte le pozze elementali in un'ampia area in Pozze d'Acqua.
CODEX_SPELLCLONEDAGGERTHROW_DESC	I tuoi Cloni d'ombra lanciano ciascuno un Pugnale d'ombra al bersaglio, infliggendo Danno perforante e applicando Sanguinamento con ogni pugnale.<x1/><x2/><x3/>Danno perforante: (PT:0.6)
CODEX_SPELLCLONESTRIKE_DESC	I tuoi Cloni d'ombra imitano il tuo attacco, colpendo ciascuno il bersaglio per una parte del tuo danno.
CODEX_SPELLCOMBATMEDIC_DESC	Premi per lanciare. Accorri da un alleato e rimuovi tutti i suoi accumuli di Ustione, Gelo, Veleno, Scossa e Sanguinamento.
CODEX_SPELLCONFLAGRATION_DESC	Premi per lanciare. Diffondi l'Ustione da un bersaglio ai nemici vicini.
CODEX_SPELLCONTAGION_BURSTINGCONTAGION_DESC	Alla scadenza, Contagio esplode e infligge Danno da decadimento ai nemici nella zona contagiosa. Il danno dell'esplosione aumenta del 5% per ogni accumulo di Veleno sul bersaglio infetto, fino al 50%. La durata di Contagio si riduce di 1 secondo.
CODEX_SPELLCONTAGION_BURSTINGCONTAGION_NAME	Contagio Esplosivo
CODEX_SPELLCONTAGION_COAGULATINGCONTAGION_DESC	Quando Contagio copia il Veleno dal bersaglio infetto ai nemici nella zona contagiosa, converte invece parte del Veleno copiato in Sanguinamento. Di base, ogni 4 accumuli di Veleno copiati applica invece 1 accumulo di Sanguinamento, fino alla quantità di Veleno copiato.
CODEX_SPELLCONTAGION_DESC	Premi per lanciare. Infetta un bersaglio con Veleno e una zona contagiosa che infligge Danno da decadimento e diffonde Veleno ai nemici vicini ogni secondo.<x1/><x2/><x3/>Danno da decadimento: (MD:4.32)
CODEX_SPELLCONTAGION_ENVENOMINGCONTAGION_DESC	Contagio applica 3 accumuli aggiuntivi di Veleno al bersaglio infetto al lancio. La zona contagiosa applica 1 accumulo aggiuntivo di Veleno al secondo ai nemici al suo interno.
CODEX_SPELLCONTAGION_FOCUSEDCONTAGION_DESC	Riduce il raggio della zona di Contagio del 40%. Il bersaglio infetto subisce il 25% di Danno da decadimento in più da Contagio.
CODEX_SPELLCONTAGION_INOCULATEDCONTAGION_DESC	Contagio consuma fino a 5 accumuli di Inoculazione al lancio. Ogni accumulo consumato aumenta il raggio di Contagio del 6% e la durata di 0,5 secondi.
CODEX_SPELLCONTAGION_INOCULATINGCONTAGION_DESC	Quando Contagio copia Veleno dal bersaglio infetto ad almeno un nemico nella zona contagiosa, ottieni 2 accumuli di Inoculazione. Può accadere una volta ogni 1 secondo.
CODEX_SPELLCONTAGION_LINGERINGCONTAGION_DESC	Alla scadenza di Contagio, la zona contagiosa resta nella posizione finale del bersaglio per 3 secondi. Infligge il 50% di Danno da decadimento in meno e non copia più il Veleno applicato al bersaglio originale.
CODEX_SPELLCONTAGION_LINGERINGCONTAGION_NAME	Contagio Persistente
CODEX_SPELLCONTAGION_PANDEMICCLOUD_DESC	Contagio non si lega più al bersaglio. Crea invece una zona contagiosa fissa nella sua posizione per 6 secondi. Il raggio della zona aumenta del 25%.
CODEX_SPELLCONTAGION_PANDEMICCLOUD_NAME	Nube Pandemica
CODEX_SPELLCONTAGION_PURGINGCONTAGION_DESC	Contagio consuma fino a 10 accumuli di Veleno dal bersaglio infetto al lancio. Ogni accumulo consumato aumenta del 5% il Danno da decadimento di Contagio per la sua durata. Contagio non applica più i 5 accumuli iniziali di Veleno.
CODEX_SPELLCONTAGION_VECTORTRANSFER_DESC	Se il bersaglio infetto muore mentre Contagio è attivo, Contagio passa al nemico più vicino entro portata e la durata viene reimpostata al 50% di quella residua. Trasferimento del Vettore può avvenire una volta per lancio.
CODEX_SPELLCONTAGION_VECTORTRANSFER_NAME	Trasferimento del Vettore
CODEX_SPELLCORNUCHARGE_BLOODSCENTCHARGE_DESC	Carica di Cornu recupera il 50% del proprio tempo di recupero quando colpisce un nemico con Sanguinamento.
CODEX_SPELLCORNUCHARGE_BLOODSCENTCHARGE_NAME	Carica all'Odore di Sangue
CODEX_SPELLCORNUCHARGE_CHARGESTUNAMPLIFICATION_DESC	Carica di Cornu infligge il 50% di danno extra ai bersagli Storditi.
CODEX_SPELLCORNUCHARGE_CHARGESTUNAMPLIFICATION_NAME	Carica Potenziata contro Storditi
CODEX_SPELLCORNUCHARGE_CORNUSHOCKWAVE_DESC	Crea una grande onda di shock all'impatto, infliggendo Danno contundente.
CODEX_SPELLCORNUCHARGE_CORNUSHOCKWAVE_NAME	Onda di Shock di Cornu
CODEX_SPELLCORNUCHARGE_DESC	Carica in avanti. Infligge Danno contundente al primo nemico colpito. Il danno aumenta con la distanza percorsa.<x1/><x2/><x3/><x4/><x5/><x6/><x7/><x8/><x9/>Può interrompere gli attacchi dei nemici piccoli.
CODEX_SPELLCORNUCHARGE_ENRAGINGCHARGE_DESC	Carica di Cornu conferisce 5 accumuli di Furia quando colpisce un nemico.
CODEX_SPELLCORNUCHARGE_ENRAGINGCHARGE_NAME	Carica Infuriante
CODEX_SPELLCORNUCHARGE_HARVESTINGCHARGE_DESC	Carica di Cornu consuma Sanguinamento sul nemico colpito per ottenere il 5% di Accumulo di stordimento aggiuntivo per accumulo consumato, fino al 50%.
CODEX_SPELLCORNUCHARGE_HARVESTINGCHARGE_NAME	Carica Mietente
CODEX_SPELLCORNUCHARGE_RAGINGCHARGE_DESC	Carica di Cornu spende Furia per infliggere il 5% di danno in più per accumulo di Furia, fino a un aumento del 50%.
CODEX_SPELLCORNUCHARGE_RAGINGCHARGE_NAME	Carica Furente
CODEX_SPELLCORNUCHARGE_RENDINGCHARGE_DESC	Carica di Cornu applica 3 accumuli di Sanguinamento al nemico colpito e altri 2 se è vicino alla distanza massima.
CODEX_SPELLCORNUCHARGE_RENDINGCHARGE_NAME	Carica Lacerante
CODEX_SPELLCORNUCHARGE_STUNAMP_DESC	Infligge il 50% di danno in più ai nemici Storditi.
CODEX_SPELLCORNUCHARGE_STUNAMP_NAME	Bonus contro Storditi
CODEX_SPELLCRIPPLINGSTRIKE_DESC	Tieni premuto per caricare. Rilascia per colpire, infliggendo (AT), rallentando i nemici del 25% per 5 secondi e interrompendoli. Attaccare dopo un colpo caricato al massimo avvia un Attacco finale.<x1/><x2/><x3/>(AT): (PX:3.19)
CODEX_SPELLCROSSBOWSWAP_DESC	La parte di Cambio arma relativa alla balestra. Salta indietro e spara 2 colpi nella direzione bersaglio, ciascuno infliggendo Danno perforante.
CODEX_SPELLDECAYBURST_DESC	Una scarica tossica di decadimento esplode attorno al bersaglio, infliggendo Danno da decadimento a tutti i nemici vicini.<x1/><x2/><x3/>Danno da decadimento: (MD:0.87)
CODEX_SPELLDEVOUR_DESC	Premi per lanciare. Divora il nemico davanti a te, infliggendo Danno da taglio tanto maggiore quanto più bassa è la sua salute. Uccidere un nemico con Divorare ti conferisce uno scudo protettivo.<x1/><x2/><x3/>Danno da taglio: (PS:3.43)
CODEX_SPELLDRAGONSBREATH_CHANNELEDDRAGON_DESC	Soffio del Drago diventa un incantesimo da canalizzare tenendo premuto. Tieni premuto per canalizzare. Durante la canalizzazione, Soffio del Drago spara continuamente proiettili che infliggono Danno da fuoco e applicano Ustione. Rilasciare il comando interrompe Soffio del Drago in anticipo. Tempo di recupero ridotto a 3 secondi.
CODEX_SPELLDRAGONSBREATH_CHANNELEDDRAGON_NAME	Drago Canalizzato
CODEX_SPELLDRAGONSBREATH_CHANNELLEDDRAGON_DESC	Soffio del Drago diventa un incantesimo da canalizzare tenendo premuto. Durante la canalizzazione, Soffio del Drago spara continuamente proiettili che infliggono Danno da fuoco ridotto del 25% e applicano Ustione. Rilasciare il comando interrompe Soffio del Drago in anticipo. Tempo di recupero ridotto a 3 secondi.
CODEX_SPELLDRAGONSBREATH_CHANNELLEDDRAGON_NAME	Drago Canalizzato
CODEX_SPELLDRAGONSBREATH_CHILLINGDRAGON_DESC	Soffio del Drago infligge il 50% di Danno da fuoco e il 50% di Danno da ghiaccio e applica Assiderato al posto di Ustione.
CODEX_SPELLDRAGONSBREATH_COMBUSTINGDRAGON_DESC	Ogni proiettile di Soffio del Drago consuma fino a 1 accumulo di Ustione da ciascun nemico colpito. Per ogni accumulo consumato, quel proiettile infligge il 12% di Danno da fuoco in più a quel nemico. Soffio del Drago non applica più Ustione.
CODEX_SPELLDRAGONSBREATH_COMBUSTINGDRAGON_NAME	Drago Combustivo
CODEX_SPELLDRAGONSBREATH_CONCENTRATEDDRAGON_DESC	Soffio del Drago non applica più Ustione, ma infligge il 50% di danni in più.
CODEX_SPELLDRAGONSBREATH_CONCENTRATEDDRAGON_NAME	Drago Concentrato
CODEX_SPELLDRAGONSBREATH_DESC	Premi per lanciare. Sprigiona un getto di fuoco che infligge Danno da fuoco e applica accumuli di Ustione.<x1/><x2/><x3/><x4/><x5/>Danno da fuoco: (MF:6.58), Ustione: 8
CODEX_SPELLDRAGONSBREATH_DRAGONARMOR_DESC	Durante il lancio di Soffio del Drago, ottieni +50% ad Armatura e Resistenza.
CODEX_SPELLDRAGONSBREATH_FLARINGDRAGON_DESC	Ogni proiettile di Soffio del Drago consuma 1 tuo accumulo di Ravvivato quando colpisce un nemico. Per ogni accumulo consumato, quel proiettile infligge il 10% di Danno da fuoco in più.
CODEX_SPELLDRAGONSBREATH_LIVINGDRAGON_DESC	Puoi muoverti mentre canalizzi Soffio del Drago.
CODEX_SPELLDRAGONSBREATH_LIVINGDRAGON_NAME	Drago Vivente
CODEX_SPELLDRAGONSBREATH_REMOTEDRAGON_DESC	Soffio del Drago viene lanciato dalla tua posizione attuale e non ti immobilizza più. Puoi muoverti dopo il lancio, ma il soffio rimane nella posizione iniziale per tutta la sua durata.
CODEX_SPELLDRAGONSBREATH_REMOTEDRAGON_NAME	Drago Remoto
CODEX_SPELLDRAGONSBREATH_WILDFIREDRAGON_DESC	Quando un proiettile di Soffio del Drago applica Ustione a un nemico, applica anche 1 accumulo di Ustione a un massimo di 2 nemici vicini.
CODEX_SPELLDRAGONSBREATH_WILDFIREDRAGON_NAME	Drago dell'Incendio Selvaggio
CODEX_SPELLECHOESOFMUTILATION_DESC	Premi per lanciare. Scatta in avanti e colpisci, infliggendo Danno perforante 3 volte a tutti i nemici a portata e applicandoti 1 accumulo di Colpo doppio per ogni accumulo di Ondata temporale che possiedi (fino a 10).<x1/><x2/><x3/><x4/><x5/>Danno perforante: (PT:1.75)
CODEX_SPELLECHOESOFMUTILATION_ECHOEDMUTILATION_DESC	Il colpo finale consuma Eco temporale per infliggere Danno da stordimento aggiuntivo e un rallentamento.
CODEX_SPELLECHOESOFMUTILATION_ECHOINGMUTILATION_DESC	Ogni colpo applica Eco temporale ai nemici colpiti.
CODEX_SPELLECHOESOFMUTILATION_EXPANSIVEMUTILATION_DESC	Area più ampia del 50%, ma danni all'80%.
CODEX_SPELLECHOESOFMUTILATION_EXPANSIVEMUTILATION_NAME	Mutilazione Estesa
CODEX_SPELLECHOESOFMUTILATION_HARVESTINGMUTILATION_DESC	Il colpo finale consuma gli accumuli di Sanguinamento sui nemici per ottenere Colpo doppio (sostituisce la conversione di Ondata temporale).
CODEX_SPELLECHOESOFMUTILATION_PURSUINGMUTILATION_DESC	Se un nemico viene raggiunto da tutti i colpi, si apre una finestra di 2 s per un secondo lancio. Lancia di nuovo per scattare verso il nemico più vicino, infliggendo il 50% dei danni.
CODEX_SPELLECHOESOFMUTILATION_PURSUINGMUTILATION_NAME	Mutilazione Inseguitrice
CODEX_SPELLECHOESOFMUTILATION_RENDINGMUTILATION_DESC	Applica Sanguinamento ai nemici a ogni colpo (in misura maggiore con il colpo finale).
CODEX_SPELLECHOESOFMUTILATION_REPEATINGMUTILATION_DESC	Ripete l'intera sequenza di colpi al 40% dei danni.
CODEX_SPELLECHOESOFMUTILATION_RETREATINGMUTILATION_DESC	Dopo i colpi, scatta all'indietro.
CODEX_SPELLECHOESOFMUTILATION_RETREATINGMUTILATION_NAME	Mutilazione in Ritirata
CODEX_SPELLECHORIFT_DESC	Premi per lanciare. Scatta verso una posizione bersaglio e sprigiona un'esplosione di energia temporale, infliggendo Danno da etere ai nemici vicini e rallentandoli del 15% per 2 secondi. Dopo un breve ritardo, l'esplosione si ripete nello stesso punto con danni ridotti. Se entrambe le esplosioni colpiscono, il tuo tempo di recupero attualmente più breve si riduce del 35%.<x1/><x2/><x3/><x4/><x5/>Danno da etere: (ME:2.2), Rallentamento: 15%
CODEX_SPELLECHORIFT_ECHOEDRIFT_DESC	Il primo impulso consuma Eco temporale sui nemici, aumentando l'area e il rallentamento del secondo impulso in base agli accumuli consumati.
CODEX_SPELLECHORIFT_ECHOINGRIFT_DESC	Il secondo impulso non infligge più danni, ma applica Eco temporale ai nemici colpiti.
CODEX_SPELLECHORIFT_FOCUSEDRIFT_DESC	Area ridotta, ma +15% alla riduzione del tempo di recupero.
CODEX_SPELLECHORIFT_FRACTUREDRIFT_DESC	Aggiunge un terzo impulso, eliminando la riduzione del tempo di recupero.
CODEX_SPELLECHORIFT_FRACTUREDRIFT_NAME	Fenditura Fratturata
CODEX_SPELLECHORIFT_RECEDINGRIFT_DESC	Il secondo impulso si sposta nella posizione dell'incantatore.
CODEX_SPELLECHORIFT_RECEDINGRIFT_NAME	Fenditura Retrocedente
CODEX_SPELLECHORIFT_SURGEDRIFT_DESC	Consuma Ondata temporale per aumentare la riduzione del tempo di recupero.
CODEX_SPELLECHORIFT_SURGINGRIFT_DESC	Ottieni Ondata temporale per ogni nemico colpito da entrambi gli impulsi.
CODEX_SPELLEMBERCASCADE_DESC	Colpire con un attacco a distanza un nemico affetto da Ustione scaglia una piccola palla di fuoco contro il bersaglio, infliggendo Danno da fuoco. Il numero di palle di fuoco aumenta con gli accumuli di Ustione del bersaglio, fino a 10.<x1/><x2/><x3/>Danno da fuoco: (MF:1.42)
CODEX_SPELLENTANGLINGROOTSPLAYER_DESC	Evoca radici nella posizione bersaglio, poi le trascina verso l'incantatore. Tutti i nemici intrappolati nelle radici vengono rallentati e subiscono danni.<x1/><x2/><x3/><x4/><x5/>Danno da taglio: (PS:3.71), Veleno: 2, Riduzione della velocità di movimento: 75%
CODEX_SPELLENTANGLINGROOTSPLAYER_ROOTBLOOM_DESC	Radici Avviluppanti evoca ora 3 radici in un cono.
CODEX_SPELLERUPTPLAYER_DESC	Tieni premuto per caricare. Rilascia per sprigionare un'esplosione d'acqua che infligge Danno contundente ai nemici vicini, li respinge e lascia Pozze d'Acqua. La potenza aumenta con il tempo di carica.<x1/><x2/><x3/>Danno contundente: (PB:3.92)
CODEX_SPELLEVERBURNMORTAR_DESC	Lanciare un incantesimo di fuoco scaglia un colpo di mortaio ardente contro un nemico vicino, infliggendo Danno da fuoco in una piccola area all'impatto.<x1/><x2/><x3/>Danno da fuoco: (MF:0.64)
CODEX_SPELLFIREBALL_CHARGEDFIREBALL_DESC	Palla di fuoco diventa un incantesimo da caricare tenendo premuto. Caricala per un massimo di 1,5 secondi. A carica completa, infligge il 50% di Danno da fuoco in più e viaggia il 20% più velocemente.
CODEX_SPELLFIREBALL_CHARGEDFIREBALL_NAME	Palla di Fuoco Caricata
CODEX_SPELLFIREBALL_COMBUSTINGFIREBALL_DESC	Palla di fuoco consuma fino a 10 accumuli di Ustione da ciascun nemico colpito. Per ogni accumulo consumato, infligge il 12% di Danno da fuoco in più a quel nemico.
CODEX_SPELLFIREBALL_COMBUSTINGFIREBALL_NAME	Palla di Fuoco Combustiva
CODEX_SPELLFIREBALL_DESC	Premi per lanciare. Scaglia una palla di fuoco contro un bersaglio, infliggendo Danno da fuoco.<x1/><x2/><x3/><x4/><x5/>Danno da fuoco: (MF:3.2), Ustione: 2
CODEX_SPELLFIREBALL_EXPLOSIVEIMPACT_DESC	Palla di fuoco esplode all'impatto, infliggendo Danno da fuoco ai nemici vicini.
CODEX_SPELLFIREBALL_EXPLOSIVEIMPACT_NAME	Impatto Esplosivo
CODEX_SPELLFIREBALL_FLARINGFIREBALL_DESC	Palla di fuoco consuma fino a 10 tuoi accumuli di Ravvivato al lancio. Per ogni accumulo consumato, infligge il 10% di Danno da fuoco in più.
CODEX_SPELLFIREBALL_FLASHHEATINGFIREBALL_DESC	Palla di fuoco consuma gli accumuli di Assiderato da ciascun nemico colpito per applicare 1 accumulo di Ustione ogni 4 accumuli di Assiderato consumati.
CODEX_SPELLFIREBALL_IGNITINGFIREBALL_DESC	Palla di fuoco applica 2 accumuli aggiuntivi di Ustione ai nemici colpiti.
CODEX_SPELLFIREBALL_IGNITINGFIREBALL_NAME	Palla di Fuoco Incendiaria
CODEX_SPELLFIREBALL_KINDLINGFIREBALL_DESC	Palla di fuoco non applica più Ustione, ma conferisce 1 accumulo di Ravvivato per ogni nemico affetto da Ustione colpito.
CODEX_SPELLFIREBALL_NEARCASTDETONATION_DESC	La portata di Palla di fuoco è notevolmente ridotta, ma i danni aumentano del 25%.
CODEX_SPELLFIREBALL_NEARCASTDETONATION_NAME	Detonazione Ravvicinata
CODEX_SPELLFIREBALL_PIERCINGFIREBALL_DESC	Palla di fuoco attraversa i nemici, infliggendo danni a ciascuno e attivando Impatto Esplosivo a ogni colpo, ma non al termine della traiettoria. Palla di fuoco infligge il 30% di danni in meno.
CODEX_SPELLFIREBALL_RAPIDEMBERS_DESC	I danni di Palla di fuoco si riducono del 50%, ma il tempo di recupero diminuisce del 40%.
CODEX_SPELLFIREBALL_RAPIDEMBERS_NAME	Braci Rapide
CODEX_SPELLFIREBURST_DESC	Premi per lanciare. Dopo un breve ritardo, sprigiona un'esplosione di fuoco intorno a te, infliggendo Danno da fuoco ai nemici vicini.<x1/><x2/><x3/><x4/><x5/>Danno da fuoco: (MF:3.2), Ustione: 2
CODEX_SPELLFLAMINGSTRIKE_DESC	Tieni premuto per caricare. Rilascia per colpire, infliggendo danni suddivisi tra (AT) e Danno da fuoco, applicando fino a 5 accumuli di Ustione e interrompendo i nemici colpiti. Attaccare dopo un colpo a carica completa avvia un Attacco finale.<x1/><x2/><x3/>(AT): (PX:1.67), Danno da fuoco: (MF:1.67)
CODEX_SPELLFRENZIEDSLASHESPLAYER_DESC	Scatena una rapida raffica di fendenti intorno a te, infliggendo Danno da taglio e applicando Sanguinamento a ogni colpo.<x1/><x2/><x3/>Danno da taglio: (PS:2.39), Sanguinamento: 2
CODEX_SPELLFRENZY_BATTLERESOLVE_DESC	Conferisce +50% ad Armatura e Resistenza.
CODEX_SPELLFRENZY_BATTLERESOLVE_NAME	Determinazione in Battaglia
CODEX_SPELLFRENZY_BLOODRUSHFRENZY_DESC	Mentre Frenesia è attiva, ottieni il 30% di Velocità di movimento.
CODEX_SPELLFRENZY_BLOODRUSHFRENZY_NAME	Frenesia del Sangue
CODEX_SPELLFRENZY_DESC	Premi per lanciare. Aumenta notevolmente la tua Velocità d'attacco per 2 secondi e ottieni 5 accumuli di Furia.<x1/><x2/><x3/><x4/><x5/>Bonus alla Velocità d'attacco: 50%
CODEX_SPELLFRENZY_ENRAGINGFRENZY_DESC	Frenesia conferisce 3 accumuli aggiuntivi di Furia al lancio, ma il suo bonus alla Velocità d'attacco si riduce del 25%.
CODEX_SPELLFRENZY_EXTENDEDFRENZY_DESC	Frenesia consuma Furia per ottenere +10% alla durata per accumulo (massimo 10).
CODEX_SPELLFRENZY_EXTENDEDFRENZY_NAME	Frenesia Prolungata
CODEX_SPELLFRENZY_HARVESTINGFRENZY_DESC	Frenesia consuma Sanguinamento sui nemici vicini per ottenere l'1% di Velocità d'attacco in più per ogni accumulo consumato, fino al 25%.
CODEX_SPELLFRENZY_LINGERINGFRENZY_DESC	Aumenta la durata di Frenesia del 100%, ma riduce il bonus alla Velocità d'attacco del 60%.
CODEX_SPELLFRENZY_LINGERINGFRENZY_NAME	Frenesia Persistente
CODEX_SPELLFRENZY_RAGINGFRENZY_DESC	Frenesia non conferisce più Furia. Consuma invece fino a 10 accumuli di Furia per aumentare la propria durata del 10% per accumulo speso.
CODEX_SPELLFRENZY_RENDINGFRENZY_DESC	Frenesia non conferisce più Furia. Mentre è attiva, ogni terzo attacco applica invece 2 accumuli di Sanguinamento.
CODEX_SPELLFROSTBORNEDAGGERS_DESC	Colpire con il tuo Attacco finale un nemico con almeno 5 accumuli di Eco temporale consuma tutti gli accumuli di Eco temporale, sprigionando un'esplosione di ghiaccio che applica a tutti i nemici vicini un numero di accumuli di Gelo pari a quelli di Eco temporale consumati.
CODEX_SPELLFROSTGLIDE_ANCHOREDGLIDE_DESC	Scivolata gelida non ti sposta più. Invia invece una scia di gelo verso la posizione bersaglio, infliggendo Danno da ghiaccio, applicando Gelo e lasciando Pozze di ghiaccio.
CODEX_SPELLFROSTGLIDE_ANCHOREDGLIDE_NAME	Scivolata Ancorata
CODEX_SPELLFROSTGLIDE_CHILLINGGLIDE_DESC	Scivolata gelida applica 2 accumuli aggiuntivi di Gelo ai nemici colpiti.
CODEX_SPELLFROSTGLIDE_CRYOSURGE_DESC	Al termine di Scivolata gelida, sprigiona un'ondata che danneggia i nemici vicini e applica loro Gelo.
CODEX_SPELLFROSTGLIDE_CRYOSURGE_NAME	Ondata Criogenica
CODEX_SPELLFROSTGLIDE_DESC	Scatta verso la posizione bersaglio per 2 s. Infligge Danno da ghiaccio e applica Gelo a tutti i nemici sul percorso. Lascia Pozze di ghiaccio.<x1/><x2/><x3/><x4/><x5/>Danno da ghiaccio: (MI:3.01), Gelo: 2
CODEX_SPELLFROSTGLIDE_FLASHHEATINGGLIDE_DESC	Scivolata gelida consuma gli accumuli di Assiderato dai nemici colpiti per applicare 1 accumulo di Ustione ogni 4 accumuli di Assiderato consumati.
CODEX_SPELLFROSTGLIDE_FRACTURINGSURGE_DESC	Al termine di Scivolata gelida, consuma fino a 10 tuoi accumuli di Vincolo gelido per creare un'Ondata Criogenica che infligge il 10% dei danni di Scivolata gelida per ogni accumulo consumato.
CODEX_SPELLFROSTGLIDE_FROSTARMOR_DESC	Colpire i nemici durante Scivolata gelida conferisce accumuli di Armatura Gelida.
CODEX_SPELLFROSTGLIDE_FROSTARMOR_NAME	Armatura Gelida
CODEX_SPELLFROSTGLIDE_FROSTBINDINGGLIDE_DESC	Scivolata gelida conferisce 2 accumuli di Vincolo gelido per ogni nemico Assiderato colpito. Scivolata gelida non applica più Gelo.
CODEX_SPELLFROSTGLIDE_FROSTBINDINGGLIDE_NAME	Scivolata del Vincolo Gelido
CODEX_SPELLFROSTGLIDE_FROSTGLIDEEXTRACHARGE_DESC	Scivolata gelida ottiene 1 carica aggiuntiva, consentendo 2 lanci. I danni di Scivolata gelida si riducono del 30%.
CODEX_SPELLFROSTGLIDE_FROSTGLIDEEXTRACHARGE_NAME	Carica Extra di Scivolata Gelida
CODEX_SPELLFROSTGLIDE_GLACIALGLIDE_DESC	Scivolata gelida consuma le Pozze di ghiaccio che attraversi, aumentando il proprio Danno da ghiaccio del 10% per ogni pozza consumata. Scivolata gelida non lascia più Pozze di ghiaccio.
CODEX_SPELLFROSTGLIDE_GLACIALGLIDE_NAME	Scivolata Glaciale
CODEX_SPELLFROSTGLIDE_REFREEZINGGLIDE_DESC	Scivolata gelida rinnova la durata di Gelo sui nemici colpiti, ma infligge il 20% di danni in meno.
CODEX_SPELLFROSTGLIDE_REFREEZINGGLIDE_NAME	Scivolata Rigelante
CODEX_SPELLFROSTGLIDE_SHATTERINGGLIDE_DESC	Scivolata gelida consuma fino a 10 accumuli di Gelo sui nemici per infliggere a ciascuno il 5% di danni in più per accumulo consumato.
CODEX_SPELLFROSTGLIDE_SHATTERINGSTEP_DESC	Consuma gli accumuli di Gelo sui nemici per infliggere il 50% di danni in più.
CODEX_SPELLFROSTGLIDE_SHATTERINGSTEP_NAME	Passo Frantumante
CODEX_SPELLFROSTJAVELIN_CHANNELEDJAVELIN_DESC	Giavellotto gelido diventa un incantesimo da canalizzare tenendo premuto. Tieni premuto per canalizzare. Durante la canalizzazione, scaglia continuamente Giavellotti gelidi minori che infliggono il 20% dei danni e consumano il 50% in meno del numero massimo di accumuli di Gelo per colpo. Tempo di recupero ridotto a 3 secondi.
CODEX_SPELLFROSTJAVELIN_CHANNELEDJAVELIN_NAME	Giavellotto Canalizzato
CODEX_SPELLFROSTJAVELIN_CHANNELLEDJAVELIN_DESC	Giavellotto gelido diventa un incantesimo da canalizzare tenendo premuto. Durante la canalizzazione, scaglia continuamente Giavellotti gelidi minori che infliggono il 25% dei danni e consumano il 50% in meno del numero massimo di accumuli di Gelo per colpo. Tempo di recupero ridotto a 3 secondi.
CODEX_SPELLFROSTJAVELIN_CHANNELLEDJAVELIN_NAME	Giavellotto Canalizzato
CODEX_SPELLFROSTJAVELIN_CHILLINGJAVELIN_DESC	Giavellotto gelido non consuma più Gelo, ma applica 5 accumuli di Gelo ai nemici colpiti.
CODEX_SPELLFROSTJAVELIN_DESC	Premi per lanciare. Scaglia un giavellotto di ghiaccio che infligge Danno da ghiaccio e consuma tutti gli accumuli di Gelo sul bersaglio. Ogni accumulo contribuisce all'Accumulo di stordimento.<x1/><x2/><x3/><x4/><x5/>Danno da ghiaccio: (MI:6.06)
CODEX_SPELLFROSTJAVELIN_FLASHHEATINGJAVELIN_DESC	Giavellotto gelido consuma gli accumuli di Assiderato dal primo nemico colpito per applicare 1 accumulo di Ustione ogni 4 accumuli di Assiderato consumati.
CODEX_SPELLFROSTJAVELIN_FRACTURINGJAVELIN_DESC	Giavellotto gelido consuma fino a 10 tuoi accumuli di Vincolo gelido al lancio. Per ogni accumulo consumato, infligge il 5% di Danno da ghiaccio e il 5% di Accumulo di stordimento in più, fino al 50%.
CODEX_SPELLFROSTJAVELIN_FROSTFIREJAVELIN_DESC	Giavellotto gelido consuma fino a 10 accumuli di Ustione dal primo nemico colpito. Per ogni accumulo consumato, infligge il 4% di Danno da ghiaccio in più, fino al 40%.
CODEX_SPELLFROSTJAVELIN_FROSTFIREJAVELIN_NAME	Giavellotto di Fuocogelo
CODEX_SPELLFROSTJAVELIN_FROSTWARD_DESC	Gli accumuli di Gelo vengono consumati per conferire Armatura Gelida, aumentando Armatura e Resistenza.
CODEX_SPELLFROSTJAVELIN_FROSTWARD_NAME	Protezione Gelida
CODEX_SPELLFROSTJAVELIN_HEAVYJAVELIN_DESC	Giavellotto gelido viaggia il 25% più lentamente, ma infligge il 25% di Danno da ghiaccio e il 25% di Accumulo di stordimento in più.
CODEX_SPELLFROSTJAVELIN_HEAVYJAVELIN_NAME	Giavellotto Pesante
CODEX_SPELLFROSTJAVELIN_ICYSHOCKWAVE_DESC	Giavellotto gelido sprigiona un'onda di shock all'impatto, danneggiando i nemici vicini.
CODEX_SPELLFROSTJAVELIN_ICYSHOCKWAVE_NAME	Onda di Shock Gelida
CODEX_SPELLFROSTJAVELIN_PIERCINGJAVELIN_DESC	Giavellotto gelido attraversa i nemici, infliggendo danni a ciascuno di essi.
CODEX_SPELLFROSTJAVELIN_SHATTERINGJAVELIN_DESC	Giavellotto gelido sprigiona un'onda di shock all'impatto, infliggendo il 50% dei propri danni ai nemici vicini e al nemico colpito inizialmente. I danni e il raggio dell'onda di shock aumentano in base agli accumuli di Gelo consumati dal primo bersaglio colpito.
CODEX_SPELLFROSTJAVELIN_SHATTER_DESC	Giavellotto gelido si frantuma all'impatto, infliggendo danni in un cono dietro il bersaglio.
CODEX_SPELLFROSTJAVELIN_SHATTER_NAME	Frantumazione
CODEX_SPELLFROSTJAVELIN_SPLINTERINGJAVELIN_DESC	Per ogni 2 accumuli di Gelo consumati, Giavellotto gelido scaglia 1 scheggia contro un nemico vicino, infliggendo il 20% dei propri danni.
CODEX_SPELLFROSTJAVELIN_SPLINTERINGJAVELIN_NAME	Giavellotto a Schegge
CODEX_SPELLFROSTJAVELIN_SPLITTINGJAVELIN_DESC	Giavellotto gelido si frantuma all'impatto, infliggendo danni in un cono dietro il bersaglio.
CODEX_SPELLFROSTJAVELIN_SPLITTINGJAVELIN_NAME	Giavellotto Scindente
CODEX_SPELLFROSTJAVELIN_STEADYJAVELIN_DESC	La velocità del proiettile di Giavellotto gelido aumenta del 20%.
CODEX_SPELLFROSTJAVELIN_STEADYJAVELIN_NAME	Giavellotto Stabile
CODEX_SPELLFROSTQUAKE_DESC	Durante il combattimento, ogni secondo un tremore colpisce un nemico Assiderato casuale nelle vicinanze, infliggendo Danno contundente.<x1/><x2/><x3/>Danno contundente: (PB:1.19)
CODEX_SPELLFROZENSTRIKE_DESC	Tieni premuto per caricare. Rilascia per colpire, infliggendo danni suddivisi tra (AT) e Danno da ghiaccio, applicando fino a 5 accumuli di Gelo e interrompendo i nemici colpiti. Attaccare dopo un colpo a carica completa avvia un Attacco finale.<x1/><x2/><x3/>(AT): (PX:1.6), Danno da ghiaccio: (MI:1.6)
CODEX_SPELLFURIOUSSTRIKE_BLUNTSTRIKE_DESC	Colpo furioso ora infligge Danno contundente, ma infligge il 20% di danni in meno.
CODEX_SPELLFURIOUSSTRIKE_DESC	Scatta verso il bersaglio. Infligge Danno da taglio all'impatto.<x1/><x2/><x3/><x4/><x5/>Danno da taglio: (PS:4.1)
CODEX_SPELLFURIOUSSTRIKE_ENRAGINGSTRIKE_DESC	Colpo furioso conferisce 1 accumulo di Furia ogni 3 accumuli di Sanguinamento sul bersaglio.
CODEX_SPELLFURIOUSSTRIKE_HARVESTINGSTRIKE_DESC	Colpo furioso consuma Sanguinamento sul bersaglio per infliggere il 6% di danni in più per accumulo consumato, fino al 60%.
CODEX_SPELLFURIOUSSTRIKE_RENDINGSTRIKE_DESC	Colpo furioso applica Sanguinamento.
CODEX_SPELLFURIOUSSTRIKE_REPEATINGSTRIKE_DESC	Il tempo di recupero di Colpo furioso si azzera in caso di uccisione.
CODEX_SPELLFURIOUSSTRIKE_RESETONKILL_DESC	Il tempo di recupero di Colpo furioso si azzera in caso di uccisione.
CODEX_SPELLFURIOUSSTRIKE_RESETONKILL_NAME	Azzeramento all'Uccisione
CODEX_SPELLFURIOUSSTRIKE_SPLINTERINGSTRIKE_DESC	Colpo furioso infligge il 20% di danni in meno, ma quando colpisce fa sprizzare sangue dal bersaglio in una piccola area, infliggendo danni ai nemici vicini. Il colpo ad area eredita il modificatore della tappa Effetto selezionato per Colpo furioso.
CODEX_SPELLFURIOUSSTRIKE_SPLINTERINGSTRIKE_NAME	Colpo a Schegge
CODEX_SPELLGOBLINTOSSPLAYER_DESC	Premi per lanciare. Fai precipitare un mucchio di rottami con un Goblin all'interno, infliggendo Danno da taglio ai nemici colpiti. Lascia un Goblin alleato che combatte per 8 secondi.<x1/><x2/><x3/>Danno da taglio: (PS:4.14)
CODEX_SPELLGUST_DESC	Premi per lanciare. Invia una folata di vento in avanti per respingere i nemici.<x1/><x2/><x3/><x4/><x5/><x6/><x7/><x8/><x9/>Può interrompere gli attacchi dei nemici piccoli.
CODEX_SPELLHAILOFARROWS_BARRAGEOFARROWS_DESC	Pioggia di Frecce non è più un incantesimo canalizzato e ha un tempo di recupero di 8 secondi. Premi per lanciare e far piovere frecce su un massimo di 6 nemici.
CODEX_SPELLHAILOFARROWS_BARRAGEOFARROWS_NAME	Raffica di Frecce
CODEX_SPELLHAILOFARROWS_CORRUPTINGHAIL_DESC	Ogni impulso di Pioggia di Frecce consuma fino a 3 accumuli di Sanguinamento sui nemici colpiti e applica 1 accumulo di Veleno per ogni accumulo consumato.
CODEX_SPELLHAILOFARROWS_DESC	Tieni premuto per canalizzare. Ogni 1 s, le frecce colpiscono l'area bersaglio, infliggendo Danno perforante a tutti i nemici al suo interno.<x1/><x2/><x3/><x4/><x5/>Danno perforante: (PT: 1.94)
CODEX_SPELLHAILOFARROWS_INOCULATEDHAIL_DESC	Pioggia di Frecce consuma Inoculazione durante la canalizzazione. Ogni impulso consuma 1 accumulo di Inoculazione per applicare 2 accumuli aggiuntivi di Veleno ai nemici colpiti.
CODEX_SPELLHAILOFARROWS_INOCULATINGHAIL_DESC	Ogni impulso di Pioggia di Frecce conferisce 1 accumulo di Inoculazione per ogni nemico Avvelenato colpito.
CODEX_SPELLHAILOFARROWS_NAME	Pioggia di Frecce
CODEX_SPELLHAILOFARROWS_OILPOOL_DESC	Le frecce ora lasciano una Pozza d'Olio nel punto d'impatto.
CODEX_SPELLHAILOFARROWS_PINNINGHAIL_DESC	Pioggia di Frecce rallenta i nemici del 35% per 2 secondi, ma i suoi impulsi sono più lenti del 20%.
CODEX_SPELLHAILOFARROWS_PINNINGHAIL_NAME	Pioggia Inchiodante
CODEX_SPELLHAILOFARROWS_POISONPOOL_DESC	Le frecce ora lasciano una Pozza di Veleno nel punto d'impatto.
CODEX_SPELLHAILOFARROWS_POISONTIPS_DESC	Le frecce ora applicano Veleno.
CODEX_SPELLHAILOFARROWS_POISONTIPS_NAME	Punte Velenose
CODEX_SPELLHAILOFARROWS_PURGINGHAIL_DESC	Pioggia di Frecce non applica più Veleno. Ogni impulso consuma fino a 10 accumuli di Veleno sui nemici colpiti, infliggendo il 5% di danni in più per accumulo consumato.
CODEX_SPELLHAILOFARROWS_RENDINGHAIL_DESC	Pioggia di Frecce ora applica 2 accumuli di Sanguinamento al posto di Veleno.
CODEX_SPELLHASTE_DESC	Premi per lanciare. Conferisci a un alleato Velocità di movimento aumentata per 7 secondi.
CODEX_SPELLHEAVYSTRIKE_DESC	Tieni premuto per lanciare e caricare un colpo pesante che infligge ai nemici il tuo Danno d'attacco e li interrompe. Attaccare dopo un colpo pesante a carica completa avvia un Attacco finale.<x1/><x2/><x3/><x4/><x5/>Danno da taglio: (PS:2-4)
CODEX_SPELLHUNTERSTRAP_CHAINTRAP_DESC	Quando Trappola del Cacciatore scatta, dopo un breve ritardo arma una seconda trappola più piccola nelle vicinanze. La seconda trappola infligge il 40% dei danni e non può creare Nebbia velenosa.
CODEX_SPELLHUNTERSTRAP_CHAINTRAP_NAME	Trappola a Catena
CODEX_SPELLHUNTERSTRAP_CORRUPTINGTRAP_DESC	Trappola del Cacciatore consuma fino a 10 accumuli di Sanguinamento sul nemico che la fa scattare e applica 1 accumulo di Veleno per ogni accumulo consumato prima di infliggere danni.
CODEX_SPELLHUNTERSTRAP_DESC	Premi per lanciare. Scocca una freccia che piazza una trappola per 10 s. I nemici che la fanno scattare subiscono Danno da taglio, vengono rallentati e ricevono Accumulo di stordimento.<x1/><x2/><x3/><x4/><x5/>Danno da taglio: (PS: 4.11)
CODEX_SPELLHUNTERSTRAP_EXPLOSIVETRAP_DESC	La trappola esplode quando scatta, infliggendo Danno da fuoco e applicando Ustione.
CODEX_SPELLHUNTERSTRAP_EXPLOSIVETRAP_NAME	Trappola Esplosiva
CODEX_SPELLHUNTERSTRAP_FREEZINGTRAP_DESC	La trappola infligge invece Danno da ghiaccio e applica Gelo.
CODEX_SPELLHUNTERSTRAP_FREEZINGTRAP_NAME	Trappola Congelante
CODEX_SPELLHUNTERSTRAP_HANDPLACEDTRAP_DESC	La portata di Trappola del Cacciatore si riduce a quella di mischia e i suoi danni e l'Accumulo di stordimento aumentano del 15%.
CODEX_SPELLHUNTERSTRAP_HANDPLACEDTRAP_NAME	Trappola Manuale
CODEX_SPELLHUNTERSTRAP_HARVESTINGTRAP_DESC	Trappola del Cacciatore consuma fino a 10 accumuli di Sanguinamento sul nemico che la fa scattare. Ogni accumulo consumato aumenta i danni della trappola del 4%. Se Trappola del Cacciatore uccide il nemico, la Nebbia velenosa applica ogni secondo ai nemici al suo interno 1 accumulo di Sanguinamento ogni 3 accumuli consumati.
CODEX_SPELLHUNTERSTRAP_INOCULATEDTRAP_DESC	Trappola del Cacciatore consuma Inoculazione quando scatta. Ogni accumulo consumato aumenta l'Accumulo di stordimento della trappola dell'8% e il Danno da decadimento della Nebbia velenosa del 5%.
CODEX_SPELLHUNTERSTRAP_PURGINGTRAP_DESC	Trappola del Cacciatore consuma tutto il Veleno sul nemico che la fa scattare. I primi 10 accumuli consumati conferiscono il normale bonus ai danni del 4% per accumulo. Quelli consumati oltre i 10 conferiscono il 2% di danni aggiuntivi per accumulo.
CODEX_SPELLHUNTERSTRAP_QUICKTRAP_DESC	Trappola del Cacciatore non ha più un ritardo di attivazione, ma infligge il 20% di danni e di Accumulo di stordimento in meno.
CODEX_SPELLHUNTERSTRAP_QUICKTRAP_NAME	Trappola Rapida
CODEX_SPELLHUNTERSTRAP_RENDINGTRAP_DESC	Trappola del Cacciatore consuma Veleno come di consueto. Se consuma Veleno, applica anche 1 accumulo di Sanguinamento ogni 4 accumuli di Veleno consumati.
CODEX_SPELLHUNTERSTRAP_SCATTERTRAP_DESC	Trappola del Cacciatore ora dissemina casualmente 5 trappole in un'ampia area; i danni e l'Accumulo di stordimento di ciascuna trappola si riducono del 60% e le cariche si riducono a 1.
CODEX_SPELLHUNTERSTRAP_SCATTERTRAP_NAME	Trappola Dispersa
CODEX_SPELLHUNTERSTRAP_VENOMBURSTTRAP_DESC	Trappola del Cacciatore sprigiona sempre una Nebbia velenosa, anche se il nemico sopravvive. I danni della nebbia si riducono del 25%.
CODEX_SPELLHUNTERSTRAP_VENOMBURSTTRAP_NAME	Trappola a Esplosione Velenosa
CODEX_SPELLINFECTIOUSSWARM_DESC	Tieni premuto per canalizzare. Crea uno sciame di fiammelle infettive che infliggono Danno da decadimento ogni secondo e applicano Veleno ai nemici nell'area bersaglio. Puoi spostare l'area bersaglio durante la canalizzazione.<x1/><x2/><x3/>Danno da decadimento: (MD:0.92), Veleno: 2
CODEX_SPELLINFERNO_CASCADINGINFERNO_DESC	Se Inferno uccide un nemico, provoca un'esplosione più piccola nella sua posizione, infliggendo il 30% del Danno da fuoco di Inferno.
CODEX_SPELLINFERNO_CASCADINGINFERNO_NAME	Inferno a Cascata
CODEX_SPELLINFERNO_CHILLINGINFERNO_DESC	Inferno infligge il 50% di Danno da fuoco e il 50% di Danno da ghiaccio. Applica ai nemici colpiti 1 accumulo di Assiderato ogni 5 accumuli di Ustione consumati.
CODEX_SPELLINFERNO_CINDERBANKINFERNO_DESC	Gli accumuli di Ustione consumati oltre il limite massimo di potenziamento di Inferno conferiscono 1 accumulo di Ravvivato per ogni accumulo di Ustione in eccesso.
CODEX_SPELLINFERNO_CINDERBANKINFERNO_NAME	Inferno Accumulabraci
CODEX_SPELLINFERNO_COMBUSTINGINFERNO_DESC	Ogni accumulo di Ustione consumato da Inferno ne aumenta il Danno da fuoco di un ulteriore 2%, fino al 20%.
CODEX_SPELLINFERNO_COMBUSTINGINFERNO_NAME	Inferno Combustivo
CODEX_SPELLINFERNO_DESC	Premi per lanciare. Assorbi Ustione dai nemici vicini e scatenala nella posizione bersaglio. Infligge Danno da fuoco a tutti i nemici e li interrompe. I danni aumentano del 5% e la portata del 10% per ogni accumulo di Ustione, fino a 10 accumuli.
CODEX_SPELLINFERNO_FIREPITINFERNO_DESC	Inferno consuma anche le Fosse Ardenti nell'area, ottenendo 5 accumuli di Ustione per ogni fossa.
CODEX_SPELLINFERNO_FIREPITINFERNO_NAME	Inferno delle Fosse Ardenti
CODEX_SPELLINFERNO_FIRESTORM_DESC	Inferno non infligge più danni all'impatto. Lascia invece una Tempesta di Fuoco che infligge il 30% dei danni di Inferno al secondo per 5 secondi.
CODEX_SPELLINFERNO_FIRESTORM_NAME	Tempesta di Fuoco
CODEX_SPELLINFERNO_FLARINGINFERNO_DESC	Inferno consuma fino a 10 tuoi accumuli di Ravvivato al lancio. Ogni accumulo consumato conta come 1 accumulo di Ustione ai fini dell'aumento dei danni e della portata di Inferno.
CODEX_SPELLINFERNO_FLASHHEATINGINFERNO_DESC	Inferno consuma anche gli accumuli di Assiderato sui nemici vicini per aumentare danni e portata. Ogni accumulo di Assiderato conta come il 25% di un accumulo di Ustione.
CODEX_SPELLINFERNO_SHIELDINGINFERNO_DESC	Inferno conferisce anche uno scudo protettivo agli alleati nella sua area, ma infligge il 30% di danni in meno.
CODEX_SPELLINFERNO_SHIELDINGINFERNO_NAME	Inferno Protettivo
CODEX_SPELLINFERNO_SOFTFLAMES_DESC	Inferno ottiene +50% all'area, ma infligge il 50% di danni in meno.
CODEX_SPELLINFERNO_SOFTFLAMES_NAME	Fiamme Lievi
CODEX_SPELLINFERNO_SOFTINFERNO_DESC	Inferno ottiene +50% all'area, ma infligge il 50% di danni in meno.
CODEX_SPELLINFERNO_SOFTINFERNO_NAME	Inferno Lieve
CODEX_SPELLJOLTDAGGER_DESC	Premi per lanciare. Scaglia un fulmine nella direzione bersaglio, infliggendo Danno da elettricità e applicando Scossa. Colpire un nemico ti rallenta brevemente.<x1/><x2/><x3/>Danno da elettricità: (ME:3.61), Scossa: 2
CODEX_SPELLJUNKHAILPLAYER_DESC	Premi per lanciare. Fai piovere rottami nell'area bersaglio; ogni pezzo infligge Danno da taglio.<x1/><x2/><x3/>Danno da taglio: (PS:1.12)
CODEX_SPELLKINDLINGSTRIKE_DESC	Colpire un nemico con il tuo terzo attacco in mischia sprigiona un'esplosione di fuoco che infligge Danno da fuoco ai nemici intorno al bersaglio e potenzia il tuo prossimo incantesimo di fuoco del 5% per ogni accumulo di Ustione sul nemico, fino a 10 accumuli.<x1/><x2/><x3/>Danno da fuoco: (MF:0.87)
CODEX_SPELLLIGHTNINGSURGE_DESC	Premi per lanciare. Scatta verso la posizione bersaglio avvolto dai fulmini, infliggendo Danno da elettricità e ottenendo Scossa per ogni nemico colpito.<x1/><x2/><x3/>Danno da elettricità: (ME:4.38)
CODEX_SPELLLIMITLESSONSLAUGHT_DESC	Premi per lanciare. Sospendi il tempo entro la tua portata, sfrecciando tra i nemici e colpendo ciascuno una volta per ogni accumulo di Eco temporale consumato. Ogni colpo infligge danni, finché non vengono consumati 10 accumuli per nemico o rimossi tutti gli accumuli di Eco temporale.<x1/><x2/><x3/><x4/><x5/>Danno perforante: (PT:1.5)
CODEX_SPELLLIMITLESSONSLAUGHT_ECHOEDONSLAUGHT_DESC	Ogni colpo consecutivo infligge +8% di danni.
CODEX_SPELLLIMITLESSONSLAUGHT_ECHOINGONSLAUGHT_DESC	Applica Eco temporale ai nemici colpiti invece di consumarla.
CODEX_SPELLLIMITLESSONSLAUGHT_FOCUSEDONSLAUGHT_DESC	Area al 60%, +5 colpi per nemico.
CODEX_SPELLLIMITLESSONSLAUGHT_HARVESTINGONSLAUGHT_DESC	Al termine, consuma gli accumuli di Sanguinamento per recuperare Vigore e Concentrazione e ridurre in percentuale i tempi di recupero.
CODEX_SPELLLIMITLESSONSLAUGHT_RENDINGONSLAUGHT_DESC	Danni -30%; applica Sanguinamento a ogni colpo.
CODEX_SPELLLIMITLESSONSLAUGHT_SCATTERINGONSLAUGHT_DESC	Area al 140%, -5 colpi per nemico.
CODEX_SPELLLIMITLESSONSLAUGHT_SCATTERINGONSLAUGHT_NAME	Assalto Dispersivo
CODEX_SPELLLIMITLESSONSLAUGHT_SURGEDONSLAUGHT_DESC	Consuma tutta l'Ondata temporale per infliggere ulteriori colpi; limite di 5 colpi per nemico.
CODEX_SPELLLIMITLESSONSLAUGHT_SURGINGONSLAUGHT_DESC	Danni -30%; ottieni Ondata temporale per ogni nemico distinto colpito.
CODEX_SPELLMETEORITE_DESC	Premi per lanciare. Evoca meteore infuocate in posizioni casuali nelle vicinanze. Ognuna infligge Danno da fuoco e lascia una Fossa Ardente.<x1/><x2/><x3/><x4/><x5/>Danno da fuoco: (MF:12.18)
CODEX_SPELLOUTBREAK_COAGULATINGOUTBREAK_DESC	Quando Epidemia consuma Veleno da un nemico, converte parte del Veleno consumato in Sanguinamento dopo l'eruzione. Di base, ogni 4 accumuli di Veleno consumati applica 1 accumulo di Sanguinamento.
CODEX_SPELLOUTBREAK_DESC	Premi per lanciare. Fai esplodere un nemico in un'eruzione di decadimento, infliggendo Danno da decadimento e consumando fino a 10 accumuli di Veleno per infliggere danni aggiuntivi. I nemici con abbastanza Veleno generano altre epidemie a catena.<x1/><x2/><x3/>Danno da decadimento: (MD:4.06)
CODEX_SPELLOUTBREAK_ENVENOMINGOUTBREAK_DESC	Epidemia applica 3 accumuli di Veleno ai nemici danneggiati dalla sua eruzione.
CODEX_SPELLOUTBREAK_FOCUSEDERUPTION_DESC	Riduce il raggio dell'eruzione di Epidemia del 40%. Il bersaglio principale subisce il 35% di danni in più da Epidemia e le epidemie secondarie gli infliggono il 25% di danni in più.
CODEX_SPELLOUTBREAK_FOCUSEDERUPTION_NAME	Eruzione Focalizzata
CODEX_SPELLOUTBREAK_HARVESTINGOUTBREAK_DESC	Epidemia consuma fino a 8 accumuli di Sanguinamento dai nemici che eruttano. Ogni accumulo consumato ripristina Vigore e Concentrazione. Epidemia continua a consumare Veleno come di consueto.
CODEX_SPELLOUTBREAK_INOCULATEDOUTBREAK_DESC	Epidemia consuma fino a 5 accumuli di Inoculazione al lancio. Ogni accumulo consumato ne aumenta il raggio d'impatto del 5% e i danni delle epidemie secondarie del 4%.
CODEX_SPELLOUTBREAK_INOCULATINGOUTBREAK_DESC	Quando un nemico genera un'epidemia secondaria, ottieni 2 accumuli di Inoculazione.
CODEX_SPELLOUTBREAK_LINGERINGRUPTURE_DESC	Ogni epidemia lascia una frattura infetta nel punto d'impatto per 3 secondi, infliggendo Danno da decadimento ogni secondo ai nemici al suo interno.
CODEX_SPELLOUTBREAK_LINGERINGRUPTURE_NAME	Frattura Persistente
CODEX_SPELLOUTBREAK_PLAGUEVECTOR_DESC	Ogni eruzione di Epidemia può propagarsi solo ai 3 nemici idonei più vicini che colpisce, ma le epidemie secondarie infliggono il 15% di danni in più.
CODEX_SPELLOUTBREAK_PLAGUEVECTOR_NAME	Vettore della Peste
CODEX_SPELLOUTBREAK_PURGINGOUTBREAK_DESC	Epidemia consuma fino a 15 accumuli di Veleno da ogni nemico che erutta. Ogni accumulo consumato aumenta del 4% i danni dell'Epidemia generata da quel nemico.
CODEX_SPELLOUTBREAK_RAVENOUSCASCADE_DESC	Quando un nemico genera un'epidemia secondaria con più di 10 accumuli di Veleno, ogni accumulo oltre i 10 ne aumenta il raggio del 3%, fino al 30%. Le epidemie secondarie consumano Veleno come di consueto e infliggono il 15% di danni in meno.
CODEX_SPELLOUTBREAK_RAVENOUSCASCADE_NAME	Cascata Vorace
CODEX_SPELLOUTBREAK_TERMINALBLOOM_DESC	Se un'epidemia uccide un nemico, questo sprigiona un'ultima esplosione di decadimento nel punto della morte, infliggendo il 50% dei danni di Epidemia ai nemici vicini. Questa esplosione finale non può consumare Veleno né generare altre epidemie.
CODEX_SPELLOUTBREAK_TERMINALBLOOM_NAME	Fioritura Terminale
CODEX_SPELLPARRY_DESC	Tieni premuto per canalizzare, parare il prossimo attacco nemico e infliggere Danno da taglio ai nemici intorno a te, consumando Vigore. Se il Vigore si esaurisce, i danni rimanenti vengono sottratti alla Salute.<x1/><x2/><x3/><x4/><x5/>Danno da taglio: (PS:2)
CODEX_SPELLPARRY_SLICINGCOUNTER_DESC	Le Parate riuscite applicano Sanguinamento a tutti i nemici colpiti.
CODEX_SPELLPARRY_SLICINGCOUNTER_NAME	Contrattacco Tagliente
CODEX_SPELLPESTILENTTREMOR_DESC	Consuma Inoculazione per creare un tremore pestilenziale che ti segue per 1 secondo per ogni accumulo consumato. Ogni secondo, il tremore infligge Danno da decadimento ai nemici vicini e consuma 2 loro accumuli di Veleno per infliggere Danno da stordimento aggiuntivo.<x1/><x2/><x3/>Danno da decadimento: (MD:0.29), Danno da stordimento: (MU:0.58)
CODEX_SPELLPLAGUESHARDS_CHANNELEDSHARDS_DESC	Frammenti di peste diventa un incantesimo canalizzato. Tieni premuto per scagliare continuamente frammenti di peste frastagliati in un ventaglio stretto, infliggendo Danno da decadimento ogni 0,5 secondi ai nemici colpiti. Frammenti di peste non scaglia più una raffica iniziale. Il suo tempo di recupero base diventa di 3 secondi.
CODEX_SPELLPLAGUESHARDS_CHANNELEDSHARDS_NAME	Frammenti Canalizzati
CODEX_SPELLPLAGUESHARDS_DESC	Premi per lanciare. Scaglia un gruppo di frammenti di peste in un ventaglio stretto, infliggendo Danno da decadimento. I frammenti successivi che colpiscono lo stesso nemico infliggono danni aggiuntivi.<x1/><x2/><x3/>Danno da decadimento: (MD:1.75)
CODEX_SPELLPLAGUESHARDS_ENVENOMINGSHARDS_DESC	Frammenti di peste applica 2 accumuli di Veleno ai nemici colpiti dal primo frammento. Ogni frammento successivo che colpisce lo stesso nemico applica 1 accumulo di Veleno, fino a 5 accumuli per nemico per lancio.
CODEX_SPELLPLAGUESHARDS_INOCULATEDSHARDS_DESC	Frammenti di peste consuma fino a 5 accumuli di Inoculazione al lancio. Ogni accumulo consumato aumenta del 5% il bonus ai danni dei frammenti successivi contro lo stesso nemico. Il bonus dei frammenti successivi sale così dal 25% a un massimo del 50%.
CODEX_SPELLPLAGUESHARDS_INOCULATINGSHARDS_DESC	Frammenti di peste conferisce 1 accumulo di Inoculazione per ogni frammento che colpisce un nemico Avvelenato, fino a 5 accumuli per lancio. Se almeno 3 frammenti colpiscono nemici Avvelenati nello stesso lancio, ottieni 2 accumuli aggiuntivi di Inoculazione.
CODEX_SPELLPLAGUESHARDS_LINGERINGSHARDS_DESC	I Frammenti di peste rimangono al termine della propria traiettoria per 3 secondi dopo il lancio iniziale, infliggendo Danno da decadimento ai nemici che vi entrano.
CODEX_SPELLPLAGUESHARDS_LINGERINGSHARDS_NAME	Frammenti Persistenti
CODEX_SPELLPLAGUESHARDS_PURGINGSHARDS_DESC	Frammenti di peste consuma fino a 5 accumuli di Veleno da ciascun nemico colpito. Ogni accumulo consumato aumenta del 5% i danni inflitti a quel nemico. Il Veleno può essere consumato una sola volta per nemico per lancio.
CODEX_SPELLPLAGUESHARDS_SPLINTERINGSHARDS_DESC	Frammenti di peste scaglia 2 frammenti aggiuntivi in un ventaglio più ampio, ma ogni frammento infligge il 25% di danni in meno.
CODEX_SPELLPLAGUESHARDS_SPLINTERINGSHARDS_NAME	Frammenti Scheggiati
CODEX_SPELLPLAYERDASH_DESC	Premi per lanciare e muoverti rapidamente nella direzione bersaglio.
CODEX_SPELLPOISONMISTPLAYER_DESC	Crea un'ampia area di nebbia velenosa che infligge Danno da decadimento ai nemici e applica Veleno.<x1/><x2/><x3/><x4/><x5/>Danno da decadimento: (MD:7.30), Veleno: 20
CODEX_SPELLPOWERHOOK_DESC	Premi per lanciare. Sferra un poderoso Colpo Demolitore che infligge Danno contundente ai nemici davanti a te.<x1/><x2/><x3/><x4/><x5/><x6/><x7/><x8/><x9/>Può interrompere gli attacchi dei nemici piccoli.
CODEX_SPELLPOWERHOOK_ENRAGINGHOOK_DESC	Ottieni 1 accumulo di Furia per ogni nemico colpito.
CODEX_SPELLPOWERHOOK_FOCUSEDHOOK_DESC	Gancio potente infligge il 40% di danni in più, ma il suo arco d'attacco si riduce del 35% e non interrompe più gli attacchi nemici.
CODEX_SPELLPOWERHOOK_RAGINGHOOK_DESC	Gancio potente spende fino a 10 accumuli di Furia per aumentare il proprio Accumulo di stordimento del 4% per accumulo speso, fino al 40%.
CODEX_SPELLPOWERHOOK_RENDINGHOOK_DESC	Gancio potente applica 3 accumuli di Sanguinamento ai nemici colpiti. Se colpisce un solo nemico, applica 3 accumuli aggiuntivi di Sanguinamento.
CODEX_SPELLPOWERHOOK_STRIKINGHOOK_DESC	Gancio potente infligge Danno da taglio al posto di Danno contundente.
CODEX_SPELLPOWERHOOK_STRIKINGHOOK_NAME	Gancio Tagliente
CODEX_SPELLPOWERHOOK_SWEEPINGHOOK_DESC	L'arco d'attacco di Gancio potente aumenta del 40%, ma i suoi danni si riducono del 20%.
CODEX_SPELLPOWERHOOK_SWEEPINGHOOK_NAME	Gancio a Spazzata
CODEX_SPELLPOWEROFTHEWILD_DESC	Conferisce temporaneamente a un alleato un bonus ad Armatura e Resistenza per 20 secondi.<x1/><x2/><x3/><x4/><x5/>Bonus all'Armatura: 25%, Bonus alla Resistenza: 25%
CODEX_SPELLPOWEROFTHEWILD_FERALBOND_DESC	Potere della Natura Selvaggia si applica sia a te sia al tuo bersaglio.
CODEX_SPELLPOWEROFTHEWILD_NAME	Potere della Natura Selvaggia
CODEX_SPELLPULVERIZE_DESC	Premi per lanciare. Evoca pugni che colpiscono il terreno, infliggendo Danno contundente ai nemici vicini.<x1/><x2/><x3/><x4/><x5/><x6/><x7/><x8/><x9/>Può interrompere gli attacchi dei nemici piccoli.
CODEX_SPELLPULVERIZE_ENRAGINGPULVERISE_DESC	Ottieni 1 accumulo di Furia per ogni nemico colpito. Non può essere usato con Polverizza Furente.
CODEX_SPELLPULVERIZE_ENRAGINGPULVERIZE_DESC	Ottieni 2 accumuli di Furia per ogni nemico colpito.
CODEX_SPELLPULVERIZE_EXECUTINGPULVERIZE_DESC	Polverizza infligge il 35% di danni in più ai nemici sotto il 40% di Salute, ma il 20% di danni in meno ai nemici sopra il 70% di Salute.
CODEX_SPELLPULVERIZE_EXECUTINGPULVERIZE_NAME	Polverizza Esecutore
CODEX_SPELLPULVERIZE_HARVESTINGPULVERIZE_DESC	Polverizza non aumenta più i propri danni in base alla Furia spesa. Consuma invece Sanguinamento sui nemici colpiti per infliggere il 5% di danni in più per accumulo consumato, fino al 50%.
CODEX_SPELLPULVERIZE_PROJECTEDPULVERIZE_DESC	Polverizza può essere lanciato nella posizione bersaglio, ma il suo tempo di recupero aumenta del 30%.
CODEX_SPELLPULVERIZE_PROJECTEDPULVERIZE_NAME	Polverizza Proiettato
CODEX_SPELLPULVERIZE_RAGINGPULVERISE_DESC	Consuma Furia per infliggere +10% di danni per accumulo (massimo 10). Non può essere usato con Polverizza Infuriante.
CODEX_SPELLPULVERIZE_RAGINGPULVERIZE_DESC	Polverizza spende fino a 10 accumuli di Furia per aumentare i propri danni del 5% per accumulo speso, fino al 50%, e ridurre l'Armatura dei nemici colpiti del 4% per accumulo speso per 6 secondi, fino al 40%.
CODEX_SPELLPULVERIZE_REMOTEPULVERIZE_DESC	Riduce drasticamente il tempo di lancio di Polverizza (0,2 s), ma i suoi danni si riducono del 20%.
CODEX_SPELLPULVERIZE_REMOTEPULVERIZE_NAME	Polverizza Remoto
CODEX_SPELLPULVERIZE_RENDINGPULVERIZE_DESC	Polverizza non aumenta più i propri danni in base alla Furia spesa. Spende invece fino a 10 accumuli di Furia per applicare ai nemici colpiti 1 accumulo di Sanguinamento ogni 2 accumuli di Furia spesi, fino a 5 accumuli di Sanguinamento.
CODEX_SPELLPULVERIZE_SHREDDINGPULVERISE_DESC	I nemici colpiti perdono il 50% della propria Armatura.
CODEX_SPELLPULVERIZE_SHREDDINGPULVERISE_NAME	Polverizza Dilaniatore
CODEX_SPELLPULVERIZE_STEADYPULVERIZE_DESC	Il raggio di Polverizza aumenta del 15%.
CODEX_SPELLPULVERIZE_STEADYPULVERIZE_NAME	Polverizza Stabile
CODEX_SPELLPULVERIZE_STRIKINGPULVERIZE_DESC	Polverizza ora infligge Danno da taglio.
CODEX_SPELLPULVERIZE_STRIKINGPULVERIZE_NAME	Polverizza Tagliente
CODEX_SPELLQUICKJAB_CYCLINGSTRIKES_DESC	Colpire un nemico con Jab rapido riduce il tempo di recupero di un incantesimo casuale di 1 secondo.
CODEX_SPELLQUICKJAB_CYCLINGSTRIKES_NAME	Colpi Ciclici
CODEX_SPELLQUICKJAB_DESC	Premi per lanciare. Sferra un pugno in avanti, infliggendo Danno contundente. Ottieni +20% al Danno fisico per 2 s dopo ogni pugno.<x1/><x2/><x3/><x4/><x5/>Danno contundente: (PB:0.6)
CODEX_SPELLQUICKJAB_ENRAGINGJAB_DESC	Jab rapido conferisce 2 accumuli di Furia quando colpisce, ma il suo bonus al Danno fisico si riduce del 12%.
CODEX_SPELLQUICKJAB_ENRAGINGJAB_NAME	Jab Infuriante
CODEX_SPELLQUICKJAB_QUICKSTRIKES_DESC	Ogni Jab rapido aumenta i danni del successivo se viene lanciato entro breve tempo.
CODEX_SPELLQUICKJAB_QUICKSTRIKES_NAME	Colpi Rapidi
CODEX_SPELLQUICKJAB_RAGINGJAB_DESC	Jab rapido spende fino a 10 accumuli di Furia per colpire il bersaglio altre volte, spendendo 2 accumuli per colpo aggiuntivo, fino a 5 colpi aggiuntivi. I colpi aggiuntivi non possono attivare Colpo Ristoratore, Colpi Ciclici o Colpi Rapidi.
CODEX_SPELLQUICKJAB_RAGINGJAB_NAME	Jab Furente
CODEX_SPELLQUICKJAB_RECOVERINGSTRIKE_DESC	Jab rapido ora ripristina 10 punti Vigore quando colpisce.
CODEX_SPELLQUICKJAB_RECOVERINGSTRIKE_NAME	Colpo Ristoratore
CODEX_SPELLREJECTION_DESC	Premi per lanciare. Respingi tutti i nemici piccoli lontano dall'alleato bersaglio.
CODEX_SPELLRELENTLESSASSAULT_DESC	Dopo una Rappresaglia riuscita, avvicinati al bersaglio con Velocità d'attacco aumentata, infliggendo Danno da taglio e ripristinando Vigore.<x1/><x2/><x3/>Danno da taglio: (PS:0.52)
CODEX_SPELLRETALIATION_DESC	Tieni premuto per canalizzare, bloccare il prossimo attacco nemico consumando Vigore e respingere tutti i nemici vicini. Se il Vigore si esaurisce, i danni rimanenti vengono sottratti alla Salute.
CODEX_SPELLREWIND_DESC	Riporta il bersaglio indietro nel tempo di 5 secondi.
CODEX_SPELLRIPPLE_DESC	Premi per lanciare. Infliggi Danno da etere ogni secondo ai nemici vicini per 6 s. I nemici che rimangono nell'area subiscono danni crescenti.<x1/><x2/><x3/><x4/><x5/>Danno da etere: (ME:0.7)
CODEX_SPELLROOTSTRIKESPIKE_DESC	Colpire un nemico con il tuo Attacco finale evoca uno spuntone di radice sotto di lui, infliggendo Danno da taglio.<x1/><x2/><x3/>Danno da taglio: (PS:0.95)
CODEX_SPELLROOTSTRIKESPIKE_NAME	Colpo di Radice
CODEX_SPELLSAPARTILLERY_DESC	Premi per lanciare. Fai precipitare una scarica di linfa nella posizione bersaglio, infliggendo Danno da decadimento. Ogni Cuore della Foresta vicino richiama una scarica aggiuntiva.<x1/><x2/><x3/>Danno da decadimento: (MD:2.93)
CODEX_SPELLSAVAGECLAW_DESC	Premi per lanciare. Sferra un'artigliata nella direzione bersaglio, infliggendo Danno da taglio e applicando Sanguinamento.<x1/><x2/><x3/><x4/><x5/>Danno da taglio: (PS:3.18), Sanguinamento: 5
CODEX_SPELLSEEDBOMBPLAYER_BLIGHTSEED_DESC	Le tue bombe di semi ora lasciano una Pozza di Veleno quando esplodono.
CODEX_SPELLSEEDBOMBPLAYER_DESC	Premi per lanciare. Evoca dal terreno una bomba di semi che esplode al passaggio dei nemici, infliggendo Danno da decadimento.<x1/><x2/><x3/><x4/><x5/>Danno da decadimento: (MD:3.27)
CODEX_SPELLSEISMICECHO_DESC	Dopo aver lanciato un incantesimo da Minotauro, il tuo terzo attacco sprigiona un tremore che infligge Danno contundente ai nemici vicini.<x1/><x2/><x3/>Danno contundente: (PB:0.77)
CODEX_SPELLSEISMICSTAMPEDE_DAZINGSTAMPEDE_DESC	Le onde di shock ora rallentano i nemici del 50%.
CODEX_SPELLSEISMICSTAMPEDE_DAZINGSTAMPEDE_NAME	Carica Travolgente Frastornante
CODEX_SPELLSEISMICSTAMPEDE_DESC	Tieni premuto per canalizzare. Emetti onde di shock in espansione che infliggono Danno contundente ai nemici vicini.<x1/><x2/><x3/><x4/><x5/>Danno contundente: (PB:5.29)
CODEX_SPELLSEISMICSTAMPEDE_ENRAGINGSTAMPEDE_DESC	Carica sismica conferisce 2 accumuli di Furia per ogni nemico colpito da ciascuna onda di shock.
CODEX_SPELLSEISMICSTAMPEDE_EXPANSIVESTAMPEDE_DESC	Aumenta il raggio di Carica sismica del 30%, ma ne riduce i danni per impulso del 20%.
CODEX_SPELLSEISMICSTAMPEDE_EXPANSIVESTAMPEDE_NAME	Carica Travolgente Estesa
CODEX_SPELLSEISMICSTAMPEDE_FOCUSEDSTAMPEDE_DESC	Riduce il raggio di Carica sismica del 35%, ma ne aumenta i danni del 15%.
CODEX_SPELLSEISMICSTAMPEDE_HARVESTINGSTAMPEDE_DESC	Carica sismica consuma Sanguinamento sui nemici colpiti per infliggere il 5% di danni in più per accumulo consumato, fino a un massimo del 50%.
CODEX_SPELLSEISMICSTAMPEDE_RAGINGSTAMPEDE_DESC	Carica sismica spende Furia per aumentare il proprio Accumulo di stordimento del 3% per accumulo speso, fino al 30%.
CODEX_SPELLSEISMICSTAMPEDE_REMOTESTAMPEDE_DESC	Le onde di shock si attivano automaticamente al lancio.
CODEX_SPELLSEISMICSTAMPEDE_REMOTESTAMPEDE_NAME	Carica Travolgente Remota
CODEX_SPELLSHADOWCONVERGENCE_ANCHOREDCONVERGENCE_DESC	Convergenza d'ombra non sposta più il giocatore. I Cloni d'ombra vicini convergono invece sul bersaglio, mentre il giocatore rimane fermo e sferra un affondo d'ombra a distanza. I danni del giocatore si riducono del 25%, ma i Cloni d'ombra infliggono i normali danni dei colpi replicati.
CODEX_SPELLSHADOWCONVERGENCE_ANCHOREDCONVERGENCE_NAME	Convergenza Ancorata
CODEX_SPELLSHADOWCONVERGENCE_CORRUPTINGCONVERGENCE_DESC	Convergenza d'ombra ora infligge Danno da decadimento e non consuma più Sanguinamento per infliggere danni aggiuntivi. Il colpo del giocatore converte invece Sanguinamento sul bersaglio in Veleno. Di base, ogni 4 accumuli di Sanguinamento consumati applica 1 accumulo di Veleno, fino a 6 per nemico. I colpi dei Cloni d'ombra non consumano Sanguinamento, ma se un clone colpisce lo stesso bersaglio dopo il colpo del giocatore, applica 1 accumulo aggiuntivo di Veleno, fino a 3 accumuli aggiuntivi per lancio.
CODEX_SPELLSHADOWCONVERGENCE_DESC	Premi per lanciare. Scatta verso un bersaglio e colpisci, infliggendo Danno perforante e consumando Sanguinamento per infliggere danni aggiuntivi. Due Cloni d'ombra convergono sul bersaglio, infliggendo il 25% dei danni ciascuno.<x1/><x2/><x3/>Danno perforante: (PT:5.32)
CODEX_SPELLSHADOWCONVERGENCE_HARVESTINGCONVERGENCE_DESC	Se il colpo di Convergenza d'ombra del giocatore consuma almeno 8 accumuli di Sanguinamento da un nemico, quel nemico diventa Lacerato per 3 secondi. Alla scadenza di Lacerato, esplode, infliggendo ai nemici vicini Danno perforante pari al 25% dei danni inflitti al bersaglio Lacerato dalla Convergenza d'ombra del giocatore. Ogni Clone d'ombra che colpisce il bersaglio Lacerato con Convergenza d'ombra aumenta i danni dell'esplosione della lacerazione del 10%, fino al 40%.
CODEX_SPELLSHADOWCONVERGENCE_MANYFOLDCONVERGENCE_DESC	Convergenza d'ombra diventa una rapida sequenza di un massimo di 7 colpi contro il bersaglio e i nemici vicini. Il giocatore sferra il primo colpo, poi i Cloni d'ombra vicini eseguono quelli rimanenti. Convergenza d'ombra continua a consumare Sanguinamento o Veleno da ogni nemico colpito in base al modificatore della tappa Effetto selezionato, ma gli accumuli di ciascun nemico possono essere consumati una sola volta per lancio. I colpi aggiuntivi contro lo stesso nemico infliggono il 50% di danni in meno.
CODEX_SPELLSHADOWCONVERGENCE_MANYFOLDCONVERGENCE_NAME	Convergenza Molteplice
CODEX_SPELLSHADOWCONVERGENCE_NUMBINGCONVERGENCE_DESC	Convergenza d'ombra non consuma più Sanguinamento per infliggere danni aggiuntivi. Consuma invece fino a 10 accumuli di Veleno dal bersaglio. Ogni accumulo consumato aumenta il Danno da stordimento del 5% e rallenta il bersaglio del 5% per 3 secondi, fino a un rallentamento massimo del 40%.
CODEX_SPELLSHADOWCONVERGENCE_NUMBINGCONVERGENCE_NAME	Convergenza Intorpidente
CODEX_SPELLSHADOWCONVERGENCE_PHASINGCONVERGENCE_DESC	Al termine dello scatto di Convergenza d'ombra, ottieni Furtività per 3 secondi. Questa Furtività termina quando attacchi o lanci un incantesimo.
CODEX_SPELLSHADOWCONVERGENCE_PHASINGCONVERGENCE_NAME	Convergenza Sfasata
CODEX_SPELLSHADOWCONVERGENCE_RELENTLESSCONVERGENCE_DESC	Convergenza d'ombra può conservare fino a 2 cariche. Ogni carica crea solo 1 Clone d'ombra invece di 2 e i colpi dei Cloni d'ombra infliggono il 15% di danni in meno.
CODEX_SPELLSHADOWCONVERGENCE_RELENTLESSCONVERGENCE_NAME	Convergenza Implacabile
CODEX_SPELLSHADOWCONVERGENCE_RENDINGCONVERGENCE_DESC	Convergenza d'ombra non consuma più Sanguinamento per infliggere danni aggiuntivi. Il colpo del giocatore applica invece 10 accumuli di Sanguinamento al bersaglio. I colpi dei Cloni d'ombra applicano 3 accumuli di Sanguinamento ciascuno.
CODEX_SPELLSHADOWCONVERGENCE_SEVERINGCONVERGENCE_DESC	Convergenza d'ombra infligge il 30% di danni in più ai nemici sotto il 40% di Salute, ma il 25% di danni in meno ai nemici sopra il 40% di Salute. Se il bersaglio muore, i Cloni d'ombra vicini durano 2 secondi in più.
CODEX_SPELLSHADOWCONVERGENCE_SEVERINGCONVERGENCE_NAME	Convergenza Recidente
CODEX_SPELLSHADOWDAGGERS_CONVERGINGDAGGERS_DESC	Al secondo lancio, Pugnali d'ombra genera un Clone d'ombra nella posizione bersaglio prima che i pugnali tornino. Tutti i pugnali richiamati volano quindi verso quel Clone d'ombra invece che verso il giocatore.
CODEX_SPELLSHADOWDAGGERS_CONVERGINGDAGGERS_NAME	Pugnali Convergenti
CODEX_SPELLSHADOWDAGGERS_CORRUPTINGDAGGERS_DESC	I Pugnali d'ombra di ritorno infliggono Danno da decadimento al posto di Danno perforante. Consumano fino a 3 accumuli di Sanguinamento da ciascun nemico colpito e applicano 1 accumulo di Veleno per ogni accumulo consumato. I pugnali di ritorno non applicano più il Sanguinamento di base.
CODEX_SPELLSHADOWDAGGERS_DESC	Premi per lanciare. Scaglia un Pugnale d'ombra, infliggendo Danno perforante e applicando Sanguinamento. I Cloni d'ombra vicini lanciano insieme a te. Ogni pugnale rimane a terra; all'ultima carica, lancia di nuovo per richiamarli attraverso i nemici.<x1/><x2/><x3/>Danno perforante: (PT:0.97)
CODEX_SPELLSHADOWDAGGERS_FANOFDAGGERS_DESC	Pugnali d'ombra scaglia 5 pugnali in un cono, ma non ha più cariche e ha un tempo di recupero di 8 secondi.
CODEX_SPELLSHADOWDAGGERS_FANOFDAGGERS_NAME	Ventaglio di Pugnali
CODEX_SPELLSHADOWDAGGERS_HARVESTINGDAGGERS_DESC	I Pugnali d'ombra di ritorno consumano fino a 3 accumuli di Sanguinamento da ciascun nemico colpito per infliggere il 7% di danni in più per accumulo consumato. I pugnali di ritorno non applicano più Sanguinamento.
CODEX_SPELLSHADOWDAGGERS_MOMENTOUSRETURN_DESC	I pugnali ora tornano quando scatti.
CODEX_SPELLSHADOWDAGGERS_MOMENTOUSRETURN_NAME	Ritorno Impetuoso
CODEX_SPELLSHADOWDAGGERS_PIERCINGDAGGERS_DESC	Pugnali d'ombra attraversa i nemici, danneggiando tutti quelli sulla traiettoria e creando un Pugnale d'ombra a terra nel punto d'impatto finale.
CODEX_SPELLSHADOWDAGGERS_RENDINGDAGGERS_DESC	I Pugnali d'ombra in andata applicano 1 accumulo aggiuntivo di Sanguinamento. I Pugnali d'ombra di ritorno applicano 1 accumulo aggiuntivo di Sanguinamento.
CODEX_SPELLSHADOWSHOCKWAVE_DESC	Ciascuno dei tuoi Cloni d'ombra sprigiona un'onda di shock nel terreno, infliggendo Danno contundente ai nemici sul percorso.<x1/><x2/><x3/>Danno contundente: (PB:0.51)
CODEX_SPELLSHATTERSTUN_DESC	Stordire un nemico sprigiona un tremore intorno a lui, infliggendo Danno contundente a tutti i nemici vicini.<x1/><x2/><x3/>Danno contundente: (PB:0.6)
CODEX_SPELLSHOCKWAVE_DESC	Premi per lanciare. Sprigiona un'onda di shock che respinge i nemici e infligge Danno contundente.<x1/><x2/><x3/><x4/><x5/>Danno contundente: (PB:3.11)
CODEX_SPELLSONICBOLT_DESC	Colpire un nemico mentre Pugnali Sonici è attivo scaglia un dardo sonico che attraversa i nemici, infliggendo danni suddivisi tra Danno perforante e Danno contundente.<x1/><x2/><x3/>Danno perforante: (PT:0.28), Danno contundente: (PB:0.28)
CODEX_SPELLSPAWNFORESTHEART_DESC	Premi per lanciare. Evoca un Cuore della Foresta nella posizione bersaglio. Funge da tramite per Ventaglio di Spine e Artiglieria di Linfa.
CODEX_SPELLSTRONGSTRAIGHT_AUTOSTRIKE_DESC	Diretto potente si carica automaticamente al lancio.
CODEX_SPELLSTRONGSTRAIGHT_AUTOSTRIKE_NAME	Colpo Automatico
CODEX_SPELLSTRONGSTRAIGHT_DESC	Tieni premuto per caricare. Rilascia per sferrare un pugno che infligge Danno contundente. I danni aumentano con il tempo di carica.<x1/><x2/><x3/><x4/><x5/><x6/><x7/><x8/><x9/>Può interrompere gli attacchi dei nemici piccoli.
CODEX_SPELLSTRONGSTRAIGHT_ENRAGINGSTRAIGHT_DESC	Diretto potente non spende più Furia. Conferisce invece 2 accumuli di Furia quando colpisce, più altri 4 se rilasciato a carica completa.
CODEX_SPELLSTRONGSTRAIGHT_HARVESTINGSTRAIGHT_DESC	Diretto potente consuma Sanguinamento sui nemici colpiti per infliggere il 6% di danni in più per accumulo consumato, fino al 60%.
CODEX_SPELLSTRONGSTRAIGHT_PUNISHINGSTRAIGHT_DESC	Diretto potente infligge il 30% di danni aggiuntivi ai bersagli Storditi, ma il 25% di danni in meno a quelli non Storditi.
CODEX_SPELLSTRONGSTRAIGHT_PUNISHINGSTRAIGHT_NAME	Diretto Punitivo
CODEX_SPELLSTRONGSTRAIGHT_RAGINGSTRAIGHT_DESC	Diretto potente non aumenta più il proprio Accumulo di stordimento in base alla Furia spesa. Ottiene invece l'8% di danni in più per accumulo di Furia speso, fino all'80%.
CODEX_SPELLSTRONGSTRAIGHT_RAGINGSTRIKE_DESC	Diretto potente consuma Furia per ottenere +10% di danni per accumulo (massimo 10).
CODEX_SPELLSTRONGSTRAIGHT_STEADYSTRAIGHT_DESC	Diretto potente può essere caricato per il 50% di tempo in più, aumentando il tempo massimo di carica e i danni potenziali, ma la velocità di carica si riduce del 20%.
CODEX_SPELLSTRONGSTRAIGHT_STEADYSTRAIGHT_NAME	Diretto Stabile
CODEX_SPELLSTRONGSTRAIGHT_STRAIGHTLUNGE_DESC	Diretto potente ora fa scattare in avanti.
CODEX_SPELLSTRONGSTRAIGHT_STRAIGHTLUNGE_NAME	Diretto in Affondo
CODEX_SPELLSTUNSHATTERBURST_DESC	Stordire un nemico frantuma il terreno intorno a lui, scagliando un anello di frammenti che infliggono ciascuno Danno contundente in una piccola area.<x1/><x2/><x3/>Danno contundente: (PB:0.29)
CODEX_SPELLSTUNSHATTERBURST_NAME	Frantumazione da Stordimento
CODEX_SPELLSWAP_DESC	Scambia posizione con il bersaglio.
CODEX_SPELLSWAP_SWIFTSTEP_DESC	Cambio conferisce a te e al bersaglio un breve aumento di velocità.
CODEX_SPELLSWIFTSTRIKE_DESC	Premi per lanciare. Colpisci rapidamente, infliggendo Danno da taglio e applicando Sanguinamento a tutti i nemici davanti a te.<x1/><x2/><x3/>Danno da taglio: (PS:2.28), Sanguinamento: 2
CODEX_SPELLSWORDSWAP_DESC	La parte di Cambio arma dedicata alla spada. Scatta in avanti e colpisci, infliggendo Danno da taglio a tutti i nemici sul percorso.
CODEX_SPELLTEMPORALRIPPLE_DESC	Applicare più di 5 accumuli di Eco temporale a un nemico sprigiona un'Ondulazione Temporale che infligge Danno da etere e Accumulo di stordimento a quel nemico e a tutti quelli intorno a lui.<x1/><x2/><x3/>Danno da etere: (MA:0.58)
CODEX_SPELLTENDONSLICE_DESC	Premi per lanciare. Fendi rapidamente i nemici davanti a te, infliggendo Danno da taglio e applicando Sanguinamento.<x1/><x2/><x3/>Danno da taglio: (PS:2.12), Sanguinamento: 5
CODEX_SPELLTIMELESSVOID_DESC	Premi per lanciare. Crea un ampio dominio temporale per diversi secondi. I nemici al suo interno subiscono Danno da etere nel tempo. I danni inflitti ai nemici al suo interno, esclusi quelli da stato, accumulano Pressione temporale. Alla scadenza, il dominio collassa, infliggendo ingenti danni arcani proporzionali alla Pressione accumulata.<x1/><x2/><x3/><x4/><x5/>Danno da etere per intervallo: (ME:0.5), Danno magico del collasso: (M:1.5 + Pressure x 0.05)
CODEX_SPELLTIMELESSVOID_ECHOEDVOID_DESC	Quando Vuoto eterno collassa, consuma tutta l'Eco temporale per infliggere Danno da stordimento aggiuntivo pari al 10% dei danni del collasso temporale per ogni accumulo di Eco consumato.
CODEX_SPELLTIMELESSVOID_ECHOINGVOID_DESC	Applica 5 accumuli di Eco temporale a tutti i nemici nel dominio, che però non infligge più danni.
CODEX_SPELLTIMELESSVOID_FOCUSEDVOID_DESC	Riduce il raggio di Vuoto eterno del 40%. I nemici al suo interno possono conservare il 30% di Pressione temporale in più e i danni loro inflitti accumulano il 15% di Pressione in più.
CODEX_SPELLTIMELESSVOID_RENDINGVOID_DESC	I danni nel tempo inflitti da Vuoto eterno applicano 1 accumulo di Sanguinamento.
CODEX_SPELLTIMELESSVOID_SEALEDVOID_DESC	I nemici all'interno di Vuoto eterno vengono rallentati del 30% e quelli sopravvissuti vengono rallentati di nuovo quando il dominio collassa. Vuoto eterno infligge il 25% di Danno da etere nel tempo in meno.
CODEX_SPELLTIMELESSVOID_SEALEDVOID_NAME	Vuoto Sigillato
CODEX_SPELLTIMELESSVOID_SURGEDVOID_DESC	Consuma Ondata temporale quando lanci Vuoto eterno, fino a 7 accumuli. Per ogni accumulo consumato, aumenta il raggio del dominio dell'8%.
CODEX_SPELLTIMELESSVOID_SURGINGVOID_DESC	Al lancio di Vuoto eterno e al suo collasso, gli alleati al suo interno ottengono 2 accumuli di Ondata temporale. L'accumulo di Pressione temporale si riduce del 20%.
CODEX_SPELLTIMELESSVOID_WARDINGVOID_DESC	Quando Vuoto eterno collassa, gli alleati al suo interno ottengono uno scudo protettivo. L'accumulo di Pressione temporale si riduce del 20%.
CODEX_SPELLTIMELESSVOID_WARDINGVOID_NAME	Vuoto Protettivo
CODEX_SPELLTOXICSLICE_DESC	Premi per lanciare. Fendi rapidamente i nemici davanti a te con un'arma avvelenata, infliggendo danni suddivisi tra Danno da taglio e Danno da decadimento e applicando Veleno.<x1/><x2/><x3/>Danno da taglio: (PS:1.11), Danno da decadimento: (MD:1.11), Veleno: 5
CODEX_SPELLTYRANTQUAKE_CONCUSSIVEQUAKE_DESC	Aumenta il Danno da stordimento di Sisma del Tiranno del 60%, ma ne riduce i danni del 30%.
CODEX_SPELLTYRANTQUAKE_CONCUSSIVEQUAKE_NAME	Sisma Concussivo
CODEX_SPELLTYRANTQUAKE_DESC	Tieni premuto per canalizzare. Colpisci ripetutamente il terreno; ogni scossa infligge Danno contundente.<x1/><x2/><x3/><x4/><x5/><x6/><x7/><x8/><x9/>Può interrompere gli attacchi dei nemici piccoli.
CODEX_SPELLTYRANTQUAKE_ENRAGINGQUAKE_DESC	Sisma del Tiranno non spende più Furia. Conferisce invece 2 accumuli di Furia per ogni nemico colpito.
CODEX_SPELLTYRANTQUAKE_FOCUSEDQUAKE_DESC	Aumenta il tempo massimo di carica e i danni potenziali di Sisma del Tiranno del 50%.
CODEX_SPELLTYRANTQUAKE_HARVESTINGQUAKE_DESC	Sisma del Tiranno consuma Sanguinamento sui nemici colpiti per infliggere il 5% di danni in più per accumulo consumato, fino a un massimo del 50%.
CODEX_SPELLTYRANTQUAKE_RAGINGQUAKE_DESC	Sisma del Tiranno ottiene +10% di danni per accumulo di Furia (fino a 10 accumuli).
CODEX_SPELLTYRANTQUAKE_RAPIDQUAKE_DESC	Riduce il tempo di carica di Sisma del Tiranno del 60%, ma ne riduce i danni del 25%.
CODEX_SPELLTYRANTQUAKE_RAPIDQUAKE_NAME	Sisma Rapido
CODEX_SPELLTYRANTQUAKE_RENDINGQUAKE_DESC	Ogni pilastro di Sisma del Tiranno applica 1 accumulo di Sanguinamento ogni 3 accumuli di Furia spesi al lancio.
CODEX_SPELLTYRANTQUAKE_REVERSEQUAKE_DESC	Le onde di shock appaiono in ordine inverso, attirando i nemici verso l'interno.
CODEX_SPELLTYRANTQUAKE_REVERSEQUAKE_NAME	Sisma Inverso
CODEX_SPELLVANISHINGSTRIKE_AMBUSHVOLLEY_DESC	Quando Colpo dissolvente interrompe la Furtività, i Cloni d'ombra vicini scagliano 1 Pugnale d'ombra nella direzione bersaglio del giocatore invece di replicare Colpo dissolvente. Un massimo di 3 Cloni d'ombra può scagliare un pugnale in questo modo per lancio.
CODEX_SPELLVANISHINGSTRIKE_AMBUSHVOLLEY_NAME	Raffica d'Imboscata
CODEX_SPELLVANISHINGSTRIKE_CORRUPTINGVANISH_DESC	Colpo dissolvente ora infligge Danno da decadimento. Se colpisce un nemico alle spalle, ne consuma il Sanguinamento e lo converte in Veleno. Di base, ogni 4 accumuli di Sanguinamento consumati applica 1 accumulo di Veleno, fino a 4 per nemico.
CODEX_SPELLVANISHINGSTRIKE_DAZINGAMBUSH_DESC	Colpo dissolvente rallenta i nemici del 50% per 3 secondi.
CODEX_SPELLVANISHINGSTRIKE_DAZINGAMBUSH_NAME	Imboscata Frastornante
CODEX_SPELLVANISHINGSTRIKE_DESC	Premi per lanciare. Svanisci in Furtività e lascia un Clone d'ombra dietro di te. Lancia di nuovo per colpire in una direzione, infliggendo Danno perforante con danni aggiuntivi alle spalle. I Cloni d'ombra vicini replicano il colpo infliggendo il 25% dei tuoi danni.<x1/><x2/><x3/>Danno perforante: (PT:2.2)
CODEX_SPELLVANISHINGSTRIKE_FLICKERINGVANISH_DESC	Il secondo lancio di Colpo dissolvente ti teletrasporta alle spalle del nemico più vicino alla posizione bersaglio e lo colpisce.
CODEX_SPELLVANISHINGSTRIKE_FLICKERINGVANISH_NAME	Dissolvenza Intermittente
CODEX_SPELLVANISHINGSTRIKE_HARVESTINGVANISH_DESC	Se Colpo dissolvente colpisce un nemico alle spalle, consuma fino a 5 suoi accumuli di Sanguinamento. Ogni accumulo consumato aumenta i danni di Colpo dissolvente dell'8%.
CODEX_SPELLVANISHINGSTRIKE_PURGINGVANISH_DESC	Colpo dissolvente consuma fino a 5 accumuli di Veleno dai nemici colpiti alle spalle. Ogni accumulo consumato aumenta i danni di Colpo dissolvente dell'8%.
CODEX_SPELLVANISHINGSTRIKE_RENDINGVANISH_DESC	Colpo dissolvente applica 2 accumuli di Sanguinamento ai nemici colpiti. Se colpisce un nemico alle spalle, ne applica invece 5.
CODEX_SPELLVANISHINGSTRIKE_VANISHINGROLL_DESC	Dopo essere entrato in Furtività, il tuo prossimo scatto durante la sua durata non la interrompe. Quello scatto fa eseguire ai Cloni d'ombra vicini Colpo dissolvente verso il punto d'arrivo dello scatto. Può verificarsi una sola volta per lancio di Colpo dissolvente. Colpo dissolvente infligge il 20% di danni in meno sia dal giocatore sia dai Cloni d'ombra.
CODEX_SPELLVANISHINGSTRIKE_VANISHINGROLL_NAME	Rotolata Dissolvente
CODEX_SPELLVANISH_DESC	Tieni premuto per canalizzare, diventando invulnerabile. Ogni colpo bloccato consuma Vigore (con consumo fortemente ridotto in caso di parata perfetta). Con una parata perfetta, ti teletrasporti alle spalle dell'attaccante.
CODEX_SPELLVANISH_ECHOINGVANISH_DESC	Applica 5 accumuli di Eco temporale all'attaccante con una parata perfetta.
CODEX_SPELLVANISH_SURGINGVANISH_DESC	Ottieni 5 accumuli di Ondata temporale con una parata perfetta.
CODEX_SPELLVEHEMENTCLEAVE_BLOODYCLEAVE_DESC	Fendente ora applica Sanguinamento ai nemici colpiti.
CODEX_SPELLVEHEMENTCLEAVE_BLOODYCLEAVE_NAME	Fendente Sanguinoso
CODEX_SPELLVEHEMENTCLEAVE_BLUNTCLEAVE_DESC	Fendente veemente infligge Danno contundente, ma infligge il 30% di danni in meno.
CODEX_SPELLVEHEMENTCLEAVE_CRIPPLINGCLEAVE_DESC	Fendente rallenta tutti i nemici colpiti del 50%.
CODEX_SPELLVEHEMENTCLEAVE_CRIPPLINGCLEAVE_NAME	Fendente Storpiante
CODEX_SPELLVEHEMENTCLEAVE_DESC	Tieni premuto per canalizzare. Scatena un fendente brutale che infligge Danno da taglio e respinge i nemici. Diventa più ampio quanto più a lungo canalizzi.<x1/><x2/><x3/><x4/><x5/><x6/><x7/><x8/><x9/>Può interrompere gli attacchi dei nemici piccoli.
CODEX_SPELLVEHEMENTCLEAVE_ENRAGINGCLEAVE_DESC	Fendente veemente non spende più Furia. Conferisce invece 2 accumuli di Furia per ogni nemico colpito, più altri 2 se rilasciato a carica completa.
CODEX_SPELLVEHEMENTCLEAVE_EXECUTINGCLEAVE_DESC	Fendente veemente infligge il 30% di danni in più ai nemici sotto il 40% di Salute, ma il 30% in meno a quelli sopra il 60%.
CODEX_SPELLVEHEMENTCLEAVE_EXECUTINGCLEAVE_NAME	Fendente Esecutore
CODEX_SPELLVEHEMENTCLEAVE_HARVESTINGCLEAVE_DESC	Fendente veemente consuma Sanguinamento sui nemici colpiti per infliggere il 5% di danni in più per accumulo consumato, fino a un aumento del 50%.
CODEX_SPELLVEHEMENTCLEAVE_RAGINGCLEAVE_DESC	Fendente veemente ignora il 4% dell'Armatura nemica per ogni accumulo di Furia speso, fino al 40%.
CODEX_SPELLVEHEMENTCLEAVE_RENDINGCLEAVE_DESC	Fendente veemente applica 1 accumulo di Sanguinamento a tutti i nemici colpiti ogni 3 accumuli di Furia spesi.
CODEX_SPELLVEHEMENTCLEAVE_REPEATINGCLEAVE_DESC	Se Fendente veemente colpisce almeno un nemico a carica elevata, dopo un breve ritardo sprigiona un secondo fendente più debole che infligge il 50% dei danni. Il colpo iniziale di Fendente veemente infligge il 20% di danni in meno.
CODEX_SPELLVORTEX_BLOODYVORTEX_DESC	Vortice Furente ora applica Sanguinamento ai nemici colpiti.
CODEX_SPELLVORTEX_BLOODYVORTEX_NAME	Vortice Sanguinoso
CODEX_SPELLVORTEX_CONCENTRATEDVORTEX_DESC	Vortice Furente infligge il 100% di danni in più, ma ha un tempo di recupero doppio.
CODEX_SPELLVORTEX_CONCENTRATEDVORTEX_NAME	Vortice Concentrato
CODEX_SPELLVORTEX_DESC	Premi per lanciare. Rotea verso il bersaglio, infliggendo Danno da taglio a tutti i nemici sul percorso.<x1/><x2/><x3/><x4/><x5/>Danno da taglio: (PS:4.31)
CODEX_SPELLVORTEX_ENRAGINGVORTEX_DESC	Vortice conferisce 2 accumuli di Furia per ogni nemico colpito.
CODEX_SPELLVORTEX_HARVESTINGVORTEX_DESC	Vortice non applica più Sanguinamento. Consuma invece Sanguinamento sui nemici colpiti per infliggere il 5% di danni in più per accumulo consumato, fino a un aumento del 50%.
CODEX_SPELLVORTEX_RAGINGVORTEX_DESC	Vortice spende Furia per aumentare il proprio raggio d'attacco del 4% per accumulo speso, fino a un aumento del 40%.
CODEX_SPELLVORTEX_REPEATINGVORTEX_DESC	Vortice può essere lanciato di nuovo entro un breve intervallo. I danni del secondo lancio si riducono del 50%.
CODEX_SPELLVORTEX_STABLEVORTEX_DESC	Aumenta il raggio di Vortice del 30%, ma non fa più scattare.
CODEX_SPELLVORTEX_STABLEVORTEX_NAME	Vortice Stabile
CODEX_SPELLVORTEX_TWISTER_DESC	Vortice Furente non fa più scattare. Puoi muoverti mentre rotei e l'effetto dura 4 secondi.
CODEX_SPELLVORTEX_TWISTER_NAME	Tornado
CODEX_SPELLWARBANNERCOMMANDER_DESC	Premi per lanciare. Piazza uno Stendardo di Guerra che conferisce agli alleati vicini il 20% di Danno fisico e Danno magico in più e il 15% di rigenerazione del Vigore.
CODEX_SPELLWARBANNERCOMMANDER_NAME	Stendardo di Guerra del Comandante
CODEX_SPELLWARBANNER_DESC	Premi per lanciare. Pianta uno Stendardo di Guerra per 15 secondi. Gli alleati vicini ottengono il 20% in più a Danno fisico, Danno magico, Velocità di movimento, Armatura, Resistenza e rigenerazione di Salute, Vigore e Concentrazione.<x1/><x2/><x3/>Bonus al Danno fisico: 20%, Bonus al Danno magico: 20%, Bonus alla Velocità di movimento: 20%, Bonus alla Rigenerazione: 20%, Bonus al Ringiovanimento: 20%, Bonus al Recupero: 20%, Bonus all'Armatura: 20%, Bonus alla Resistenza: 20%
CODEX_SPELLWARROAR_DESC	Premi per lanciare. Ruggisci ferocemente, aumentando i danni inflitti da te e dagli alleati vicini.
CODEX_SPELLWATERSURGEPLAYER_DESC	Evoca dardi d'acqua da te e dalle Pozze d'Acqua circostanti, scagliandoli contro il bersaglio.<x1/><x2/><x3/><x4/><x5/>Danno contundente: (PB:4.06)
CODEX_SPELLWATERSURGEPLAYER_TIDESTORM_DESC	Ondata d'Acqua lascia una pozza.
CODEX_SPELLWATERSURGE_DESC	Evoca dardi d'acqua da te e dalle Pozze d'Acqua circostanti, scagliandoli contro il bersaglio.<x1/><x2/><x3/><x4/><x5/>Danno contundente: (PB:4.06)
CODEX_SPELLWATERSURGE_TIDESTORM_DESC	Ondata d'Acqua lascia una pozza.
CODEX_SPELLWAVESTRIKE_BLOODYEXECUTE_DESC	Colpo d'onda infligge danni aggiuntivi in base agli accumuli di Sanguinamento del bersaglio (fino a 10).
CODEX_SPELLWAVESTRIKE_BLOODYEXECUTE_NAME	Esecuzione Sanguinosa
CODEX_SPELLWAVESTRIKE_CONTINUOUSWAVE_DESC	Colpo d'onda diventa un incantesimo canalizzato che emette onde continue, ciascuna al 40% dei danni. Ogni onda può consumare solo 1 accumulo di Sanguinamento o Veleno. Il tempo di recupero base di Colpo d'onda diventa di 3 secondi.
CODEX_SPELLWAVESTRIKE_CONTINUOUSWAVE_NAME	Onda Continua
CODEX_SPELLWAVESTRIKE_CORRUPTINGWAVE_DESC	Colpo d'onda consuma Sanguinamento sui nemici colpiti per applicare Veleno invece di infliggere danni aggiuntivi. Applica 1 accumulo di Veleno per ogni accumulo di Sanguinamento consumato, fino a 10.
CODEX_SPELLWAVESTRIKE_DESC	Tieni premuto per caricare. Rilascia per inviare in avanti un'onda di energia che infligge Danno da taglio a tutti i nemici colpiti.<x1/><x2/><x3/><x4/><x5/>Danno da taglio: (PS:4.15)
CODEX_SPELLWAVESTRIKE_FOLLOWUP_DESC	Dopo una carica completa, Colpo d'onda può essere lanciato di nuovo entro un breve intervallo.
CODEX_SPELLWAVESTRIKE_FOLLOWUP_NAME	Colpo Successivo
CODEX_SPELLWAVESTRIKE_HARVESTINGWAVE_DESC	Colpo d'onda consuma tutto il Sanguinamento sui nemici colpiti. I primi 10 accumuli consumati conferiscono il normale bonus ai danni del 4% per accumulo. Quelli consumati oltre i 10 conferiscono il 2% di danni aggiuntivi per accumulo.
CODEX_SPELLWAVESTRIKE_INOCULATEDWAVE_DESC	Colpo d'onda consuma Inoculazione al rilascio. Ogni accumulo consumato ne aumenta i danni del 2%, fino al 30%.
CODEX_SPELLWAVESTRIKE_INOCULATINGWAVE_DESC	Colpo d'onda conferisce 2 accumuli di Inoculazione per ogni nemico colpito. Se consuma Sanguinamento da quel nemico, ottieni da esso 1 accumulo aggiuntivo di Inoculazione.
CODEX_SPELLWAVESTRIKE_PURGINGWAVE_DESC	Colpo d'onda consuma Veleno al posto di Sanguinamento. Ogni accumulo di Veleno consumato ne aumenta i danni del 4%, fino a 10 accumuli consumati.
CODEX_SPELLWAVESTRIKE_RENDINGWAVE_DESC	Colpo d'onda non consuma più Sanguinamento. Applica invece 4 accumuli di Sanguinamento a tutti i nemici colpiti, oppure 6 se rilasciato a carica completa.
CODEX_SPELLWAVESTRIKE_RETURNINGWAVE_DESC	Dopo aver raggiunto la portata massima, Colpo d'onda torna verso di te, infliggendo il 40% dei danni ai nemici colpiti al ritorno. L'onda in andata infligge il 20% di danni in meno.
CODEX_SPELLWAVESTRIKE_RETURNINGWAVE_NAME	Onda di Ritorno
CODEX_SPELLWAVESTRIKE_SPLITTINGWAVE_DESC	Colpo d'onda scaglia 3 onde davanti a te, ciascuna al 40% dei danni.
CODEX_SPELLWAVESTRIKE_SPLITTINGWAVE_NAME	Onda Scindente
CODEX_SPELLWEAPONSWAP_BLADEDISCIPLINE_DESC	Cambio arma esegue solo il Cambio a spada. Non puoi usare la balestra.
CODEX_SPELLWEAPONSWAP_BLADEDISCIPLINE_NAME	Disciplina della Lama
CODEX_SPELLWEAPONSWAP_CROSSBOWDISCIPLINE_DESC	Cambio arma esegue solo il Cambio a balestra. Non puoi usare la spada.
CODEX_SPELLWEAPONSWAP_CROSSBOWDISCIPLINE_NAME	Disciplina della Balestra
CODEX_SPELLWEAPONSWAP_DESC	Premi per cambiare arma. Passando alla spada scatti in avanti e colpisci, infliggendo danni e ottenendo Velocità d'attacco. Passando alla balestra salti all'indietro e spari 2 colpi, ciascuno dei quali infligge Danno perforante e conferisce Velocità di movimento.<x1/><x2/><x3/><x4/><x5/>Danno da taglio: (PS:3.06), Danno perforante: (PT:2.56)
CODEX_SPELLWEAPONSWAP_ENVENOMINGSWAP_DESC	Il Cambio a balestra applica 3 accumuli di Veleno con ogni colpo. Il Cambio a spada applica 3 accumuli di Veleno ai nemici colpiti già affetti da Sanguinamento.
CODEX_SPELLWEAPONSWAP_FANOFBOLTS_DESC	Il Cambio a balestra scatena un ventaglio di dardi, ciascuno dei quali infligge Danno perforante pari al 30% dei danni originali.
CODEX_SPELLWEAPONSWAP_FANOFBOLTS_NAME	Ventaglio di Dardi
CODEX_SPELLWEAPONSWAP_HARVESTINGSWAP_DESC	Il Cambio a spada consuma Sanguinamento sui nemici colpiti per ripristinare 5 punti Vigore per accumulo, fino a 10 accumuli. I colpi del Cambio a balestra consumano Sanguinamento per ripristinare 4 punti Concentrazione per accumulo, fino a 5 accumuli.
CODEX_SPELLWEAPONSWAP_HEROSTURN_DESC	Il Cambio a spada scatena un fendente rotante al termine dello scatto, infliggendo Danno da taglio a tutti i nemici intorno a te.
CODEX_SPELLWEAPONSWAP_HEROSTURN_NAME	Giravolta dell'Eroe
CODEX_SPELLWEAPONSWAP_RENDINGSWAP_DESC	Il Cambio a spada applica 2 accumuli di Sanguinamento ai nemici colpiti. I colpi del Cambio a balestra applicano 2 accumuli di Sanguinamento.
CODEX_SPELLWEAPONSWAP_SUPPORTVERSATILITY_DESC	Guerriero Versatile influenza anche gli alleati vicini.
CODEX_SPELLWEAPONSWAP_SUPPORTVERSATILITY_NAME	Versatilità di Supporto
CODEX_SPELLWEAPONSWAP_VERSATILEWARRIOR_DESC	Cambio arma aumenta tutti i tuoi danni per 8 s.
CODEX_SPELLWHIRLOFGORE_DESC	Colpire un nemico affetto da Sanguinamento può scatenare un Vortice di Sangue che infligge Danno da taglio a tutti i nemici intorno a te. La probabilità aumenta con ogni accumulo di Sanguinamento sui nemici vicini.<x1/><x2/><x3/>Danno da taglio: (PS:0.9)
CODEX_SPELLWHIRLOFGORE_NAME	Vortice di Sangue
CODEX_STATARMOR_BLUNTARMOR_DESC	Armatura fissa valida solo contro il Danno contundente, che si aggiunge alla tua Armatura generale.
CODEX_STATARMOR_DESC	La tua difesa contro il Danno fisico.<x1/>L'Armatura riduce i danni da taglio, perforanti e contundenti in arrivo; al crescere del totale, ogni punto contribuisce un po' meno del precedente.<x2/>Gli attaccanti possono ignorarne una parte con la Penetrazione fisica.
CODEX_STATARMOR_STRIKEARMOR_DESC	Armatura fissa valida solo contro il Danno da taglio, che si aggiunge alla tua Armatura generale.
CODEX_STATARMOR_THRUSTARMOR_DESC	Armatura fissa valida solo contro il Danno perforante, che si aggiunge alla tua Armatura generale.
CODEX_STATATTACKSPEED_DESC	La rapidità con cui sferri gli attacchi base.<x1/>Una Velocità d'attacco maggiore riduce il tempo tra un colpo e l'altro.<x2/>Aumenta grazie ad Agilità, equipaggiamento ed effetti temporanei.
CODEX_STATCONCENTRATION_CONCONHIT_DESC	Una quantità fissa di Concentrazione ripristinata ogni volta che un tuo attacco base va a segno.
CODEX_STATCONCENTRATION_CONCPERCENT_DESC	Aumenta la tua Concentrazione massima in percentuale.
CODEX_STATCONCENTRATION_CONCREGEN_DESC	Un bonus alla velocità con cui recuperi Concentrazione.
CODEX_STATCONCENTRATION_DESC	La risorsa che alimenta il lancio degli incantesimi.<x1/>Lanciare un incantesimo consuma Concentrazione.<x2/>Si recupera rapidamente fuori dal combattimento; in combattimento non si rigenera da sola e si ripristina invece mandando a segno attacchi base.
CODEX_STATCRITICAL_CRITCHANCE_DESC	La probabilità percentuale che un colpo diventi critico.<x1/>Il valore base è del 2%, aumentato dall'equipaggiamento e dall'albero delle abilità.
CODEX_STATCRITICAL_CRITDAMAGE_DESC	I danni aggiuntivi inflitti da un colpo critico rispetto a un colpo normale.<x1/>Il valore base è +50%.
CODEX_STATCRITICAL_DESC	La probabilità che un colpo infligga danni aggiuntivi.<x1/>Ogni colpo viene verificato rispetto alla tua Probabilità di critico; in caso di successo diventa un colpo critico e infligge danni aggiuntivi pari al tuo Danno critico.<x2/>Entrambi i valori aumentano grazie all'equipaggiamento e all'albero delle abilità.
CODEX_STATCRITICAL_NAME	Critico
CODEX_STATDAMAGETYPES_DESC	Le forme che possono assumere i danni. Il Danno fisico (da taglio, perforante e contundente) è ridotto dall'Armatura del bersaglio e cresce con il tuo Potere fisico; i cinque elementi sono ridotti dalle rispettive Resistenze e crescono con il tuo Potere magico. Ogni tipo ha anche statistiche di Danno e Penetrazione corrispondenti che aumentano i danni che infliggi.
CODEX_STATDAMAGETYPES_NAME	Tipi di danno
CODEX_STATDECAY_DESC	Un tipo di danno elementale. Il Danno da decadimento è ridotto dalla Resistenza al decadimento del bersaglio e cresce con il tuo Potere magico. Alcuni attacchi di decadimento applicano anche accumuli dell'effetto Veleno.
CODEX_STATELECTRICITY_DESC	Un tipo di danno elementale. Il Danno da elettricità è ridotto dalla Resistenza all'elettricità del bersaglio e cresce con il tuo Potere magico.
CODEX_STATELECTRICITY_ELECDAMAGE_DESC	Un bonus percentuale a tutto il Danno da elettricità che infliggi.
CODEX_STATELECTRICITY_ELECPIERCING_DESC	Ignora una quantità fissa della Resistenza all'elettricità del bersaglio quando infliggi Danno da elettricità.
CODEX_STATENCUMBRANCE_DESC	Il peso totale che puoi trasportare.<x1/>Ogni oggetto nell'inventario contribuisce al limite con il proprio peso. La capacità di carico è uguale per ogni razza e classe e aumenta solo grazie alle Icone dell'ingombro trovate nel mondo.<x2/>Non puoi raccogliere nulla che ti farebbe superare il limite.
CODEX_STATETHER_DESC	Un tipo di danno elementale. Il Danno da etere è ridotto dalla Resistenza all'etere del bersaglio e cresce con il tuo Potere magico. Non ha un effetto di stato associato.
CODEX_STATFIRE_DESC	Un tipo di danno elementale. Il Danno da fuoco è ridotto dalla Resistenza al fuoco del bersaglio e cresce con il tuo Potere magico. Molti attacchi di fuoco applicano anche accumuli dell'effetto Ustione.
CODEX_STATFIRE_FIREDAMAGE_DESC	Un bonus percentuale a tutto il Danno da fuoco che infliggi.
CODEX_STATFIRE_FIREPIERCING_DESC	Ignora una quantità fissa della Resistenza al fuoco del bersaglio quando infliggi Danno da fuoco.
CODEX_STATGUARDEFFICIENCY_DESC	Rafforza la tua guardia.<x1/>Quando un incantesimo di guardia assorbe un colpo, l'impatto consuma Vigore: ogni punto di Efficienza della guardia riduce quel consumo dell'1%.
CODEX_STATHEALINGPOWER_DESC	Un moltiplicatore percentuale delle cure che lanci.<x1/>Ogni punto di Potere curativo aumenta la Salute ripristinata dai tuoi incantesimi ed effetti curativi.
CODEX_STATHEALTH_DESC	La risorsa che ti tiene in vita.<x1/>Quando la Salute raggiunge lo zero, vieni abbattuto e devi essere rianimato da un alleato o rinascere al Varco più vicino.<x2/>La Salute si recupera rapidamente fuori dal combattimento; in combattimento non si rigenera, quindi ripristinala con incantesimi curativi e pozioni.
CODEX_STATHEALTH_HPPERCENT_DESC	Aumenta la tua Salute massima in percentuale.
CODEX_STATICE_DESC	Un tipo di danno elementale. Il Danno da ghiaccio è ridotto dalla Resistenza al ghiaccio del bersaglio e cresce con il tuo Potere magico. Molti attacchi di ghiaccio applicano anche accumuli dell'effetto Gelo, rallentando il bersaglio.
CODEX_STATICE_ICEDAMAGE_DESC	Un bonus percentuale a tutto il Danno da ghiaccio che infliggi.
CODEX_STATICE_ICEPIERCING_DESC	Ignora una quantità fissa della Resistenza al ghiaccio del bersaglio quando infliggi Danno da ghiaccio.
CODEX_STATMAGICDAMAGE_DECAY_DESC	Danno elementale da marcescenza.<x1/>Ridotto dalla Resistenza più la Resistenza al decadimento; aumentato dalle statistiche Danno da decadimento e Penetrazione da decadimento.<x2/>Alcuni attacchi di decadimento applicano anche l'effetto Veleno.
CODEX_STATMAGICDAMAGE_DESC	I danni inflitti dagli incantesimi e dagli elementi.<x1/>Si presentano in cinque forme — fuoco, ghiaccio, elettricità, decadimento ed etere — ciascuna ridotta dalla Resistenza del bersaglio e proporzionale al tuo Potere magico.
CODEX_STATMAGICDAMAGE_ELECTRICITY_DESC	Danno elementale da fulmine.<x1/>Ridotto dalla Resistenza più la Resistenza all'elettricità; aumentato dalle statistiche Danno da elettricità e Penetrazione da elettricità.
CODEX_STATMAGICDAMAGE_ETHER_DESC	Danno elementale arcano.<x1/>Ridotto dalla Resistenza più la Resistenza all'etere; aumentato dalle statistiche Danno da etere e Penetrazione da etere.<x2/>Non ha un effetto di stato associato.
CODEX_STATMAGICDAMAGE_FIRE_DESC	Danno elementale da fiamma.<x1/>Ridotto dalla Resistenza più la Resistenza al fuoco; aumentato dalle statistiche Danno da fuoco e Penetrazione da fuoco.<x2/>Molti attacchi di fuoco applicano anche l'effetto Ustione.
CODEX_STATMAGICDAMAGE_ICE_DESC	Danno elementale da freddo.<x1/>Ridotto dalla Resistenza più la Resistenza al ghiaccio; aumentato dalle statistiche Danno da ghiaccio e Penetrazione da ghiaccio.<x2/>Molti attacchi di ghiaccio applicano anche l'effetto Gelo, rallentando il bersaglio.
CODEX_STATMAGICPOWER_DESC	La statistica che determina tutti i danni elementali che infliggi.<x1/>Gli attacchi di fuoco, ghiaccio, elettricità, decadimento ed etere calcolano i danni dal tuo Potere magico.<x2/>Deriva soprattutto dall'Intelligenza, con contributi minori da Carisma e Avventura, e aumenta ulteriormente grazie all'equipaggiamento e all'albero delle abilità.
CODEX_STATMINIONS_DESC	Le statistiche che potenziano le creature che evochi.<x1/>La Salute dei servitori si applica al momento dell'evocazione, mentre il Danno dei servitori e la Probabilità di critico dei servitori si applicano in tempo reale a ogni colpo delle tue evocazioni.
CODEX_STATMINIONS_MINIONCRIT_DESC	Conferisce alle tue evocazioni una probabilità di infliggere colpi critici.<x1/>Senza questa statistica, le evocazioni non hanno alcuna Probabilità di critico.
CODEX_STATMINIONS_MINIONDAMAGE_DESC	Un bonus percentuale a tutti i danni inflitti dalle tue evocazioni.
CODEX_STATMINIONS_MINIONDAMAGE_NAME	Danno dei servitori
CODEX_STATMINIONS_MINIONHEALTH_DESC	Aumenta la Salute massima delle tue evocazioni.<x1/>Si applica al momento dell'evocazione.
CODEX_STATMINIONS_NAME	Servitori
CODEX_STATMOVEMENTSPEED_DESC	La velocità con cui ti muovi nel mondo.<x1/>La Velocità di movimento aumenta grazie all'equipaggiamento, all'albero delle abilità e a effetti come Ondata temporale, e diminuisce con rallentamenti come Gelo.
CODEX_STATNOURISHMENT_DESC	La risorsa che alimenta il tuo recupero.<x1/>La rigenerazione naturale che ripristina le tue risorse vitali dopo il combattimento consuma Nutrimento, e muoverti lo esaurisce lentamente.<x2/>Quando il Nutrimento scarseggia, Salute, Concentrazione e Vigore massimi iniziano a diminuire.<x3/>Ripristinalo mangiando e bevendo.<x4/><x5/><x6/><x7/><x8/>Puoi avere un bonus da cibo e uno da bevanda alla volta; mangiare o bere qualcosa di nuovo sostituisce il bonus corrispondente.<x9/>Cibo e bevande equipaggiati negli slot di consumo automatico vengono usati automaticamente alla scadenza del rispettivo bonus o, in alternativa, quando il Nutrimento è basso.
CODEX_STATPENETRATION_BLUNTPIERCE_DESC	Penetrazione fissa per i colpi contundenti, sottratta alla riduzione dei danni del bersaglio.
CODEX_STATPENETRATION_DECAYPIERCE_DESC	Penetrazione fissa per i colpi di decadimento, sottratta alla riduzione dei danni del bersaglio.
CODEX_STATPENETRATION_DESC	Statistiche che permettono ai tuoi attacchi di ignorare parte delle difese del bersaglio.<x1/>Ogni tipo di danno ha una statistica di Penetrazione corrispondente che ignora una quantità fissa della riduzione dei danni del bersaglio prima del calcolo del colpo.<x2/>La risposta offensiva ad Armatura e Resistenza.
CODEX_STATPENETRATION_ELECPIERCE_DESC	Penetrazione fissa per i colpi elettrici, sottratta alla riduzione dei danni del bersaglio.
CODEX_STATPENETRATION_ETHERPIERCE_DESC	Penetrazione fissa per i colpi di etere, sottratta alla riduzione dei danni del bersaglio.
CODEX_STATPENETRATION_FIREPIERCE_DESC	Penetrazione fissa per i colpi di fuoco, sottratta alla riduzione dei danni del bersaglio.
CODEX_STATPENETRATION_ICEPIERCE_DESC	Penetrazione fissa per i colpi di ghiaccio, sottratta alla riduzione dei danni del bersaglio.
CODEX_STATPENETRATION_NAME	Penetrazione
CODEX_STATPENETRATION_STRIKEPIERCE_DESC	Penetrazione fissa per i colpi da taglio, sottratta alla riduzione dei danni del bersaglio.
CODEX_STATPENETRATION_THRUSTPIERCE_DESC	Penetrazione fissa per i colpi perforanti, sottratta alla riduzione dei danni del bersaglio.
CODEX_STATPHYSICALDAMAGE_BLUNT_DESC	Colpi che schiacciano.<x1/>Ridotti dall'Armatura più l'Armatura contundente; aumentati dalle statistiche Danno contundente e Penetrazione contundente.
CODEX_STATPHYSICALDAMAGE_DESC	I danni inflitti dalle armi e dagli attacchi marziali.<x1/>Si presentano in tre forme — da taglio, perforanti e contundenti — ciascuna ridotta dall'Armatura del bersaglio e proporzionale al tuo Potere fisico.
CODEX_STATPHYSICALDAMAGE_STRIKE_DESC	Colpi che fendono e tagliano.<x1/>Ridotti dall'Armatura più l'Armatura da taglio; aumentati dalle statistiche Danno da taglio e Penetrazione da taglio.
CODEX_STATPHYSICALDAMAGE_THRUST_DESC	Colpi che trafiggono e perforano.<x1/>Ridotti dall'Armatura più l'Armatura perforante; aumentati dalle statistiche Danno perforante e Penetrazione perforante.
CODEX_STATPHYSICAL_DESC	I danni inflitti dalle armi e dagli attacchi marziali. Il Danno fisico si presenta in tre forme — da taglio, perforante e contundente — ed è ridotto dall'Armatura del bersaglio anziché dalla Resistenza elementale. Cresce con il tuo Potere fisico.
CODEX_STATPHYSICAL_PHYSDAMAGE_DESC	Un bonus percentuale a tutto il Danno fisico che infliggi.
CODEX_STATPHYSICAL_PHYSPIERCING_DESC	Ignora una quantità fissa dell'Armatura del bersaglio quando infliggi Danno fisico.
CODEX_STATPHYSPOWER_DESC	La statistica che determina tutti i danni fisici che infliggi.<x1/>Gli attacchi da taglio, perforanti e contundenti calcolano i danni dal tuo Potere fisico.<x2/>Deriva soprattutto dalla Forza, con contributi minori da Agilità e Avventura, e aumenta ulteriormente grazie all'equipaggiamento e all'albero delle abilità.
CODEX_STATRESISTANCE_DECAYRES_DESC	Resistenza fissa valida solo contro il Danno da decadimento, che si aggiunge alla tua Resistenza generale.
CODEX_STATRESISTANCE_DESC	La tua difesa contro i danni elementali.<x1/>La Resistenza è conteggiata separatamente per fuoco, ghiaccio, elettricità, decadimento ed etere e riduce i danni in arrivo del proprio elemento, con benefici decrescenti al crescere del totale.<x2/>Gli attaccanti possono ignorarne una parte con la Penetrazione delle resistenze.
CODEX_STATRESISTANCE_ELECRES_DESC	Resistenza fissa valida solo contro il Danno da elettricità, che si aggiunge alla tua Resistenza generale.
CODEX_STATRESISTANCE_ETHERRES_DESC	Resistenza fissa valida solo contro il Danno da etere, che si aggiunge alla tua Resistenza generale.
CODEX_STATRESISTANCE_FIRERES_DESC	Resistenza fissa valida solo contro il Danno da fuoco, che si aggiunge alla tua Resistenza generale.
CODEX_STATRESISTANCE_ICERES_DESC	Resistenza fissa valida solo contro il Danno da ghiaccio, che si aggiunge alla tua Resistenza generale.
CODEX_STATSPELLHASTE_DESC	Riduce il tempo di recupero dei tuoi incantesimi.<x1/>Ogni punto di Celerità magica riduce i tempi di recupero in misura decrescente, permettendoti di lanciare più spesso.<x2/>Non modifica i tempi di lancio.
CODEX_STATSTAMINA_DESC	La risorsa consumata dallo sforzo fisico.<x1/>Lo Scatto consuma Vigore continuamente e alcuni attacchi e incantesimi lo includono nel proprio costo.<x2/>Si recupera da solo, ma il recupero si interrompe mentre attacchi e rallenta mentre lanci incantesimi.
CODEX_STATSTAMINA_STAMPERCENT_DESC	Aumenta il tuo Vigore massimo in percentuale.
CODEX_STATSTAMINA_STAMREGEN_DESC	Un bonus alla velocità con cui recuperi Vigore.
CODEX_TAG_BUFF	Bonus
CODEX_TAG_BUILDABLE	Costruibile
CODEX_TAG_DAMAGETYPE	Tipo di danno
CODEX_TAG_DEBUFF	Malus
CODEX_TAG_EMPOWERMENT	Potenziamento
CODEX_TAG_EQUIPMENTSET	Set di equipaggiamento
CODEX_TAG_REFERENCE	Riferimento
CODEX_TAG_STAT	Statistica
CODEX_TAG_VITAL	Risorsa vitale
CODEX_TIMEDACCELERATEDCASTING_DESC	Lancio Accelerato ha aumentato brevemente Velocità di movimento e Velocità d'attacco dopo un'abilità da Elfo.
CODEX_TIMEDAMBUSH_DESC	Imboscata è pronta. Il prossimo attacco automatico dopo uno scatto infligge Danno fisico aumentato.
CODEX_TIMEDARMORDOWN_DESC	Un malus temporaneo che riduce la tua Armatura per tutta la sua durata.
CODEX_TIMEDARMORUP_DESC	Un bonus temporaneo che aumenta la tua Armatura per tutta la sua durata.
CODEX_TIMEDASHENESCALATION_DESC	Escalation di Cenere ha aumentato il Danno da fuoco in base agli accumuli di Ustione consumati.
CODEX_TIMEDATTACKSPEEDDOWN_DESC	Un malus temporaneo che riduce la tua Velocità d'attacco per tutta la sua durata.
CODEX_TIMEDATTACKSPEEDUP_DESC	Un bonus temporaneo che aumenta la tua Velocità d'attacco per tutta la sua durata.
CODEX_TIMEDBLEEDINGRESISTANCE_DESC	Un effetto protettivo che attenua il Sanguinamento in arrivo.<x1/>Mentre è attivo, gli accumuli di Sanguinamento applicati a te vengono dimezzati, arrotondando per eccesso e senza mai scendere sotto un accumulo.
CODEX_TIMEDBLOODFRENZY_DESC	Frenesia Sanguinaria aumenta il Danno fisico inflitto ai nemici affetti da Sanguinamento.
CODEX_TIMEDBLOODINTHEWATER_DESC	Sangue nell'Acqua ha aumentato brevemente la Probabilità di critico dopo aver colpito un nemico con molti accumuli di Sanguinamento.
CODEX_TIMEDBLUNTFORCEEXECUTE_DESC	Esecuzione Contundente ha aumentato brevemente il Danno fisico dopo un colpo mortale contundente.
CODEX_TIMEDBULWARK_DESC	Baluardo ha conferito un bonus all'Armatura per breve tempo dopo che un singolo colpo ha sottratto oltre il 30% della Salute massima.
CODEX_TIMEDBURNINGRESISTANCE_DESC	Un effetto protettivo che attenua l'Ustione in arrivo.<x1/>Mentre è attivo, gli accumuli di Ustione applicati a te vengono dimezzati, arrotondando per eccesso e senza mai scendere sotto un accumulo.
CODEX_TIMEDCOLDSCALEDPOWER_DESC	Potere Scalato dal Freddo ha aumentato il Danno magico in base agli accumuli di Gelo del bersaglio.
CODEX_TIMEDCONCENTRATIONDOWN_DESC	Un malus temporaneo che riduce la tua Concentrazione massima per tutta la sua durata.
CODEX_TIMEDCONCENTRATIONONHITUP_DESC	La Concentrazione viene ripristinata colpendo i nemici.
CODEX_TIMEDCONCENTRATIONONHITUP_NAME	Bonus alla Concentrazione al colpo
CODEX_TIMEDCONCENTRATIONUP_DESC	Un bonus temporaneo che aumenta la tua Concentrazione massima per tutta la sua durata.
CODEX_TIMEDCOUNTERFIREDISCIPLINE_DESC	Disciplina del Controfuoco è pronta. Il prossimo Attacco finale a distanza infligge danni aumentati.
CODEX_TIMEDDEADLYRHYTHM_DESC	Ritmo Letale ha aumentato brevemente la Velocità d'attacco dopo un colpo critico.
CODEX_TIMEDDECAYCHANNEL_DESC	Canalizzazione del Decadimento ha aumentato brevemente il Danno magico dopo il lancio di un incantesimo di Magia della peste.
CODEX_TIMEDDEFENDANDASSAULT_DESC	Difesa e Assalto ha aumentato brevemente la Velocità d'attacco dopo una Rappresaglia riuscita.
CODEX_TIMEDECHOEDFOCUS_DESC	Concentrazione Riecheggiata aumenta la Rigenerazione della concentrazione mentre un nemico vicino possiede più di 5 accumuli di Eco temporale.
CODEX_TIMEDECHOESOFICE_DESC	Echi di Ghiaccio riapplica il Gelo consumato come Eco temporale per la sua durata residua.
CODEX_TIMEDELVISHVELOCITY_DESC	Velocità Elfica ha aumentato brevemente la Velocità di movimento dopo un'abilità da Elfo.
CODEX_TIMEDFINISHINGEDGE_DESC	Filo Finale ha aumentato brevemente il Danno critico dopo aver inflitto un colpo critico a un nemico indebolito.
CODEX_TIMEDFLAMEFEEDFRENZY_DESC	Frenesia Nutrifiamma ha aumentato Velocità d'attacco e Celerità magica in base agli accumuli di Ustione consumati.
CODEX_TIMEDFLAMINGOILCOATING_DESC	Un rivestimento temporaneo per l'arma.<x1/>Mentre è attivo, i tuoi attacchi base infliggono un ulteriore 50% dei propri danni come colpo separato di Danno da fuoco.
CODEX_TIMEDFOCUSEDASSAULT_DESC	Assalto Focalizzato ha aumentato brevemente il Danno d'attacco dopo un'abilità da Elfo.
CODEX_TIMEDFROSTEDOILCOATING_DESC	Un rivestimento temporaneo per l'arma.<x1/>Mentre è attivo, i tuoi attacchi base infliggono un ulteriore 50% dei propri danni come colpo separato di Danno da ghiaccio.
CODEX_TIMEDGLACIALDRAG_DESC	Trascinamento Glaciale ha rallentato un nemico in base agli accumuli di Gelo consumati da esso.
CODEX_TIMEDHAYMAKER_DESC	Colpo Demolitore ha aumentato brevemente il Danno fisico dopo uno scatto.
CODEX_TIMEDHEALTHDOWN_DESC	Un malus temporaneo che riduce la tua Salute massima per tutta la sua durata.
CODEX_TIMEDHEALTHUP_DESC	Un bonus temporaneo che aumenta la tua Salute massima per tutta la sua durata.
CODEX_TIMEDINFECTIONSCENT_DESC	Odore d'Infezione ha aumentato brevemente la Probabilità di critico dopo aver colpito un nemico con molti accumuli di Veleno.
CODEX_TIMEDKINDLEDFOCUS_DESC	Concentrazione Ravvivata ha aumentato brevemente la Rigenerazione della concentrazione dopo aver applicato Ustione.
CODEX_TIMEDKNOCKOUTRESERVES_DESC	Riserve da Knockout ha ripristinato Vigore dopo aver stordito un nemico.
CODEX_TIMEDLIONSURGE_DESC	Ondata del Leone ha aumentato brevemente il Danno perforante dopo un colpo critico perforante.
CODEX_TIMEDMAGICDAMAGEDOWN_DESC	Un malus temporaneo che riduce il Danno magico che infliggi per tutta la sua durata.
CODEX_TIMEDMAGICDAMAGEUP_DESC	Un bonus temporaneo che aumenta il Danno magico che infliggi per tutta la sua durata.
CODEX_TIMEDMURDERTEMPO_DESC	Tempo Omicida ha aumentato brevemente Velocità d'attacco e Danno critico dopo un colpo mortale critico.
CODEX_TIMEDOVERCHANNEL_DESC	Sovraccanalizzazione ha aumentato brevemente il Danno magico dopo aver speso molta Concentrazione per un incantesimo.
CODEX_TIMEDPERMAFROSTRHYTHM_DESC	Ritmo del Permafrost ha aumentato la Celerità magica in base agli accumuli di Gelo consumati.
CODEX_TIMEDPHYSICALDAMAGEDOWN_DESC	Un malus temporaneo che riduce il Danno fisico che infliggi per tutta la sua durata.
CODEX_TIMEDPHYSICALDAMAGEUP_DESC	Un bonus temporaneo che aumenta il Danno fisico che infliggi per tutta la sua durata.
CODEX_TIMEDPLAGUEMIND_DESC	Mente della Peste ha conferito un bonus alla Concentrazione al colpo per breve tempo dopo aver applicato molti accumuli di Veleno a un nemico.
CODEX_TIMEDPOISONRESISTANCE_DESC	Un effetto protettivo che attenua il Veleno in arrivo.<x1/>Mentre è attivo, gli accumuli di Veleno applicati a te vengono dimezzati, arrotondando per eccesso e senza mai scendere sotto un accumulo.
CODEX_TIMEDPUMMEL_DESC	Martellamento ha aumentato brevemente il Danno fisico dopo aver messo a segno tre colpi contundenti in rapida successione.
CODEX_TIMEDPYREECHO_DESC	Eco della Pira ha aumentato il Danno magico in base agli accumuli di Ustione del bersaglio.
CODEX_TIMEDRAGEFROMRUIN_DESC	Furia dalla Rovina ha conferito Furia dopo aver stordito un nemico.
CODEX_TIMEDRECOVERYDOWN_DESC	Un malus temporaneo che rallenta la tua rigenerazione del Vigore per tutta la sua durata.
CODEX_TIMEDRECOVERYUP_DESC	Un bonus temporaneo che accelera la tua rigenerazione del Vigore per tutta la sua durata.
CODEX_TIMEDREGENERATIONDOWN_DESC	Un malus temporaneo che rallenta la tua rigenerazione della Salute per tutta la sua durata.
CODEX_TIMEDREGENERATIONUP_DESC	Un bonus temporaneo che accelera la tua rigenerazione della Salute per tutta la sua durata.
CODEX_TIMEDREJUVINATIONDOWN_DESC	Un malus temporaneo che rallenta la tua rigenerazione della Concentrazione per tutta la sua durata.
CODEX_TIMEDREJUVINATIONUP_DESC	Un bonus temporaneo che accelera la tua rigenerazione della Concentrazione per tutta la sua durata.
CODEX_TIMEDRESISTANCEDOWN_DESC	Un malus temporaneo che riduce la tua Resistenza elementale per tutta la sua durata.
CODEX_TIMEDRESISTANCEUP_DESC	Un bonus temporaneo che aumenta la tua Resistenza elementale per tutta la sua durata.
CODEX_TIMEDRIPOSTEDISCIPLINE_DESC	Disciplina della Riposta è pronta. Il prossimo Terzo Colpo infligge danni aumentati.
CODEX_TIMEDRIPOSTE_DESC	Riposta ha aumentato brevemente il Danno da taglio dopo aver bloccato un attacco.
CODEX_TIMEDROOTED_DESC	Un effetto di controllo che immobilizza la vittima.<x1/>Mentre è Radicata, la vittima non può muoversi.
CODEX_TIMEDSECONDWIND_DESC	Secondo Respiro ha restituito metà di un costo elevato in Vigore. Può verificarsi una sola volta ogni 15 secondi.
CODEX_TIMEDSHADOWEDSTEEL_DESC	Acciaio Ombrato ha aumentato brevemente il Danno fisico dopo aver usato un'Arte dell'ombra.
CODEX_TIMEDSILENTRECOVERY_DESC	Recupero Silenzioso ha aumentato brevemente la Rigenerazione del vigore dopo che il Vigore è sceso sotto il 35%.
CODEX_TIMEDSLASHANDBASH_DESC	Taglia e Percuoti ha aumentato brevemente il Danno fisico dopo un colpo mortale da taglio.
CODEX_TIMEDSONICDAGGERS_DESC	Pugnali Sonici è attivo. Gli attacchi automatici scagliano un Dardo Sonico aggiuntivo contro il bersaglio.
CODEX_TIMEDSPEEDDOWN_DESC	Un malus temporaneo che riduce la tua velocità di movimento per tutta la sua durata.
CODEX_TIMEDSPEEDDOWN_NAME	Velocità ridotta
CODEX_TIMEDSPEEDUP_DESC	Un bonus temporaneo che aumenta la tua velocità di movimento per tutta la sua durata.
CODEX_TIMEDSTAMINADOWN_DESC	Un malus temporaneo che riduce il tuo Vigore massimo per tutta la sua durata.
CODEX_TIMEDSTAMINAUP_DESC	Un bonus temporaneo che aumenta il tuo Vigore massimo per tutta la sua durata.
CODEX_TIMEDSTONEHIDE_DESC	Pelle di Pietra ha conferito un bonus all'Armatura per breve tempo dopo aver inflitto Danno contundente.
CODEX_TIMEDSTUNNINGTEMPO_DESC	Tempo Stordente ha aumentato brevemente la Velocità d'attacco dopo aver stordito un nemico.
CODEX_TIMEDSTUN_DESC	Un effetto di controllo che interrompe la vittima.<x1/>Mentre è Stordita, la vittima non può muoversi, attaccare o lanciare incantesimi fino alla scadenza dell'effetto.
CODEX_TIMEDSUDDENSTRIDE_DESC	Falcata Improvvisa ha aumentato brevemente la Velocità di movimento dopo un colpo critico.
CODEX_TIMEDSURGECASTING_DESC	Lancio d'Ondata è pronto e conferisce Danno magico aumentato al tuo prossimo incantesimo.
CODEX_TIMEDSURGEOFMASTERY_DESC	Ondata di Maestria ha aumentato brevemente la Velocità d'attacco dopo un colpo critico.
CODEX_TIMEDTEMPOCONVERSION_DESC	Conversione di Tempo è pronta. Il prossimo attacco ha una Probabilità di critico notevolmente aumentata.
CODEX_TIMEDTEMPORALCLEAVE_DESC	Fendente Temporale ha consumato Ondata temporale, applicando Sanguinamento ai nemici intorno al bersaglio.
CODEX_TIMEDTHICKSKIN_DESC	Pelle Spessa ha dimezzato un colpo che ti avrebbe fatto scendere sotto il 40% di Salute. Può verificarsi una sola volta ogni 30 secondi.
CODEX_TIMEDTIMELESSFLAMES_DESC	Fiamme Atemporali è pronto. Il prossimo incantesimo di fuoco consuma Ondata temporale per ridurre il proprio tempo di recupero.
CODEX_TIMEDTOXICOILCOATING_DESC	Un rivestimento temporaneo per l'arma.<x1/>Mentre è attivo, i tuoi attacchi base infliggono un ulteriore 50% dei propri danni come colpo separato di Danno da decadimento.
CODEX_TIMEDVIRULENTCASTING_DESC	Lancio Virulento ha aumentato brevemente la Celerità magica dopo un colpo critico di un incantesimo.
CODEX_TIMEDWEAKPOINTSENSE_DESC	Senso del Punto Debole è pronto. La prossima Arte dell'ombra ha una Probabilità di critico aumentata.
CODEX_TIMEDWELLRESTED_DESC	Un bonus ottenuto dormendo in un letto o in una tenda.<x1/>Per tutta la sua durata ottieni XP aggiuntivi e il Nutrimento si esaurisce più lentamente.<x2/>I letti migliori ne conferiscono una versione più forte e duratura.
CODEX_TIMEDWILDFIRE_DESC	Incendio Selvaggio aumenta i danni inflitti ai nemici affetti da Ustione.
CODEX_TIMEDWINTERFOCUS_DESC	Concentrazione Invernale ha aumentato brevemente la Rigenerazione della concentrazione dopo aver applicato Gelo.
CODEX_TIMEDWINTERGUARD_DESC	Guardia Invernale riduce i danni subiti dagli attaccanti Assiderati.
CODEX_UNDISCOVERED	Non ancora scoperto. Esplora per rivelarlo.
