SKILL_BRAWLER_E10_DESC	Aumenta l'Accumulo di stordimento del 10% <x1/> Aumenta la tua Probabilità di critico del 4%.
SKILL_BRAWLER_E10_NAME	Precisione
SKILL_BRAWLER_E16_DESC	Aumenta il tuo danno contro i nemici storditi dell'8%. <x1/> Aumenta di 2 la Furia massima che puoi accumulare.
SKILL_BRAWLER_E16_NAME	Fervore combattivo
SKILL_BRAWLER_E4_DESC	Aumenta il tuo Vigore massimo di 6. <x1/> Aumenta il tuo Danno contundente del 6%
SKILL_BRAWLER_E4_NAME	Possanza del Rissoso
SKILL_BRAWLER_EBL2R4_DESC	Quando uccidi un nemico con Danno contundente, ottieni il 20% di Danno fisico per 5 secondi.
SKILL_BRAWLER_EBL5R7_DESC	Quando stordisci un nemico, ottieni il 25% di Velocità d'attacco per 3 secondi.
SKILL_BRAWLER_EBR2R4_DESC	Quando stordisci un nemico, recuperi il 20% del tuo Vigore massimo.
SKILL_BRAWLER_EBR5R7_DESC	Quando infliggi un colpo critico a un nemico, ottieni il 20% di Velocità di movimento per 3 secondi.
SKILL_BRAWLER_ES1B10_DESC	Aumenta di 1 per punto la Furia ottenuta con Jab Infuriante.
SKILL_BRAWLER_ES1B10_NAME	Aumento Jab Infuriante II
SKILL_BRAWLER_ES1B11_DESC	Aumenta di 1 il numero massimo di colpi aggiuntivi.
SKILL_BRAWLER_ES1B11_NAME	Aumento Jab Furente II
SKILL_BRAWLER_ES1B12_DESC	Aumenta di 1 per punto la Furia ottenuta con Jab Infuriante.
SKILL_BRAWLER_ES1B12_NAME	Aumento Jab Infuriante III
SKILL_BRAWLER_ES1B13_DESC	Aumenta di 1 il numero massimo di colpi aggiuntivi.
SKILL_BRAWLER_ES1B13_NAME	Aumento Jab Furente III
SKILL_BRAWLER_ES1B1_DESC	Aumenta del 6% per punto il bonus al Danno fisico conferito da Jab rapido.
SKILL_BRAWLER_ES1B1_NAME	Aumento bonus fisico di Jab rapido I
SKILL_BRAWLER_ES1B2_DESC	Aumenta del 6% per punto il bonus al Danno fisico conferito da Jab rapido.
SKILL_BRAWLER_ES1B2_NAME	Aumento bonus fisico di Jab rapido II
SKILL_BRAWLER_ES1B3_DESC	Aumenta del 6% per punto il bonus al Danno fisico conferito da Jab rapido.
SKILL_BRAWLER_ES1B3_NAME	Aumento bonus fisico di Jab rapido III
SKILL_BRAWLER_ES1B4_DESC	Aumenta di 1 il numero di cariche disponibili di Jab rapido.
SKILL_BRAWLER_ES1B4_NAME	Aumento cariche di Jab rapido I
SKILL_BRAWLER_ES1B5_DESC	Aumenta di 1 il numero di cariche disponibili di Jab rapido.
SKILL_BRAWLER_ES1B5_NAME	Aumento cariche di Jab rapido II
SKILL_BRAWLER_ES1B8_DESC	Aumenta di 1 per punto la Furia ottenuta con Jab Infuriante.
SKILL_BRAWLER_ES1B8_NAME	Aumento Jab Infuriante I
SKILL_BRAWLER_ES1B9_DESC	Aumenta di 1 il numero massimo di colpi aggiuntivi.
SKILL_BRAWLER_ES1B9_NAME	Aumento Jab Furente I
SKILL_BRAWLER_ES1U1_DESC	Ogni Jab rapido lanciato entro 2 secondi dal precedente ne aumenta il danno del 12%, fino a 3 accumuli.
SKILL_BRAWLER_ES1U1_NAME	Colpi rapidi
SKILL_BRAWLER_ES1U2_DESC	Colpire un nemico con Jab rapido riduce di 1 secondo il tempo di recupero di un incantesimo casuale, ma Jab rapido non aumenta più il tuo Danno fisico.
SKILL_BRAWLER_ES1U2_NAME	Colpi ciclici
SKILL_BRAWLER_ES1U3_DESC	Jab rapido conferisce 2 Furia al colpo, ma il suo bonus al Danno fisico è ridotto del 12%.
SKILL_BRAWLER_ES1U3_NAME	Jab Infuriante
SKILL_BRAWLER_ES1U4_DESC	Jab rapido consuma fino a 10 Furia per colpire il bersaglio più volte, consumando 2 Furia per colpo aggiuntivo, fino a 5 colpi aggiuntivi. I colpi aggiuntivi non possono attivare Colpo ristoratore, Colpi ciclici o Colpi rapidi.
SKILL_BRAWLER_ES1U4_NAME	Jab Furente
SKILL_BRAWLER_ES1_DESC	Jab rapido ora ripristina 5 Vigore al colpo.
SKILL_BRAWLER_ES1_NAME	Colpo ristoratore
SKILL_BRAWLER_ES2B10_DESC	Aumenta di 1 per punto ogni applicazione di Sanguinamento di Gancio Lacerante.
SKILL_BRAWLER_ES2B12_DESC	Aumenta del 2% per punto l'Accumulo di stordimento ottenuto per Furia consumata e del 6% per punto l'aumento massimo dell'Accumulo di stordimento.
SKILL_BRAWLER_ES2B13_DESC	Aumenta di 1 per punto ogni applicazione di Sanguinamento di Gancio Lacerante.
SKILL_BRAWLER_ES2B15_DESC	Aumenta del 2% per punto l'Accumulo di stordimento ottenuto per Furia consumata e del 6% per punto l'aumento massimo dell'Accumulo di stordimento.
SKILL_BRAWLER_ES2B16_DESC	Aumenta di 1 per punto ogni applicazione di Sanguinamento di Gancio Lacerante.
SKILL_BRAWLER_ES2B18_DESC	Aumenta del 2% per punto l'Accumulo di stordimento ottenuto per Furia consumata e del 6% per punto l'aumento massimo dell'Accumulo di stordimento.
SKILL_BRAWLER_ES2B1_NAME	Aumento Accumulo di stordimento di Gancio potente I
SKILL_BRAWLER_ES2B2_NAME	Aumento Accumulo di stordimento di Gancio potente II
SKILL_BRAWLER_ES2B3_NAME	Aumento Accumulo di stordimento di Gancio potente III
SKILL_BRAWLER_ES2U1_DESC	Gancio potente infligge il 40% di danno in più, ma il suo arco d'impatto è ridotto del 35% e non interrompe più gli attacchi nemici.
SKILL_BRAWLER_ES2U2_DESC	Gancio potente infligge Danno da taglio anziché Danno contundente.
SKILL_BRAWLER_ES2U2_NAME	Gancio tagliente
SKILL_BRAWLER_ES2U3_DESC	L'arco d'impatto di Gancio potente aumenta del 40%, ma il suo danno è ridotto del 20%.
SKILL_BRAWLER_ES2U3_NAME	Gancio spazzante
SKILL_BRAWLER_ES2U4_DESC	Gancio potente applica 3 cariche di Sanguinamento ai nemici colpiti. Se colpisce un solo nemico, applica altre 3 cariche di Sanguinamento.
SKILL_BRAWLER_ES2U5_DESC	Gancio potente ora genera 2 cariche di Furia per ogni nemico colpito.
SKILL_BRAWLER_ES2U6_DESC	Gancio potente consuma fino a 10 Furia per aumentare il suo Accumulo di stordimento del 4% per Furia consumata, fino al 40%.
SKILL_BRAWLER_ES2_DESC	Premi per lanciare. Sferra un gancio pesante, infliggendo Danno contundente con elevato Accumulo di stordimento e interrompendo il nemico.
SKILL_BRAWLER_ES3B10_DESC	Aumenta di 1 per punto la Furia conferita da Diretto Infuriante.
SKILL_BRAWLER_ES3B11_DESC	Aumenta del 2% per punto il danno ottenuto per Furia consumata e del 6% per punto l'aumento massimo del danno.
SKILL_BRAWLER_ES3B13_DESC	Aumenta di 1 per punto la Furia conferita da Diretto Infuriante.
SKILL_BRAWLER_ES3B14_DESC	Aumenta del 2% per punto il danno ottenuto per Furia consumata e del 6% per punto l'aumento massimo del danno.
SKILL_BRAWLER_ES3B16_DESC	Aumenta di 1 per punto la Furia conferita da Diretto Infuriante.
SKILL_BRAWLER_ES3B17_DESC	Aumenta del 2% per punto il danno ottenuto per Furia consumata e del 6% per punto l'aumento massimo del danno.
SKILL_BRAWLER_ES3B4_DESC	Aumenta del 15% per punto la velocità di carica di Diretto potente.
SKILL_BRAWLER_ES3B4_NAME	Aumento velocità di carica di Diretto potente I
SKILL_BRAWLER_ES3B7_DESC	Aumenta del 15% per punto la velocità di carica di Diretto potente.
SKILL_BRAWLER_ES3B7_NAME	Aumento velocità di carica di Diretto potente II
SKILL_BRAWLER_ES3U1_DESC	Diretto potente infligge il 30% di danno extra ai bersagli storditi, ma il 25% di danno in meno a quelli non storditi
SKILL_BRAWLER_ES3U1_NAME	Diretto punitivo
SKILL_BRAWLER_ES3U2_DESC	Diretto potente può essere caricato per il 50% più a lungo, aumentandone il tempo di carica massimo e il danno potenziale, ma la sua velocità di carica è ridotta del 20%.
SKILL_BRAWLER_ES3U2_NAME	Diretto costante
SKILL_BRAWLER_ES3U3_DESC	Diretto potente ora ti fa scattare in avanti.
SKILL_BRAWLER_ES3U3_NAME	Affondo diretto
SKILL_BRAWLER_ES3U4_DESC	Diretto potente si carica automaticamente al lancio.
SKILL_BRAWLER_ES3U4_NAME	Colpo automatico
SKILL_BRAWLER_ES3U5_DESC	Diretto potente consuma il Sanguinamento sui nemici colpiti per ottenere il 6% di danno in più per carica di Sanguinamento consumata, fino al 60%.
SKILL_BRAWLER_ES3U6_DESC	Diretto potente non consuma più Furia. Conferisce invece 2 Furia al colpo, più altre 4 Furia se rilasciato a carica completa.
SKILL_BRAWLER_ES3U7_DESC	Diretto potente non aumenta più il suo Accumulo di stordimento con la Furia consumata. Ottiene invece l'8% di danno in più per Furia consumata, fino all'80%.
SKILL_BRAWLER_ES3_DESC	Tieni premuto per caricare. Rilascia per sferrare un diretto pesante, infliggendo Danno contundente e interrompendo i nemici davanti a te. Il danno aumenta con il tempo di carica. Diretto potente consuma fino a 10 Furia al rilascio, aumentando il suo Accumulo di stordimento del 3% per Furia consumata, fino al 30%.
SKILL_BRAWLER_START1_DESC	Premi per lanciare. Sferra un jab rapido, infliggendo Danno contundente e potenziando il tuo Danno fisico per 2 secondi.
SKILL_BRAWLER_W10_NAME	Furia sanguinaria
SKILL_BRAWLER_W16_DESC	Aumenta il tuo danno contro i nemici sanguinanti del 12% <x1/> Aumenta di 2 il Sanguinamento massimo che puoi applicare.
SKILL_BRAWLER_W16_NAME	Nato dal sangue
SKILL_BRAWLER_W4_DESC	Aumenta il tuo Danno da taglio del 6%. <x1/> Aumenta la tua Salute massima di 15.
SKILL_BRAWLER_W4_NAME	Sangue del berserker
SKILL_BRAWLER_WBL2R4_DESC	Quando uccidi un nemico con Danno da taglio, ottieni il 20% di Danno fisico per 5 secondi.
SKILL_BRAWLER_WBL5R7_DESC	Al colpo critico, ottieni +25% Velocità d'attacco per 3 secondi
SKILL_BRAWLER_WBR2R4_DESC	Quando subisci danno che ti porterebbe sotto il 40% di HP, il danno si dimezza. Può verificarsi solo una volta ogni 30 secondi.
SKILL_BRAWLER_WBR5R7_DESC	Quando lanci un incantesimo o un'abilità il cui costo in Vigore supera il 30% del tuo massimo, recuperi il 50% del costo. Questo effetto può verificarsi solo una volta ogni 15 secondi.
SKILL_BRAWLER_WS1B11_DESC	Aumenta di 1 per punto la Furia conferita da Colpo Infuriante ogni 3 cariche di Sanguinamento sul bersaglio.
SKILL_BRAWLER_WS1B14_DESC	Aumenta di 1 per punto la Furia conferita da Colpo Infuriante ogni 3 cariche di Sanguinamento sul bersaglio.
SKILL_BRAWLER_WS1B17_DESC	Aumenta di 1 per punto la Furia conferita da Colpo Infuriante ogni 3 cariche di Sanguinamento sul bersaglio.
SKILL_BRAWLER_WS1B6_DESC	Riduce del 10% per punto la Salute sacrificata da Colpo furioso.
SKILL_BRAWLER_WS1B6_NAME	Riduzione costo in Salute di Colpo furioso I
SKILL_BRAWLER_WS1B8_DESC	Riduce del 10% per punto la Salute sacrificata da Colpo furioso.
SKILL_BRAWLER_WS1B8_NAME	Riduzione costo in Salute di Colpo furioso II
SKILL_BRAWLER_WS1B9_DESC	Riduce del 10% per punto la Salute sacrificata da Colpo furioso.
SKILL_BRAWLER_WS1B9_NAME	Riduzione costo in Salute di Colpo furioso III
SKILL_BRAWLER_WS1U1_DESC	Il tempo di recupero di Colpo furioso si azzera all'uccisione.
SKILL_BRAWLER_WS1U2_DESC	Colpo furioso ora infligge Danno contundente, ma infligge il 20% di danno in meno.
SKILL_BRAWLER_WS1U3_DESC	Colpo furioso infligge il 20% di danno in meno, ma al colpo fa spruzzare sangue al bersaglio in una piccola area, infliggendo danno ai nemici vicini. Il colpo ad area eredita il modificatore della soglia effetto selezionato per Colpo furioso.
SKILL_BRAWLER_WS1U3_NAME	Colpo scheggiante
SKILL_BRAWLER_WS1U4_DESC	Colpo furioso applica 5 cariche di Sanguinamento.
SKILL_BRAWLER_WS1U5_DESC	Colpo furioso conferisce 1 Furia ogni 3 cariche di Sanguinamento sul bersaglio.
SKILL_BRAWLER_WS1U6_DESC	Colpo furioso consuma il Sanguinamento sul bersaglio per infliggere il 6% di danno in più per carica di Sanguinamento consumata, fino al 60%.
SKILL_BRAWLER_WS1_DESC	Premi per lanciare. Scatta verso il bersaglio e colpisci, infliggendo Danno da taglio. Il lancio costa Salute.
SKILL_BRAWLER_WS2B10_DESC	Aumenta dell'1% per punto la Velocità d'attacco ottenuta per carica di Sanguinamento consumata e del 3% per punto l'aumento massimo della Velocità d'attacco.
SKILL_BRAWLER_WS2B12_DESC	Aumenta di 1 per punto la Furia aggiuntiva conferita da Frenesia Infuriante.
SKILL_BRAWLER_WS2B13_DESC	Aumenta del 2% per punto la durata ottenuta per Furia consumata e del 6% per punto l'aumento massimo della durata.
SKILL_BRAWLER_WS2B14_DESC	Aumenta dell'1% per punto la Velocità d'attacco ottenuta per carica di Sanguinamento consumata e del 3% per punto l'aumento massimo della Velocità d'attacco.
SKILL_BRAWLER_WS2B16_DESC	Aumenta di 1 per punto la Furia aggiuntiva conferita da Frenesia Infuriante.
SKILL_BRAWLER_WS2B17_DESC	Aumenta del 2% per punto la durata ottenuta per Furia consumata e del 6% per punto l'aumento massimo della durata.
SKILL_BRAWLER_WS2B18_DESC	Aumenta dell'1% per punto la Velocità d'attacco ottenuta per carica di Sanguinamento consumata e del 3% per punto l'aumento massimo della Velocità d'attacco.
SKILL_BRAWLER_WS2B1_DESC	Aumenta del 5% la Velocità d'attacco ottenuta con Frenesia.
SKILL_BRAWLER_WS2B20_DESC	Aumenta di 1 per punto la Furia aggiuntiva conferita da Frenesia Infuriante.
SKILL_BRAWLER_WS2B21_DESC	Aumenta del 2% per punto la durata ottenuta per Furia consumata e del 6% per punto l'aumento massimo della durata.
SKILL_BRAWLER_WS2B2_DESC	Aumenta del 5% la Velocità d'attacco ottenuta con Frenesia.
SKILL_BRAWLER_WS2B3_DESC	Aumenta del 5% la Velocità d'attacco ottenuta con Frenesia.
SKILL_BRAWLER_WS2B4_DESC	Aumenta di 1 per punto la Furia ottenuta con Frenesia.
SKILL_BRAWLER_WS2B4_NAME	Aumento Furia ottenuta con Frenesia I
SKILL_BRAWLER_WS2B5_DESC	Aumenta la durata di Frenesia di 0.5 secondi.
SKILL_BRAWLER_WS2B6_DESC	Aumenta di 1 per punto la Furia ottenuta con Frenesia.
SKILL_BRAWLER_WS2B6_NAME	Aumento Furia ottenuta con Frenesia II
SKILL_BRAWLER_WS2B7_DESC	Aumenta la durata di Frenesia di 0.5 secondi.
SKILL_BRAWLER_WS2B8_DESC	Aumenta di 1 per punto la Furia ottenuta con Frenesia.
SKILL_BRAWLER_WS2B8_NAME	Aumento Furia ottenuta con Frenesia III
SKILL_BRAWLER_WS2B9_DESC	Aumenta la durata di Frenesia di 0.5 secondi.
SKILL_BRAWLER_WS2U1_DESC	Aumenta la durata di Frenesia del 100%, ma riduce la Velocità d'attacco ottenuta del 60%.
SKILL_BRAWLER_WS2U1_NAME	Frenesia persistente
SKILL_BRAWLER_WS2U2_DESC	Mentre Frenesia è attiva, ottieni il 30% di Velocità di movimento.
SKILL_BRAWLER_WS2U2_NAME	Frenesia del sangue impetuoso
SKILL_BRAWLER_WS2U3_DESC	Frenesia consuma il Sanguinamento sui nemici vicini per ottenere l'1% di Velocità d'attacco in più per carica di Sanguinamento consumata, fino al 25%.
SKILL_BRAWLER_WS2U4_DESC	Frenesia non conferisce più Furia. Invece, mentre Frenesia è attiva, ogni terzo attacco applica 2 cariche di Sanguinamento.
SKILL_BRAWLER_WS2U5_DESC	Frenesia conferisce altre 3 Furia al lancio, ma il suo bonus alla Velocità d'attacco è ridotto del 25%
SKILL_BRAWLER_WS2U6_DESC	Frenesia non conferisce più Furia. Consuma invece fino a 10 Furia per aumentare la sua durata del 10% per Furia consumata.
SKILL_BRAWLER_WS2_DESC	Premi per lanciare. Ottieni 5 Furia e il 50% di Velocità d'attacco in più per 2 secondi.
SKILL_BRAWLER_WS3B10_DESC	Aumenta di 2 per punto la Furia massima che Polverizza può consumare.
SKILL_BRAWLER_WS3B10_NAME	Aumento capacità di Furia di Polverizza II
SKILL_BRAWLER_WS3B11_DESC	Aumenta dell'1% per punto il danno ottenuto per ogni Furia consumata da Polverizza.
SKILL_BRAWLER_WS3B11_NAME	Efficienza della Furia di Polverizza II
SKILL_BRAWLER_WS3B12_DESC	Aumenta del 2% per punto la riduzione dell'Armatura ottenuta per Furia consumata e del 6% per punto la riduzione massima dell'Armatura.
SKILL_BRAWLER_WS3B13_DESC	Ottieni 1 Furia aggiuntiva per ogni nemico colpito da Polverizza Infuriante.
SKILL_BRAWLER_WS3B14_DESC	Se consumi almeno 6 Furia, applica 1 carica aggiuntiva di Sanguinamento per punto.
SKILL_BRAWLER_WS3B16_DESC	Aumenta del 2% per punto la riduzione dell'Armatura ottenuta per Furia consumata e del 6% per punto la riduzione massima dell'Armatura.
SKILL_BRAWLER_WS3B17_DESC	Ottieni 1 Furia aggiuntiva per ogni nemico colpito da Polverizza Infuriante.
SKILL_BRAWLER_WS3B18_DESC	Se consumi almeno 6 Furia, applica 1 carica aggiuntiva di Sanguinamento per punto.
SKILL_BRAWLER_WS3B20_DESC	Aumenta del 2% per punto la riduzione dell'Armatura ottenuta per Furia consumata e del 6% per punto la riduzione massima dell'Armatura.
SKILL_BRAWLER_WS3B21_DESC	Ottieni 1 Furia aggiuntiva per ogni nemico colpito da Polverizza Infuriante.
SKILL_BRAWLER_WS3B22_DESC	Se consumi almeno 6 Furia, applica 1 carica aggiuntiva di Sanguinamento per punto.
SKILL_BRAWLER_WS3B7_DESC	Aumenta di 2 per punto la Furia massima che Polverizza può consumare.
SKILL_BRAWLER_WS3B7_NAME	Aumento capacità di Furia di Polverizza I
SKILL_BRAWLER_WS3B8_DESC	Aumenta dell'1% per punto il danno ottenuto per ogni Furia consumata da Polverizza.
SKILL_BRAWLER_WS3B8_NAME	Efficienza della Furia di Polverizza I
SKILL_BRAWLER_WS3B9_NAME	Riduzione costo di Polverizza I
SKILL_BRAWLER_WS3U1_DESC	Polverizza può essere lanciato su una posizione bersaglio, ma il suo tempo di recupero aumenta del 30%.
SKILL_BRAWLER_WS3U1_NAME	Polverizza proiettato
SKILL_BRAWLER_WS3U2_DESC	Polverizza infligge il 35% di danno in più ai nemici sotto il 40% di Salute, ma il 20% di danno in meno ai nemici sopra il 70% di Salute.
SKILL_BRAWLER_WS3U2_NAME	Polverizza esecutore
SKILL_BRAWLER_WS3U3_DESC	Il raggio di Polverizza aumenta del 15%.
SKILL_BRAWLER_WS3U3_NAME	Polverizza costante
SKILL_BRAWLER_WS3U4_DESC	Riduce drasticamente il tempo di lancio di Polverizza (0.2s), ma il suo danno è ridotto del 20%.
SKILL_BRAWLER_WS3U4_NAME	Polverizza remoto
SKILL_BRAWLER_WS3U5_DESC	Polverizza ora infligge Danno da taglio.
SKILL_BRAWLER_WS3U5_NAME	Polverizza tagliente
SKILL_BRAWLER_WS3U6_DESC	Polverizza consuma fino a 10 Furia per aumentare il suo danno del 5% per Furia consumata, fino al 50%, e ridurre l'Armatura dei nemici colpiti del 4% per Furia consumata per 6 secondi, fino al 40%.
SKILL_BRAWLER_WS3U7_DESC	Ottieni 2 Furia per ogni nemico colpito.
SKILL_BRAWLER_WS3U8_DESC	Polverizza non aumenta più il suo danno con la Furia consumata. Consuma invece fino a 10 Furia per applicare 1 carica di Sanguinamento ai nemici colpiti ogni 2 Furia consumate, fino a 5 cariche di Sanguinamento.
SKILL_BRAWLER_WS3U9_DESC	Polverizza non aumenta più il suo danno con la Furia consumata. Consuma invece il Sanguinamento sui nemici colpiti per infliggere il 5% di danno in più per carica di Sanguinamento consumata, fino al 50%.
SKILL_BRAWLER_WS3_DESC	Premi per lanciare. Evoca pugni schiaccianti che colpiscono il terreno attorno a te, infliggendo Danno contundente ai nemici vicini. Consuma fino a 10 Furia, aumentando il danno del 5% per Furia consumata.
SKILL_EARTHSHAKER_EBL1_NAME	Raffica di tempesta di brace
SKILL_EARTHSHAKER_EBR1_DESC	Aumenta il tuo Danno da fuoco del 9% <x1/> Aumenta il danno della tua Ustione del 60%
SKILL_EARTHSHAKER_EBR1_NAME	Cuore di fornace
SKILL_EARTHSHAKER_HWYNE_DESC	Aumenta di 2 il Sanguinamento massimo che puoi applicare. <x1/> Aumenta la tua Celerità magica di 4.
SKILL_EARTHSHAKER_HWYNE_NAME	Sangue di pietra abrasivo
SKILL_EARTHSHAKER_HWYNW_NAME	Falcata vincolata alla brina
SKILL_EARTHSHAKER_HWYSE_NAME	Cadenza magmatica
SKILL_EARTHSHAKER_HWYSW_DESC	Aumenta l'Accumulo di stordimento del 10% <x1/> Aumenta la tua Celerità magica di 4.
SKILL_EARTHSHAKER_HWYSW_NAME	Canto del tremore
SKILL_EARTHSHAKER_KEYSTONENE_DESC	Quando colpisci un nemico con il tuo terzo attacco, se il bersaglio è ustionato, scatena un'esplosione di Fuoco.
SKILL_EARTHSHAKER_KEYSTONENW_DESC	Tutte le fonti di danno infliggono il 5% di Danno da stordimento in più per carica di Gelo sul bersaglio, fino a 10.
SKILL_EARTHSHAKER_KEYSTONESE_DESC	Dopo aver consumato Furia, ottieni un'Aura di Fuoco per 5 secondi, che brucia i nemici e applica cariche di Ustione. La durata aumenta di 0.5 secondi per ogni Furia consumata.
SKILL_EARTHSHAKER_KEYSTONESW_DESC	Mentre sei in combattimento, ogni secondo un nemico assiderato vicino scelto a caso viene colpito da un tremore che infligge Danno contundente.
SKILL_EARTHSHAKER_NBL1_DESC	Aumenta l'Accumulo di stordimento del 12% <x1/> Aumenta il tuo Danno critico contro i nemici storditi del 25%
SKILL_EARTHSHAKER_NBL1_NAME	Slancio dello Scuotiterra
SKILL_EARTHSHAKER_NBR1_DESC	Aumenta il danno dei tuoi Attacchi del 12% <x1/> Aumenta la tua Probabilità di critico contro i nemici ustionati dell'8%
SKILL_EARTHSHAKER_NBR1_NAME	Colpi di brace cruenta
SKILL_EARTHSHAKER_SBL1_NAME	Schianto spaccagelo
SKILL_EARTHSHAKER_SBR1_DESC	Aumenta la durata della tua Furia di 1 secondo. <x1/> Aumenta la tua Probabilità di critico contro i nemici ustionati dell'8%
SKILL_EARTHSHAKER_SBR1_NAME	Frenesia del corno di brace
SKILL_EARTHSHAKER_WBL1_NAME	Pelle corazzata di gelo
SKILL_EARTHSHAKER_WBR1_DESC	Aumenta la durata del tuo Gelo di 1 secondo. <x1/> Aumenta la tua Probabilità di critico contro i nemici assiderati dell'8%
SKILL_EARTHSHAKER_WBR1_NAME	Precisione della presa di brina
SKILL_ECHOWEAVER_E16BR1_DESC	Aumenta la tua Penetrazione da fuoco di 2.
SKILL_ECHOWEAVER_E16BR2_DESC	Aumenta la tua Penetrazione da fuoco di 2.
SKILL_ECHOWEAVER_E16BR3_DESC	Aumenta la tua Penetrazione da fuoco di 2.
SKILL_ECHOWEAVER_E16BR4_DESC	Aumenta la tua Penetrazione da fuoco di 2.
SKILL_ECHOWEAVER_EBL1_DESC	Aumenta la tua Celerità magica di 6 <x1/> Aumenta tutto il Danno magico del 9%
SKILL_ECHOWEAVER_EBL1_NAME	Incantatore rapido
SKILL_ECHOWEAVER_EBR1_DESC	Aumenta il tuo Danno da fuoco del 9% <x1/> Aumenta la tua Penetrazione da fuoco di 5.
SKILL_ECHOWEAVER_EBR1_NAME	Tessitore di brace
SKILL_ECHOWEAVER_HWYNE_DESC	Aumenta il tuo danno contro i nemici sotto il 40% di Salute del 10%. <x1/> Aumenta la tua Celerità magica di 4.
SKILL_ECHOWEAVER_HWYNE_NAME	Filo calante
SKILL_ECHOWEAVER_HWYNW_NAME	Trama glaciale
SKILL_ECHOWEAVER_HWYSE1_DESC	Aumenta il tuo danno contro i nemici affetti da Eco temporale del 6%
SKILL_ECHOWEAVER_HWYSE_DESC	Aumenta il tuo danno contro i nemici affetti da Eco temporale del 12% <x1/> Aumenta di 2 l'Ustione massima che puoi applicare.
SKILL_ECHOWEAVER_HWYSE_NAME	Eco di brace
SKILL_ECHOWEAVER_HWYSW_NAME	Cantore della scia
SKILL_ECHOWEAVER_KEYSTONENE_DESC	Colpire un nemico con il tuo Attacco finale scatena una scarica di fuoco che infligge Danno da fuoco a tutti i nemici vicini. Il danno inflitto aumenta con il numero di cariche di Ondata temporale che possiedi, fino a 10.
SKILL_ECHOWEAVER_KEYSTONENW_DESC	Effetto: quando colpisci un nemico con il tuo Attacco finale, se il bersaglio ha almeno 5 cariche di Eco temporale, consuma tutta l'Eco temporale su quel nemico per scatenare una scarica di ghiaccio che applica a tutti i nemici vicini un numero di cariche di Gelo pari all'Eco temporale consumata.
SKILL_ECHOWEAVER_KEYSTONESE_DESC	Dopo aver usato un'abilità dell'Elfo, il tuo prossimo incantesimo di Fuoco consuma fino a 10 cariche di Ondata temporale per ridurre il proprio tempo di recupero del 4% per carica di Ondata temporale consumata. Questo effetto dura 5 secondi e ha un tempo di recupero di 10 secondi.
SKILL_ECHOWEAVER_KEYSTONESW_DESC	Ogni volta che viene consumato Gelo su un nemico, applica la stessa quantità di Eco temporale per la durata rimanente.
SKILL_ECHOWEAVER_NBL1_DESC	Aumenta il danno dei tuoi Attacchi del 10% <x1/> Aumenta la durata della tua Eco temporale di 2 secondi.
SKILL_ECHOWEAVER_NBL1_NAME	Lama persistente
SKILL_ECHOWEAVER_NBR1_DESC	Aumenta la tua Velocità d'attacco del 9% <x1/> Aumenta tutto il Danno fisico del 9%
SKILL_ECHOWEAVER_NBR1_NAME	Schermagliatore arcano
SKILL_ECHOWEAVER_SBL1_DESC	Aumenta il potere rallentante della tua Eco temporale del 50% <x1/> Aumenta la tua Probabilità di critico contro i nemici riecheggiati dell'8%
SKILL_ECHOWEAVER_SBL1_NAME	Cercatore di risonanza
SKILL_ECHOWEAVER_SBR1_DESC	Aumenta il tuo Danno da etere del 9% <x1/> Aumenta la durata della tua Ondata temporale di 1 secondo.
SKILL_ECHOWEAVER_SBR1_NAME	Falcata d'etere
SKILL_ECHOWEAVER_WBL1_NAME	Vincolagelo
SKILL_ECHOWEAVER_WBR1_DESC	Aumenta tutto il Danno magico del 9% <x1/> Aumenta la tua Probabilità di critico contro i nemici assiderati dell'8%
SKILL_ECHOWEAVER_WBR1_NAME	Danzatore della frantumazione
SKILL_ELEMENTALRANGER_EBL1_DESC	Aumenta il tuo Danno critico contro i nemici ustionati del 25% <x1/> Aumenta la tua Velocità d'attacco del 9%
SKILL_ELEMENTALRANGER_EBL1_NAME	Cacciatore dal sangue caldo
SKILL_ELEMENTALRANGER_EBR1_NAME	Mira termica
SKILL_ELEMENTALRANGER_HWYNE_DESC	Aumenta la tua Celerità magica di 8. <x1/> Aumenta di 4 la Concentrazione che ottieni al colpo.
SKILL_ELEMENTALRANGER_HWYNE_NAME	Slancio arcano
SKILL_ELEMENTALRANGER_HWYNW_NAME	Tiro gelido
SKILL_ELEMENTALRANGER_HWYSE_DESC	Aumenta di 2 il Veleno massimo che puoi applicare. <x1/> Aumenta di 2 l'Ustione massima che puoi applicare.
SKILL_ELEMENTALRANGER_HWYSE_NAME	Faretra del fuoco infetto
SKILL_ELEMENTALRANGER_HWYSW_DESC	Aumenta di 2 il Sanguinamento massimo che puoi applicare. <x1/> Aumenta la tua Celerità magica di 4.
SKILL_ELEMENTALRANGER_HWYSW_NAME	Concentrazione ravvivata dal sangue
SKILL_ELEMENTALRANGER_KEYSTONENE_DESC	Colpire un nemico con il tuo terzo attacco in mischia conferisce un bonus cumulabile del 5% al Danno da fuoco per carica di Ustione sul nemico, fino a 10 cariche. Il bonus viene consumato dal tuo prossimo incantesimo di Fuoco.
SKILL_ELEMENTALRANGER_KEYSTONENW_DESC	Lanciare un incantesimo di ghiaccio aumenta il tuo Danno fisico del 25% per 5 secondi.
SKILL_ELEMENTALRANGER_KEYSTONENW_NAME	Possanza Forgiata dal Gelo
SKILL_ELEMENTALRANGER_KEYSTONESE_DESC	Colpire un nemico ustionato con un attacco a distanza lancia una piccola palla di fuoco contro il bersaglio. Il numero di palle di fuoco aumenta con il numero di cariche di Ustione, fino a 10.
SKILL_ELEMENTALRANGER_KEYSTONESW_DESC	Quando colpisci un nemico con il tuo terzo attacco a distanza, se il bersaglio è assiderato, scocca da dietro di lui una freccia di ghiaccio gigante che trafigge tutti i nemici colpiti, infliggendo Danno da ghiaccio.
SKILL_ELEMENTALRANGER_NBL1_DESC	Aumenta tutto il Danno fisico del 9% <x1/> Aumenta il tuo Danno critico contro i nemici assiderati del 25%
SKILL_ELEMENTALRANGER_NBL1_NAME	Precisione focalizzata sul gelo
SKILL_ELEMENTALRANGER_NBR1_DESC	Aumenta il danno della tua Ustione del 60% <x1/> Aumenta il tuo Danno da fuoco del 9%
SKILL_ELEMENTALRANGER_NBR1_NAME	Cacciatore della terra bruciata
SKILL_ELEMENTALRANGER_SBL1_DESC	Aumenta la tua Probabilità di critico contro i nemici assiderati dell'8% <x1/> Aumenta il tuo Danno perforante del 9%
SKILL_ELEMENTALRANGER_SBL1_NAME	Mira focalizzata sul tempo
SKILL_ELEMENTALRANGER_SBR1_NAME	Ranger dell'Incendio Selvaggio
SKILL_ELEMENTALRANGER_WBL1_DESC	Aumenta la durata del tuo Gelo di 2 secondi. <x1/> Aumenta la tua Velocità d'attacco del 9%
SKILL_ELEMENTALRANGER_WBL1_NAME	Inseguitore focalizzato sul gelo
SKILL_ELEMENTALRANGER_WBR1_DESC	Aumenta il tuo Danno da ghiaccio del 9% <x1/> Aumenta la tua Celerità magica di 5
SKILL_ELEMENTALRANGER_WBR1_NAME	Determinazione del ranger del gelo
SKILL_ELF_N10_DESC	Aumenta la tua Velocità d'attacco del 6% <x1/> Aumenta il tuo danno contro i nemici sotto il 40% di Salute del 10%.
SKILL_ELF_N10_NAME	Finezza dei favoriti
SKILL_ELF_N16_NAME	Capacità senza tempo
SKILL_ELF_N4_DESC	Aumenta il tuo Vigore massimo di 6. <x1/> Aumenta il tuo Danno perforante del 6%
SKILL_ELF_N4_NAME	Forma elfica
SKILL_ELF_NBL2R4_DESC	Dissolvenza perfetta conferisce 5 cariche di Ondata temporale.
SKILL_ELF_NBL5R7_DESC	Dopo aver usato un'abilità dell'Elfo, ottieni +15% Movimento per 2 secondi.
SKILL_ELF_NBR2R4_DESC	Dopo aver usato un'abilità dell'Elfo, ottieni +15% Danno d'attacco per 3 secondi.
SKILL_ELF_NBR5R1_NAME	Danno % contro bersagli sotto il 40% di Salute
SKILL_ELF_NBR5R2_NAME	Danno % contro bersagli sotto il 40% di Salute
SKILL_ELF_NBR5R3_NAME	Probabilità di critico contro bersagli sotto il 40% di Salute
SKILL_ELF_NBR5R4_NAME	Probabilità di critico contro bersagli sotto il 40% di Salute
SKILL_ELF_NBR5R5_NAME	Probabilità di critico contro bersagli sotto il 40% di Salute
SKILL_ELF_NBR5R6_NAME	Probabilità di critico contro bersagli sotto il 40% di Salute
SKILL_ELF_NBR5R7_DESC	Quando infliggi un colpo critico a un nemico sotto il 40% di Salute, ottieni il 20% di Danno critico in più per 3 secondi.
SKILL_ELF_NS1B1_DESC	Aumenta di 1 per punto l'Ondata temporale ottenuta con Colpo in arretramento. (non esclude gli altri modificatori della soglia effetto)
SKILL_ELF_NS1B2_DESC	Aumenta di 1 per punto l'Ondata temporale ottenuta con Colpo in arretramento. (non esclude gli altri modificatori della soglia effetto)
SKILL_ELF_NS1B3_DESC	Aumenta di 1 per punto l'Ondata temporale ottenuta con Colpo in arretramento. (non esclude gli altri modificatori della soglia effetto)
SKILL_ELF_NS1B4_DESC	Riduce il costo in Vigore del 10% per punto.
SKILL_ELF_NS1B5_DESC	Riduce il tempo di recupero del 10% per punto.
SKILL_ELF_NS1B6_DESC	Riduce il costo in Vigore del 10% per punto.
SKILL_ELF_NS1B7_DESC	Riduce il tempo di recupero del 10% per punto.
SKILL_ELF_NS1B8_DESC	Riduce il costo in Vigore del 10% per punto.
SKILL_ELF_NS1B9_DESC	Riduce il tempo di recupero del 10% per punto.
SKILL_ELF_NS1U1_DESC	Infliggi il 30% di danno extra ai nemici sotto il 40% di HP, ma il 50% di danno in meno sopra tale soglia.
SKILL_ELF_NS1U1_NAME	Passo indietro esecutore
SKILL_ELF_NS1U2_DESC	Al termine dello scatto, colpisci di nuovo in un'area più ampia. Se entrambi gli attacchi vanno a segno, riduci il tempo di recupero di Colpo in arretramento del 50%.
SKILL_ELF_NS1U3_DESC	Se Colpo in arretramento colpisce almeno 1 nemico, puoi rilanciarlo entro 2 secondi per scattare in avanti e colpire di nuovo con il 50% del danno. Il secondo colpo non può conferire Ondata temporale.
SKILL_ELF_NS1U3_NAME	Passo indietro inseguitore
SKILL_ELF_NS1U4_DESC	Consuma fino a 5 cariche di Eco temporale sui nemici colpiti per infliggere il 5% di Danno da stordimento extra per Eco consumata, ma Colpo in arretramento non conferisce più Ondata temporale.
SKILL_ELF_NS1U5_DESC	Applica 3 cariche di Eco temporale a tutti i nemici colpiti.
SKILL_ELF_NS1U6_DESC	Applica 3 cariche di Sanguinamento a tutti i nemici colpiti.
SKILL_ELF_NS1U7_DESC	Non ottieni più Ondata temporale quando colpisci un nemico. Invece, se hai Ondata temporale, consumala per infliggere istanze aggiuntive di danno. Ottieni 1 istanza extra per carica di Ondata temporale consumata, fino a 5.
SKILL_ELF_NS1_DESC	I nemici colpiti vengono rallentati del 15% per 2 secondi, ma Colpo in arretramento infligge il 20% di danno in meno.
SKILL_ELF_NS1_NAME	Passo indietro storpiante
SKILL_ELF_NS2B10_DESC	Aumenta di 1 per punto il limite di Colpo doppio ottenuto con Mutilazione Mietente.
SKILL_ELF_NS2B11_DESC	Il colpo finale applica 1 carica aggiuntiva di Sanguinamento per punto.
SKILL_ELF_NS2B12_DESC	Aumenta il Danno da stordimento extra del 5% per punto.
SKILL_ELF_NS2B13_DESC	Aumenta di 1 l'Eco temporale applicata da ogni colpo di Mutilazione Echeggiante.
SKILL_ELF_NS2B14_DESC	Aumenta di 1 per punto il limite di Colpo doppio ottenuto con Mutilazione Mietente.
SKILL_ELF_NS2B15_DESC	Il colpo finale applica 1 carica aggiuntiva di Sanguinamento per punto.
SKILL_ELF_NS2B16_DESC	Aumenta il Danno da stordimento extra del 5% per punto.
SKILL_ELF_NS2B17_DESC	Aumenta di 1 l'Eco temporale applicata da ogni colpo di Mutilazione Echeggiante.
SKILL_ELF_NS2B18_DESC	Aumenta di 1 per punto il limite di Colpo doppio ottenuto con Mutilazione Mietente.
SKILL_ELF_NS2B19_DESC	Il colpo finale applica 1 carica aggiuntiva di Sanguinamento per punto.
SKILL_ELF_NS2B1_DESC	Aumenta di 1 il numero massimo di cariche temporali convertite.
SKILL_ELF_NS2B1_NAME	Aumento cariche massime convertite di Echi di mutilazione I
SKILL_ELF_NS2B20_DESC	Aumenta il Danno da stordimento extra del 5% per punto.
SKILL_ELF_NS2B21_DESC	Aumenta di 1 l'Eco temporale applicata da ogni colpo di Mutilazione Echeggiante.
SKILL_ELF_NS2B2_DESC	Aumenta di 1 il numero massimo di cariche temporali convertite.
SKILL_ELF_NS2B2_NAME	Aumento cariche massime convertite di Echi di mutilazione III
SKILL_ELF_NS2B3_DESC	Aumenta di 1 il numero massimo di cariche temporali convertite.
SKILL_ELF_NS2B3_NAME	Aumento cariche massime convertite di Echi di mutilazione II
SKILL_ELF_NS2B4_DESC	Aumenta di 1 i colpi iniziali di Echi di mutilazione.
SKILL_ELF_NS2B4_NAME	Aumento colpi di Echi di mutilazione I
SKILL_ELF_NS2B6_DESC	Aumenta di 1 i colpi iniziali di Echi di mutilazione.
SKILL_ELF_NS2B6_NAME	Aumento colpi di Echi di mutilazione II
SKILL_ELF_NS2B8_DESC	Aumenta di 1 i colpi iniziali di Echi di mutilazione.
SKILL_ELF_NS2B8_NAME	Aumento colpi di Echi di mutilazione III
SKILL_ELF_NS2U1_DESC	Aumenta il raggio dei colpi del 50%, ma ogni colpo infligge il 20% di danno in meno.
SKILL_ELF_NS2U1_NAME	Mutilazione espansiva
SKILL_ELF_NS2U2_DESC	Al termine dello scatto, un'immagine residua ripete i colpi con il 40% del danno. Echi di mutilazione conferisce il 50% di cariche di Colpo doppio in meno.
SKILL_ELF_NS2U3_DESC	Se almeno un nemico viene colpito da tutti i colpi, puoi rilanciare entro 2 secondi per scattare verso un bersaglio vicino e ripetere il colpo finale con il 50% del danno. Il rilancio non può conferire Colpo doppio.
SKILL_ELF_NS2U3_NAME	Mutilazione inseguitrice
SKILL_ELF_NS2U4_DESC	Dopo il colpo finale, scatta indietro per una breve distanza.
SKILL_ELF_NS2U4_NAME	Mutilazione in ritirata
SKILL_ELF_NS2U5_DESC	Consuma tutto il Sanguinamento sui nemici colpiti dal colpo finale. Per ogni carica di Sanguinamento consumata, ottieni 1 carica di Colpo doppio, fino a un limite di 10. Echi di mutilazione non ottiene più Colpo doppio da Ondata temporale.
SKILL_ELF_NS2U6_DESC	I colpi iniziali applicano Sanguinamento.
SKILL_ELF_NS2U7_DESC	Consuma tutta l'Eco temporale sui nemici colpiti dal colpo finale per infliggere il 15% di Danno da stordimento extra e rallentarli del 30% per 2 secondi, ma Echi di mutilazione non conferisce più Colpo doppio.
SKILL_ELF_NS2U8_DESC	Applica 1 carica di Eco temporale con ogni colpo, ma Echi di mutilazione conferisce il 50% di cariche di Colpo doppio in meno.
SKILL_ELF_NS2_DESC	Premi per lanciare. Scatta in avanti e colpisci 3 volte, infliggendo Danno perforante a tutti i nemici a portata e convertendo fino a 10 cariche di Ondata temporale in cariche di Colpo doppio. Colpo doppio fa sì che ogni istanza di danno dei tuoi attacchi colpisca due volte.
SKILL_ELF_NS3B11_DESC	Aumenta di 1 per punto il Colpo doppio massimo ottenibile.
SKILL_ELF_NS3B13_DESC	Aumenta dello 0.5% per punto la riduzione del tempo di recupero ottenuta per carica di Sanguinamento consumata da Assalto Mietente
SKILL_ELF_NS3B14_DESC	Aumenta dell'1% per punto il danno ottenuto per carica di Eco temporale consumata da Assalto Riecheggiato.
SKILL_ELF_NS3B17_DESC	Aumenta di 1 per punto il Colpo doppio massimo ottenibile.
SKILL_ELF_NS3B19_DESC	Aumenta dello 0.5% per punto la riduzione del tempo di recupero ottenuta per carica di Sanguinamento consumata da Assalto Mietente
SKILL_ELF_NS3B20_DESC	Aumenta dell'1% per punto il danno ottenuto per carica di Eco temporale consumata da Assalto Riecheggiato.
SKILL_ELF_NS3B23_DESC	Aumenta di 1 per punto il Colpo doppio massimo ottenibile.
SKILL_ELF_NS3B25_DESC	Aumenta dello 0.5% per punto la riduzione del tempo di recupero ottenuta per carica di Sanguinamento consumata da Assalto Mietente
SKILL_ELF_NS3B5_DESC	Riduce il costo in Vigore e Concentrazione di Assalto illimitato del 12% per punto.
SKILL_ELF_NS3B5_NAME	Riduzione costo di Assalto illimitato I
SKILL_ELF_NS3B7_DESC	Riduce il costo in Vigore e Concentrazione di Assalto illimitato del 12% per punto.
SKILL_ELF_NS3B7_NAME	Riduzione costo di Assalto illimitato II
SKILL_ELF_NS3B8_DESC	Aumenta dell'1% per punto il danno ottenuto per carica di Eco temporale consumata da Assalto Riecheggiato.
SKILL_ELF_NS3U1_DESC	Aumenta la portata del 40%, ma riduce di 5 i colpi massimi per nemico.
SKILL_ELF_NS3U1_NAME	Assalto dispersivo
SKILL_ELF_NS3U2_DESC	Riduce la portata del 40%, ma aumenta di 5 i colpi massimi per nemico.
SKILL_ELF_NS3U3_DESC	Per ogni carica di Eco temporale consumata, il danno dei colpi successivi nella sequenza aumenta dell'8%, ma il numero massimo di colpi per nemico si riduce di 5.
SKILL_ELF_NS3U4_DESC	Assalto illimitato non consuma più Eco temporale. Invece, colpisci una volta ogni nemico a portata e applica 4 cariche di Eco temporale a ogni nemico colpito.
SKILL_ELF_NS3U5_DESC	Ottieni 1 carica di Ondata temporale per ogni nemico distinto colpito, fino a 5, ma i colpi infliggono il 30% di danno in meno.
SKILL_ELF_NS3U6_DESC	Consuma Ondata temporale al lancio. Per ogni carica di Ondata consumata, ottieni 1 carica di Colpo doppio per ogni nemico distinto colpito, fino a un limite di 5. Assalto illimitato può consumare un massimo di 5 cariche di Ondata temporale.
SKILL_ELF_NS3U7_DESC	Ogni colpo applica 1 carica di Sanguinamento, ma il Danno da taglio è ridotto del 30%.
SKILL_ELF_NS3U8_DESC	L'ultimo colpo su ogni nemico consuma tutto il Sanguinamento su quel bersaglio per ripristinare Vigore e Concentrazione e ridurre il tempo di recupero di questo incantesimo del 2% per carica di Sanguinamento consumata.
SKILL_ELF_NS3_DESC	Premi per lanciare. Sospendi il tempo, sfrecciando tra i nemici e colpendo una volta per carica di Eco temporale consumata, infliggendo Danno perforante con ogni colpo, fino a 10 colpi per nemico. L'assalto continua finché tutta l'Eco temporale non viene consumata.
SKILL_ELF_S10_DESC	Aumenta la tua Velocità di movimento del 4% <x1/> Aumenta il tuo danno contro i nemici affetti da Eco temporale del 12%
SKILL_ELF_S10_NAME	Adepto del tempo
SKILL_ELF_S16_DESC	Aumenta la tua Penetrazione magica di 4. <x1/> Aumenta di 2 l'Eco temporale massima che puoi applicare.
SKILL_ELF_S16_NAME	Maestro del dominio temporale
SKILL_ELF_S4_DESC	Aumenta la tua Concentrazione massima di 6. <x1/> Aumenta il tuo Danno da etere del 6%
SKILL_ELF_S4_NAME	Novizio temporale
SKILL_ELF_SBL11_DESC	Aumenta la tua Penetrazione magica di 2.
SKILL_ELF_SBL12_DESC	Aumenta la tua Penetrazione magica di 2.
SKILL_ELF_SBL14_DESC	Aumenta la tua Penetrazione magica di 2.
SKILL_ELF_SBL15_DESC	Aumenta la tua Penetrazione magica di 2.
SKILL_ELF_SBL2R4_DESC	Quando un nemico vicino ha più di 5 cariche di Eco, ottieni il 15% di rigenerazione della concentrazione.
SKILL_ELF_SBL5R7_DESC	Dopo aver usato un'abilità dell'Elfo, ottieni +15% Velocità di movimento per 3 secondi e +15% Velocità d'attacco per 3 secondi
SKILL_ELF_SBR2R4_DESC	Quando ottieni Ondata temporale, il tuo prossimo incantesimo ha +15% Danno magico; l'effetto dura 5 secondi.
SKILL_ELF_SBR5R3_NAME	Potenza dell'Eco temporale
SKILL_ELF_SBR5R4_NAME	Potenza dell'Eco temporale
SKILL_ELF_SBR5R5_NAME	Potenza dell'Eco temporale
SKILL_ELF_SBR5R6_NAME	Potenza dell'Eco temporale
SKILL_ELF_SBR5R7_DESC	Dissolvenza perfetta applica 5 cariche di Eco temporale.
SKILL_ELF_SBR5_DESC	Aumenta il tuo danno contro i nemici affetti da Eco temporale del 6%
SKILL_ELF_SBR7_DESC	Aumenta il tuo danno contro i nemici affetti da Eco temporale del 6%
SKILL_ELF_SBR9_DESC	Aumenta il tuo danno contro i nemici affetti da Eco temporale del 6%
SKILL_ELF_SS1B10_DESC	Aumenta di 1 per punto il numero massimo di effetti ad accumulo aggiunti.
SKILL_ELF_SS1B10_NAME	Aumento Spina invertente II
SKILL_ELF_SS1B11_DESC	Aumenta del 10% per punto il rallentamento di Spina storpiante.
SKILL_ELF_SS1B11_NAME	Aumento Spina storpiante III
SKILL_ELF_SS1B14_DESC	Aumenta di 1 per punto il numero massimo di effetti ad accumulo aggiunti.
SKILL_ELF_SS1B14_NAME	Aumento Spina invertente III
SKILL_ELF_SS1B18_DESC	Aumenta di 1 per punto l'Ondata temporale conferita da Spina Montante.
SKILL_ELF_SS1B1_DESC	Aumenta di 2 per punto il numero di cariche che possono essere consumate.
SKILL_ELF_SS1B1_NAME	Aumento consumo cariche di Spina cronale I
SKILL_ELF_SS1B21_DESC	Aumenta di 1 per punto l'Ondata temporale conferita da Spina Montante.
SKILL_ELF_SS1B24_DESC	Aumenta di 1 per punto l'Ondata temporale conferita da Spina Montante.
SKILL_ELF_SS1B2_DESC	Aumenta di 2 per punto il numero di cariche che possono essere consumate.
SKILL_ELF_SS1B2_NAME	Aumento consumo cariche di Spina cronale II
SKILL_ELF_SS1B3_DESC	Aumenta di 2 per punto il numero di cariche che possono essere consumate.
SKILL_ELF_SS1B3_NAME	Aumento consumo cariche di Spina cronale III
SKILL_ELF_SS1B4_DESC	Aumenta del 10% per punto il rallentamento di Spina storpiante.
SKILL_ELF_SS1B4_NAME	Aumento Spina storpiante I
SKILL_ELF_SS1B6_DESC	Aumenta di 1 per punto il numero massimo di effetti ad accumulo aggiunti.
SKILL_ELF_SS1B6_NAME	Aumento Spina invertente I
SKILL_ELF_SS1B7_DESC	Aumenta del 10% per punto il rallentamento di Spina storpiante.
SKILL_ELF_SS1B7_NAME	Aumento Spina storpiante II
SKILL_ELF_SS1U1_DESC	I nemici colpiti da Spina cronale vengono rallentati del 20% per 2 secondi, ma Spina cronale non dà più priorità ai nemici affetti da danno nel tempo.
SKILL_ELF_SS1U1_NAME	Spina storpiante
SKILL_ELF_SS1U2_DESC	Genera 3 proiettili anziché 1, ciascuno diretto verso un bersaglio diverso e con il 33% del danno iniziale. Il danno bonus resta invariato. I nemici colpiti da più proiettili subiscono molto meno danno dai colpi consecutivi.
SKILL_ELF_SS1U2_NAME	Spina Scindente
SKILL_ELF_SS1U3_DESC	Non anticipa più le cariche di danno nel tempo. Invece le raddoppia, aggiungendone fino a un massimo di 5 per tipo di effetto ad accumulo.
SKILL_ELF_SS1U3_NAME	Spina invertente
SKILL_ELF_SS1U4_DESC	Le cariche anticipate vengono convertite in Eco temporale anziché infliggere Danno da etere bonus. Il loro danno rimanente viene comunque inflitto tutto insieme.
SKILL_ELF_SS1U5_DESC	Le cariche anticipate vengono convertite in Sanguinamento anziché infliggere Danno da etere bonus. Il loro danno rimanente viene comunque inflitto tutto insieme.
SKILL_ELF_SS1U6_DESC	Usare Spina cronale conferisce 3 cariche di Ondata temporale.
SKILL_ELF_SS1_DESC	Premi per lanciare. Compi un breve passo nella direzione scelta, poi lancia una spina temporale che cerca il nemico con più cariche di danno nel tempo. La spina infligge Danno da etere e anticipa Ustione, Veleno e Sanguinamento del bersaglio: il danno rimanente viene inflitto tutto insieme e ogni carica anticipata aggiunge Danno da etere bonus.
SKILL_ELF_SS2B10_DESC	Aumenta del 10% per punto il danno del secondo o terzo impulso della Fenditura.
SKILL_ELF_SS2B11_DESC	Aumenta del 3% per punto il rallentamento di Fenditura d'eco.
SKILL_ELF_SS2B12_DESC	Aumenta del 10% per punto il danno del secondo o terzo impulso della Fenditura.
SKILL_ELF_SS2B13_DESC	Aumenta del 3% per punto il rallentamento di Fenditura d'eco.
SKILL_ELF_SS2B14_DESC	Aumenta di 1 per punto l'Ondata temporale ottenuta da ogni nemico colpito da Fenditura Montante.
SKILL_ELF_SS2B18_DESC	Aumenta di 1 per punto l'Ondata temporale ottenuta da ogni nemico colpito da Fenditura Montante.
SKILL_ELF_SS2B1_DESC	Aumenta del 2% per punto il tempo di recupero rimborsato da Fenditura d'eco.
SKILL_ELF_SS2B1_NAME	Aumento rimborso recupero di Fenditura d'eco I
SKILL_ELF_SS2B22_DESC	Aumenta di 1 per punto l'Ondata temporale ottenuta da ogni nemico colpito da Fenditura Montante.
SKILL_ELF_SS2B26_DESC	Aumenta del 10% per punto il danno del secondo o terzo impulso della Fenditura.
SKILL_ELF_SS2B27_DESC	Aumenta del 3% per punto il rallentamento di Fenditura d'eco.
SKILL_ELF_SS2B3_DESC	Aumenta del 2% per punto il tempo di recupero rimborsato da Fenditura d'eco.
SKILL_ELF_SS2B3_NAME	Aumento rimborso recupero di Fenditura d'eco II
SKILL_ELF_SS2B5_DESC	Aumenta del 2% per punto il tempo di recupero rimborsato da Fenditura d'eco.
SKILL_ELF_SS2B5_NAME	Aumento rimborso recupero di Fenditura d'eco III
SKILL_ELF_SS2U1_DESC	Dopo il secondo impulso, crea un terzo impulso ritardato con il 33% del danno. Fenditura d'eco non rimborsa più il tempo di recupero.
SKILL_ELF_SS2U1_NAME	Fenditura fratturata
SKILL_ELF_SS2U2_DESC	Riduce il raggio della Fenditura del 35%, ma conferisce un ulteriore rimborso del 10% del tempo di recupero quando entrambi gli impulsi colpiscono.
SKILL_ELF_SS2U3_DESC	Il secondo impulso si verifica nella tua posizione attuale anziché nel punto di lancio originale, ma infligge solo il 60% del danno.
SKILL_ELF_SS2U3_NAME	Fenditura recedente
SKILL_ELF_SS2U4_DESC	Dopo il secondo impulso, ottieni 2 cariche di Ondata temporale per ogni nemico colpito due volte.
SKILL_ELF_SS2U5_DESC	Al lancio, consuma fino a 5 cariche di Ondata temporale. Per ogni carica di Ondata consumata, aumenta del 4% il rimborso del tempo di recupero di Fenditura d'eco.
SKILL_ELF_SS2U6_DESC	Il secondo impulso applica 3 cariche di Eco temporale a ogni nemico colpito, ma non infligge più danno.
SKILL_ELF_SS2U7_DESC	Il primo impulso consuma fino a 10 cariche di Eco temporale sui nemici colpiti. Per ogni carica di Eco temporale consumata, aumenta il raggio del secondo impulso del 4% e il suo Rallentamento del 5%
SKILL_ELF_SS2_DESC	Premi per lanciare. Scatta verso una posizione bersaglio e scatena una scarica di energia temporale, infliggendo Danno da etere e rallentando i nemici colpiti del 15% per 2 secondi. Dopo un breve ritardo, la scarica riecheggia nella stessa posizione con danno ridotto. Se entrambe le scariche colpiscono, rimborsa il 35% del tuo tempo di recupero più breve.
SKILL_ELF_SS3B10_DESC	Aumenta la durata di Vuoto eterno di 0.5 secondi per punto.
SKILL_ELF_SS3B12_DESC	Aumenta la durata di Vuoto eterno di 0.5 secondi per punto.
SKILL_ELF_SS3B14_DESC	Aumenta del 5% per punto la percentuale di danno applicata come Danno da stordimento da Vuoto Riecheggiato.
SKILL_ELF_SS3B15_DESC	Aumenta di 1 per punto le cariche di Sanguinamento applicate da Vuoto Lacerante.
SKILL_ELF_SS3B16_DESC	Aumenta di 1 per punto l'Ondata temporale massima consumabile.
SKILL_ELF_SS3B19_DESC	Aumenta del 5% per punto la percentuale di danno applicata come Danno da stordimento da Vuoto Riecheggiato.
SKILL_ELF_SS3B1_DESC	Aumenta del 12% per punto il danno massimo immagazzinato per nemico da Vuoto eterno.
SKILL_ELF_SS3B1_NAME	Aumento capacità di Vuoto eterno I
SKILL_ELF_SS3B20_DESC	Aumenta di 1 per punto le cariche di Sanguinamento applicate da Vuoto Lacerante.
SKILL_ELF_SS3B21_DESC	Aumenta di 1 per punto l'Ondata temporale massima consumabile.
SKILL_ELF_SS3B24_DESC	Aumenta del 5% per punto la percentuale di danno applicata come Danno da stordimento da Vuoto Riecheggiato.
SKILL_ELF_SS3B25_DESC	Aumenta di 1 per punto le cariche di Sanguinamento applicate da Vuoto Lacerante.
SKILL_ELF_SS3B26_DESC	Aumenta di 1 per punto l'Ondata temporale massima consumabile.
SKILL_ELF_SS3B2_DESC	Aumenta del 12% per punto il danno massimo immagazzinato per nemico da Vuoto eterno.
SKILL_ELF_SS3B2_NAME	Aumento capacità di Vuoto eterno II
SKILL_ELF_SS3B3_DESC	Aumenta del 4% per punto la percentuale di danno immagazzinata per colpo da Vuoto eterno.
SKILL_ELF_SS3B3_NAME	Aumento ritenzione di Vuoto eterno I
SKILL_ELF_SS3B4_DESC	Aumenta del 12% per punto il danno massimo immagazzinato per nemico da Vuoto eterno.
SKILL_ELF_SS3B4_NAME	Aumento capacità di Vuoto eterno III
SKILL_ELF_SS3B5_DESC	Aumenta del 4% per punto la percentuale di danno immagazzinata per colpo da Vuoto eterno.
SKILL_ELF_SS3B5_NAME	Aumento ritenzione di Vuoto eterno II
SKILL_ELF_SS3B6_DESC	Aumenta del 4% per punto la percentuale di danno immagazzinata per colpo da Vuoto eterno.
SKILL_ELF_SS3B6_NAME	Aumento ritenzione di Vuoto eterno III
SKILL_ELF_SS3B8_DESC	Aumenta la durata di Vuoto eterno di 0.5 secondi per punto.
SKILL_ELF_SS3U1_DESC	Riduce il raggio di Vuoto eterno del 40%. I nemici al suo interno possono immagazzinare il 30% di Pressione temporale in più e il danno loro inflitto immagazzina il 15% di Pressione in più.
SKILL_ELF_SS3U2_DESC	Quando Vuoto eterno collassa, gli alleati al suo interno ottengono uno scudo protettivo. La raccolta di Pressione temporale è ridotta del 20%.
SKILL_ELF_SS3U2_NAME	Vuoto protettivo
SKILL_ELF_SS3U3_DESC	I nemici all'interno di Vuoto eterno vengono rallentati del 30% e quelli sopravvissuti vengono nuovamente rallentati quando il dominio collassa. Vuoto eterno infligge il 25% di Danno da etere nel tempo in meno.
SKILL_ELF_SS3U3_NAME	Vuoto sigillato
SKILL_ELF_SS3U4_DESC	Applica 5 cariche di Eco temporale a tutti i nemici nel dominio, ma non infligge più danno.
SKILL_ELF_SS3U5_DESC	Quando Vuoto eterno collassa, consuma tutta l'Eco temporale per infliggere il 10% del danno del collasso temporale per Eco consumata come Danno da stordimento extra.
SKILL_ELF_SS3U6_DESC	Il danno nel tempo inflitto da Vuoto eterno applica 1 carica di Sanguinamento.
SKILL_ELF_SS3U7_DESC	Consuma Ondata temporale quando lanci Vuoto eterno, fino a 7 cariche. Per ogni carica di Ondata consumata, aumenta il raggio del dominio dell'8%.
SKILL_ELF_SS3U8_DESC	Al lancio di Vuoto eterno e al suo collasso, gli alleati al suo interno ottengono 2 cariche di Ondata temporale. La raccolta di Pressione temporale è ridotta del 20%.
SKILL_ELF_SS3_DESC	Premi per lanciare. Crea un ampio dominio temporale. I nemici al suo interno subiscono Danno da etere nel tempo; il danno che infliggi loro, escluso quello degli effetti di stato, accumula Pressione temporale. Alla scadenza il dominio collassa, infliggendo a tutti i nemici al suo interno Danno da etere aumentato dalla Pressione accumulata.
SKILL_ELF_START1_DESC	Premi per lanciare. Colpisci i nemici davanti a te, infliggendo Danno perforante, poi scatta indietro. Colpire un nemico conferisce Ondata temporale.
SKILL_GLOOMSTALKER_E16BR1_DESC	Aumenta la tua Probabilità di critico contro i nemici sotto il 40% di Salute del 4%
SKILL_GLOOMSTALKER_E16BR1_NAME	Probabilità di critico vs. salute bassa
SKILL_GLOOMSTALKER_E16BR2_DESC	Aumenta la tua Probabilità di critico contro i nemici sotto il 40% di Salute del 4%
SKILL_GLOOMSTALKER_E16BR2_NAME	Probabilità di critico vs. salute bassa
SKILL_GLOOMSTALKER_E16BR3_DESC	Aumenta la tua Probabilità di critico contro i nemici sotto il 40% di Salute del 4%
SKILL_GLOOMSTALKER_E16BR3_NAME	Probabilità di critico vs. salute bassa
SKILL_GLOOMSTALKER_E16BR4_DESC	Aumenta la tua Probabilità di critico contro i nemici sotto il 40% di Salute del 4%
SKILL_GLOOMSTALKER_E16BR4_NAME	Probabilità di critico vs. salute bassa
SKILL_GLOOMSTALKER_EBL1_NAME	Cacciatore dalla lama rapida
SKILL_GLOOMSTALKER_EBR1_DESC	Aumenta il tuo Danno perforante del 9% <x1/> Aumenta la tua Probabilità di critico contro i nemici sotto il 40% di Salute dell'8%
SKILL_GLOOMSTALKER_EBR1_NAME	Tiratore scelto fantasma
SKILL_GLOOMSTALKER_HWYNE_DESC	Aumenta la tua Celerità magica di 4. <x1/> Aumenta la tua Velocità d'attacco del 6%
SKILL_GLOOMSTALKER_HWYNE_NAME	Estrazione rapida d'ombra
SKILL_GLOOMSTALKER_HWYNW_NAME	Alacrità silenziosa
SKILL_GLOOMSTALKER_HWYSE_NAME	Occhio del cercatore di marciume
SKILL_GLOOMSTALKER_HWYSW_NAME	Vena aperta
SKILL_GLOOMSTALKER_KEYSTONENE_DESC	Usare Cambio arma per passare alla spada conferisce Furtività per 3 secondi. Il tuo prossimo attacco in mischia dalla Furtività conta come Attacco finale. Colpire un nemico con questo Attacco finale crea un Clone d'ombra sul bersaglio per 8 secondi, poi fa scattare i Cloni d'ombra vicini, incluso quello creato, verso quel nemico per colpirlo, infliggendo Danno da taglio. Questo effetto ha un tempo di recupero di 6 secondi.
SKILL_GLOOMSTALKER_KEYSTONENW_DESC	Colpire un nemico con un Attacco finale consuma fino a 10 cariche di Veleno dal bersaglio per applicare Sanguinamento pari al Veleno consumato. Se vengono consumate almeno 5 cariche di Veleno, ottieni 5 cariche di Inoculazione. Questo effetto ha un tempo di recupero di 6 secondi.
SKILL_GLOOMSTALKER_KEYSTONESE_DESC	Dopo aver usato Cambio arma per passare alla balestra, il tuo prossimo Attacco finale a distanza che colpisce un nemico crea un Clone d'ombra vicino al bersaglio per 8 secondi, poi fa lanciare ai Cloni d'ombra vicini, incluso quello creato, un Pugnale d'ombra verso quel nemico. Questo effetto ha un tempo di recupero di 8 secondi.
SKILL_GLOOMSTALKER_KEYSTONESW_DESC	Colpire un nemico con un Attacco finale a distanza, Tiro mirato o un dardo di balestra di Cambio arma consuma 5 cariche di Veleno dal bersaglio per creare una scarica tossica, infliggendo Danno da decadimento ai nemici vicini. Può verificarsi solo se il bersaglio ha almeno 5 cariche di Veleno. Questo effetto ha un tempo di recupero di 2 secondi.
SKILL_GLOOMSTALKER_N16BR1_NAME	Danno vs. salute bassa
SKILL_GLOOMSTALKER_N16BR2_NAME	Danno vs. salute bassa
SKILL_GLOOMSTALKER_N16BR3_NAME	Danno vs. salute bassa
SKILL_GLOOMSTALKER_N16BR4_NAME	Danno vs. salute bassa
SKILL_GLOOMSTALKER_NBL1_DESC	Aumenta la durata del tuo Sanguinamento di 2 secondi. <x1/> Aumenta la tua Probabilità di critico contro i nemici sanguinanti dell'8%
SKILL_GLOOMSTALKER_NBL1_NAME	Adepto del sangue nero
SKILL_GLOOMSTALKER_NBR1_DESC	Aumenta il tuo Danno da taglio del 9% <x1/> Aumenta il tuo danno contro i nemici sotto il 40% di Salute del 12%.
SKILL_GLOOMSTALKER_NBR1_NAME	Duellante del crepuscolo
SKILL_GLOOMSTALKER_SBL1_DESC	Aumenta di 3 il Veleno massimo che puoi applicare. <x1/> Aumenta il tuo danno contro i nemici avvelenati del 12%.
SKILL_GLOOMSTALKER_SBL1_NAME	Dardi dalla punta tossica
SKILL_GLOOMSTALKER_SBR1_DESC	Aumenta di 3 il Sanguinamento massimo che puoi applicare. <x1/> Aumenta il danno del tuo Sanguinamento del 60%
SKILL_GLOOMSTALKER_SBR1_NAME	Salva seghettata
SKILL_GLOOMSTALKER_W16BL1_DESC	Aumenta la tua Penetrazione da decadimento di 2.
SKILL_GLOOMSTALKER_W16BL2_DESC	Aumenta la tua Penetrazione da decadimento di 2.
SKILL_GLOOMSTALKER_W16BL3_DESC	Aumenta la tua Penetrazione da decadimento di 2.
SKILL_GLOOMSTALKER_W16BL4_DESC	Aumenta la tua Penetrazione da decadimento di 2.
SKILL_GLOOMSTALKER_WBL1_DESC	Aumenta il tuo Danno da decadimento del 9% <x1/> Aumenta la tua Penetrazione da decadimento di 5.
SKILL_GLOOMSTALKER_WBL1_NAME	Preda decomposta
SKILL_GLOOMSTALKER_WBR1_DESC	Aumenta la tua Celerità magica di 6. <x1/> Aumenta la durata della tua Inoculazione di 1 secondo.
SKILL_HUMAN_N10_NAME	Rapidità adattiva
SKILL_HUMAN_N16_DESC	Aumenta il tuo danno contro i nemici sotto il 40% di Salute del 10%. <x1/> Aumenta la tua Penetrazione fisica di 4.
SKILL_HUMAN_N16_NAME	Precisione ambidestra
SKILL_HUMAN_N4_DESC	Aumenta il tuo Danno da taglio del 6% <x1/> Aumenta il tuo Vigore massimo di 6.
SKILL_HUMAN_N4_NAME	Resistenza umana
SKILL_HUMAN_NBL2R4_DESC	Memoria ora aumenta il Vigore massimo di 5
SKILL_HUMAN_NBL5R7_DESC	Dopo aver usato un incantesimo o un'abilità, il tuo prossimo Terzo Colpo ha +15% Probabilità di critico; l'effetto dura 5 secondi.
SKILL_HUMAN_NBR2R4_DESC	Dopo una Parata riuscita, il tuo prossimo Terzo Colpo infligge il 30% di danno in più. Dura 6 secondi.
SKILL_HUMAN_NBR5R7_DESC	Dopo un colpo critico, ottieni +25% Velocità d'attacco per 3 secondi.
SKILL_HUMAN_NS1B12_DESC	Aumenta la durata di Guerriero Versatile di 0.5 secondi per punto.
SKILL_HUMAN_NS1B12_NAME	Aumento durata di Guerriero Versatile III
SKILL_HUMAN_NS1B13_DESC	Riduce il costo in Vigore e Concentrazione di Cambio arma del 12% per punto.
SKILL_HUMAN_NS1B15_DESC	Riduce il costo in Vigore e Concentrazione di Cambio arma del 12% per punto.
SKILL_HUMAN_NS1B16_DESC	Aumenta di 1 per punto il Sanguinamento applicato da Cambio a spada e da ogni tiro di Cambio a balestra.
SKILL_HUMAN_NS1B17_DESC	Aumenta di 2 per punto il Vigore ripristinato da Cambio a spada e la Concentrazione ripristinata dal tiro di Cambio a balestra.
SKILL_HUMAN_NS1B18_DESC	Aumenta di 1 per punto il Veleno applicato dai tiri di Cambio a balestra e da Cambio a spada ai nemici sanguinanti.
SKILL_HUMAN_NS1B19_DESC	Aumenta di 1 per punto il Sanguinamento applicato da Cambio a spada e da ogni tiro di Cambio a balestra.
SKILL_HUMAN_NS1B20_DESC	Aumenta di 2 per punto il Vigore ripristinato da Cambio a spada e la Concentrazione ripristinata dal tiro di Cambio a balestra.
SKILL_HUMAN_NS1B21_DESC	Aumenta di 1 per punto il Veleno applicato dai tiri di Cambio a balestra e da Cambio a spada ai nemici sanguinanti.
SKILL_HUMAN_NS1B22_DESC	Aumenta di 1 per punto il Sanguinamento applicato da Cambio a spada e da ogni tiro di Cambio a balestra.
SKILL_HUMAN_NS1B23_DESC	Aumenta di 2 per punto il Vigore ripristinato da Cambio a spada e la Concentrazione ripristinata dal tiro di Cambio a balestra.
SKILL_HUMAN_NS1B24_DESC	Aumenta di 1 per punto il Veleno applicato dai tiri di Cambio a balestra e da Cambio a spada ai nemici sanguinanti.
SKILL_HUMAN_NS1B5_DESC	Aumenta la durata di Guerriero Versatile di 0.5 secondi per punto.
SKILL_HUMAN_NS1B5_NAME	Aumento durata di Guerriero Versatile I
SKILL_HUMAN_NS1B8_DESC	Aumenta la durata di Guerriero Versatile di 0.5 secondi per punto.
SKILL_HUMAN_NS1B8_NAME	Aumento durata di Guerriero Versatile II
SKILL_HUMAN_NS1B9_DESC	Riduce il costo in Vigore e Concentrazione di Cambio arma del 12% per punto.
SKILL_HUMAN_NS1U1_DESC	Il tuo Cambio a spada scatena un fendente rotante al termine dello scatto, infliggendo Danno da taglio a tutti i nemici attorno a te.
SKILL_HUMAN_NS1U1_NAME	Giravolta dell'eroe
SKILL_HUMAN_NS1U2_DESC	Guerriero Versatile influenza anche gli alleati vicini.
SKILL_HUMAN_NS1U2_NAME	Versatilità di supporto
SKILL_HUMAN_NS1U3_DESC	Il tuo Cambio a balestra scatena un ventaglio di dardi, ciascuno dei quali infligge Danno perforante pari al 30% del danno originale.
SKILL_HUMAN_NS1U3_NAME	Ventaglio di dardi
SKILL_HUMAN_NS1U4_DESC	Cambio arma esegue solo Cambio a spada. Non puoi usare la balestra.
SKILL_HUMAN_NS1U4_NAME	Disciplina della Lama
SKILL_HUMAN_NS1U5_DESC	Cambio arma esegue solo Cambio a balestra. Non puoi usare la spada.
SKILL_HUMAN_NS1U5_NAME	Disciplina della Balestra
SKILL_HUMAN_NS1U6_DESC	Cambio a spada applica 2 cariche di Sanguinamento ai nemici colpiti. I tiri di Cambio a balestra applicano 2 cariche di Sanguinamento.
SKILL_HUMAN_NS1U7_DESC	Cambio a spada consuma il Sanguinamento sui nemici colpiti per ripristinare 5 Vigore per carica di Sanguinamento, fino a 10 cariche. I tiri di Cambio a balestra consumano Sanguinamento per ripristinare 4 Concentrazione per carica di Sanguinamento, fino a 5 cariche.
SKILL_HUMAN_NS1U8_DESC	Cambio a balestra applica 3 cariche di Veleno con ogni tiro. Cambio a spada applica 3 cariche di Veleno ai nemici colpiti che sono già sanguinanti.
SKILL_HUMAN_NS1_DESC	Cambio arma aumenta tutto il danno del 15% per 8 secondi.
SKILL_HUMAN_NS2B11_DESC	Aumenta dell'8% per punto il bonus massimo al danno di Danza Mietente.
SKILL_HUMAN_NS2B11_NAME	Aumento danno di Danza Mietente I
SKILL_HUMAN_NS2B13_DESC	Aumenta di 1 per colpo per punto il Veleno applicato da Danza Avvelenante.
SKILL_HUMAN_NS2B14_DESC	Aumenta di 1 per punto l'Inoculazione ottenuta con Danza Inoculante.
SKILL_HUMAN_NS2B15_DESC	Aumenta dell'8% per punto il bonus massimo al danno di Danza Mietente.
SKILL_HUMAN_NS2B15_NAME	Aumento danno di Danza Mietente II
SKILL_HUMAN_NS2B17_DESC	Aumenta di 1 per colpo per punto il Veleno applicato da Danza Avvelenante.
SKILL_HUMAN_NS2B18_DESC	Aumenta di 1 per punto l'Inoculazione ottenuta con Danza Inoculante.
SKILL_HUMAN_NS2B19_DESC	Aumenta dell'8% per punto il bonus massimo al danno di Danza Mietente.
SKILL_HUMAN_NS2B19_NAME	Aumento danno di Danza Mietente III
SKILL_HUMAN_NS2B1_DESC	Aumenta di 1 il numero di colpi durante Danza delle lame. I colpi extra vengono sferrati in una rapida raffica al termine della danza.
SKILL_HUMAN_NS2B1_NAME	Colpi extra di Danza delle lame I
SKILL_HUMAN_NS2B21_DESC	Aumenta di 1 per colpo per punto il Veleno applicato da Danza Avvelenante.
SKILL_HUMAN_NS2B22_DESC	Aumenta di 1 per punto l'Inoculazione ottenuta con Danza Inoculante.
SKILL_HUMAN_NS2B2_DESC	Aumenta di 1 il numero di colpi durante Danza delle lame. I colpi extra vengono sferrati in una rapida raffica al termine della danza.
SKILL_HUMAN_NS2B2_NAME	Colpi extra di Danza delle lame II
SKILL_HUMAN_NS2B3_DESC	Aumenta di 1 il numero di colpi durante Danza delle lame. I colpi extra vengono sferrati in una rapida raffica al termine della danza.
SKILL_HUMAN_NS2B3_NAME	Colpi extra di Danza delle lame III
SKILL_HUMAN_NS2B7_DESC	Riduce il costo in Vigore di Danza delle lame del 10% per punto.
SKILL_HUMAN_NS2U1_DESC	Dopo ogni colpo, Danza delle lame cerca un nuovo bersaglio vicino per il colpo successivo, se disponibile. Se non ci sono altri nemici a portata, continua a colpire il bersaglio originale.
SKILL_HUMAN_NS2U1_NAME	Danza rimbalzante
SKILL_HUMAN_NS2U2_DESC	Danza delle lame riduce l'Armatura del bersaglio del 10% per colpo per 5 secondi.
SKILL_HUMAN_NS2U2_NAME	Danza dilaniante
SKILL_HUMAN_NS2U3_DESC	Ogni colpo di Danza delle lame infligge anche Danno da taglio in una piccola area attorno al bersaglio colpito, pari al 40% del danno, ma il colpo principale infligge il 20% di danno in meno.
SKILL_HUMAN_NS2U3_NAME	Danza spazzante
SKILL_HUMAN_NS2U4_DESC	Danza delle lame infligge Danno perforante.
SKILL_HUMAN_NS2U4_NAME	Danza delle stoccate
SKILL_HUMAN_NS2U5_DESC	Ogni colpo di Danza delle lame consuma cariche di Sanguinamento sul bersaglio per infliggere l'8% di danno in più per carica, fino al 40% per colpo. Danza delle lame non applica più Sanguinamento.
SKILL_HUMAN_NS2U6_DESC	Ogni colpo di Danza delle lame consuma 1 carica di Veleno sul bersaglio per applicare 2 cariche aggiuntive di Sanguinamento.
SKILL_HUMAN_NS2U7_DESC	Ogni colpo di Danza delle lame applica anche 1 carica di Veleno al bersaglio.
SKILL_HUMAN_NS2U8_DESC	Ogni colpo di Danza delle lame conferisce 1 carica di Inoculazione se colpisce un bersaglio avvelenato.
SKILL_HUMAN_NS2_DESC	Premi per lanciare. Scatena una raffica di 5 colpi, ciascuno dei quali infligge Danno da taglio e applica Sanguinamento.
SKILL_HUMAN_NS3B11_DESC	Aumenta dell'1% per punto il danno ottenuto per carica di Inoculazione consumata da Onda inoculata e del 6% per punto il suo massimo.
SKILL_HUMAN_NS3B13_DESC	Aumenta di 1 per punto l'Inoculazione ottenuta dai nemici colpiti da Onda Inoculante.
SKILL_HUMAN_NS3B14_DESC	Aumenta di 2 per punto il Veleno massimo applicato da Onda Corrompente.
SKILL_HUMAN_NS3B16_DESC	Aumenta di 1 per punto il Sanguinamento applicato da Onda Lacerante. Vale sia per i valori normali sia per quelli a carica completa.
SKILL_HUMAN_NS3B17_DESC	Aumenta dell'1% per punto il danno ottenuto per carica di Inoculazione consumata da Onda inoculata e del 6% per punto il suo massimo.
SKILL_HUMAN_NS3B19_DESC	Aumenta di 1 per punto l'Inoculazione ottenuta dai nemici colpiti da Onda Inoculante.
SKILL_HUMAN_NS3B20_DESC	Aumenta di 2 per punto il Veleno massimo applicato da Onda Corrompente.
SKILL_HUMAN_NS3B22_DESC	Aumenta di 1 per punto il Sanguinamento applicato da Onda Lacerante. Vale sia per i valori normali sia per quelli a carica completa.
SKILL_HUMAN_NS3B23_DESC	Aumenta dell'1% per punto il danno ottenuto per carica di Inoculazione consumata da Onda inoculata e del 6% per punto il suo massimo.
SKILL_HUMAN_NS3B25_DESC	Aumenta di 1 per punto l'Inoculazione ottenuta dai nemici colpiti da Onda Inoculante.
SKILL_HUMAN_NS3B26_DESC	Aumenta di 2 per punto il Veleno massimo applicato da Onda Corrompente.
SKILL_HUMAN_NS3B28_DESC	Aumenta di 1 per punto il Sanguinamento applicato da Onda Lacerante. Vale sia per i valori normali sia per quelli a carica completa.
SKILL_HUMAN_NS3B4_DESC	Riduce il tempo di carica di Colpo d'onda del 15% per punto.
SKILL_HUMAN_NS3B4_NAME	Velocità di carica di Colpo d'onda I
SKILL_HUMAN_NS3B6_DESC	Riduce il tempo di carica di Colpo d'onda del 15% per punto.
SKILL_HUMAN_NS3B6_NAME	Velocità di carica di Colpo d'onda II
SKILL_HUMAN_NS3B7_DESC	Riduce il costo in Vigore di Colpo d'onda del 20% per punto.
SKILL_HUMAN_NS3B9_DESC	Riduce il tempo di carica di Colpo d'onda del 15% per punto.
SKILL_HUMAN_NS3B9_NAME	Velocità di carica di Colpo d'onda III
SKILL_HUMAN_NS3U10_DESC	Colpo d'onda non consuma più Sanguinamento. Invece, Colpo d'onda applica 4 cariche di Sanguinamento a tutti i nemici colpiti, o 6 cariche di Sanguinamento se rilasciato a carica completa.
SKILL_HUMAN_NS3U1_DESC	Dopo una carica completa, Colpo d'onda può essere rilanciato per un breve periodo. Il rilancio infligge danno ridotto e non può consumare Sanguinamento o Veleno.
SKILL_HUMAN_NS3U1_NAME	Colpo successivo
SKILL_HUMAN_NS3U2_DESC	Colpo d'onda lancia 3 onde davanti a te, ciascuna con il 40% del danno
SKILL_HUMAN_NS3U2_NAME	Onda Scindente
SKILL_HUMAN_NS3U3_DESC	Colpo d'onda diventa un incantesimo canalizzato che emette onde continue, ciascuna con il 40% del danno. Ogni onda può consumare solo 1 carica di Sanguinamento o Veleno. Il tempo di recupero base di Colpo d'onda diventa di 3 secondi.
SKILL_HUMAN_NS3U3_NAME	Onda continua
SKILL_HUMAN_NS3U4_DESC	Dopo aver raggiunto la portata massima, Colpo d'onda torna verso di te, infliggendo il 40% del danno ai nemici colpiti al ritorno. L'onda all'andata infligge il 20% di danno in meno.
SKILL_HUMAN_NS3U4_NAME	Onda di ritorno
SKILL_HUMAN_NS3U5_DESC	Colpo d'onda consuma Inoculazione al rilascio. Ogni carica di Inoculazione consumata aumenta il danno di Colpo d'onda del 2%, fino al 30%.
SKILL_HUMAN_NS3U6_DESC	Colpo d'onda consuma Veleno anziché Sanguinamento. Ogni carica di Veleno consumata aumenta il danno di Colpo d'onda del 4%, fino a 10 cariche di Veleno consumate.
SKILL_HUMAN_NS3U7_DESC	Colpo d'onda conferisce 2 cariche di Inoculazione per ogni nemico colpito. Se Colpo d'onda consuma Sanguinamento da quel nemico, ottieni 1 carica aggiuntiva di Inoculazione da quel nemico.
SKILL_HUMAN_NS3U8_DESC	Colpo d'onda consuma il Sanguinamento sui nemici colpiti per applicare Veleno anziché ottenere danno bonus. Applica 1 carica di Veleno per carica di Sanguinamento consumata, fino a 10.
SKILL_HUMAN_NS3U9_DESC	Colpo d'onda consuma tutto il Sanguinamento sui nemici colpiti. Le prime 10 cariche di Sanguinamento consumate conferiscono il normale 4% di danno bonus per carica. Le cariche di Sanguinamento consumate oltre le 10 conferiscono il 2% di danno bonus per carica.
SKILL_HUMAN_NS3_DESC	Tieni premuto per caricare. Rilascia per inviare un'onda di energia in avanti, infliggendo Danno da taglio a tutti i nemici colpiti. Colpo d'onda consuma il Sanguinamento sui nemici colpiti per infliggere il 4% di danno bonus per carica, fino a 10.
SKILL_HUMAN_S10_DESC	Aumenta di 2 il Veleno massimo che puoi applicare. <x1/> Aumenta di 2 il Sanguinamento massimo che puoi applicare.
SKILL_HUMAN_S10_NAME	Maestro delle afflizioni
SKILL_HUMAN_S16_DESC	Aumenta il tuo danno contro i nemici avvelenati del 12% <x1/> Aumenta il tuo danno contro i nemici sanguinanti del 12%
SKILL_HUMAN_S16_NAME	Sfruttamento degli stati
SKILL_HUMAN_S4_DESC	Aumenta il tuo Danno perforante del 6% <x1/> Aumenta la tua Concentrazione massima di 6.
SKILL_HUMAN_S4_NAME	Precisione tattica
SKILL_HUMAN_SBL2R4_DESC	Energia ora aumenta la Concentrazione massima di 5
SKILL_HUMAN_SBL5R7_DESC	Le Parate riuscite applicano Sanguinamento a tutti i nemici colpiti.
SKILL_HUMAN_SBL5R7_NAME	Contrattacco Tagliente
SKILL_HUMAN_SBR2R4_DESC	Dopo una Parata riuscita, il tuo prossimo Attacco finale a distanza infligge il 30% di danno in più. Dura 6 secondi.
SKILL_HUMAN_SBR5R7_DESC	Quando colpisci un nemico con 10 o più cariche di Veleno, ottieni +15% Probabilità di critico per 5 secondi.
SKILL_HUMAN_SS1B10_DESC	Aumenta di 2 per punto il Sanguinamento massimo consumato e il Veleno massimo applicato da Freccia Corrompente.
SKILL_HUMAN_SS1B11_DESC	Aumenta di 2 per punto il Veleno massimo consumato da Freccia Purgante.
SKILL_HUMAN_SS1B12_DESC	Aumenta di 1 per punto l'Inoculazione ottenuta dai nemici avvelenati colpiti da Freccia Inoculante.
SKILL_HUMAN_SS1B13_DESC	Aumenta di 1 per punto il Veleno applicato da Freccia Avvelenante. Vale sia per il primo nemico colpito sia per quelli successivi.
SKILL_HUMAN_SS1B14_DESC	Aumenta di 1 per punto il Sanguinamento applicato da Freccia Lacerante.
SKILL_HUMAN_SS1B15_DESC	Aumenta di 2 per punto il Sanguinamento massimo consumato e il Veleno massimo applicato da Freccia Corrompente.
SKILL_HUMAN_SS1B16_DESC	Aumenta di 2 per punto il Veleno massimo consumato da Freccia Purgante.
SKILL_HUMAN_SS1B17_DESC	Aumenta di 1 per punto l'Inoculazione ottenuta dai nemici avvelenati colpiti da Freccia Inoculante.
SKILL_HUMAN_SS1B18_DESC	Aumenta di 1 per punto il Veleno applicato da Freccia Avvelenante. Vale sia per il primo nemico colpito sia per quelli successivi.
SKILL_HUMAN_SS1B19_DESC	Aumenta di 1 per punto il Sanguinamento applicato da Freccia Lacerante.
SKILL_HUMAN_SS1B1_DESC	Aumenta il danno inflitto da Tiro mirato dell'8% per punto.
SKILL_HUMAN_SS1B20_DESC	Aumenta di 2 per punto il Sanguinamento massimo consumato e il Veleno massimo applicato da Freccia Corrompente.
SKILL_HUMAN_SS1B21_DESC	Aumenta di 2 per punto il Veleno massimo consumato da Freccia Purgante.
SKILL_HUMAN_SS1B22_DESC	Aumenta di 1 per punto l'Inoculazione ottenuta dai nemici avvelenati colpiti da Freccia Inoculante.
SKILL_HUMAN_SS1B23_DESC	Aumenta di 1 per punto il Veleno applicato da Freccia Avvelenante. Vale sia per il primo nemico colpito sia per quelli successivi.
SKILL_HUMAN_SS1B24_DESC	Aumenta di 1 per punto il Sanguinamento applicato da Freccia Lacerante.
SKILL_HUMAN_SS1B2_DESC	Aumenta il danno inflitto da Tiro mirato dell'8% per punto.
SKILL_HUMAN_SS1B3_DESC	Aumenta il danno inflitto da Tiro mirato dell'8% per punto.
SKILL_HUMAN_SS1U1_DESC	Tiro mirato non attraversa più i nemici. Invece, li respinge fino alla portata massima.
SKILL_HUMAN_SS1U1_NAME	Tiro a punta larga
SKILL_HUMAN_SS1U2_DESC	Tiro mirato infligge il 60% di danno bonus ai nemici fuori dal combattimento.
SKILL_HUMAN_SS1U2_NAME	Tiro a sorpresa
SKILL_HUMAN_SS1U3_DESC	Tiro mirato infligge il 50% di danno extra ai nemici oltre metà della portata, ma il 40% in meno ai nemici entro metà della portata.
SKILL_HUMAN_SS1U3_NAME	Tiro lungo
SKILL_HUMAN_SS1U4_DESC	Tiro mirato consuma fino a 10 cariche di Sanguinamento sui nemici colpiti e applica 1 carica di Veleno per carica di Sanguinamento consumata.
SKILL_HUMAN_SS1U4_NAME	Freccia Corrompente
SKILL_HUMAN_SS1U5_DESC	Tiro mirato consuma il Veleno sui nemici colpiti per infliggere il 5% di danno in più per carica di Veleno consumata, fino a 10 cariche di Veleno.
SKILL_HUMAN_SS1U5_NAME	Freccia Purgante
SKILL_HUMAN_SS1U6_DESC	Tiro mirato conferisce 2 cariche di Inoculazione per ogni nemico avvelenato colpito. Se Tiro mirato colpisce almeno 2 nemici avvelenati, ottieni altre 2 cariche di Inoculazione.
SKILL_HUMAN_SS1U6_NAME	Freccia Inoculante
SKILL_HUMAN_SS1U7_DESC	Tiro mirato applica 4 cariche di Veleno ai nemici colpiti. Se Tiro mirato colpisce più di un nemico, quelli dopo il primo ricevono invece 2 cariche di Veleno.
SKILL_HUMAN_SS1U7_NAME	Freccia Avvelenante
SKILL_HUMAN_SS1U8_DESC	Tiro mirato applica 3 cariche di Sanguinamento ai nemici colpiti.
SKILL_HUMAN_SS1U8_NAME	Freccia Lacerante
SKILL_HUMAN_SS1_DESC	Premi per lanciare. Prendi la mira, poi scocca una freccia che attraversa i nemici, infliggendo Danno perforante.
SKILL_HUMAN_SS2B12_DESC	Aumenta di 1 per punto l'Inoculazione ottenuta dai nemici avvelenati colpiti da Grandine Inoculante.
SKILL_HUMAN_SS2B13_DESC	Aumenta di 1 per punto il Veleno aggiuntivo applicato da Grandine inoculata.
SKILL_HUMAN_SS2B17_DESC	Aumenta di 1 per punto l'Inoculazione ottenuta dai nemici avvelenati colpiti da Grandine Inoculante.
SKILL_HUMAN_SS2B18_DESC	Aumenta di 1 per punto il Veleno aggiuntivo applicato da Grandine inoculata.
SKILL_HUMAN_SS2B1_DESC	Aumenta la cadenza di tiro di Pioggia di Frecce del 12% per punto.
SKILL_HUMAN_SS2B1_NAME	Aumento cadenza di tiro di Pioggia di Frecce I
SKILL_HUMAN_SS2B22_DESC	Aumenta di 1 per punto l'Inoculazione ottenuta dai nemici avvelenati colpiti da Grandine Inoculante.
SKILL_HUMAN_SS2B23_DESC	Aumenta di 1 per punto il Veleno aggiuntivo applicato da Grandine inoculata.
SKILL_HUMAN_SS2B2_DESC	Aumenta la cadenza di tiro di Pioggia di Frecce del 12% per punto.
SKILL_HUMAN_SS2B2_NAME	Aumento cadenza di tiro di Pioggia di Frecce III
SKILL_HUMAN_SS2B3_DESC	Aumenta la cadenza di tiro di Pioggia di Frecce del 12% per punto.
SKILL_HUMAN_SS2B3_NAME	Aumento cadenza di tiro di Pioggia di Frecce II
SKILL_HUMAN_SS2B4_DESC	Aumenta il danno inflitto da Pioggia di Frecce dell'8% per punto.
SKILL_HUMAN_SS2B4_NAME	Aumento danno di Pioggia di Frecce I
SKILL_HUMAN_SS2B5_DESC	Aumenta di 1 per punto il Veleno applicato da Pioggia di Frecce.
SKILL_HUMAN_SS2B5_NAME	Aumento stato di Pioggia di Frecce I
SKILL_HUMAN_SS2B6_DESC	Aumenta il danno inflitto da Pioggia di Frecce dell'8% per punto.
SKILL_HUMAN_SS2B6_NAME	Aumento danno di Pioggia di Frecce II
SKILL_HUMAN_SS2B7_DESC	Aumenta di 1 per punto il Veleno applicato da Pioggia di Frecce.
SKILL_HUMAN_SS2B7_NAME	Aumento stato di Pioggia di Frecce II
SKILL_HUMAN_SS2B8_DESC	Aumenta il danno inflitto da Pioggia di Frecce dell'8% per punto.
SKILL_HUMAN_SS2B8_NAME	Aumento danno di Pioggia di Frecce III
SKILL_HUMAN_SS2B9_DESC	Aumenta di 1 per punto il Veleno applicato da Pioggia di Frecce.
SKILL_HUMAN_SS2B9_NAME	Aumento stato di Pioggia di Frecce III
SKILL_HUMAN_SS2U1_DESC	Pioggia di Frecce non è più canalizzata e ha un Tempo di recupero di 8 secondi. Premi per lanciare e richiama frecce che colpiscono fino a 6 nemici.
SKILL_HUMAN_SS2U1_NAME	Sbarramento di frecce
SKILL_HUMAN_SS2U2_DESC	Le frecce ora lasciano una Pozza d'Olio nel punto d'impatto
SKILL_HUMAN_SS2U3_DESC	Le frecce ora lasciano una Pozza di Veleno nel punto d'impatto.
SKILL_HUMAN_SS2U4_DESC	Pioggia di Frecce rallenta i nemici del 35% per 2 secondi, ma i suoi impulsi sono più lenti del 20%
SKILL_HUMAN_SS2U4_NAME	Grandine bloccante
SKILL_HUMAN_SS2U5_DESC	Pioggia di Frecce ora applica 2 cariche di Sanguinamento anziché Veleno.
SKILL_HUMAN_SS2U6_DESC	Pioggia di Frecce non applica più Veleno. Ogni impulso consuma fino a 10 cariche di Veleno sui nemici colpiti, infliggendo il 5% di danno in più per carica di Veleno consumata.
SKILL_HUMAN_SS2U7_DESC	Ogni impulso di Pioggia di Frecce conferisce 1 carica di Inoculazione per ogni nemico avvelenato colpito.
SKILL_HUMAN_SS2U8_DESC	Pioggia di Frecce consuma Inoculazione durante la canalizzazione. Ogni impulso consuma 1 carica di Inoculazione per applicare 2 cariche aggiuntive di Veleno ai nemici colpiti.
SKILL_HUMAN_SS2U9_DESC	Ogni impulso di Pioggia di Frecce consuma fino a 3 cariche di Sanguinamento sui nemici colpiti e applica 1 carica di Veleno per carica di Sanguinamento consumata.
SKILL_HUMAN_SS2_DESC	Tieni premuto per canalizzare. Ogni 1 secondo, le frecce colpiscono l'area bersaglio, infliggendo Danno perforante a tutti i nemici al suo interno e applicando 2 cariche di Veleno.
SKILL_HUMAN_SS3B11_DESC	Aumenta del 2% per punto l'Accumulo di stordimento ottenuto per carica di Inoculazione consumata e dell'1% per punto il Danno da decadimento di Nebbia velenosa ottenuto per carica di Inoculazione consumata.
SKILL_HUMAN_SS3B12_DESC	Migliora di 1 per punto il tasso di conversione in Sanguinamento di Trappola Lacerante.
SKILL_HUMAN_SS3B16_DESC	Aumenta del 2% per punto l'Accumulo di stordimento ottenuto per carica di Inoculazione consumata e dell'1% per punto il Danno da decadimento di Nebbia velenosa ottenuto per carica di Inoculazione consumata.
SKILL_HUMAN_SS3B17_DESC	Migliora di 1 per punto il tasso di conversione in Sanguinamento di Trappola Lacerante.
SKILL_HUMAN_SS3B1_DESC	Aumenta il danno inflitto da Trappola del Cacciatore dell'8% per punto.
SKILL_HUMAN_SS3B1_NAME	Aumento danno di Trappola del Cacciatore I
SKILL_HUMAN_SS3B21_DESC	Aumenta del 2% per punto l'Accumulo di stordimento ottenuto per carica di Inoculazione consumata e dell'1% per punto il Danno da decadimento di Nebbia velenosa ottenuto per carica di Inoculazione consumata.
SKILL_HUMAN_SS3B22_DESC	Migliora di 1 per punto il tasso di conversione in Sanguinamento di Trappola Lacerante.
SKILL_HUMAN_SS3B2_DESC	Aumenta il danno inflitto da Trappola del Cacciatore dell'8% per punto.
SKILL_HUMAN_SS3B2_NAME	Aumento danno di Trappola del Cacciatore III
SKILL_HUMAN_SS3B3_DESC	Aumenta il danno inflitto da Trappola del Cacciatore dell'8% per punto.
SKILL_HUMAN_SS3B3_NAME	Aumento danno di Trappola del Cacciatore II
SKILL_HUMAN_SS3B4_DESC	Aumenta del 10% per punto l'Accumulo di stordimento extra inflitto da Trappola del Cacciatore.
SKILL_HUMAN_SS3B4_NAME	Accumulo di stordimento di Trappola del Cacciatore I
SKILL_HUMAN_SS3B5_NAME	Riduzione recupero di Trappola del Cacciatore I
SKILL_HUMAN_SS3B6_DESC	Aumenta del 10% per punto l'Accumulo di stordimento extra inflitto da Trappola del Cacciatore.
SKILL_HUMAN_SS3B6_NAME	Accumulo di stordimento di Trappola del Cacciatore II
SKILL_HUMAN_SS3B7_NAME	Riduzione recupero di Trappola del Cacciatore II
SKILL_HUMAN_SS3B8_DESC	Aumenta del 10% per punto l'Accumulo di stordimento extra inflitto da Trappola del Cacciatore.
SKILL_HUMAN_SS3B8_NAME	Accumulo di stordimento di Trappola del Cacciatore III
SKILL_HUMAN_SS3B9_NAME	Riduzione recupero di Trappola del Cacciatore III
SKILL_HUMAN_SS3U10_DESC	Trappola del Cacciatore consuma fino a 10 cariche di Sanguinamento sul nemico che la attiva. Ogni carica di Sanguinamento consumata aumenta il danno di Trappola del Cacciatore del 4%. Se Trappola del Cacciatore uccide il nemico, Nebbia velenosa applica 1 carica di Sanguinamento al secondo ai nemici al suo interno ogni 3 cariche di Sanguinamento consumate.
SKILL_HUMAN_SS3U1_DESC	Trappola del Cacciatore ora sparge 5 trappole casualmente in un'ampia area; il danno e l'Accumulo di stordimento di ogni trappola si riducono del 60% e le Cariche si riducono a 1.
SKILL_HUMAN_SS3U1_NAME	Trappola dispersiva
SKILL_HUMAN_SS3U2_DESC	Trappola del Cacciatore non ha più un ritardo di attivazione, ma infligge il 20% di danno e Accumulo di stordimento in meno.
SKILL_HUMAN_SS3U2_NAME	Trappola rapida
SKILL_HUMAN_SS3U3_DESC	Trappola del Cacciatore rilascia sempre una Nebbia velenosa anche se il nemico sopravvive. Il danno di Nebbia velenosa è ridotto del 25%.
SKILL_HUMAN_SS3U3_NAME	Trappola a scarica velenosa
SKILL_HUMAN_SS3U4_DESC	La portata di Trappola del Cacciatore si riduce a quella da mischia e il suo danno e Accumulo di stordimento aumentano del 15%
SKILL_HUMAN_SS3U4_NAME	Trappola piazzata a mano
SKILL_HUMAN_SS3U5_DESC	Quando Trappola del Cacciatore viene attivata, arma una seconda trappola più piccola nelle vicinanze dopo un breve ritardo. La seconda trappola infligge il 40% del danno e non può creare Nebbia velenosa.
SKILL_HUMAN_SS3U5_NAME	Trappola a catena
SKILL_HUMAN_SS3U6_DESC	Trappola del Cacciatore consuma tutto il Veleno sul nemico che la attiva. Le prime 10 cariche di Veleno consumate conferiscono il normale 4% di danno bonus per carica. Le cariche di Veleno consumate oltre le 10 conferiscono il 2% di danno bonus per carica.
SKILL_HUMAN_SS3U7_DESC	Trappola del Cacciatore consuma Inoculazione quando viene attivata. Ogni carica di Inoculazione consumata aumenta l'Accumulo di stordimento di Trappola del Cacciatore dell'8% e il Danno da decadimento di Nebbia velenosa del 5%.
SKILL_HUMAN_SS3U8_DESC	Trappola del Cacciatore consuma Veleno come di norma. Se viene consumato Veleno, Trappola del Cacciatore applica anche 1 carica di Sanguinamento ogni 4 cariche di Veleno consumate.
SKILL_HUMAN_SS3U9_DESC	Trappola del Cacciatore consuma fino a 10 cariche di Sanguinamento sul nemico che la attiva e applica 1 carica di Veleno per carica di Sanguinamento consumata prima di infliggere danno.
SKILL_HUMAN_SS3_DESC	Premi per lanciare. Scocca una freccia che piazza una trappola per 10 secondi. I nemici che la attivano subiscono Danno perforante e Accumulo di stordimento aumentato. Trappola del Cacciatore consuma Veleno per infliggere il 4% di danno in più, fino al 40%. Se Trappola del Cacciatore uccide un mostro avvelenato, questo esplode in una Nebbia velenosa che applica Veleno e infligge Danno da decadimento. La Nebbia velenosa si dissipa dopo 6 secondi.
SKILL_HUMAN_START1_DESC	Premi per lanciare. Alterna spada e balestra. Passare alla spada ti fa scattare in avanti, infliggendo Danno da taglio ai nemici sul tuo percorso. Passare alla balestra ti fa saltare indietro e sparare 2 colpi nella direzione bersaglio, ciascuno dei quali infligge Danno perforante.
SKILL_MAGICIAN_E10_NAME	Adepto nato dalla brace
SKILL_MAGICIAN_E16_DESC	Aumenta il tuo danno contro i nemici con Salute massima del 10%. <x1/> Aumenta il tuo danno contro i nemici ustionati del 12%
SKILL_MAGICIAN_E16_NAME	Signore delle braci
SKILL_MAGICIAN_E4_DESC	Aumenta il tuo Danno da fuoco del 6% <x1/> Aumenta la tua Concentrazione massima di 6.
SKILL_MAGICIAN_E4_NAME	Apprendista del Fuoco
SKILL_MAGICIAN_EBL2R4_DESC	Quando applichi Ustione a un nemico, ottieni Danno magico bonus pari alla quantità di Ustione sul nemico per 5 secondi.
SKILL_MAGICIAN_EBL5R7_DESC	Ogni volta che i tuoi incantesimi consumano Ustione, ottieni 2 Celerità magica e il 2% di Velocità d'attacco per carica consumata, fino al 24%, per 5 secondi.
SKILL_MAGICIAN_EBR2R4_DESC	Quando applichi Ustione a un nemico, ottieni il 15% di Rigenerazione della concentrazione per 5 secondi.
SKILL_MAGICIAN_EBR5R7_DESC	Ogni volta che i tuoi incantesimi consumano Ustione, ottieni il 20% di Danno da ustione per carica consumata per 8 secondi.
SKILL_MAGICIAN_ES1B11_NAME	Aumento conversione di Palla di fuoco Incandescente I
SKILL_MAGICIAN_ES1B12_DESC	Aumenta di 1 per punto l'Ustione aggiuntiva applicata da Palla di fuoco incendiaria.
SKILL_MAGICIAN_ES1B12_NAME	Aumento Palla di fuoco incendiaria II
SKILL_MAGICIAN_ES1B13_DESC	Aumenta di 1 per punto l'Ustione massima consumata da Palla di fuoco comburente.
SKILL_MAGICIAN_ES1B13_NAME	Aumento Palla di fuoco comburente II
SKILL_MAGICIAN_ES1B14_DESC	Aumenta di 1 per punto le cariche di Ravvivato conferite da Palla di fuoco d'Innesco per ogni nemico ustionato colpito.
SKILL_MAGICIAN_ES1B16_NAME	Aumento conversione di Palla di fuoco Incandescente II
SKILL_MAGICIAN_ES1B17_DESC	Aumenta di 1 per punto l'Ustione aggiuntiva applicata da Palla di fuoco incendiaria.
SKILL_MAGICIAN_ES1B17_NAME	Aumento Palla di fuoco incendiaria III
SKILL_MAGICIAN_ES1B18_DESC	Aumenta di 1 per punto l'Ustione massima consumata da Palla di fuoco comburente.
SKILL_MAGICIAN_ES1B18_NAME	Aumento Palla di fuoco comburente III
SKILL_MAGICIAN_ES1B19_DESC	Aumenta di 1 per punto le cariche di Ravvivato conferite da Palla di fuoco d'Innesco per ogni nemico ustionato colpito.
SKILL_MAGICIAN_ES1B21_NAME	Aumento conversione di Palla di fuoco Incandescente III
SKILL_MAGICIAN_ES1B4_DESC	Riduce il tempo di recupero di Palla di fuoco del 10% per punto.
SKILL_MAGICIAN_ES1B5_DESC	Riduce il tempo di recupero di Palla di fuoco del 10% per punto.
SKILL_MAGICIAN_ES1B6_DESC	Riduce il tempo di recupero di Palla di fuoco del 10% per punto.
SKILL_MAGICIAN_ES1B7_DESC	Aumenta di 1 per punto l'Ustione aggiuntiva applicata da Palla di fuoco incendiaria.
SKILL_MAGICIAN_ES1B7_NAME	Aumento Palla di fuoco incendiaria I
SKILL_MAGICIAN_ES1B8_DESC	Aumenta di 1 per punto l'Ustione massima consumata da Palla di fuoco comburente.
SKILL_MAGICIAN_ES1B8_NAME	Aumento Palla di fuoco comburente I
SKILL_MAGICIAN_ES1B9_DESC	Aumenta di 1 per punto le cariche di Ravvivato conferite da Palla di fuoco d'Innesco per ogni nemico ustionato colpito.
SKILL_MAGICIAN_ES1U1_DESC	Palla di fuoco diventa un incantesimo da caricare tenendo premuto. Carica Palla di fuoco per un massimo di 1.5 secondi. A carica completa, Palla di fuoco infligge il 50% di Danno da fuoco in più e viaggia il 20% più velocemente.
SKILL_MAGICIAN_ES1U1_NAME	Palla di fuoco carica
SKILL_MAGICIAN_ES1U2_DESC	Il danno di Palla di fuoco è ridotto del 50%, ma il tempo di recupero si riduce del 40%.
SKILL_MAGICIAN_ES1U2_NAME	Braci rapide
SKILL_MAGICIAN_ES1U3_DESC	Palla di fuoco attraversa i nemici, infliggendo danno a ogni nemico colpito e attivando Impatto esplosivo a ogni colpo, ma non alla fine. Palla di fuoco infligge il 30% di danno in meno.
SKILL_MAGICIAN_ES1U4_DESC	Palla di fuoco applica 2 cariche aggiuntive di Ustione ai nemici colpiti.
SKILL_MAGICIAN_ES1U4_NAME	Palla di fuoco incendiaria
SKILL_MAGICIAN_ES1U5_DESC	Palla di fuoco consuma fino a 10 cariche di Ustione da ogni nemico colpito. Per ogni carica di Ustione consumata, Palla di fuoco infligge il 12% di Danno da fuoco in più a quel nemico.
SKILL_MAGICIAN_ES1U5_NAME	Palla di fuoco comburente
SKILL_MAGICIAN_ES1U6_DESC	Palla di fuoco non applica più Ustione, ma conferisce 1 carica di Ravvivato per ogni nemico ustionato colpito.
SKILL_MAGICIAN_ES1U7_DESC	Palla di fuoco consuma fino a 10 delle tue cariche di Ravvivato al lancio. Per ogni carica di Ravvivato consumata, Palla di fuoco infligge il 10% di Danno da fuoco in più.
SKILL_MAGICIAN_ES1U8_DESC	Palla di fuoco consuma Gelo da ogni nemico colpito per applicare 1 carica di Ustione ogni 4 cariche di Gelo consumate.
SKILL_MAGICIAN_ES1_DESC	All'impatto, Palla di fuoco ora scatena un'esplosione che infligge Danno da fuoco in un'area.
SKILL_MAGICIAN_ES1_NAME	Impatto esplosivo
SKILL_MAGICIAN_ES2B10_DESC	Aumenta di 1 per proiettile per punto l'Ustione massima consumata da Drago comburente.
SKILL_MAGICIAN_ES2B10_NAME	Aumento Drago comburente I
SKILL_MAGICIAN_ES2B11_DESC	Aumenta del 5% per carica di Ravvivato consumata per punto il bonus al Danno da fuoco conferito da Drago Fiammeggiante.
SKILL_MAGICIAN_ES2B12_DESC	Aumenta di 1 per punto il numero di nemici vicini influenzati da Drago dell'Incendio Selvaggio.
SKILL_MAGICIAN_ES2B12_NAME	Aumento Drago dell'Incendio Selvaggio I
SKILL_MAGICIAN_ES2B14_DESC	Aumenta di 1 per proiettile per punto l'Ustione massima consumata da Drago comburente.
SKILL_MAGICIAN_ES2B14_NAME	Aumento Drago comburente II
SKILL_MAGICIAN_ES2B15_DESC	Aumenta del 5% per carica di Ravvivato consumata per punto il bonus al Danno da fuoco conferito da Drago Fiammeggiante.
SKILL_MAGICIAN_ES2B16_DESC	Aumenta di 1 per punto il numero di nemici vicini influenzati da Drago dell'Incendio Selvaggio.
SKILL_MAGICIAN_ES2B16_NAME	Aumento Drago dell'Incendio Selvaggio II
SKILL_MAGICIAN_ES2B18_DESC	Aumenta di 1 per proiettile per punto l'Ustione massima consumata da Drago comburente.
SKILL_MAGICIAN_ES2B18_NAME	Aumento Drago comburente III
SKILL_MAGICIAN_ES2B19_DESC	Aumenta del 5% per carica di Ravvivato consumata per punto il bonus al Danno da fuoco conferito da Drago Fiammeggiante.
SKILL_MAGICIAN_ES2B1_NAME	Riduzione recupero di Soffio del Drago I
SKILL_MAGICIAN_ES2B20_DESC	Aumenta di 1 per punto il numero di nemici vicini influenzati da Drago dell'Incendio Selvaggio.
SKILL_MAGICIAN_ES2B20_NAME	Aumento Drago dell'Incendio Selvaggio III
SKILL_MAGICIAN_ES2B2_NAME	Riduzione recupero di Soffio del Drago II
SKILL_MAGICIAN_ES2B3_NAME	Riduzione recupero di Soffio del Drago III
SKILL_MAGICIAN_ES2B4_DESC	Aumenta il Danno da fuoco inflitto da Soffio del Drago dell'8% per punto.
SKILL_MAGICIAN_ES2B4_NAME	Aumento danno di Soffio del Drago I
SKILL_MAGICIAN_ES2B5_DESC	Aumenta di 1 per punto il numero di proiettili lanciati da Soffio del Drago.
SKILL_MAGICIAN_ES2B5_NAME	Aumento cadenza di tiro di Soffio del Drago I
SKILL_MAGICIAN_ES2B6_DESC	Aumenta il Danno da fuoco inflitto da Soffio del Drago dell'8% per punto.
SKILL_MAGICIAN_ES2B6_NAME	Aumento danno di Soffio del Drago II
SKILL_MAGICIAN_ES2B7_DESC	Aumenta di 1 per punto il numero di proiettili lanciati da Soffio del Drago.
SKILL_MAGICIAN_ES2B7_NAME	Aumento cadenza di tiro di Soffio del Drago II
SKILL_MAGICIAN_ES2B8_DESC	Aumenta il Danno da fuoco inflitto da Soffio del Drago dell'8% per punto.
SKILL_MAGICIAN_ES2B8_NAME	Aumento danno di Soffio del Drago III
SKILL_MAGICIAN_ES2B9_DESC	Aumenta di 1 per punto il numero di proiettili lanciati da Soffio del Drago.
SKILL_MAGICIAN_ES2B9_NAME	Aumento cadenza di tiro di Soffio del Drago III
SKILL_MAGICIAN_ES2U1_DESC	Soffio del Drago non applica più Ustione, ma infligge il 50% di Danno da fuoco in più.
SKILL_MAGICIAN_ES2U1_NAME	Drago concentrato
SKILL_MAGICIAN_ES2U2_DESC	Soffio del Drago inizia il lancio dalla tua posizione attuale e non ti blocca più sul posto. Puoi muoverti dopo il lancio, ma Soffio del Drago resta nella posizione di lancio originale per tutta la sua durata.
SKILL_MAGICIAN_ES2U2_NAME	Drago remoto
SKILL_MAGICIAN_ES2U3_DESC	Soffio del Drago diventa un incantesimo da canalizzare tenendo premuto. Durante la canalizzazione, Soffio del Drago lancia proiettili senza sosta, infliggendo Danno da fuoco ridotto del 25% e applicando Ustione. Rilasciare la canalizzazione termina Soffio del Drago in anticipo. Tempo di recupero ridotto a 3 secondi.
SKILL_MAGICIAN_ES2U3_NAME	Drago canalizzato
SKILL_MAGICIAN_ES2U4_DESC	Ogni proiettile di Soffio del Drago consuma fino a 1 carica di Ustione da ogni nemico colpito. Per ogni carica di Ustione consumata, quel proiettile infligge il 12% di Danno da fuoco in più a quel nemico. Soffio del Drago non applica più Ustione.
SKILL_MAGICIAN_ES2U4_NAME	Drago comburente
SKILL_MAGICIAN_ES2U5_DESC	Ogni proiettile di Soffio del Drago consuma 1 delle tue cariche di Ravvivato quando colpisce un nemico. Per ogni carica di Ravvivato consumata, quel proiettile infligge il 10% di Danno da fuoco in più.
SKILL_MAGICIAN_ES2U6_DESC	Quando un proiettile di Soffio del Drago applica Ustione a un nemico, applica anche 1 carica di Ustione a un massimo di 2 nemici vicini.
SKILL_MAGICIAN_ES2U6_NAME	Drago dell'Incendio Selvaggio
SKILL_MAGICIAN_ES2U7_DESC	Soffio del Drago infligge il 50% di Danno da fuoco e il 50% di Danno da ghiaccio e applica Gelo anziché Ustione.
SKILL_MAGICIAN_ES2_DESC	Premi per lanciare. Sprigiona un flusso di fuoco per 2.5 secondi, lanciando 6 proiettili che infliggono Danno da fuoco e applicano Ustione. Durante il lancio resti bloccato sul posto.
SKILL_MAGICIAN_ES3B11_DESC	Aumenta dell'1% per carica di Ustione consumata il bonus aggiuntivo al Danno da fuoco conferito da Inferno comburente e del 4% per punto il suo massimo.
SKILL_MAGICIAN_ES3B11_NAME	Aumento Inferno comburente I
SKILL_MAGICIAN_ES3B12_DESC	Aumenta di 1 per punto le cariche di Ravvivato conferite da Inferno accumulabraci per ogni carica di Ustione in eccesso consumata.
SKILL_MAGICIAN_ES3B12_NAME	Aumento Inferno accumulabraci I
SKILL_MAGICIAN_ES3B15_DESC	Aumenta del 25% per punto il valore in cariche di Ustione del Gelo conteggiato da Inferno Incandescente.
SKILL_MAGICIAN_ES3B16_DESC	Aumenta dell'1% per carica di Ustione consumata il bonus aggiuntivo al Danno da fuoco conferito da Inferno comburente e del 4% per punto il suo massimo.
SKILL_MAGICIAN_ES3B16_NAME	Aumento Inferno comburente II
SKILL_MAGICIAN_ES3B17_DESC	Aumenta di 1 per punto le cariche di Ravvivato conferite da Inferno accumulabraci per ogni carica di Ustione in eccesso consumata.
SKILL_MAGICIAN_ES3B17_NAME	Aumento Inferno accumulabraci II
SKILL_MAGICIAN_ES3B1_DESC	Aumenta di 2 per punto le cariche massime che Inferno può consumare.
SKILL_MAGICIAN_ES3B1_NAME	Aumento consumo massimo di Inferno I
SKILL_MAGICIAN_ES3B20_DESC	Aumenta del 25% per punto il valore in cariche di Ustione del Gelo conteggiato da Inferno Incandescente.
SKILL_MAGICIAN_ES3B21_DESC	Aumenta dell'1% per carica di Ustione consumata il bonus aggiuntivo al Danno da fuoco conferito da Inferno comburente e del 4% per punto il suo massimo.
SKILL_MAGICIAN_ES3B21_NAME	Aumento Inferno comburente III
SKILL_MAGICIAN_ES3B22_DESC	Aumenta di 1 per punto le cariche di Ravvivato conferite da Inferno accumulabraci per ogni carica di Ustione in eccesso consumata.
SKILL_MAGICIAN_ES3B22_NAME	Aumento Inferno accumulabraci III
SKILL_MAGICIAN_ES3B25_DESC	Aumenta del 25% per punto il valore in cariche di Ustione del Gelo conteggiato da Inferno Incandescente.
SKILL_MAGICIAN_ES3B2_DESC	Aumenta di 2 per punto le cariche massime che Inferno può consumare.
SKILL_MAGICIAN_ES3B2_NAME	Aumento consumo massimo di Inferno II
SKILL_MAGICIAN_ES3B3_DESC	Aumenta di 2 per punto le cariche massime che Inferno può consumare.
SKILL_MAGICIAN_ES3B3_NAME	Aumento consumo massimo di Inferno III
SKILL_MAGICIAN_ES3U10_DESC	Inferno consuma anche il Gelo sui nemici vicini per aumentare danno e portata. Ogni carica di Gelo conta come il 25% di una carica di Ustione
SKILL_MAGICIAN_ES3U1_DESC	Inferno non infligge più danno all'impatto. Lascia invece una Tempesta di fuoco che infligge il 30% del danno di Inferno al secondo per 5 secondi.
SKILL_MAGICIAN_ES3U1_NAME	Tempesta di fuoco
SKILL_MAGICIAN_ES3U2_DESC	Inferno conferisce anche uno scudo protettivo agli alleati nella sua area, ma infligge il 30% di danno in meno
SKILL_MAGICIAN_ES3U2_NAME	Inferno schermante
SKILL_MAGICIAN_ES3U3_DESC	Inferno consuma anche le Fosse Ardenti nell'area, per un valore di 5 cariche di Ustione per fossa.
SKILL_MAGICIAN_ES3U3_NAME	Inferno delle fosse ardenti
SKILL_MAGICIAN_ES3U4_DESC	Inferno ottiene +50% area ma infligge il 50% di danno in meno.
SKILL_MAGICIAN_ES3U4_NAME	Inferno attenuato
SKILL_MAGICIAN_ES3U5_DESC	Se Inferno uccide un nemico, attiva un'esplosione più piccola nella posizione di quel nemico, infliggendo il 30% del Danno da fuoco di Inferno
SKILL_MAGICIAN_ES3U5_NAME	Inferno a cascata
SKILL_MAGICIAN_ES3U6_DESC	Ogni carica di Ustione consumata da Inferno aumenta il Danno da fuoco di Inferno di un ulteriore 2%, fino al 20%.
SKILL_MAGICIAN_ES3U6_NAME	Inferno comburente
SKILL_MAGICIAN_ES3U7_DESC	L'Ustione consumata oltre il limite di cariche che potenziano Inferno conferisce 1 carica di Ravvivato per ogni carica di Ustione in eccesso consumata.
SKILL_MAGICIAN_ES3U7_NAME	Inferno accumulabraci
SKILL_MAGICIAN_ES3U8_DESC	Inferno consuma fino a 10 delle tue cariche di Ravvivato al lancio. Ogni carica di Ravvivato consumata conta come 1 carica di Ustione per aumentare danno e portata di Inferno.
SKILL_MAGICIAN_ES3U9_DESC	Inferno infligge il 50% di Danno da fuoco e il 50% di Danno da ghiaccio. Inferno applica 1 carica di Gelo ai nemici colpiti ogni 5 cariche di Ustione consumate.
SKILL_MAGICIAN_ES3_DESC	Premi per lanciare. Assorbi Ustione dai nemici vicini e scatenala in una posizione bersaglio. Infligge Danno da fuoco a tutti i nemici e li interrompe. Il danno aumenta del 5% e la portata del 10% per carica di Ustione, fino a 10.
SKILL_MAGICIAN_START1_DESC	Premi per lanciare. Lancia una palla di fuoco contro un nemico, infliggendo Danno da fuoco e applicando Ustione.
SKILL_MAGICIAN_W10_NAME	Vincolatore del gelo
SKILL_MAGICIAN_W16_DESC	Aumenta il tuo danno contro i nemici storditi dell'8%. <x1/> Aumenta il tuo danno contro i nemici assiderati del 12%
SKILL_MAGICIAN_W16_NAME	Maestro del Ghiaccio
SKILL_MAGICIAN_W4_DESC	Aumenta il tuo Danno magico del 6% <x1/> Aumenta di 4 la Concentrazione che ottieni al colpo.
SKILL_MAGICIAN_W4_NAME	Accolito del Gelo
SKILL_MAGICIAN_WBL2R4_DESC	Quando applichi Gelo a un nemico, ottieni Danno magico bonus pari alla quantità di Gelo sul nemico per 5 secondi.
SKILL_MAGICIAN_WBL5R7_DESC	Ogni volta che i tuoi incantesimi consumano Gelo, riduci i tempi di recupero dei tuoi incantesimi dell'1% per carica consumata.
SKILL_MAGICIAN_WBR2R4_DESC	Quando applichi Gelo a un nemico, ottieni il 15% di Rigenerazione della concentrazione per 5 secondi.
SKILL_MAGICIAN_WBR5R7_DESC	Ogni volta che i tuoi incantesimi consumano Gelo su un nemico, applicagli per 5 secondi un Rallentamento pari alla potenza delle tue cariche consumate.
SKILL_MAGICIAN_WS1B12_DESC	Aumenta di 1 al secondo per punto il Gelo extra applicato da Tormenta Agghiacciante.
SKILL_MAGICIAN_WS1B13_DESC	Aumenta di 1 al secondo per punto il Vincolo gelido applicato da Tormenta del vincolo gelido.
SKILL_MAGICIAN_WS1B13_NAME	Aumento Tormenta del vincolo gelido I
SKILL_MAGICIAN_WS1B16_DESC	Aumenta di 1 al secondo per punto il Gelo extra applicato da Tormenta Agghiacciante.
SKILL_MAGICIAN_WS1B17_DESC	Aumenta di 1 al secondo per punto il Vincolo gelido applicato da Tormenta del vincolo gelido.
SKILL_MAGICIAN_WS1B17_NAME	Aumento Tormenta del vincolo gelido II
SKILL_MAGICIAN_WS1B1_DESC	Aumenta la durata di Tormenta di 0.5 secondi per punto.
SKILL_MAGICIAN_WS1B20_DESC	Aumenta di 1 al secondo per punto il Gelo extra applicato da Tormenta Agghiacciante.
SKILL_MAGICIAN_WS1B21_DESC	Aumenta di 1 al secondo per punto il Vincolo gelido applicato da Tormenta del vincolo gelido.
SKILL_MAGICIAN_WS1B21_NAME	Aumento Tormenta del vincolo gelido III
SKILL_MAGICIAN_WS1B2_DESC	Aumenta la durata di Tormenta di 0.5 secondi per punto.
SKILL_MAGICIAN_WS1B3_DESC	Aumenta la durata di Tormenta di 0.5 secondi per punto.
SKILL_MAGICIAN_WS1U1_DESC	Tormenta cerca e segue il nemico più vicino. Il raggio e il danno di Tormenta sono ridotti del 20%
SKILL_MAGICIAN_WS1U1_NAME	Tormenta inseguitrice
SKILL_MAGICIAN_WS1U2_DESC	Il raggio di Tormenta aumenta del 15%
SKILL_MAGICIAN_WS1U2_NAME	Tormenta costante
SKILL_MAGICIAN_WS1U3_DESC	Tormenta viene lanciata nella tua posizione e ti segue. Il suo raggio e il suo danno aumentano del 25%.
SKILL_MAGICIAN_WS1U3_NAME	Tormenta centrata
SKILL_MAGICIAN_WS1U4_DESC	Tormenta consuma fino a 10 cariche di Gelo per infliggere il 10% di Danno da ghiaccio in più per carica consumata. Tormenta non applica più Gelo e non crea più una Pozza di ghiaccio.
SKILL_MAGICIAN_WS1U5_DESC	Tormenta consuma fino a 10 delle tue cariche di Vincolo gelido al lancio. La durata di Tormenta aumenta di 0.5 secondi per ogni carica di Vincolo gelido consumata.
SKILL_MAGICIAN_WS1U6_DESC	Tormenta non infligge danno, ma applica 2 cariche aggiuntive di Gelo al secondo e ha un raggio aumentato del 50%.
SKILL_MAGICIAN_WS1U7_DESC	Tormenta applica 2 cariche di Vincolo gelido al secondo a tutti gli alleati al suo interno.
SKILL_MAGICIAN_WS1U7_NAME	Tormenta del vincolo gelido
SKILL_MAGICIAN_WS1_DESC	Premi per lanciare. Crea una tormenta in una posizione bersaglio. Infligge Danno da ghiaccio, applica Gelo ogni secondo e lascia una Pozza di ghiaccio.
SKILL_MAGICIAN_WS2B14_DESC	Aumenta di 1 per punto il Vincolo gelido conferito da Scivolata del vincolo gelido per ogni nemico assiderato colpito.
SKILL_MAGICIAN_WS2B14_NAME	Aumento Scivolata del vincolo gelido I
SKILL_MAGICIAN_WS2B19_DESC	Aumenta di 1 per punto il Vincolo gelido conferito da Scivolata del vincolo gelido per ogni nemico assiderato colpito.
SKILL_MAGICIAN_WS2B19_NAME	Aumento Scivolata del vincolo gelido II
SKILL_MAGICIAN_WS2B1_DESC	Aumenta del 10% per punto la velocità con cui ti muovi durante Scivolata gelida.
SKILL_MAGICIAN_WS2B1_NAME	Aumento velocità di Scivolata gelida I
SKILL_MAGICIAN_WS2B24_DESC	Aumenta di 1 per punto il Vincolo gelido conferito da Scivolata del vincolo gelido per ogni nemico assiderato colpito.
SKILL_MAGICIAN_WS2B24_NAME	Aumento Scivolata del vincolo gelido III
SKILL_MAGICIAN_WS2B2_DESC	Aumenta del 10% per punto la velocità con cui ti muovi durante Scivolata gelida.
SKILL_MAGICIAN_WS2B2_NAME	Aumento velocità di Scivolata gelida II
SKILL_MAGICIAN_WS2B3_DESC	Aumenta del 10% per punto la velocità con cui ti muovi durante Scivolata gelida.
SKILL_MAGICIAN_WS2B3_NAME	Aumento velocità di Scivolata gelida III
SKILL_MAGICIAN_WS2B5_DESC	Riduce il Tempo di recupero di Scivolata gelida del 10% per punto.
SKILL_MAGICIAN_WS2B7_DESC	Riduce il Tempo di recupero di Scivolata gelida del 10% per punto.
SKILL_MAGICIAN_WS2B9_DESC	Riduce il Tempo di recupero di Scivolata gelida del 10% per punto.
SKILL_MAGICIAN_WS2U1_DESC	Scivolata gelida ottiene 1 carica extra, consentendo 2 lanci. Il danno di Scivolata gelida è ridotto del 30%.
SKILL_MAGICIAN_WS2U1_NAME	Carica extra di Scivolata gelida
SKILL_MAGICIAN_WS2U2_DESC	Scivolata gelida consuma le Pozze di ghiaccio che attraversi, aumentando il Danno da ghiaccio di Scivolata gelida del 10% per Pozza di ghiaccio consumata. Scivolata gelida non lascia più Pozze di ghiaccio.
SKILL_MAGICIAN_WS2U2_NAME	Scivolata glaciale
SKILL_MAGICIAN_WS2U3_DESC	Scivolata gelida rinnova la durata del Gelo sui nemici colpiti, ma infligge il 20% di danno in meno.
SKILL_MAGICIAN_WS2U3_NAME	Scivolata ricongelante
SKILL_MAGICIAN_WS2U4_DESC	Scivolata gelida non ti sposta più. Invece, invii una scia gelida verso la posizione bersaglio che infligge Danno da ghiaccio, applica Gelo e lascia Pozze di ghiaccio.
SKILL_MAGICIAN_WS2U4_NAME	Scivolata ancorata
SKILL_MAGICIAN_WS2U5_DESC	Scivolata gelida consuma fino a 10 cariche di Gelo sui nemici per infliggere al nemico il 5% di danno in più per carica.
SKILL_MAGICIAN_WS2U6_DESC	Scivolata gelida applica 2 cariche aggiuntive di Gelo ai nemici colpiti
SKILL_MAGICIAN_WS2U7_DESC	Scivolata gelida consuma Gelo dai nemici colpiti per applicare 1 carica di Ustione ogni 4 cariche di Gelo consumate
SKILL_MAGICIAN_WS2U8_DESC	Al termine di Scivolata gelida, consuma fino a 10 delle tue cariche di Vincolo gelido per creare un'Ondata criogenica che infligge il 10% del danno di Scivolata gelida per carica di Vincolo gelido consumata.
SKILL_MAGICIAN_WS2U9_DESC	Scivolata gelida conferisce 2 cariche di Vincolo gelido per ogni nemico assiderato che colpisci. Scivolata gelida non applica più Gelo.
SKILL_MAGICIAN_WS2U9_NAME	Scivolata del vincolo gelido
SKILL_MAGICIAN_WS2_DESC	Premi per lanciare. Scatta nella direzione di movimento, infliggendo Danno da ghiaccio e applicando Gelo a tutti i nemici sul tuo percorso. Lascia Pozze di ghiaccio. Puoi controllarla durante il movimento.
SKILL_MAGICIAN_WS3B10_DESC	Aumenta del 10% per punto il danno inflitto dall'Onda di Shock di Giavellotto Frantumante.
SKILL_MAGICIAN_WS3B13_DESC	Aumenta del 2% per carica di Ustione consumata il bonus al Danno da ghiaccio conferito da Giavellotto di fuoco gelido e del 6% per punto il suo massimo.
SKILL_MAGICIAN_WS3B13_NAME	Aumento Giavellotto di fuoco gelido I
SKILL_MAGICIAN_WS3B14_DESC	Aumenta del 10% per punto il danno inflitto dai frammenti di Giavellotto scheggiante.
SKILL_MAGICIAN_WS3B14_NAME	Aumento Giavellotto scheggiante I
SKILL_MAGICIAN_WS3B15_DESC	Aumenta del 2% per carica di Vincolo gelido consumata il bonus al Danno da ghiaccio e all'Accumulo di stordimento conferito da Giavellotto Fratturante e del 6% per punto il suo massimo.
SKILL_MAGICIAN_WS3B16_DESC	Aumenta del 10% per punto il danno inflitto dall'Onda di Shock di Giavellotto Frantumante.
SKILL_MAGICIAN_WS3B19_DESC	Aumenta del 2% per carica di Ustione consumata il bonus al Danno da ghiaccio conferito da Giavellotto di fuoco gelido e del 6% per punto il suo massimo.
SKILL_MAGICIAN_WS3B19_NAME	Aumento Giavellotto di fuoco gelido II
SKILL_MAGICIAN_WS3B20_DESC	Aumenta del 10% per punto il danno inflitto dai frammenti di Giavellotto scheggiante.
SKILL_MAGICIAN_WS3B20_NAME	Aumento Giavellotto scheggiante II
SKILL_MAGICIAN_WS3B21_DESC	Aumenta del 2% per carica di Vincolo gelido consumata il bonus al Danno da ghiaccio e all'Accumulo di stordimento conferito da Giavellotto Fratturante e del 6% per punto il suo massimo.
SKILL_MAGICIAN_WS3B22_DESC	Aumenta del 10% per punto il danno inflitto dall'Onda di Shock di Giavellotto Frantumante.
SKILL_MAGICIAN_WS3B25_DESC	Aumenta del 2% per carica di Ustione consumata il bonus al Danno da ghiaccio conferito da Giavellotto di fuoco gelido e del 6% per punto il suo massimo.
SKILL_MAGICIAN_WS3B25_NAME	Aumento Giavellotto di fuoco gelido III
SKILL_MAGICIAN_WS3B26_DESC	Aumenta del 10% per punto il danno inflitto dai frammenti di Giavellotto scheggiante.
SKILL_MAGICIAN_WS3B26_NAME	Aumento Giavellotto scheggiante III
SKILL_MAGICIAN_WS3B27_DESC	Aumenta del 2% per carica di Vincolo gelido consumata il bonus al Danno da ghiaccio e all'Accumulo di stordimento conferito da Giavellotto Fratturante e del 6% per punto il suo massimo.
SKILL_MAGICIAN_WS3B4_DESC	Aumenta del 10% per punto l'Accumulo di stordimento inflitto da Giavellotto gelido.
SKILL_MAGICIAN_WS3B4_NAME	Aumento Accumulo di stordimento di Giavellotto gelido I
SKILL_MAGICIAN_WS3B5_DESC	Aumenta di 2 per punto le cariche massime consumate da Giavellotto gelido.
SKILL_MAGICIAN_WS3B5_NAME	Aumento consumo massimo di Giavellotto gelido I
SKILL_MAGICIAN_WS3B6_DESC	Aumenta del 10% per punto l'Accumulo di stordimento inflitto da Giavellotto gelido.
SKILL_MAGICIAN_WS3B6_NAME	Aumento Accumulo di stordimento di Giavellotto gelido II
SKILL_MAGICIAN_WS3B7_DESC	Aumenta di 2 per punto le cariche massime consumate da Giavellotto gelido.
SKILL_MAGICIAN_WS3B7_NAME	Aumento consumo massimo di Giavellotto gelido II
SKILL_MAGICIAN_WS3B8_DESC	Aumenta del 10% per punto l'Accumulo di stordimento inflitto da Giavellotto gelido.
SKILL_MAGICIAN_WS3B8_NAME	Aumento Accumulo di stordimento di Giavellotto gelido III
SKILL_MAGICIAN_WS3B9_DESC	Aumenta di 2 per punto le cariche massime consumate da Giavellotto gelido.
SKILL_MAGICIAN_WS3B9_NAME	Aumento consumo massimo di Giavellotto gelido III
SKILL_MAGICIAN_WS3U10_DESC	Ogni 2 cariche di Gelo consumate, Giavellotto gelido lancia 1 frammento contro un nemico vicino, infliggendo il 20% del danno di Giavellotto gelido.
SKILL_MAGICIAN_WS3U10_NAME	Giavellotto scheggiante
SKILL_MAGICIAN_WS3U11_DESC	Giavellotto gelido consuma fino a 10 delle tue cariche di Vincolo gelido al lancio. Per ogni carica di Vincolo gelido consumata, Giavellotto gelido infligge il 5% di Danno da ghiaccio e il 5% di Accumulo di stordimento in più, fino al 50%.
SKILL_MAGICIAN_WS3U1_DESC	Giavellotto gelido si frantuma all'impatto, infliggendo danno in un cono dietro il bersaglio.
SKILL_MAGICIAN_WS3U1_NAME	Giavellotto Scindente
SKILL_MAGICIAN_WS3U2_DESC	Giavellotto gelido attraversa i nemici, infliggendo danno a ogni nemico attraversato.
SKILL_MAGICIAN_WS3U3_DESC	La velocità del proiettile di Giavellotto gelido aumenta del 20%.
SKILL_MAGICIAN_WS3U3_NAME	Giavellotto costante
SKILL_MAGICIAN_WS3U4_DESC	Giavellotto gelido viaggia il 25% più lentamente, ma infligge il 25% di Danno da ghiaccio e il 25% di Accumulo di stordimento in più.
SKILL_MAGICIAN_WS3U4_NAME	Giavellotto pesante
SKILL_MAGICIAN_WS3U5_DESC	Giavellotto gelido diventa un incantesimo da canalizzare tenendo premuto. Durante la canalizzazione, lancia senza sosta Giavellotti gelidi minori che infliggono il 25% del danno e consumano il 50% in meno di cariche massime di Gelo per colpo. Il tempo di recupero si riduce a 3 secondi.
SKILL_MAGICIAN_WS3U5_NAME	Giavellotto canalizzato
SKILL_MAGICIAN_WS3U6_DESC	Giavellotto gelido rilascia un'Onda di Shock all'impatto, infliggendo il 50% del danno di Giavellotto gelido ai nemici vicini e al primo nemico colpito. Il danno e il raggio dell'Onda di Shock aumentano in base al Gelo consumato dal primo bersaglio colpito
SKILL_MAGICIAN_WS3U7_DESC	Giavellotto gelido consuma Gelo dal primo nemico colpito per applicare 1 carica di Ustione ogni 4 cariche di Gelo consumate.
SKILL_MAGICIAN_WS3U8_DESC	Giavellotto gelido non consuma più Gelo, ma applica 5 cariche di Gelo ai nemici colpiti.
SKILL_MAGICIAN_WS3U9_DESC	Giavellotto gelido consuma fino a 10 cariche di Ustione dal primo nemico colpito. Per ogni carica di Ustione consumata, Giavellotto gelido infligge il 4% di Danno da ghiaccio in più, fino al 40%.
SKILL_MAGICIAN_WS3U9_NAME	Giavellotto di fuoco gelido
SKILL_MAGICIAN_WS3_DESC	Tieni premuto per caricare. Rilascia per lanciare un giavellotto di ghiaccio, infliggendo Danno da ghiaccio e consumando fino a 10 cariche di Gelo dal bersaglio per il 4% di danno e Accumulo di stordimento extra per carica. I nemici colpiti vengono rallentati del 30% per 6 secondi.
SKILL_MINOTAUR_N10_NAME	Fervore bovino
SKILL_MINOTAUR_N16_DESC	Aumenta il tuo danno contro i nemici sanguinanti del 12%.<x1/> Aumenta di 2 la Furia massima che puoi accumulare.
SKILL_MINOTAUR_N16_NAME	Possanza di Xwin
SKILL_MINOTAUR_N4_DESC	Aumenta la tua Salute massima di 15. <x1/> Aumenta il tuo Danno da taglio del 6%
SKILL_MINOTAUR_N4_NAME	Sangue di Minotauro
SKILL_MINOTAUR_NBL2R4_DESC	Una Rappresaglia riuscita ti conferisce 5 Furia.
SKILL_MINOTAUR_NBL2R4_NAME	Rappresaglia Infuriante
SKILL_MINOTAUR_NBL5R7_DESC	Una Rappresaglia riuscita ti conferisce il 15% di Velocità d'attacco per 6 secondi.
SKILL_MINOTAUR_NBR2R4_DESC	Il terzo attacco del Minotauro ripristina il 20% del tuo Vigore massimo se colpisce un nemico
SKILL_MINOTAUR_NBR5R7_DESC	Quando colpisci un nemico con 10 o più cariche di Sanguinamento, ottieni +15% Probabilità di critico per 5 secondi.
SKILL_MINOTAUR_NS1B10_DESC	Aumenta del 2% per punto l'Accumulo di stordimento ottenuto per carica di Sanguinamento consumata e del 6% per punto l'aumento massimo dell'Accumulo di stordimento.
SKILL_MINOTAUR_NS1B10_NAME	Aumento Carica Mietente I
SKILL_MINOTAUR_NS1B11_DESC	Aumenta di 1 il Sanguinamento applicato da Carica Lacerante, o di 2 se vicino alla distanza massima.
SKILL_MINOTAUR_NS1B11_NAME	Aumento Carica Lacerante I
SKILL_MINOTAUR_NS1B12_DESC	Carica Infuriante conferisce 1 Furia aggiuntiva per punto.
SKILL_MINOTAUR_NS1B12_NAME	Aumento Carica Infuriante I
SKILL_MINOTAUR_NS1B13_DESC	Aumenta del 2% per punto il danno di Carica Furente per carica consumata, fino a un massimo di +8%.
SKILL_MINOTAUR_NS1B13_NAME	Aumento Carica Furente I
SKILL_MINOTAUR_NS1B14_DESC	Aumenta del 2% per punto l'Accumulo di stordimento ottenuto per carica di Sanguinamento consumata e del 6% per punto l'aumento massimo dell'Accumulo di stordimento.
SKILL_MINOTAUR_NS1B14_NAME	Aumento Carica Mietente II
SKILL_MINOTAUR_NS1B15_DESC	Aumenta di 1 il Sanguinamento applicato da Carica Lacerante, o di 2 se vicino alla distanza massima.
SKILL_MINOTAUR_NS1B15_NAME	Aumento Carica Lacerante II
SKILL_MINOTAUR_NS1B16_DESC	Carica Infuriante conferisce 1 Furia aggiuntiva per punto.
SKILL_MINOTAUR_NS1B16_NAME	Aumento Carica Infuriante II
SKILL_MINOTAUR_NS1B17_DESC	Aumenta del 2% per punto il danno di Carica Furente per carica consumata, fino a un massimo di +8%.
SKILL_MINOTAUR_NS1B17_NAME	Aumento Carica Furente II
SKILL_MINOTAUR_NS1B18_DESC	Aumenta del 2% per punto l'Accumulo di stordimento ottenuto per carica di Sanguinamento consumata e del 6% per punto l'aumento massimo dell'Accumulo di stordimento.
SKILL_MINOTAUR_NS1B18_NAME	Aumento Carica Mietente III
SKILL_MINOTAUR_NS1B19_DESC	Aumenta di 1 il Sanguinamento applicato da Carica Lacerante, o di 2 se vicino alla distanza massima.
SKILL_MINOTAUR_NS1B19_NAME	Aumento Carica Lacerante III
SKILL_MINOTAUR_NS1B1_DESC	Aumenta del 10% per punto il raggio del danno di Onda di Shock di Cornu.
SKILL_MINOTAUR_NS1B1_NAME	Aumento dimensioni di Onda di Shock di Cornu I
SKILL_MINOTAUR_NS1B20_DESC	Carica Infuriante conferisce 1 Furia aggiuntiva per punto.
SKILL_MINOTAUR_NS1B20_NAME	Aumento Carica Infuriante III
SKILL_MINOTAUR_NS1B21_DESC	Aumenta del 2% per punto il danno di Carica Furente per carica consumata, fino a un massimo di +8%.
SKILL_MINOTAUR_NS1B21_NAME	Aumento Carica Furente III
SKILL_MINOTAUR_NS1B2_DESC	Aumenta del 10% per punto il raggio del danno di Onda di Shock di Cornu.
SKILL_MINOTAUR_NS1B2_NAME	Aumento dimensioni di Onda di Shock di Cornu II
SKILL_MINOTAUR_NS1B3_DESC	Aumenta del 10% per punto il raggio del danno di Onda di Shock di Cornu.
SKILL_MINOTAUR_NS1B3_NAME	Aumento dimensioni di Onda di Shock di Cornu III
SKILL_MINOTAUR_NS1B5_DESC	Aumenta del 5% per punto la distanza massima percorsa da Carica di Cornu.
SKILL_MINOTAUR_NS1B5_NAME	Aumento portata di Carica di Cornu I
SKILL_MINOTAUR_NS1B7_DESC	Aumenta del 5% per punto la distanza massima percorsa da Carica di Cornu.
SKILL_MINOTAUR_NS1B7_NAME	Aumento portata di Carica di Cornu II
SKILL_MINOTAUR_NS1B9_DESC	Aumenta del 5% per punto la distanza massima percorsa da Carica di Cornu.
SKILL_MINOTAUR_NS1B9_NAME	Aumento portata di Carica di Cornu III
SKILL_MINOTAUR_NS1U1_DESC	Carica di Cornu rimborsa il 35% del proprio tempo di recupero quando colpisce un nemico sanguinante.
SKILL_MINOTAUR_NS1U1_NAME	Carica dell'odore del sangue
SKILL_MINOTAUR_NS1U2_DESC	Carica di Cornu infligge il 50% di danno extra ai bersagli storditi.
SKILL_MINOTAUR_NS1U2_NAME	Amplificazione della carica contro storditi
SKILL_MINOTAUR_NS1U3_DESC	Carica di Cornu consuma il Sanguinamento sul nemico colpito per ottenere il 5% di Accumulo di stordimento aggiuntivo per carica di Sanguinamento consumata, fino al 50%.
SKILL_MINOTAUR_NS1U3_NAME	Carica Mietente
SKILL_MINOTAUR_NS1U4_DESC	Carica di Cornu applica 3 cariche di Sanguinamento al nemico colpito e altre 2 se vicino alla distanza massima.
SKILL_MINOTAUR_NS1U4_NAME	Carica Lacerante
SKILL_MINOTAUR_NS1U5_DESC	Carica di Cornu conferisce 5 Furia quando colpisce un nemico.
SKILL_MINOTAUR_NS1U5_NAME	Carica Infuriante
SKILL_MINOTAUR_NS1U6_DESC	Carica di Cornu consuma Furia per infliggere il 5% di danno in più per carica di Furia, fino a un aumento del 50%.
SKILL_MINOTAUR_NS1U6_NAME	Carica Furente
SKILL_MINOTAUR_NS1_DESC	Carica di Cornu ora infligge danno in un'area più ampia all'impatto.
SKILL_MINOTAUR_NS1_NAME	Onda di Shock di Cornu
SKILL_MINOTAUR_NS2B10_DESC	Aumenta di 1 per punto il Sanguinamento applicato da Vortice.
SKILL_MINOTAUR_NS2B11_DESC	Aumenta la durata di Tornado di 0.5 secondi per punto.
SKILL_MINOTAUR_NS2B11_NAME	Aumento durata di Tornado II
SKILL_MINOTAUR_NS2B12_DESC	Aumenta la distanza percorsa da Vortice del 7% per punto.
SKILL_MINOTAUR_NS2B12_NAME	Aumento portata di Vortice III
SKILL_MINOTAUR_NS2B14_DESC	Aumenta di 1 per punto il Sanguinamento applicato da Vortice.
SKILL_MINOTAUR_NS2B15_DESC	Aumenta la durata di Tornado di 0.5 secondi per punto.
SKILL_MINOTAUR_NS2B15_NAME	Aumento durata di Tornado III
SKILL_MINOTAUR_NS2B17_DESC	Aumenta del 2% per punto il raggio ottenuto per carica consumata e l'aumento massimo di Vortice Furente.
SKILL_MINOTAUR_NS2B20_DESC	Aumenta del 2% per punto il raggio ottenuto per carica consumata e l'aumento massimo di Vortice Furente.
SKILL_MINOTAUR_NS2B23_DESC	Aumenta del 2% per punto il raggio ottenuto per carica consumata e l'aumento massimo di Vortice Furente.
SKILL_MINOTAUR_NS2B4_DESC	Aumenta la distanza percorsa da Vortice del 7% per punto.
SKILL_MINOTAUR_NS2B4_NAME	Aumento portata di Vortice I
SKILL_MINOTAUR_NS2B6_DESC	Aumenta di 1 per punto il Sanguinamento applicato da Vortice.
SKILL_MINOTAUR_NS2B7_DESC	Aumenta la durata di Tornado di 0.5 secondi per punto.
SKILL_MINOTAUR_NS2B7_NAME	Aumento durata di Tornado I
SKILL_MINOTAUR_NS2B8_DESC	Aumenta la distanza percorsa da Vortice del 7% per punto.
SKILL_MINOTAUR_NS2B8_NAME	Aumento portata di Vortice II
SKILL_MINOTAUR_NS2U1_DESC	Vortice può essere rilanciato entro un breve intervallo. Il danno del secondo lancio è ridotto del 50%.
SKILL_MINOTAUR_NS2U2_DESC	Aumenta il raggio di Vortice del 30%, ma non esegue più uno scatto
SKILL_MINOTAUR_NS2U2_NAME	Vortice stabile
SKILL_MINOTAUR_NS2U3_DESC	Vortice non esegue più uno scatto. Puoi muoverti mentre ruoti e l'effetto persiste per 4 secondi.
SKILL_MINOTAUR_NS2U3_NAME	Tornado
SKILL_MINOTAUR_NS2U4_DESC	Vortice conferisce 2 Furia per ogni nemico colpito.
SKILL_MINOTAUR_NS2U5_DESC	Vortice consuma Furia per aumentare il proprio raggio d'impatto del 4% per carica di Furia consumata, fino a un aumento del 40%.
SKILL_MINOTAUR_NS2U6_DESC	Vortice non applica più Sanguinamento. Consuma invece il Sanguinamento sui nemici colpiti per infliggere il 5% di danno in più per carica di Sanguinamento consumata, fino a un aumento del 50%.
SKILL_MINOTAUR_NS2_DESC	Premi per lanciare. Ruota verso il bersaglio, infliggendo Danno da taglio e applicando Sanguinamento a tutti i nemici sul tuo percorso.
SKILL_MINOTAUR_NS3B11_DESC	Aumenta la Penetrazione dell'armatura di Fendente Furente del 2% per Furia consumata per punto.
SKILL_MINOTAUR_NS3B13_DESC	Aumenta di 1 per punto il Sanguinamento applicato ogni 3 Furia consumate.
SKILL_MINOTAUR_NS3B15_DESC	Aumenta la Penetrazione dell'armatura di Fendente Furente del 2% per Furia consumata per punto.
SKILL_MINOTAUR_NS3B17_DESC	Aumenta di 1 per punto il Sanguinamento applicato ogni 3 Furia consumate.
SKILL_MINOTAUR_NS3B19_DESC	Aumenta la Penetrazione dell'armatura di Fendente Furente del 2% per Furia consumata per punto.
SKILL_MINOTAUR_NS3B21_DESC	Aumenta di 1 per punto il Sanguinamento applicato ogni 3 Furia consumate.
SKILL_MINOTAUR_NS3B4_DESC	Aumenta del 10% per punto la velocità di carica di Fendente veemente.
SKILL_MINOTAUR_NS3B4_NAME	Aumento velocità di carica di Fendente veemente I
SKILL_MINOTAUR_NS3B6_DESC	Aumenta del 10% per punto la velocità di carica di Fendente veemente.
SKILL_MINOTAUR_NS3B6_NAME	Aumento velocità di carica di Fendente veemente II
SKILL_MINOTAUR_NS3B8_DESC	Aumenta del 10% per punto la velocità di carica di Fendente veemente.
SKILL_MINOTAUR_NS3B8_NAME	Aumento velocità di carica di Fendente veemente III
SKILL_MINOTAUR_NS3U1_DESC	Fendente veemente infligge il 30% di danno in più ai nemici sotto il 40% di Salute, ma il 30% in meno ai nemici sopra il 60%
SKILL_MINOTAUR_NS3U1_NAME	Fendente esecutore
SKILL_MINOTAUR_NS3U2_DESC	Fendente veemente infligge Danno contundente, ma infligge il 30% di danno in meno.
SKILL_MINOTAUR_NS3U3_DESC	Se Fendente veemente colpisce almeno un nemico con una carica elevata, sferra un secondo fendente più debole dopo un breve ritardo, con il 50% del danno. Il colpo iniziale di Fendente veemente infligge il 20% di danno in meno.
SKILL_MINOTAUR_NS3U4_DESC	Fendente veemente non consuma più Furia. Conferisce invece 2 Furia per ogni nemico colpito, più altre 2 Furia se rilasciato a carica completa.
SKILL_MINOTAUR_NS3U5_DESC	Fendente veemente ignora il 4% dell'Armatura nemica per Furia consumata, fino al 40%
SKILL_MINOTAUR_NS3U6_DESC	Fendente veemente consuma il Sanguinamento sui nemici colpiti per infliggere il 5% di danno in più per carica di Sanguinamento consumata, fino a un aumento del 50%.
SKILL_MINOTAUR_NS3U7_DESC	Fendente veemente applica 1 carica di Sanguinamento a tutti i nemici colpiti ogni 3 Furia consumate.
SKILL_MINOTAUR_NS3_DESC	Tieni premuto per caricare. Rilascia per sferrare un fendente frontale che cresce con il tempo di carica, infliggendo Danno da taglio e respingendo i nemici. Consuma fino a 10 Furia per aumentare il danno, con maggiori benefici a carica più alta. Interrompe i nemici colpiti.
SKILL_MINOTAUR_S10_DESC	Aumenta l'Accumulo di stordimento del 10% <x1/> Aumenta la tua Celerità magica di 4.
SKILL_MINOTAUR_S10_NAME	Voce dell'oratore della terra
SKILL_MINOTAUR_S16_DESC	Aumenta il tuo danno contro i nemici storditi dell'8%. <x1/> Aumenta il tuo danno contro i nemici con Salute massima del 10%.
SKILL_MINOTAUR_S16_NAME	Possanza spaccaterra
SKILL_MINOTAUR_S4_DESC	Aumenta la tua Concentrazione massima di 6. <x1/> Aumenta il tuo Danno contundente del 6%
SKILL_MINOTAUR_S4_NAME	Forza bestiale
SKILL_MINOTAUR_SBL2R4_DESC	Aumenta la tua rigenerazione della concentrazione al colpo del 2% per Furia.
SKILL_MINOTAUR_SBL5R7_DESC	Quando stordisci un nemico, ottieni 2 Furia.
SKILL_MINOTAUR_SBR2R4_DESC	Rappresaglia attira i nemici anziché respingerli
SKILL_MINOTAUR_SBR2R4_NAME	Rappresaglia invertente
SKILL_MINOTAUR_SBR5R7_DESC	La tua rigenerazione del vigore aumenta del 2% per carica di Furia.
SKILL_MINOTAUR_SS1B10_DESC	Aumenta di 2 per punto la Furia ottenuta con Masso Infuriante.
SKILL_MINOTAUR_SS1B10_NAME	Aumento Masso Infuriante I
SKILL_MINOTAUR_SS1B11_DESC	Aumenta dell'1% per punto l'Accumulo di stordimento aggiuntivo di Masso Furente e del 3% il massimo.
SKILL_MINOTAUR_SS1B11_NAME	Aumento Masso Furente I
SKILL_MINOTAUR_SS1B12_DESC	Aumenta di 2 per punto la Furia ottenuta con Masso Infuriante.
SKILL_MINOTAUR_SS1B12_NAME	Aumento Masso Infuriante II
SKILL_MINOTAUR_SS1B13_DESC	Aumenta dell'1% per punto l'Accumulo di stordimento aggiuntivo di Masso Furente e del 3% il massimo.
SKILL_MINOTAUR_SS1B13_NAME	Aumento Masso Furente II
SKILL_MINOTAUR_SS1B14_DESC	Aumenta di 2 per punto la Furia ottenuta con Masso Infuriante.
SKILL_MINOTAUR_SS1B14_NAME	Aumento Masso Infuriante III
SKILL_MINOTAUR_SS1B15_DESC	Aumenta dell'1% per punto l'Accumulo di stordimento aggiuntivo di Masso Furente e del 3% il massimo.
SKILL_MINOTAUR_SS1B15_NAME	Aumento Masso Furente III
SKILL_MINOTAUR_SS1U1_DESC	Il masso si frantuma all'impatto, spargendo ulteriori frammenti dannosi.
SKILL_MINOTAUR_SS1U1_NAME	Masso Frantumante
SKILL_MINOTAUR_SS1U2_DESC	Il tuo Lancio di masso lascia una Pozza d'Olio.
SKILL_MINOTAUR_SS1U2_NAME	Masso d'olio
SKILL_MINOTAUR_SS1U3_DESC	Tempo di recupero ridotto a 4 secondi, ma la portata si riduce a quella da mischia e Lancio di masso infligge il 20% di danno in meno.
SKILL_MINOTAUR_SS1U3_NAME	Schianto di masso
SKILL_MINOTAUR_SS1U4_DESC	Lancio di masso conferisce 5 Furia se colpisce almeno 1 nemico.
SKILL_MINOTAUR_SS1U4_NAME	Masso Infuriante
SKILL_MINOTAUR_SS1U5_DESC	Lancio di masso consuma Furia per aumentare il proprio Accumulo di stordimento del 3% per Furia consumata, fino al 30%.
SKILL_MINOTAUR_SS1U5_NAME	Masso Furente
SKILL_MINOTAUR_SS1_DESC	Premi per lanciare. Scaglia un masso gigante nella posizione bersaglio, infliggendo Danno contundente e interrompendo tutti i nemici colpiti.
SKILL_MINOTAUR_SS2B10_DESC	Aumenta dell'1% per punto l'Accumulo di stordimento aggiuntivo e massimo di Carica travolgente Furente.
SKILL_MINOTAUR_SS2B13_DESC	Aumenta dell'1% per punto l'Accumulo di stordimento aggiuntivo e massimo di Carica travolgente Furente.
SKILL_MINOTAUR_SS2B16_DESC	Aumenta dell'1% per punto l'Accumulo di stordimento aggiuntivo e massimo di Carica travolgente Furente.
SKILL_MINOTAUR_SS2B5_NAME	Aumento Accumulo di stordimento di Carica sismica I
SKILL_MINOTAUR_SS2B7_NAME	Aumento Accumulo di stordimento di Carica sismica II
SKILL_MINOTAUR_SS2B9_NAME	Aumento Accumulo di stordimento di Carica sismica III
SKILL_MINOTAUR_SS2U1_DESC	Le Onde di Shock ora rallentano i nemici colpiti del 50%.
SKILL_MINOTAUR_SS2U1_NAME	Carica travolgente frastornante
SKILL_MINOTAUR_SS2U2_DESC	Carica sismica non richiede più canalizzazione. Rilascia invece automaticamente le sue Onde di Shock dopo il lancio, ma resta sul posto.
SKILL_MINOTAUR_SS2U2_NAME	Carica travolgente remota
SKILL_MINOTAUR_SS2U3_DESC	Aumenta il raggio di Carica sismica del 30%, ma riduce il suo danno per impulso del 20%
SKILL_MINOTAUR_SS2U3_NAME	Carica travolgente espansiva
SKILL_MINOTAUR_SS2U4_DESC	Riduce il raggio di Carica sismica del 35%, ma aumenta il suo danno del 15%.
SKILL_MINOTAUR_SS2U5_DESC	Carica sismica consuma Furia per aumentare il proprio Accumulo di stordimento del 3% per Furia consumata, fino al 30%
SKILL_MINOTAUR_SS2U6_DESC	Carica sismica conferisce 2 Furia per ogni nemico colpito da ciascuna Onda di Shock.
SKILL_MINOTAUR_SS2U7_DESC	Carica sismica consuma il Sanguinamento sui nemici colpiti per infliggere il 5% di danno in più per carica di Sanguinamento consumata, fino a un massimo del 50%
SKILL_MINOTAUR_SS2_DESC	Tieni premuto per canalizzare. Emetti Onde di Shock che si espandono nel terreno, infliggendo Danno contundente ogni secondo ai nemici entro il raggio. Durante la canalizzazione, ottieni il 50% di Armatura e Resistenza in più.
SKILL_MINOTAUR_SS3B10_DESC	Aumenta la Penetrazione dell'armatura di Sisma Furente del 2% per Furia consumata e il massimo del 4%.
SKILL_MINOTAUR_SS3B11_DESC	Aumenta di 1 per punto il Sanguinamento applicato per pilastro da Sisma Lacerante.
SKILL_MINOTAUR_SS3B14_DESC	Aumenta la Penetrazione dell'armatura di Sisma Furente del 2% per Furia consumata e il massimo del 4%.
SKILL_MINOTAUR_SS3B15_DESC	Aumenta di 1 per punto il Sanguinamento applicato per pilastro da Sisma Lacerante.
SKILL_MINOTAUR_SS3B18_DESC	Aumenta la Penetrazione dell'armatura di Sisma Furente del 2% per Furia consumata e il massimo del 4%.
SKILL_MINOTAUR_SS3B19_DESC	Aumenta di 1 per punto il Sanguinamento applicato per pilastro da Sisma Lacerante.
SKILL_MINOTAUR_SS3B6_NAME	Aumento danno di Sisma del Tiranno IV
SKILL_MINOTAUR_SS3U1_DESC	Le Onde di Shock di Sisma del Tiranno attirano i nemici verso di te e la sua direzione è invertita.
SKILL_MINOTAUR_SS3U1_NAME	Sisma inverso
SKILL_MINOTAUR_SS3U2_DESC	Riduce il tempo di carica di Sisma del Tiranno del 60%, ma riduce il danno del 25%
SKILL_MINOTAUR_SS3U2_NAME	Sisma rapido
SKILL_MINOTAUR_SS3U3_DESC	Aumenta il Danno da stordimento di Sisma del Tiranno del 60%, ma riduce il danno del 30%
SKILL_MINOTAUR_SS3U3_NAME	Sisma concussivo
SKILL_MINOTAUR_SS3U4_DESC	Aumenta il tempo massimo di carica e il danno potenziale di Sisma del Tiranno del 50%.
SKILL_MINOTAUR_SS3U5_DESC	Sisma del Tiranno non consuma più Furia. Conferisce invece 2 Furia per ogni nemico colpito.
SKILL_MINOTAUR_SS3U6_DESC	Sisma del Tiranno ignora il 4% dell'Armatura nemica per Furia consumata, fino al 40%.
SKILL_MINOTAUR_SS3U7_DESC	Ogni pilastro di Sisma del Tiranno applica 1 carica di Sanguinamento ogni 3 Furia consumate al lancio.
SKILL_MINOTAUR_SS3U8_DESC	Sisma del Tiranno consuma il Sanguinamento sui nemici colpiti per infliggere il 5% di danno in più per carica di Sanguinamento consumata, fino a un massimo del 50%.
SKILL_MINOTAUR_SS3_DESC	Tieni premuto per caricare. Rilascia per inviare scosse consecutive nel terreno, ciascuna delle quali infligge Danno contundente con Accumulo di stordimento aumentato. Consuma fino a 10 Furia al lancio, aumentando l'Accumulo di stordimento di ogni scossa del 3% per Furia consumata.
SKILL_MINOTAUR_START1_DESC	Premi per lanciare. Carica nella direzione bersaglio, infliggendo Danno contundente al primo mostro colpito e rilasciando un'Onda di Shock che danneggia e interrompe i nemici vicini. Il danno aumenta con la distanza percorsa.
SKILL_NIGHTSWHISPER_EBL1_DESC	Aumenta la durata del tuo Sanguinamento di 2 secondi. <x1/> Aumenta il tuo Danno critico contro i nemici sanguinanti del 18%
SKILL_NIGHTSWHISPER_EBL1_NAME	Lame sussurranti
SKILL_NIGHTSWHISPER_EBR1_DESC	Aumenta la durata dei tuoi Cloni d'ombra di 1.5 secondi. <x1/> Aumenta il tuo Danno critico contro i nemici riecheggiati del 18%
SKILL_NIGHTSWHISPER_EBR1_NAME	Ombra degli echi
SKILL_NIGHTSWHISPER_HWYNE_DESC	Aumenta il tuo danno contro i nemici sotto il 40% di Salute del 10%. <x1/> Aumenta la tua Velocità d'attacco del 6%
SKILL_NIGHTSWHISPER_HWYNE_NAME	Sussurro abbattente
SKILL_NIGHTSWHISPER_HWYNW_NAME	Passaggio senza respiro
SKILL_NIGHTSWHISPER_HWYSE1_DESC	Aumenta il tuo danno contro i nemici affetti da Eco temporale del 6%
SKILL_NIGHTSWHISPER_HWYSE_DESC	Aumenta il tuo danno contro i nemici affetti da Eco temporale del 12% <x1/> Aumenta la tua Probabilità di critico del 4%
SKILL_NIGHTSWHISPER_HWYSE_NAME	Marchiato nel silenzio
SKILL_NIGHTSWHISPER_HWYSW_DESC	Aumenta la tua Velocità di movimento del 4% <x1/> Aumenta il tuo Danno critico del 12%
SKILL_NIGHTSWHISPER_HWYSW_NAME	Taglio dissolvente
SKILL_NIGHTSWHISPER_KEYSTONENE_DESC	Uscire dalla Furtività conferisce Fantasma dai Molti Tagli per 5 secondi. Mentre Fantasma dai Molti Tagli è attivo, il tuo Attacco finale contro un nemico con almeno 10 cariche di Sanguinamento consuma 10 cariche di Sanguinamento dal bersaglio, crea un Clone d'ombra vicino a quel nemico per 8 secondi, poi invia i Cloni d'ombra vicini, incluso quello creato, a colpire quel nemico. Questo effetto ha un tempo di recupero di 12 secondi.
SKILL_NIGHTSWHISPER_KEYSTONENE_NAME	Fantasma dai Molti Tagli
SKILL_NIGHTSWHISPER_KEYSTONENW_DESC	Quando consumi Sanguinamento o Veleno da un nemico, ottieni Colpo doppio pari al Sanguinamento o Veleno consumato, fino a 10. Questo effetto ha un tempo di recupero di 10 secondi.
SKILL_NIGHTSWHISPER_KEYSTONESE_DESC	Quando consumi Eco temporale da un nemico, se ne vengono consumate almeno 5 cariche, crea un Clone d'ombra vicino a quel nemico per 8 secondi, poi invia i Cloni d'ombra vicini, incluso quello creato, ad attaccare quel nemico. Questo effetto ha un tempo di recupero di 10 secondi.
SKILL_NIGHTSWHISPER_KEYSTONESW_DESC	Quando viene consumato Veleno da un nemico, applica Eco temporale pari al Veleno consumato, fino a 10. Se vengono consumate almeno 5 cariche di Veleno, crea una Scarica di Decadimento attorno al bersaglio. Questo effetto ha un tempo di recupero di 6 secondi.
SKILL_NIGHTSWHISPER_NBL1_NAME	Duellante settico
SKILL_NIGHTSWHISPER_NBR1_NAME	Mille tagli
SKILL_NIGHTSWHISPER_SBL1_DESC	Aumenta la durata della tua Eco temporale di 2 secondi. <x1/> Aumenta di 3 l'Eco temporale massima che puoi applicare.
SKILL_NIGHTSWHISPER_SBL1_NAME	Marciume delle ere
SKILL_NIGHTSWHISPER_SBR1_NAME	Sussurro vincolato all'etere
SKILL_NIGHTSWHISPER_WBL1_NAME	Tossine del velo notturno
SKILL_NIGHTSWHISPER_WBR1_DESC	Aumenta il tuo Danno critico del 18% <x1/> Aumenta di 2 il Colpo doppio massimo che puoi ottenere.
SKILL_NIGHTSWHISPER_WBR1_NAME	Colpi gemelli
SKILL_PHASEDUELIST_EBL1_DESC	Aumenta il danno dei tuoi Attacchi del 12% <x1/> Aumenta la tua Probabilità di critico contro i nemici storditi del 12%
SKILL_PHASEDUELIST_EBL1_NAME	Flusso marziale elfico
SKILL_PHASEDUELIST_EBR1_NAME	Forza temporale
SKILL_PHASEDUELIST_HWYNE_DESC	Aumenta il tuo danno contro i nemici sotto il 40% di Salute del 10%. <x1/> Aumenta l'Accumulo di stordimento del 10%
SKILL_PHASEDUELIST_HWYNE_NAME	Opportunità in chiusura
SKILL_PHASEDUELIST_HWYNW_NAME	Guardia sfocata
SKILL_PHASEDUELIST_HWYSE1_DESC	Aumenta il tuo danno contro i nemici affetti da Eco temporale del 6%
SKILL_PHASEDUELIST_HWYSE_DESC	Aumenta il tuo danno contro i nemici affetti da Eco temporale del 12% <x1/> Aumenta la tua Probabilità di critico del 4%
SKILL_PHASEDUELIST_HWYSE_NAME	Punto di frattura
SKILL_PHASEDUELIST_HWYSW_DESC	Aumenta la tua Velocità di movimento del 4% <x1/> Aumenta il tuo Danno critico del 12%
SKILL_PHASEDUELIST_HWYSW_NAME	Uccisione di slancio
SKILL_PHASEDUELIST_KEYSTONENE_DESC	Quando consumi 5 cariche di Ondata temporale, ottieni Pugnali Sonici per 5 secondi. Mentre Pugnali Sonici è attivo, colpire i nemici con il tuo attacco lancia un Dardo Sonico che attraversa i nemici e infligge danno suddiviso in Danno perforante e Danno contundente.
SKILL_PHASEDUELIST_KEYSTONENW_DESC	Colpire un nemico con il tuo Attacco finale consuma la tua Ondata temporale per applicare a tutti i nemici vicini Sanguinamento pari all'Ondata temporale consumata
SKILL_PHASEDUELIST_KEYSTONESE_DESC	Quando viene applicata Eco temporale oltre 5 cariche a un nemico, rilascia un'Ondulazione Temporale che infligge Danno da etere e Danno da stordimento aggiuntivo a quel nemico e a tutti quelli attorno. L'ondulazione ha un tempo di recupero di 4 secondi per nemico.
SKILL_PHASEDUELIST_KEYSTONESW_DESC	Ogni volta che viene consumato Sanguinamento su un nemico, il suo danno nel tempo rimanente viene inflitto tutto insieme.
SKILL_PHASEDUELIST_NBL1_NAME	Macellaio senza tempo
SKILL_PHASEDUELIST_NBR1_NAME	Palmi vincolati al tempo
SKILL_PHASEDUELIST_SBL1_NAME	Tempo Lacerante
SKILL_PHASEDUELIST_SBR1_NAME	Tessitore etereo
SKILL_PHASEDUELIST_WBL1_DESC	Aumenta il danno del tuo Sanguinamento del 50% <x1/> Aumenta la tua Probabilità di critico contro i nemici sanguinanti dell'8%
SKILL_PHASEDUELIST_WBL1_NAME	Emorragia accelerata
SKILL_PHASEDUELIST_WBR1_DESC	Aumenta la durata del tuo Sanguinamento di 1 secondo.<x1/> Aumenta il tuo Danno critico contro i nemici sanguinanti del 12%
SKILL_PHASEDUELIST_WBR1_NAME	Emorragia alla deriva temporale
SKILL_SHADOW_E10_DESC	Aumenta la tua Velocità d'attacco del 6% e la tua Probabilità di critico del 4%.
SKILL_SHADOW_E10_NAME	Ombra accelerata
SKILL_SHADOW_E16_DESC	Aumenta il tuo danno contro i nemici sanguinanti del 12% e di 2 il Sanguinamento massimo che puoi applicare.
SKILL_SHADOW_E16_NAME	Mietitore cremisi
SKILL_SHADOW_E4_DESC	Aumenta il tuo Danno perforante del 6% e il tuo Vigore massimo di 6.
SKILL_SHADOW_E4_NAME	Iniziato dell'Ombra
SKILL_SHADOW_EBL2R4_DESC	Dopo aver usato un'abilità di Arte dell'ombra, ottieni il 15% di Danno fisico in più per 3 secondi
SKILL_SHADOW_EBL5R7_DESC	Quando uccidi un nemico con un colpo critico, ottieni il 20% di Velocità d'attacco e il 15% di Danno critico in più per 4 secondi
SKILL_SHADOW_EBR17_DESC	Aumenta di 1 il numero massimo di Cloni d'ombra che puoi mantenere.
SKILL_SHADOW_EBR17_NAME	Numero massimo di Cloni d'ombra
SKILL_SHADOW_EBR18_DESC	Aumenta di 1 il numero massimo di Cloni d'ombra che puoi mantenere.
SKILL_SHADOW_EBR18_NAME	Numero massimo di Cloni d'ombra
SKILL_SHADOW_EBR2R4_DESC	Quando il tuo Vigore scende sotto il 35%, ottieni il 30% di Rigenerazione del vigore in più per 4 secondi. Questo effetto ha un tempo di recupero di 12 secondi.
SKILL_SHADOW_EBR5R3_NAME	Probabilità di critico contro bersagli sotto il 40% di Salute
SKILL_SHADOW_EBR5R4_NAME	Probabilità di critico contro bersagli sotto il 40% di Salute
SKILL_SHADOW_EBR5R5_NAME	Probabilità di critico contro bersagli sotto il 40% di Salute
SKILL_SHADOW_EBR5R6_NAME	Probabilità di critico contro bersagli sotto il 40% di Salute
SKILL_SHADOW_EBR5R7_DESC	Quando infliggi un colpo critico a un nemico sotto il 40% di Salute, la tua prossima abilità di Arte dell'ombra ha il 20% di Probabilità di critico in più. Questo effetto ha un tempo di recupero di 6 secondi
SKILL_SHADOW_ES1B12_DESC	Aumenta di 2 il Sanguinamento applicato dai colpi alle spalle e di 1 quello di tutti gli altri colpi.
SKILL_SHADOW_ES1B16_DESC	Aumenta di 2 il Sanguinamento applicato dai colpi alle spalle e di 1 quello di tutti gli altri colpi.
SKILL_SHADOW_ES1B1_DESC	Aumenta dell'8% per punto il danno inflitto da Colpo dissolvente quando colpisce i nemici alle spalle.
SKILL_SHADOW_ES1B1_NAME	Aumento danno alle spalle di Colpo dissolvente I
SKILL_SHADOW_ES1B20_DESC	Aumenta di 2 il Sanguinamento applicato dai colpi alle spalle e di 1 quello di tutti gli altri colpi.
SKILL_SHADOW_ES1B2_DESC	Aumenta dell'8% per punto il danno inflitto da Colpo dissolvente quando colpisce i nemici alle spalle.
SKILL_SHADOW_ES1B2_NAME	Aumento danno alle spalle di Colpo dissolvente II
SKILL_SHADOW_ES1B3_DESC	Aumenta dell'8% per punto il danno inflitto da Colpo dissolvente quando colpisce i nemici alle spalle.
SKILL_SHADOW_ES1B3_NAME	Aumento danno alle spalle di Colpo dissolvente III
SKILL_SHADOW_ES1B4_DESC	Aumenta la durata della Furtività di Colpo dissolvente di 0.5 secondi per punto.
SKILL_SHADOW_ES1B4_NAME	Aumento durata Furtività di Colpo dissolvente I
SKILL_SHADOW_ES1B6_DESC	Aumenta la durata della Furtività di Colpo dissolvente di 0.5 secondi per punto.
SKILL_SHADOW_ES1B6_NAME	Aumento durata Furtività di Colpo dissolvente II
SKILL_SHADOW_ES1B7_DESC	Aumenta di 1 secondo la durata dei Cloni d'ombra creati da qualsiasi fonte.
SKILL_SHADOW_ES1B7_NAME	Aumento durata cloni di Colpo dissolvente I
SKILL_SHADOW_ES1B9_DESC	Aumenta la durata della Furtività di Colpo dissolvente di 0.5 secondi per punto.
SKILL_SHADOW_ES1B9_NAME	Aumento durata Furtività di Colpo dissolvente III
SKILL_SHADOW_ES1U1_DESC	Quando Colpo dissolvente interrompe la Furtività, i Cloni d'ombra vicini lanciano 1 Pugnale d'ombra nella tua direzione bersaglio anziché replicare Colpo dissolvente. Un massimo di 3 Cloni d'ombra può lanciare un Pugnale d'ombra in questo modo per lancio.
SKILL_SHADOW_ES1U1_NAME	Salva d'imboscata
SKILL_SHADOW_ES1U2_DESC	Il rilancio di Colpo dissolvente ti teletrasporta dietro al nemico più vicino alla posizione bersaglio e lo colpisce.
SKILL_SHADOW_ES1U2_NAME	Dissolvenza intermittente
SKILL_SHADOW_ES1U3_DESC	Dopo essere entrato in Furtività, il tuo prossimo scatto durante tale periodo non la interrompe. Quello scatto fa eseguire ai Cloni d'ombra vicini Colpo dissolvente verso il punto finale del tuo scatto. Può verificarsi solo una volta per lancio di Colpo dissolvente. Colpo dissolvente infligge il 20% di danno in meno, sia da parte tua sia dei Cloni d'ombra.
SKILL_SHADOW_ES1U3_NAME	Rotolata dissolvente
SKILL_SHADOW_ES1U4_DESC	Se Colpo dissolvente colpisce un nemico alle spalle, consuma fino a 5 cariche di Sanguinamento da quel nemico. Ogni carica di Sanguinamento consumata aumenta il danno di Colpo dissolvente dell'8%.
SKILL_SHADOW_ES1U5_DESC	Colpo dissolvente applica 2 cariche di Sanguinamento ai nemici colpiti. Se Colpo dissolvente colpisce un nemico alle spalle, applica invece 5 cariche di Sanguinamento.
SKILL_SHADOW_ES1U6_DESC	Colpo dissolvente ora infligge Danno da decadimento. Se Colpo dissolvente colpisce un nemico alle spalle, consuma il Sanguinamento di quel nemico e lo converte in Veleno. Di base, ogni 4 cariche di Sanguinamento consumate applicano 1 carica di Veleno, fino a 4 cariche di Veleno per nemico.
SKILL_SHADOW_ES1U7_DESC	Colpo dissolvente consuma fino a 5 cariche di Veleno dai nemici colpiti alle spalle. Ogni carica di Veleno consumata aumenta il danno di Colpo dissolvente dell'8%.
SKILL_SHADOW_ES1_DESC	Colpo dissolvente rallenta i nemici del 50% per 3 secondi.
SKILL_SHADOW_ES1_NAME	Imboscata frastornante
SKILL_SHADOW_ES2B10_DESC	Aumenta di 1 secondo per punto il tempo per cui i Pugnali d'ombra a terra rimangono prima di scomparire.
SKILL_SHADOW_ES2B10_NAME	Aumento permanenza di Pugnali d'ombra III
SKILL_SHADOW_ES2B13_DESC	Aumenta di 1 per punto il Sanguinamento massimo convertito in Veleno.
SKILL_SHADOW_ES2B16_DESC	Aumenta di 1 per punto il Sanguinamento massimo convertito in Veleno.
SKILL_SHADOW_ES2B19_DESC	Aumenta di 1 per punto il Sanguinamento massimo convertito in Veleno.
SKILL_SHADOW_ES2B1_DESC	Aumenta di 1 per punto il numero di cariche di Pugnali d'ombra.
SKILL_SHADOW_ES2B2_DESC	Aumenta di 1 per punto il numero di cariche di Pugnali d'ombra.
SKILL_SHADOW_ES2B3_DESC	Aumenta di 1 per punto il numero di cariche di Pugnali d'ombra.
SKILL_SHADOW_ES2B4_DESC	Aumenta dell'8% per punto il danno inflitto da Pugnali d'ombra all'andata e al ritorno.
SKILL_SHADOW_ES2B5_DESC	Aumenta di 1 secondo per punto il tempo per cui i Pugnali d'ombra a terra rimangono prima di scomparire.
SKILL_SHADOW_ES2B5_NAME	Aumento permanenza di Pugnali d'ombra I
SKILL_SHADOW_ES2B6_DESC	Aumenta dell'8% per punto il danno inflitto da Pugnali d'ombra all'andata e al ritorno.
SKILL_SHADOW_ES2B7_DESC	Riduce il costo in Vigore di Pugnali d'ombra del 15% per punto.
SKILL_SHADOW_ES2B7_NAME	Riduzione costo di Pugnali d'ombra I
SKILL_SHADOW_ES2B8_DESC	Aumenta di 1 secondo per punto il tempo per cui i Pugnali d'ombra a terra rimangono prima di scomparire.
SKILL_SHADOW_ES2B8_NAME	Aumento permanenza di Pugnali d'ombra II
SKILL_SHADOW_ES2B9_DESC	Aumenta dell'8% per punto il danno inflitto da Pugnali d'ombra all'andata e al ritorno.
SKILL_SHADOW_ES2U1_DESC	Pugnali d'ombra attraversa i nemici e danneggia tutti quelli sul suo percorso e crea un Pugnale d'ombra a terra nel punto d'impatto finale
SKILL_SHADOW_ES2U2_DESC	I pugnali ora ritornano quando scatti.
SKILL_SHADOW_ES2U2_NAME	Ritorno impetuoso
SKILL_SHADOW_ES2U3_DESC	Durante il rilancio, Pugnali d'ombra genera un Clone d'ombra nella posizione bersaglio prima che i pugnali ritornino. Tutti i pugnali richiamati volano poi verso quel Clone d'ombra anziché verso di te.
SKILL_SHADOW_ES2U3_NAME	Pugnali convergenti
SKILL_SHADOW_ES2U4_DESC	Pugnali d'ombra lancia 5 pugnali in un cono, ma non ha più cariche e ha un tempo di recupero di 8 secondi.
SKILL_SHADOW_ES2U4_NAME	Ventaglio di pugnali
SKILL_SHADOW_ES2U5_DESC	I Pugnali d'ombra all'andata applicano 1 carica aggiuntiva di Sanguinamento. I Pugnali d'ombra al ritorno applicano 1 carica aggiuntiva di Sanguinamento.
SKILL_SHADOW_ES2U6_DESC	I Pugnali d'ombra al ritorno consumano fino a 3 cariche di Sanguinamento da ogni nemico colpito per infliggere il 7% di danno in più per carica di Sanguinamento consumata. I pugnali al ritorno non applicano più Sanguinamento
SKILL_SHADOW_ES2U7_DESC	I Pugnali d'ombra al ritorno infliggono Danno da decadimento anziché Danno perforante. I pugnali al ritorno consumano fino a 3 cariche di Sanguinamento da ogni nemico colpito e applicano 1 carica di Veleno per carica di Sanguinamento consumata. I pugnali al ritorno non applicano più il loro Sanguinamento base.
SKILL_SHADOW_ES2_DESC	Premi per lanciare. Consuma una carica e lancia un Pugnale d'ombra, infliggendo Danno perforante al primo nemico colpito e applicando Sanguinamento. I Cloni d'ombra vicini lanciano con te. Ogni pugnale cade a terra dove colpisce o alla portata massima; all'ultima carica, rilancia entro 3 secondi per richiamare tutti i pugnali a terra vicini, danneggiando i nemici che attraversano e applicando Sanguinamento aggiuntivo.
SKILL_SHADOW_ES3B10_DESC	Aumenta di 2 per punto il Sanguinamento applicato dal tuo colpo e di 1 per punto quello applicato dai cloni.
SKILL_SHADOW_ES3B12_DESC	Aumenta di 2 per punto il Sanguinamento massimo consumato dal tuo colpo di Convergenza d'ombra.
SKILL_SHADOW_ES3B13_NAME	Aumento Convergenza intorpidente I
SKILL_SHADOW_ES3B14_DESC	Aumenta di 2 per punto il Sanguinamento applicato dal tuo colpo e di 1 per punto quello applicato dai cloni.
SKILL_SHADOW_ES3B16_DESC	Aumenta di 2 per punto il Sanguinamento massimo consumato dal tuo colpo di Convergenza d'ombra.
SKILL_SHADOW_ES3B17_NAME	Aumento Convergenza intorpidente II
SKILL_SHADOW_ES3B18_DESC	Aumenta di 2 per punto il Sanguinamento applicato dal tuo colpo e di 1 per punto quello applicato dai cloni.
SKILL_SHADOW_ES3B1_DESC	Aumenta dell'8% per punto il danno inflitto dal tuo colpo di Convergenza d'ombra. I colpi dei Cloni d'ombra si basano sul tuo danno modificato.
SKILL_SHADOW_ES3B20_DESC	Aumenta di 2 per punto il Sanguinamento massimo consumato dal tuo colpo di Convergenza d'ombra.
SKILL_SHADOW_ES3B21_NAME	Aumento Convergenza intorpidente III
SKILL_SHADOW_ES3B2_DESC	Aumenta dell'8% per punto il danno inflitto dal tuo colpo di Convergenza d'ombra. I colpi dei Cloni d'ombra si basano sul tuo danno modificato.
SKILL_SHADOW_ES3B3_DESC	Aumenta dell'8% per punto il danno inflitto dal tuo colpo di Convergenza d'ombra. I colpi dei Cloni d'ombra si basano sul tuo danno modificato.
SKILL_SHADOW_ES3B4_DESC	Aumenta il danno inflitto dai colpi di Convergenza d'ombra dei Cloni d'ombra del 5% del tuo danno per punto.
SKILL_SHADOW_ES3B4_NAME	Aumento danno cloni di Convergenza d'ombra I
SKILL_SHADOW_ES3B6_DESC	Aumenta il danno inflitto dai colpi di Convergenza d'ombra dei Cloni d'ombra del 5% del tuo danno per punto.
SKILL_SHADOW_ES3B6_NAME	Aumento danno cloni di Convergenza d'ombra II
SKILL_SHADOW_ES3B8_DESC	Aumenta il danno inflitto dai colpi di Convergenza d'ombra dei Cloni d'ombra del 5% del tuo danno per punto.
SKILL_SHADOW_ES3B8_NAME	Aumento danno cloni di Convergenza d'ombra III
SKILL_SHADOW_ES3U1_DESC	Convergenza d'ombra non ti sposta più. Invece, i Cloni d'ombra vicini convergono sul bersaglio mentre tu resti sul posto ed esegui una stoccata d'ombra a distanza. Il tuo danno è ridotto del 25%, ma i Cloni d'ombra infliggono il loro normale danno replicato.
SKILL_SHADOW_ES3U1_NAME	Convergenza ancorata
SKILL_SHADOW_ES3U2_DESC	Convergenza d'ombra infligge il 30% di danno in più ai nemici sotto il 40% di Salute, ma infligge il 25% di danno in meno ai nemici sopra il 40% di Salute. Se il bersaglio muore, i Cloni d'ombra vicini durano 2 secondi in più.
SKILL_SHADOW_ES3U2_NAME	Convergenza recidente
SKILL_SHADOW_ES3U3_DESC	Al termine dello scatto di Convergenza d'ombra, ottieni Furtività per 3 secondi. Questa Furtività si interrompe quando attacchi o lanci un incantesimo.
SKILL_SHADOW_ES3U3_NAME	Convergenza Sfasata
SKILL_SHADOW_ES3U4_DESC	Convergenza d'ombra diventa una rapida sequenza di massimo 7 colpi contro il bersaglio e i nemici vicini. Tu esegui il primo colpo, poi i Cloni d'ombra vicini eseguono i colpi rimanenti. Convergenza d'ombra continua a consumare Sanguinamento o Veleno da ogni nemico colpito in base al modificatore della soglia effetto selezionato, ma le cariche di ogni nemico possono essere consumate solo una volta per lancio. I colpi aggiuntivi sullo stesso nemico infliggono il 50% di danno in meno.
SKILL_SHADOW_ES3U4_NAME	Convergenza molteplice
SKILL_SHADOW_ES3U5_DESC	Convergenza d'ombra può accumulare fino a 2 cariche. Ogni carica crea solo 1 Clone d'ombra anziché 2 e i colpi dei Cloni d'ombra infliggono il 15% di danno in meno.
SKILL_SHADOW_ES3U5_NAME	Convergenza implacabile
SKILL_SHADOW_ES3U6_DESC	Convergenza d'ombra non consuma più Sanguinamento per ottenere danno bonus. Invece, il tuo colpo applica 10 cariche di Sanguinamento al bersaglio. I colpi dei Cloni d'ombra applicano 3 cariche di Sanguinamento ciascuno.
SKILL_SHADOW_ES3U7_DESC	Convergenza d'ombra ora infligge Danno da decadimento e non consuma più Sanguinamento per ottenere danno bonus. Invece, il tuo colpo converte il Sanguinamento sul bersaglio in Veleno. Di base, ogni 4 cariche di Sanguinamento consumate applicano 1 carica di Veleno, fino a 6 per nemico. I colpi dei Cloni d'ombra non consumano Sanguinamento, ma se un Clone d'ombra colpisce lo stesso bersaglio dopo il tuo colpo, applica 1 carica aggiuntiva di Veleno, fino a 3 aggiuntive per lancio.
SKILL_SHADOW_ES3U8_DESC	Se il tuo colpo di Convergenza d'ombra consuma almeno 8 cariche di Sanguinamento da un nemico, quel nemico diventa Lacerato per 3 secondi. Quando Lacerato termina, esplode, infliggendo ai nemici vicini Danno perforante pari al 25% del danno della tua Convergenza d'ombra inflitto al bersaglio Lacerato. Ogni Clone d'ombra che colpisce il bersaglio Lacerato con Convergenza d'ombra aumenta il danno dell'esplosione di lacerazione del 10%, fino al 40%.
SKILL_SHADOW_ES3U9_DESC	Convergenza d'ombra non consuma più Sanguinamento per ottenere danno bonus. Consuma invece fino a 10 cariche di Veleno dal bersaglio. Ogni carica di Veleno consumata aumenta il Danno da stordimento del 5% e rallenta il bersaglio del 5% per 3 secondi, fino a un Rallentamento massimo del 40%.
SKILL_SHADOW_ES3U9_NAME	Convergenza intorpidente
SKILL_SHADOW_ES3_DESC	Premi per lanciare. Crea 2 Cloni d'ombra ai tuoi lati e scatta verso un bersaglio, colpendo un punto vitale con Danno perforante. Consuma Sanguinamento per il 4% di danno bonus per carica, fino a 10. I cloni convergono sul bersaglio con il 25% del danno ciascuno e restano per 8 secondi.
SKILL_SHADOW_START1_DESC	Premi per lanciare. Entra in Furtività per 3 secondi e lascia un Clone d'ombra per 8 secondi. Il prossimo attacco o incantesimo interrompe la Furtività. Rilancia per colpire in una direzione, infliggendo Danno perforante con danno bonus alle spalle. I Cloni d'ombra vicini replicano il tuo Colpo dissolvente, Pugnali d'ombra e Convergenza d'ombra con il 25% del tuo danno.
SKILL_SHADOW_W10_DESC	Aumenta il tuo Danno critico del 12% e la tua Celerità magica di 4.
SKILL_SHADOW_W10_NAME	Precisione pestilenziale
SKILL_SHADOW_W16_DESC	Aumenta il tuo danno contro i nemici avvelenati del 12% e di 2 il Veleno massimo che puoi applicare.
SKILL_SHADOW_W16_NAME	Portatore di peste
SKILL_SHADOW_W4_DESC	Aumenta tutto il Danno magico del 6% e la tua Concentrazione massima di 6.
SKILL_SHADOW_W4_NAME	Iniziato della peste
SKILL_SHADOW_WBL2R4_DESC	Dopo aver lanciato un incantesimo di Magia della peste, ottieni il 15% di Danno magico in più per 3 secondi.
SKILL_SHADOW_WBL5R7_DESC	Quando infliggi un colpo critico a un nemico avvelenato, prolunghi il Veleno su quel nemico di 2 secondi. Questo effetto ha un tempo di recupero di 3 secondi per nemico
SKILL_SHADOW_WBR17_NAME	Inoculazione max
SKILL_SHADOW_WBR18_NAME	Inoculazione max
SKILL_SHADOW_WBR2R4_DESC	Quando un nemico raggiunge 5 cariche di Veleno, ottieni Concentrazione al colpo per 5 secondi. Questo effetto ha un tempo di recupero di 6 secondi
SKILL_SHADOW_WBR5R7_DESC	Quando infliggi un colpo critico con un incantesimo, ottieni il 15% di Celerità magica in più per 3 secondi
SKILL_SHADOW_WS1B10_DESC	Aumenta di 1 per punto l'Inoculazione ottenuta dal bonus dei 3 frammenti e di 2 per punto l'Inoculazione massima ottenuta per lancio.
SKILL_SHADOW_WS1B11_DESC	Aumenta di 1 per punto il Veleno massimo applicato per nemico.
SKILL_SHADOW_WS1B14_DESC	Aumenta di 1 per punto l'Inoculazione ottenuta dal bonus dei 3 frammenti e di 2 per punto l'Inoculazione massima ottenuta per lancio.
SKILL_SHADOW_WS1B15_DESC	Aumenta di 1 per punto il Veleno massimo applicato per nemico.
SKILL_SHADOW_WS1B18_DESC	Aumenta di 1 per punto l'Inoculazione ottenuta dal bonus dei 3 frammenti e di 2 per punto l'Inoculazione massima ottenuta per lancio.
SKILL_SHADOW_WS1B19_DESC	Aumenta di 1 per punto il Veleno massimo applicato per nemico.
SKILL_SHADOW_WS1B1_DESC	Aumenta del 5% per punto il danno bonus inflitto dai colpi dei frammenti successivi contro lo stesso nemico.
SKILL_SHADOW_WS1B1_NAME	Aumento danno colpi successivi di Frammenti di peste I
SKILL_SHADOW_WS1B2_DESC	Aumenta del 5% per punto il danno bonus inflitto dai colpi dei frammenti successivi contro lo stesso nemico.
SKILL_SHADOW_WS1B2_NAME	Aumento danno colpi successivi di Frammenti di peste II
SKILL_SHADOW_WS1B3_DESC	Aumenta del 5% per punto il danno bonus inflitto dai colpi dei frammenti successivi contro lo stesso nemico.
SKILL_SHADOW_WS1B3_NAME	Aumento danno colpi successivi di Frammenti di peste III
SKILL_SHADOW_WS1B5_DESC	Aumenta la distanza massima percorsa da Frammenti di peste dell'8% per punto.
SKILL_SHADOW_WS1B5_NAME	Aumento portata di Frammenti di peste I
SKILL_SHADOW_WS1B7_DESC	Aumenta la distanza massima percorsa da Frammenti di peste dell'8% per punto.
SKILL_SHADOW_WS1B7_NAME	Aumento portata di Frammenti di peste II
SKILL_SHADOW_WS1B9_DESC	Aumenta la distanza massima percorsa da Frammenti di peste dell'8% per punto.
SKILL_SHADOW_WS1B9_NAME	Aumento portata di Frammenti di peste III
SKILL_SHADOW_WS1U1_DESC	Frammenti di peste lancia 2 frammenti aggiuntivi con una dispersione più ampia, ma ogni frammento infligge il 25% di danno in meno.
SKILL_SHADOW_WS1U1_NAME	Frammenti scheggianti
SKILL_SHADOW_WS1U2_DESC	I Frammenti di peste permangono alla fine del percorso per 3 secondi dopo il lancio iniziale, infliggendo Danno da decadimento a tutti i nemici che vi entrano.
SKILL_SHADOW_WS1U2_NAME	Frammenti persistenti
SKILL_SHADOW_WS1U3_DESC	Frammenti di peste diventa un incantesimo canalizzato. Tieni premuto per lanciare senza sosta frammenti di peste frastagliati con una dispersione stretta, infliggendo Danno da decadimento ogni 0.5 secondi ai nemici colpiti. Frammenti di peste non lancia più una scarica iniziale. Il tempo di recupero base di Frammenti di peste diventa di 3 secondi.
SKILL_SHADOW_WS1U3_NAME	Frammenti canalizzati
SKILL_SHADOW_WS1U4_DESC	Frammenti di peste conferisce 1 carica di Inoculazione per ogni frammento che colpisce un nemico avvelenato, fino a 5 cariche di Inoculazione per lancio. Se almeno 3 frammenti colpiscono nemici avvelenati nello stesso lancio, ottieni altre 2 cariche di Inoculazione.
SKILL_SHADOW_WS1U5_DESC	Frammenti di peste applica 2 cariche di Veleno ai nemici colpiti dal primo frammento. Ogni frammento aggiuntivo che colpisce lo stesso nemico applica 1 carica di Veleno, fino a 5 cariche di Veleno per nemico per lancio.
SKILL_SHADOW_WS1U6_DESC	Frammenti di peste consuma fino a 5 cariche di Veleno da ogni nemico colpito. Ogni carica di Veleno consumata aumenta del 5% il danno di Frammenti di peste a quel nemico. Il Veleno può essere consumato solo una volta per nemico per lancio.
SKILL_SHADOW_WS1U7_DESC	Frammenti di peste consuma fino a 5 cariche di Inoculazione al lancio. Ogni carica di Inoculazione consumata aumenta del 5% il danno bonus dei frammenti successivi che colpiscono lo stesso nemico. Questo aumenta il bonus dei frammenti successivi dal 25% a un massimo del 50%.
SKILL_SHADOW_WS1_DESC	Premi per lanciare. Lancia un gruppo di frammenti di peste con una dispersione stretta, infliggendo Danno da decadimento. I frammenti aggiuntivi che colpiscono lo stesso nemico infliggono danno bonus.
SKILL_SHADOW_WS2B10_DESC	Aumenta il raggio della zona contagiosa di Contagio dell'8% per punto.
SKILL_SHADOW_WS2B10_NAME	Aumento raggio di Contagio III
SKILL_SHADOW_WS2B11_DESC	Aumenta di 1 per punto il Veleno aggiuntivo applicato al bersaglio infetto.
SKILL_SHADOW_WS2B16_DESC	Aumenta di 1 per punto il Veleno aggiuntivo applicato al bersaglio infetto.
SKILL_SHADOW_WS2B1_DESC	Aumenta il Danno da decadimento inflitto dalla zona contagiosa di Contagio dell'8% per punto.
SKILL_SHADOW_WS2B21_DESC	Aumenta di 1 per punto il Veleno aggiuntivo applicato al bersaglio infetto.
SKILL_SHADOW_WS2B2_DESC	Aumenta il Danno da decadimento inflitto dalla zona contagiosa di Contagio dell'8% per punto.
SKILL_SHADOW_WS2B3_DESC	Aumenta il Danno da decadimento inflitto dalla zona contagiosa di Contagio dell'8% per punto.
SKILL_SHADOW_WS2B4_DESC	Aumenta la durata di Contagio di 0.5 secondi per punto.
SKILL_SHADOW_WS2B5_DESC	Aumenta il raggio della zona contagiosa di Contagio dell'8% per punto.
SKILL_SHADOW_WS2B5_NAME	Aumento raggio di Contagio I
SKILL_SHADOW_WS2B6_DESC	Aumenta la durata di Contagio di 0.5 secondi per punto.
SKILL_SHADOW_WS2B7_DESC	Riduce il tempo di recupero di Contagio del 20% per punto.
SKILL_SHADOW_WS2B8_DESC	Aumenta il raggio della zona contagiosa di Contagio dell'8% per punto.
SKILL_SHADOW_WS2B8_NAME	Aumento raggio di Contagio II
SKILL_SHADOW_WS2B9_DESC	Aumenta la durata di Contagio di 0.5 secondi per punto.
SKILL_SHADOW_WS2U10_DESC	Quando Contagio copia il Veleno dal bersaglio infetto ai nemici nella zona contagiosa, converte parte di quel Veleno copiato in Sanguinamento. Di base, ogni 4 cariche di Veleno copiate applicano invece 1 carica di Sanguinamento, fino alla quantità di Veleno copiato.
SKILL_SHADOW_WS2U1_DESC	Riduce il raggio della zona di Contagio del 40%. Il bersaglio infetto subisce il 25% di Danno da decadimento in più da Contagio.
SKILL_SHADOW_WS2U2_DESC	Se il bersaglio infetto muore mentre Contagio è attivo, Contagio si trasferisce al nemico più vicino a portata e si rinnova al 50% della sua durata rimanente. Trasferimento vettoriale può verificarsi una volta per lancio.
SKILL_SHADOW_WS2U2_NAME	Trasferimento vettoriale
SKILL_SHADOW_WS2U3_DESC	Quando Contagio termina, la zona contagiosa resta nella posizione finale del bersaglio per 3 secondi. La zona persistente infligge il 50% di Danno da decadimento in meno e non copia più il Veleno applicato al bersaglio originale.
SKILL_SHADOW_WS2U3_NAME	Contagio persistente
SKILL_SHADOW_WS2U4_DESC	Contagio non si attacca più al bersaglio. Crea invece una zona contagiosa fissa nella posizione del bersaglio per 6 secondi. Il raggio della zona aumenta del 25%.
SKILL_SHADOW_WS2U4_NAME	Nube pandemica
SKILL_SHADOW_WS2U5_DESC	Quando Contagio termina, esplode, infliggendo Danno da decadimento ai nemici nella zona contagiosa. Il danno dell'esplosione aumenta del 5% per ogni carica di Veleno sul bersaglio infetto, fino al 50%. La durata di Contagio si riduce di 1 secondo.
SKILL_SHADOW_WS2U5_NAME	Contagio esplosivo
SKILL_SHADOW_WS2U6_DESC	Contagio applica 3 cariche aggiuntive di Veleno al bersaglio infetto al lancio. La zona contagiosa applica 1 carica aggiuntiva di Veleno al secondo ai nemici al suo interno.
SKILL_SHADOW_WS2U7_DESC	Contagio consuma fino a 10 cariche di Veleno dal bersaglio infetto al lancio. Ogni carica di Veleno consumata aumenta il Danno da decadimento di Contagio del 5% per tutta la sua durata. Contagio non applica più le sue 5 cariche iniziali di Veleno.
SKILL_SHADOW_WS2U8_DESC	Quando Contagio copia il Veleno dal bersaglio infetto ad almeno un nemico nella zona contagiosa, ottieni 2 cariche di Inoculazione. Può verificarsi una volta ogni 1 secondo.
SKILL_SHADOW_WS2U9_DESC	Contagio consuma fino a 5 cariche di Inoculazione al lancio. Ogni carica di Inoculazione consumata aumenta il raggio di Contagio del 6% e la durata di 0.5 secondi.
SKILL_SHADOW_WS2_DESC	Premi per lanciare. Infetta un bersaglio con Contagio, applicando 5 cariche di Veleno e creando una zona contagiosa per 6 secondi. La zona infligge Danno da decadimento e diffonde Veleno ai nemici vicini ogni secondo; il Veleno applicato al bersaglio infetto viene applicato anche ai nemici nella zona.
SKILL_SHADOW_WS3B13_DESC	Aumenta di 1 per punto l'Inoculazione ottenuta quando si verifica un'epidemia secondaria.
SKILL_SHADOW_WS3B19_DESC	Aumenta di 1 per punto l'Inoculazione ottenuta quando si verifica un'epidemia secondaria.
SKILL_SHADOW_WS3B1_DESC	Aumenta di 2 per punto il Veleno massimo consumato da Epidemia.
SKILL_SHADOW_WS3B1_NAME	Aumento consumo Veleno di Epidemia I
SKILL_SHADOW_WS3B25_DESC	Aumenta di 1 per punto l'Inoculazione ottenuta quando si verifica un'epidemia secondaria.
SKILL_SHADOW_WS3B2_DESC	Aumenta di 2 per punto il Veleno massimo consumato da Epidemia.
SKILL_SHADOW_WS3B2_NAME	Aumento consumo Veleno di Epidemia II
SKILL_SHADOW_WS3B3_DESC	Aumenta di 2 per punto il Veleno massimo consumato da Epidemia.
SKILL_SHADOW_WS3B3_NAME	Aumento consumo Veleno di Epidemia III
SKILL_SHADOW_WS3B4_DESC	Aumenta il raggio di Epidemia e delle epidemie secondarie dell'8% per punto.
SKILL_SHADOW_WS3B4_NAME	Aumento raggio di Epidemia I
SKILL_SHADOW_WS3B6_DESC	Aumenta il raggio di Epidemia e delle epidemie secondarie dell'8% per punto.
SKILL_SHADOW_WS3B6_NAME	Aumento raggio di Epidemia II
SKILL_SHADOW_WS3B8_DESC	Aumenta il raggio di Epidemia e delle epidemie secondarie dell'8% per punto.
SKILL_SHADOW_WS3B8_NAME	Aumento raggio di Epidemia III
SKILL_SHADOW_WS3U10_DESC	Quando Epidemia consuma Veleno da un nemico, converte parte di quel Veleno consumato in Sanguinamento dopo l'eruzione. Di base, ogni 4 cariche di Veleno consumate applicano 1 carica di Sanguinamento.
SKILL_SHADOW_WS3U11_DESC	Epidemia consuma fino a 8 cariche di Sanguinamento dai nemici che eruttano. Ogni carica di Sanguinamento consumata ripristina Vigore e Concentrazione. Epidemia continua a consumare Veleno come di norma.
SKILL_SHADOW_WS3U1_DESC	Se un'epidemia uccide un nemico, quel nemico rilascia un'esplosione finale di Decadimento nel luogo della morte, infliggendo il 50% del danno di Epidemia ai nemici vicini. Questa esplosione finale non può consumare Veleno o creare epidemie aggiuntive.
SKILL_SHADOW_WS3U1_NAME	Fioritura terminale
SKILL_SHADOW_WS3U2_DESC	Epidemia può diffondersi solo ai 3 nemici idonei più vicini colpiti da ogni eruzione, ma le epidemie secondarie infliggono il 15% di danno in più.
SKILL_SHADOW_WS3U2_NAME	Vettore della peste
SKILL_SHADOW_WS3U3_DESC	Ogni epidemia lascia una lacerazione infetta nel punto d'impatto per 3 secondi, infliggendo Danno da decadimento ogni secondo ai nemici al suo interno.
SKILL_SHADOW_WS3U3_NAME	Lacerazione persistente
SKILL_SHADOW_WS3U4_DESC	Riduce il raggio dell'eruzione di Epidemia del 40%. Il bersaglio principale subisce il 35% di danno in più da Epidemia e le epidemie secondarie contro il bersaglio principale infliggono il 25% di danno in più.
SKILL_SHADOW_WS3U4_NAME	Eruzione Focalizzata
SKILL_SHADOW_WS3U5_DESC	Quando un nemico crea un'epidemia secondaria con più di 10 cariche di Veleno, ogni carica di Veleno oltre le 10 aumenta il raggio di quell'epidemia secondaria del 3%, fino al 30% di raggio in più. Le epidemie secondarie consumano Veleno come di norma e infliggono il 15% di danno in meno.
SKILL_SHADOW_WS3U5_NAME	Cascata vorace
SKILL_SHADOW_WS3U6_DESC	Epidemia consuma fino a 15 cariche di Veleno da ogni nemico che erutta. Ogni carica di Veleno consumata aumenta del 4% il danno dell'Epidemia di quel nemico.
SKILL_SHADOW_WS3U7_DESC	Epidemia consuma fino a 5 cariche di Inoculazione al lancio. Ogni carica di Inoculazione consumata aumenta il raggio d'impatto di Epidemia del 5% e il danno delle epidemie secondarie del 4%.
SKILL_SHADOW_WS3U8_DESC	Epidemia applica 3 cariche di Veleno ai nemici danneggiati dalla sua eruzione.
SKILL_SHADOW_WS3U9_DESC	Quando un nemico crea un'epidemia secondaria, ottieni 2 cariche di Inoculazione.
SKILL_SHADOW_WS3_DESC	Premi per lanciare. Fai eruttare un nemico nel decadimento, infliggendo Danno da decadimento a lui e ai nemici vicini e consumando fino a 10 cariche di Veleno per il 4% di danno bonus per carica. I nemici con almeno 10 cariche di Veleno innescano a catena una propria epidemia. Ogni nemico può generare un'epidemia solo una volta per lancio.
SKILL_VANGUARD_EBL1_NAME	Pugno di Xwin
SKILL_VANGUARD_EBR1_DESC	Aumenta il danno dei tuoi Attacchi del 12% <x1/> Aumenta di 6 la Concentrazione che ottieni al colpo.
SKILL_VANGUARD_EBR1_NAME	Palmo degli Spaccapietre
SKILL_VANGUARD_HWYNE_DESC	Aumenta di 2 il Sanguinamento massimo che puoi applicare. <x1/> Aumenta l'Accumulo di stordimento del 10%
SKILL_VANGUARD_HWYNE_NAME	Percuoti e dissangua
SKILL_VANGUARD_HWYNW_NAME	Avanzata ininterrotta
SKILL_VANGUARD_HWYSE_DESC	Aumenta la tua Celerità magica di 4. <x1/> Aumenta la tua Probabilità di critico del 4%
SKILL_VANGUARD_HWYSE_NAME	Tempismo dell'araldo di guerra
SKILL_VANGUARD_HWYSW_DESC	Aumenta l'Accumulo di stordimento del 10% <x1/> Aumenta il tuo Danno critico del 12%
SKILL_VANGUARD_HWYSW_NAME	Rintocco dello Spaccacrani
SKILL_VANGUARD_KEYSTONENE_DESC	Quando stordisci un nemico, scatena un tremore ad area che infligge Danno contundente ad area a tutti quelli attorno
SKILL_VANGUARD_KEYSTONENW_DESC	Quando colpisci un nemico sanguinante, hai una probabilità di attivare un attacco rotante ad area che infligge Danno da taglio. La probabilità aumenta per ogni carica di Sanguinamento sui nemici vicini
SKILL_VANGUARD_KEYSTONENW_NAME	Vortice di Sangue
SKILL_VANGUARD_KEYSTONESE_DESC	Dopo aver lanciato un incantesimo del Minotauro, il tuo terzo attacco rilascia un tremore che infligge Danno contundente ai nemici vicini.
SKILL_VANGUARD_KEYSTONESW_DESC	Gli attacchi base infliggono Danno contundente anziché Danno da taglio
SKILL_VANGUARD_KEYSTONESW_NAME	Spaccaossa
SKILL_VANGUARD_NBL1_DESC	Aumenta di 3 il Sanguinamento massimo che puoi applicare. <x1/> Aumenta la tua Probabilità di critico contro i nemici sanguinanti dell'8%
SKILL_VANGUARD_NBL1_NAME	Figlio del Corno Sanguinario
SKILL_VANGUARD_NBR1_DESC	Aumenta la tua Penetrazione fisica di 5. <x1/> Aumenta il tuo Danno critico contro i nemici storditi del 25%
SKILL_VANGUARD_NBR1_NAME	Soldato dal corno di ferro
SKILL_VANGUARD_SBL1_DESC	Aumenta il danno dei tuoi Attacchi del 12% <x1/> Aumenta il tuo Danno critico contro i nemici storditi del 25%
SKILL_VANGUARD_SBL1_NAME	Toro Furente
SKILL_VANGUARD_SBR1_DESC	Aumenta il tuo Danno contundente del 9% <x1/> Aumenta la tua Concentrazione massima di 9.
SKILL_VANGUARD_SBR1_NAME	Pugno degli Spaccapietre
SKILL_VANGUARD_WBL1_NAME	Figlio del sangue e della pietra
SKILL_VANGUARD_WBR1_NAME	Vista del Toro Sanguinario
SKILL_WILDSTRIDER_EBL1_NAME	Rissoso errante
SKILL_WILDSTRIDER_EBR1_DESC	Aumenta l'Accumulo di stordimento del 15% <x1/> Aumenta il tuo danno contro i nemici storditi del 12%.
SKILL_WILDSTRIDER_EBR1_NAME	Pugile professionista
SKILL_WILDSTRIDER_HWYNE_DESC	Aumenta la tua Celerità magica di 4. <x1/> Aumenta l'Accumulo di stordimento del 10%
SKILL_WILDSTRIDER_HWYNE_NAME	Impeto percussivo
SKILL_WILDSTRIDER_HWYNW_NAME	Cadenza del viandante
SKILL_WILDSTRIDER_HWYSE_NAME	Mira avvelenata
SKILL_WILDSTRIDER_HWYSW_NAME	Ricompensa del macellaio
SKILL_WILDSTRIDER_KEYSTONENE_DESC	Dopo aver usato Cambio arma, per 5 secondi lanci automaticamente Jab rapido contro un bersaglio vicino quando attacchi in mischia.
SKILL_WILDSTRIDER_KEYSTONENW_DESC	Colpire un nemico con il tuo terzo attacco in mischia mentre hai più di 5 Furia consuma la tua Furia per lanciare Polverizza senza costi. Può verificarsi solo una volta ogni 2 secondi.
SKILL_WILDSTRIDER_KEYSTONESE_DESC	Il tuo Danno da veleno genera anche Accumulo di stordimento.
SKILL_WILDSTRIDER_KEYSTONESW_DESC	Colpire un nemico sanguinante con un attacco a distanza conferisce il 2% di Velocità d'attacco per carica di Sanguinamento sul bersaglio per 5 secondi.
SKILL_WILDSTRIDER_NBL1_DESC	Aumenta l'Accumulo di stordimento del 15% <x1/> Aumenta tutto il Danno fisico del 9%
SKILL_WILDSTRIDER_NBL1_NAME	Ranger errante
SKILL_WILDSTRIDER_NBR1_DESC	Aumenta tutto il Danno fisico del 9% <x1/> Aumenta il tuo Danno critico contro i nemici storditi del 25%
SKILL_WILDSTRIDER_NBR1_NAME	Cacciatore rinomato
SKILL_WILDSTRIDER_SBL1_DESC	Aumenta la durata del tuo Sanguinamento di 2 secondi. <x1/> Aumenta la tua Probabilità di critico contro i nemici sanguinanti dell'8%
SKILL_WILDSTRIDER_SBL1_NAME	Cacciatore dell'odore del sangue
SKILL_WILDSTRIDER_SBR1_DESC	Aumenta la durata del tuo Veleno di 1 secondo. <x1/> Aumenta la tua Probabilità di critico contro i nemici avvelenati dell'8%
SKILL_WILDSTRIDER_SBR1_NAME	Ranger dalle punte avvelenate
SKILL_WILDSTRIDER_WBL1_NAME	Rissoso assetato di sangue
SKILL_WILDSTRIDER_WBR1_DESC	Aumenta la durata della tua Furia di 1 secondo. <x1/> Aumenta il tuo danno contro i nemici storditi del 12%.
SKILL_WILDSTRIDER_WBR1_NAME	Combattente vincolato alla furia
SKILL_XWINDREADHORN_EBL1_DESC	Aumenta la tua Velocità d'attacco del 9% <x1/> Aumenta il danno del tuo Sanguinamento del 60%
SKILL_XWINDREADHORN_EBL1_NAME	Filo del Cornispavento
SKILL_XWINDREADHORN_EBR1_NAME	Ombra sismica
SKILL_XWINDREADHORN_HWYNE_NAME	Frenesia delle incornate
SKILL_XWINDREADHORN_HWYNW_NAME	Slancio terrificante
SKILL_XWINDREADHORN_HWYSE_DESC	Aumenta la tua Celerità magica di 4. <x1/> Aumenta la tua Probabilità di critico del 4%
SKILL_XWINDREADHORN_HWYSE_NAME	Precisione funesta
SKILL_XWINDREADHORN_HWYSW_DESC	Aumenta l'Accumulo di stordimento del 10% <x1/> Aumenta il tuo Danno critico del 12%
SKILL_XWINDREADHORN_HWYSW_NAME	Carica del Cornispavento
SKILL_XWINDREADHORN_KEYSTONENE_DESC	Dopo aver interrotto la Furtività, il tuo prossimo Attacco finale entro 5 secondi verifica la tua Furia. Se hai almeno 5 Furia, consuma fino a 10 Furia per infliggere Danno da taglio aumentato e applicare al bersaglio Sanguinamento pari alla Furia consumata. Crea anche un Clone d'ombra nel punto d'impatto per 8 secondi, poi invia i Cloni d'ombra vicini, incluso quello creato, a sferrare un colpo pesante d'ascia contro il bersaglio. Questo effetto ha un tempo di recupero di 10 secondi.
SKILL_XWINDREADHORN_KEYSTONENW_DESC	Lanciare un'abilità di Arti dell'ascia o Magia della peste conferisce Mannaia Infettiva per 10 secondi. Mentre Mannaia Infettiva è attiva, il tuo prossimo Attacco finale contro un nemico sanguinante consuma fino a 10 cariche di Sanguinamento per applicare Veleno pari al Sanguinamento consumato e creare una Scarica di Decadimento attorno al bersaglio. Questo effetto ha un tempo di recupero di 6 secondi.
SKILL_XWINDREADHORN_KEYSTONESE_DESC	Lanciare un'abilità di Magia del Minotauro o Arti dell'ombra crea un Clone d'ombra vicino a te per 8 secondi, poi fa scatenare ai Cloni d'ombra vicini, incluso quello creato, un'Onda d'Ombra nel terreno, infliggendo Danno contundente ai nemici vicini. Questo effetto ha un tempo di recupero di 10 secondi.
SKILL_XWINDREADHORN_KEYSTONESW_DESC	Lanciare un'abilità di Magia del Minotauro o Magia della peste mentre hai almeno 5 cariche di Inoculazione consuma fino a 10 cariche di Inoculazione per creare un Tremore Pestilenziale per 1 secondo per carica di Inoculazione consumata. Tremore Pestilenziale ti segue, scuotendo continuamente i nemici vicini per infliggere Danno da decadimento, e consuma 2 cariche di Veleno da ogni bersaglio per infliggere Danno da stordimento bonus.
SKILL_XWINDREADHORN_NBL1_DESC	Aumenta di 3 il Sanguinamento massimo che puoi applicare. <x1/> Aumenta la durata del tuo Veleno di 2 secondi.
SKILL_XWINDREADHORN_NBL1_NAME	Spargisangue
SKILL_XWINDREADHORN_NBR1_DESC	Aumenta il tuo Danno da taglio del 9% <x1/> Aumenta la durata della tua Furia di 1 secondo.
SKILL_XWINDREADHORN_NBR1_NAME	Assalitore dal corno spettrale
SKILL_XWINDREADHORN_SBL1_DESC	Aumenta l'Accumulo di stordimento del 15% <x1/> Aumenta il tuo Danno da decadimento del 9%
SKILL_XWINDREADHORN_SBL1_NAME	Pestilenza vincolata al tremore
SKILL_XWINDREADHORN_SBR1_DESC	Aumenta la tua Celerità magica di 6. <x1/> Aumenta il tuo Danno critico contro i nemici storditi del 25%
SKILL_XWINDREADHORN_SBR1_NAME	Ombra dell'oratore della terra
SKILL_XWINDREADHORN_WBL1_DESC	Aumenta la durata della tua Inoculazione di 2 secondi. <x1/> Aumenta di 3 l'Inoculazione massima che puoi ottenere.
SKILL_XWINDREADHORN_WBL1_NAME	Pelle inoculata
SKILL_XWINDREADHORN_WBR1_DESC	Aumenta di 3 il Veleno massimo che puoi applicare. <x1/> Aumenta il danno del tuo Veleno del 60%
SKILL_XWINDREADHORN_WBR1_NAME	Veleno del labirinto
SPELL_ADRENALINE_DESC	Premi per lanciare. Consuma il 20% dei tuoi HP massimi per ripristinare il 60% del tuo Vigore massimo.
SPELL_AETHERFANGPHALANX_DESC	Premi per lanciare. Evoca una falange di lame Zanna d'Etere che ti circondano e colpiscono automaticamente i nemici vicini, infliggendo Danno da etere.
SPELL_AETHERHOWL_DESC	Ulula e lancia proiettili d'etere verso il bersaglio.
SPELL_AIMEDSHOT_DESC	Premi per lanciare. Prendi la mira, poi scocca una freccia che attraversa i nemici, infliggendo Danno perforante.
SPELL_AIMEDSHOT_MOD_0	Tiro a punta larga: Tiro mirato non attraversa più i nemici. Invece, li respinge fino alla portata massima.
SPELL_AIMEDSHOT_MOD_1	Tiro a sorpresa: Tiro mirato infligge il 60% di danno bonus ai nemici fuori dal combattimento.
SPELL_AIMEDSHOT_MOD_2	Tiro lungo: Tiro mirato infligge il 50% di danno extra ai nemici oltre metà della portata, ma il 40% in meno ai nemici entro metà della portata.
SPELL_AIMEDSHOT_MOD_3	Freccia Corrompente: Tiro mirato consuma fino a 10 cariche di Sanguinamento sui nemici colpiti e applica 1 carica di Veleno per carica di Sanguinamento consumata.
SPELL_AIMEDSHOT_MOD_4	Freccia Purgante: Tiro mirato consuma il Veleno sui nemici colpiti per infliggere il 5% di danno in più per carica di Veleno consumata, fino a 10 cariche di Veleno.
SPELL_AIMEDSHOT_MOD_5	Freccia Inoculante: Tiro mirato conferisce 2 cariche di Inoculazione per ogni nemico avvelenato colpito. Se Tiro mirato colpisce almeno 2 nemici avvelenati, ottieni altre 2 cariche di Inoculazione.
SPELL_AIMEDSHOT_MOD_6	Freccia Avvelenante: Tiro mirato applica 4 cariche di Veleno ai nemici colpiti. Se Tiro mirato colpisce più di un nemico, quelli dopo il primo ricevono invece 2 cariche di Veleno.
SPELL_AIMEDSHOT_MOD_7	Freccia Lacerante: Tiro mirato applica 3 cariche di Sanguinamento ai nemici colpiti.
SPELL_ALPHABITE_DESC	Balza in avanti e mordi i nemici a portata.
SPELL_ALPHACLAW_DESC	Sferra colpi ai nemici davanti a te
SPELL_ALPHAHOWLPLAYER_DESC	Premi per lanciare. Richiama una scarica di proiettili che si disperdono casualmente sul campo di battaglia, ciascuno dei quali infligge danno suddiviso in Danno da ghiaccio e Danno da etere nel punto in cui atterra.
SPELL_ALPHAHOWL_DESC	Arretra e scatena una raffica di proiettili di Gelo contro i nemici vicini.
SPELL_ALPHAPOUNCE_DESC	Balza su un bersaglio, lasciando una zona di Gelo e infliggendo un impatto gelido all'atterraggio.
SPELL_ALPHAREPOSITION_DESC	Spostati lateralmente per cambiare angolazione e lancia dardi di Gelo contro i nemici.
SPELL_ALTHAEASFLOURISH_DESC	Marchia fino a tre giocatori vicini e fa piovere una sequenza di aree di Nebbia velenosa sotto ciascuno, infliggendo Danno da decadimento e applicando Veleno ogni secondo.
SPELL_ALTHAEASSPIKES_DESC	Evoca un ventaglio di spine d'etere davanti all'incantatore, poi lancia ciascuna verso un giocatore vicino scelto a caso.
SPELL_ALTHAEASSWAP_DESC	Si teletrasporta a un nodo santificato vicino o in una posizione sicura casuale a portata.
SPELL_ALTHAEASTIDALWAVE_DESC	Scatena un'ampia ondata di marea che rimuove gli effetti negativi degli alleati, converte in acqua tutte le pozze vicine e inonda l'area con nuove Pozze d'Acqua.
SPELL_ARROWOFTHEDEEPCOLD_DESC	Colpire un nemico assiderato con il tuo terzo attacco a distanza scocca da dietro di lui una freccia di ghiaccio gigante che trafigge tutti i nemici sul suo percorso e infligge Danno da ghiaccio.
SPELL_ASTRALPURR_DESC	Resta vicino al giocatore ed emette un impulso costante che ripristina Concentrazione nell'arco di 2 secondi.
SPELL_ATTACKSWAP_DESC	Passa alla mischia o alla distanza
SPELL_BACKSTEPSTRIKE_DESC	Premi per lanciare. Colpisci i nemici davanti a te, infliggendo Danno perforante, poi scatta indietro. Colpire un nemico conferisce Ondata temporale.
SPELL_BACKSTEPSTRIKE_MOD_0	Passo indietro storpiante: I nemici colpiti vengono rallentati del 15% per 2 secondi, ma Colpo in arretramento infligge il 20% di danno in meno.
SPELL_BACKSTEPSTRIKE_MOD_1	Passo indietro esecutore: Infliggi il 30% di danno extra ai nemici sotto il 40% di HP, ma il 50% di danno in meno sopra tale soglia.
SPELL_BACKSTEPSTRIKE_MOD_2	Passo indietro ripetuto: al termine dello scatto, colpisci di nuovo in un'area più ampia. Se entrambi gli attacchi vanno a segno, riduci il tempo di recupero di Colpo in arretramento del 50%.
SPELL_BACKSTEPSTRIKE_MOD_3	Passo indietro inseguitore: Se Colpo in arretramento colpisce almeno 1 nemico, puoi rilanciarlo entro 2 secondi per scattare in avanti e colpire di nuovo con il 50% del danno. Il secondo colpo non può conferire Ondata temporale.
SPELL_BACKSTEPSTRIKE_MOD_4	Passo indietro Riecheggiato: Consuma fino a 5 cariche di Eco temporale sui nemici colpiti per infliggere il 5% di Danno da stordimento extra per Eco consumata, ma Colpo in arretramento non conferisce più Ondata temporale.
SPELL_BACKSTEPSTRIKE_MOD_5	Passo indietro Echeggiante: Applica 3 cariche di Eco temporale a tutti i nemici colpiti.
SPELL_BACKSTEPSTRIKE_MOD_6	Passo indietro Lacerante: Applica 3 cariche di Sanguinamento a tutti i nemici colpiti.
SPELL_BACKSTEPSTRIKE_MOD_7	Passo indietro Montante: Non ottieni più Ondata temporale quando colpisci un nemico. Invece, se hai Ondata temporale, consumala per infliggere istanze aggiuntive di danno. Ottieni 1 istanza extra per carica di Ondata temporale consumata, fino a 5.
SPELL_BARRIER_DESC	Premi per lanciare. Conferisci a un alleato uno scudo protettivo che assorbe danno e decade nell'arco di 3.5 secondi.
SPELL_BARRIER_EFFECT_0	Scudo: (MH:5.44)
SPELL_BASH_DESC	Premi per lanciare. Colpisci davanti a te, infliggendo Danno contundente con Accumulo di stordimento aumentato.
SPELL_BITE_DESC	Balza e mordi il nemico.
SPELL_BLACKHOLE_DESC	Premi per lanciare. Apri un Buco Nero nella posizione bersaglio, trascinando tutti i nemici vicini al suo centro.
SPELL_BLADEDANCE_DESC	Premi per lanciare. Scatena una raffica di 5 colpi, ciascuno dei quali infligge Danno da taglio e applica Sanguinamento.
SPELL_BLADEDANCE_MOD_0	Danza rimbalzante: Dopo ogni colpo, Danza delle lame cerca un nuovo bersaglio vicino per il colpo successivo, se disponibile. Se non ci sono altri nemici a portata, continua a colpire il bersaglio originale.
SPELL_BLADEDANCE_MOD_1	Danza dilaniante: Danza delle lame riduce l'Armatura del bersaglio del 10% per colpo per 5 secondi.
SPELL_BLADEDANCE_MOD_2	Danza spazzante: Ogni colpo di Danza delle lame infligge anche Danno da taglio in una piccola area attorno al bersaglio colpito, pari al 40% del danno, ma il colpo principale infligge il 20% di danno in meno.
SPELL_BLADEDANCE_MOD_3	Danza delle stoccate: Danza delle lame infligge Danno perforante.
SPELL_BLADEDANCE_MOD_4	Danza Mietente: Ogni colpo di Danza delle lame consuma cariche di Sanguinamento sul bersaglio per infliggere l'8% di danno in più per carica, fino al 40% per colpo. Danza delle lame non applica più Sanguinamento.
SPELL_BLADEDANCE_MOD_5	Danza Coagulante: Ogni colpo di Danza delle lame consuma 1 carica di Veleno sul bersaglio per applicare 2 cariche aggiuntive di Sanguinamento.
SPELL_BLADEDANCE_MOD_6	Danza Avvelenante: Ogni colpo di Danza delle lame applica anche 1 carica di Veleno al bersaglio.
SPELL_BLADEDANCE_MOD_7	Danza Inoculante: Ogni colpo di Danza delle lame conferisce 1 carica di Inoculazione se colpisce un bersaglio avvelenato.
SPELL_BLAZEBORNEDAGGERS_DESC	Colpire un nemico con il tuo Attacco finale scatena una scarica di fuoco attorno a lui, infliggendo Danno da fuoco a tutti i nemici vicini e consumando fino a 10 cariche di Ondata temporale; il danno aumenta per ogni carica consumata.
SPELL_BLAZINGWRATH_DESC	Dopo aver consumato Furia, ottieni un'Aura di Fuoco per 5 secondi, che infligge Danno da fuoco e applica Ustione ai nemici vicini ogni secondo. La durata aumenta di 0.5 secondi per ogni Furia consumata.
SPELL_BLIZZARD_DESC	Premi per lanciare. Crea una tormenta in una posizione bersaglio. Infligge Danno da ghiaccio, applica Gelo ogni secondo e lascia una Pozza di ghiaccio.
SPELL_BLIZZARD_MOD_0	Tormenta inseguitrice: Tormenta cerca e segue il nemico più vicino. Il raggio e il danno di Tormenta sono ridotti del 20%
SPELL_BLIZZARD_MOD_1	Tormenta costante: Il raggio di Tormenta aumenta del 15%
SPELL_BLIZZARD_MOD_2	Tormenta centrata: Tormenta viene lanciata nella tua posizione e ti segue. Il suo raggio e il suo danno aumentano del 25%.
SPELL_BLIZZARD_MOD_3	Tormenta Frantumante: Tormenta consuma fino a 10 cariche di Gelo per infliggere il 10% di Danno da ghiaccio in più per carica consumata. Tormenta non applica più Gelo e non crea più una Pozza di ghiaccio.
SPELL_BLIZZARD_MOD_4	Tormenta Fratturante: Tormenta consuma fino a 10 delle tue cariche di Vincolo gelido al lancio. La durata di Tormenta aumenta di 0.5 secondi per ogni carica di Vincolo gelido consumata.
SPELL_BLIZZARD_MOD_5	Tormenta Agghiacciante: Tormenta non infligge danno, ma applica 2 cariche aggiuntive di Gelo al secondo e ha un raggio aumentato del 50%.
SPELL_BLIZZARD_MOD_6	Tormenta del vincolo gelido: Tormenta applica 2 cariche di Vincolo gelido al secondo a tutti gli alleati al suo interno.
SPELL_BOULDERTOSS_DESC	Premi per lanciare. Scaglia un masso gigante nella posizione bersaglio, infliggendo Danno contundente e interrompendo tutti i nemici colpiti.
SPELL_BOULDERTOSS_MOD_0	Masso Frantumante: Il masso si frantuma all'impatto, spargendo ulteriori frammenti dannosi.
SPELL_BOULDERTOSS_MOD_1	Masso d'olio: Il tuo Lancio di masso lascia una Pozza d'Olio.
SPELL_BOULDERTOSS_MOD_2	Schianto di masso: Tempo di recupero ridotto a 4 secondi, ma la portata si riduce a quella da mischia e Lancio di masso infligge il 20% di danno in meno.
SPELL_BOULDERTOSS_MOD_3	Masso Infuriante: Lancio di masso conferisce 5 Furia se colpisce almeno 1 nemico.
SPELL_BOULDERTOSS_MOD_4	Masso Furente: Lancio di masso consuma Furia per aumentare il proprio Accumulo di stordimento del 3% per Furia consumata, fino al 30%.
SPELL_BRAMBLEFANPLAYER_DESC	Premi per lanciare. Evoca un ventaglio di rovi verso il bersaglio, infliggendo Danno perforante e applicando Sanguinamento a tutti i nemici trafitti. Ogni Cuore della Foresta vicino genera il proprio Ventaglio di Spine verso il bersaglio.
SPELL_BRAMBLEFAN_DESC	Scatena un ampio ventaglio di spine di rovo che spazzano l'arena davanti al Re della Foresta corrotto.
SPELL_BRIARHEARTSTOMP_DESC	Il Treant pesta il terreno, infliggendo danno in un'ampia area.
SPELL_BURNINGPIT_DESC	Crea una Fossa Ardente
SPELL_CARRIONSWEEP_DESC	Individua i nemici sanguinanti, poi piomba su di loro, applicando 1 carica aggiuntiva di Sanguinamento al bersaglio e 2 cariche di Sanguinamento a 1 nemico vicino.
SPELL_CERESAETHERMISSILE_DESC	Lanciare un incantesimo di Etere evoca un dardo d'etere a ricerca che insegue un nemico vicino, infliggendo Danno da etere all'impatto.
SPELL_CHILLWINGDESCENT_DESC	Individua i nemici assiderati, poi piomba su di loro per diffondere 1 carica di Gelo ai nemici vicini.
SPELL_CHRONOSPIKE_DESC	Premi per lanciare. Compi un breve passo, poi lancia una spina temporale che cerca il nemico con più cariche di danno nel tempo. Anticipa la sua Ustione, il suo Veleno e il suo Sanguinamento: il danno rimanente viene inflitto tutto insieme e ogni carica anticipata aggiunge Danno da etere bonus.
SPELL_CHRONOSPIKE_EFFECT_1	Danno da etere bonus per carica: (MA:0.2)
SPELL_CHRONOSPIKE_MOD_0	Spina storpiante: I nemici colpiti da Spina cronale vengono rallentati del 20% per 2 secondi, ma Spina cronale non dà più priorità ai nemici affetti da danno nel tempo.
SPELL_CHRONOSPIKE_MOD_1	Spina Scindente: Genera 3 proiettili anziché 1, ciascuno diretto verso un bersaglio diverso e con il 33% del danno iniziale. Il danno bonus resta invariato. I nemici colpiti da più proiettili subiscono molto meno danno dai colpi consecutivi.
SPELL_CHRONOSPIKE_MOD_2	Spina invertente: Non anticipa più le cariche di danno nel tempo. Invece le raddoppia, aggiungendone fino a un massimo di 5 per tipo di effetto ad accumulo.
SPELL_CHRONOSPIKE_MOD_3	Spina Echeggiante: Le cariche anticipate vengono convertite in Eco temporale anziché infliggere Danno da etere bonus. Il loro danno rimanente viene comunque inflitto tutto insieme.
SPELL_CHRONOSPIKE_MOD_4	Spina Lacerante: Le cariche anticipate vengono convertite in Sanguinamento anziché infliggere Danno da etere bonus. Il loro danno rimanente viene comunque inflitto tutto insieme.
SPELL_CHRONOSPIKE_MOD_5	Spina Montante: Usare Spina cronale conferisce 3 cariche di Ondata temporale.
SPELL_CINDERDETONATION_DESC	Colpire un nemico ustionato con il tuo terzo attacco scatena un'esplosione infuocata, infliggendo Danno da fuoco.
SPELL_CIRCLEOFMAGIC_DESC	Premi per lanciare. Crea un Cerchio di Magia per 10 secondi che potenzia del 25% il Danno magico di tutti gli alleati al suo interno.
SPELL_CLAW_DESC	Sferra colpi ai nemici davanti a te
SPELL_CLEARWATER_DESC	Premi per lanciare. Converti tutte le pozze elementali in un'ampia area in Pozze d'Acqua.
SPELL_CLONEDAGGERTHROW_DESC	I tuoi Cloni d'ombra lanciano ciascuno un Pugnale d'ombra contro il bersaglio, infliggendo Danno perforante e applicando Sanguinamento con ogni pugnale.
SPELL_CLONESTRIKE_DESC	I tuoi Cloni d'ombra replicano il tuo attacco, ciascuno colpendo il bersaglio per una parte del tuo danno.
SPELL_COMBATMEDIC_DESC	Premi per lanciare. Raggiungi rapidamente un alleato e rimuovi tutte le sue cariche di Ustione, Gelo, Veleno, Scossa e Sanguinamento.
SPELL_CONFLAGRATION_DESC	Premi per lanciare. Diffonde le cariche di Ustione del bersaglio a tutti i nemici vicini. Richiede un bersaglio ustionato.
SPELL_CONTAGION_DESC	Premi per lanciare. Infetta un bersaglio con Veleno e una zona contagiosa che infligge Danno da decadimento e diffonde Veleno ai nemici vicini ogni secondo.
SPELL_CONTAGION_MOD_0	Contagio Focalizzato: Riduce il raggio della zona di Contagio del 40%. Il bersaglio infetto subisce il 25% di Danno da decadimento in più da Contagio.
SPELL_CONTAGION_MOD_1	Trasferimento vettoriale: Se il bersaglio infetto muore mentre Contagio è attivo, Contagio si trasferisce al nemico più vicino a portata e si rinnova al 50% della sua durata rimanente. Trasferimento vettoriale può verificarsi una volta per lancio.
SPELL_CONTAGION_MOD_2	Contagio persistente: Quando Contagio termina, la zona contagiosa resta nella posizione finale del bersaglio per 3 secondi. La zona persistente infligge il 50% di Danno da decadimento in meno e non copia più il Veleno applicato al bersaglio originale.
SPELL_CONTAGION_MOD_3	Nube pandemica: Contagio non si attacca più al bersaglio. Crea invece una zona contagiosa fissa nella posizione del bersaglio per 6 secondi. Il raggio della zona aumenta del 25%.
SPELL_CONTAGION_MOD_4	Contagio esplosivo: Quando Contagio termina, esplode, infliggendo Danno da decadimento ai nemici nella zona contagiosa. Il danno dell'esplosione aumenta del 5% per ogni carica di Veleno sul bersaglio infetto, fino al 50%. La durata di Contagio si riduce di 1 secondo.
SPELL_CONTAGION_MOD_5	Contagio Avvelenante: Contagio applica 3 cariche aggiuntive di Veleno al bersaglio infetto al lancio. La zona contagiosa applica 1 carica aggiuntiva di Veleno al secondo ai nemici al suo interno.
SPELL_CONTAGION_MOD_6	Contagio Purgante: Contagio consuma fino a 10 cariche di Veleno dal bersaglio infetto al lancio. Ogni carica di Veleno consumata aumenta il Danno da decadimento di Contagio del 5% per tutta la sua durata. Contagio non applica più le sue 5 cariche iniziali di Veleno.
SPELL_CONTAGION_MOD_7	Contagio Inoculante: Quando Contagio copia il Veleno dal bersaglio infetto ad almeno un nemico nella zona contagiosa, ottieni 2 cariche di Inoculazione. Può verificarsi una volta ogni 1 secondo.
SPELL_CONTAGION_MOD_8	Contagio inoculato: Contagio consuma fino a 5 cariche di Inoculazione al lancio. Ogni carica di Inoculazione consumata aumenta il raggio di Contagio del 6% e la durata di 0.5 secondi.
SPELL_CONTAGION_MOD_9	Contagio Coagulante: Quando Contagio copia il Veleno dal bersaglio infetto ai nemici nella zona contagiosa, converte parte di quel Veleno copiato in Sanguinamento. Di base, ogni 4 cariche di Veleno copiate applicano invece 1 carica di Sanguinamento, fino alla quantità di Veleno copiato.
SPELL_COPPERTHROWINGKNIFE_DESC	Lancia un coltello di rame che applica Sanguinamento a ogni nemico che trafigge.
SPELL_CORNUCHARGE_DESC	Premi per lanciare. Carica nella direzione bersaglio, infliggendo Danno contundente al primo mostro colpito e rilasciando un'Onda di Shock che danneggia e interrompe i nemici vicini. Il danno aumenta con la distanza percorsa.
SPELL_CORNUCHARGE_MOD_0	Onda di Shock di Cornu: Carica di Cornu ora infligge danno in un'area più ampia all'impatto.
SPELL_CORNUCHARGE_MOD_1	Carica dell'odore del sangue: Carica di Cornu rimborsa il 35% del proprio tempo di recupero quando colpisce un nemico sanguinante.
SPELL_CORNUCHARGE_MOD_2	Amplificazione della carica contro storditi: Carica di Cornu infligge il 50% di danno extra ai bersagli storditi.
SPELL_CORNUCHARGE_MOD_3	Carica Mietente: Carica di Cornu consuma il Sanguinamento sul nemico colpito per ottenere il 5% di Accumulo di stordimento aggiuntivo per carica di Sanguinamento consumata, fino al 50%.
SPELL_CORNUCHARGE_MOD_4	Carica Lacerante: Carica di Cornu applica 3 cariche di Sanguinamento al nemico colpito e altre 2 se vicino alla distanza massima.
SPELL_CORNUCHARGE_MOD_5	Carica Infuriante: Carica di Cornu conferisce 5 Furia quando colpisce un nemico.
SPELL_CORNUCHARGE_MOD_6	Carica Furente: Carica di Cornu consuma Furia per infliggere il 5% di danno in più per carica di Furia, fino a un aumento del 50%.
SPELL_CORRUPTEDCLAW_DESC	Sferra colpi ai nemici davanti a te
SPELL_CORRUPTEDDROOPKINGLUNGE_DESC	Balza verso una posizione bersaglio
SPELL_CORRUPTEDROOTSTOMP_DESC	Il Treant pesta il terreno, infliggendo danno in un'ampia area.
SPELL_CORRUPTEDTREANTSWIPE_DESC	Sferra colpi ai nemici davanti al Treant
SPELL_CRIPPLINGSTRIKE_DESC	Tieni premuto per caricare. Rilascia per colpire, infliggendo (AT), rallentando i nemici del 25% per 5 secondi e interrompendoli. Attaccare dopo un colpo a carica completa avvia un Attacco finale.
SPELL_CROSSBOWSWAP_DESC	La parte di Cambio arma relativa alla balestra. Salta indietro e spara 2 colpi nella direzione bersaglio, ciascuno dei quali infligge Danno perforante.
SPELL_CROWNBREAKERSWEEP_DESC	Ampia spazzata di una mazza di rottami che attraversa la sala, lasciando solo un piccolo spazio sicuro accanto al braccio.
SPELL_DECAYBURST_DESC	Una scarica tossica di decadimento erutta attorno al bersaglio, infliggendo Danno da decadimento a tutti i nemici vicini.
SPELL_DESCRIPTION	Descrizione
SPELL_DEVOURCALL_DESC	Richiama goblin da divorare, ripristinando la vitalità del Re Goblin.
SPELL_DEVOUR_DESC	Premi per lanciare. Divora il nemico davanti a te, infliggendo Danno da taglio che aumenta quanto più bassa è la salute del nemico. Uccidere un nemico con Divorare ti conferisce uno scudo protettivo.
SPELL_DRAGONSBREATH_DESC	Premi per lanciare. Sprigiona un flusso di fuoco per 2.5 secondi, lanciando 6 proiettili che infliggono Danno da fuoco e applicano Ustione. Durante il lancio resti bloccato sul posto.
SPELL_DRAGONSBREATH_MOD_0	Drago concentrato: Soffio del Drago non applica più Ustione, ma infligge il 50% di Danno da fuoco in più.
SPELL_DRAGONSBREATH_MOD_1	Drago remoto: Soffio del Drago inizia il lancio dalla tua posizione attuale e non ti blocca più sul posto. Puoi muoverti dopo il lancio, ma Soffio del Drago resta nella posizione di lancio originale per tutta la sua durata.
SPELL_DRAGONSBREATH_MOD_2	Drago canalizzato: Soffio del Drago diventa un incantesimo da canalizzare tenendo premuto. Durante la canalizzazione, Soffio del Drago lancia proiettili senza sosta, infliggendo Danno da fuoco ridotto del 25% e applicando Ustione. Rilasciare la canalizzazione termina Soffio del Drago in anticipo. Tempo di recupero ridotto a 3 secondi.
SPELL_DRAGONSBREATH_MOD_3	Drago comburente: Ogni proiettile di Soffio del Drago consuma fino a 1 carica di Ustione da ogni nemico colpito. Per ogni carica di Ustione consumata, quel proiettile infligge il 12% di Danno da fuoco in più a quel nemico. Soffio del Drago non applica più Ustione.
SPELL_DRAGONSBREATH_MOD_4	Drago Fiammeggiante: Ogni proiettile di Soffio del Drago consuma 1 delle tue cariche di Ravvivato quando colpisce un nemico. Per ogni carica di Ravvivato consumata, quel proiettile infligge il 10% di Danno da fuoco in più.
SPELL_DRAGONSBREATH_MOD_5	Drago dell'Incendio Selvaggio: Quando un proiettile di Soffio del Drago applica Ustione a un nemico, applica anche 1 carica di Ustione a un massimo di 2 nemici vicini.
SPELL_DRAGONSBREATH_MOD_6	Drago Agghiacciante: Soffio del Drago infligge il 50% di Danno da fuoco e il 50% di Danno da ghiaccio e applica Gelo anziché Ustione.
SPELL_DROOPKINGLUNGE_DESC	Balza verso una posizione bersaglio
SPELL_DROOPLUNGE_DESC	Balza verso una posizione bersaglio
SPELL_ECHOESOFMUTILATION_DESC	Premi per lanciare. Scatta in avanti e colpisci 3 volte, infliggendo Danno perforante a tutti i nemici a portata e convertendo fino a 10 cariche di Ondata temporale in cariche di Colpo doppio.
SPELL_ECHOESOFMUTILATION_MOD_0	Mutilazione espansiva: Aumenta il raggio dei colpi del 50%, ma ogni colpo infligge il 20% di danno in meno.
SPELL_ECHOESOFMUTILATION_MOD_1	Mutilazione ripetuta: Al termine dello scatto, un'immagine residua ripete i colpi con il 40% del danno. Echi di mutilazione conferisce il 50% di cariche di Colpo doppio in meno.
SPELL_ECHOESOFMUTILATION_MOD_2	Mutilazione inseguitrice: Se almeno un nemico viene colpito da tutti i colpi, puoi rilanciare entro 2 secondi per scattare verso un bersaglio vicino e ripetere il colpo finale con il 50% del danno. Il rilancio non può conferire Colpo doppio.
SPELL_ECHOESOFMUTILATION_MOD_3	Mutilazione in ritirata: Dopo il colpo finale, scatta indietro per una breve distanza.
SPELL_ECHOESOFMUTILATION_MOD_4	Mutilazione Mietente: Consuma tutto il Sanguinamento sui nemici colpiti dal colpo finale. Per ogni carica di Sanguinamento consumata, ottieni 1 carica di Colpo doppio, fino a un limite di 10. Echi di mutilazione non ottiene più Colpo doppio da Ondata temporale.
SPELL_ECHOESOFMUTILATION_MOD_5	Mutilazione Lacerante: I colpi iniziali applicano Sanguinamento.
SPELL_ECHOESOFMUTILATION_MOD_6	Mutilazione Riecheggiata: Consuma tutta l'Eco temporale sui nemici colpiti dal colpo finale per infliggere il 15% di Danno da stordimento extra e rallentarli del 30% per 2 secondi, ma Echi di mutilazione non conferisce più Colpo doppio.
SPELL_ECHOESOFMUTILATION_MOD_7	Mutilazione Echeggiante: Applica 1 carica di Eco temporale con ogni colpo, ma Echi di mutilazione conferisce il 50% di cariche di Colpo doppio in meno.
SPELL_ECHORIFT_DESC	Premi per lanciare. Scatta verso una posizione bersaglio e scatena una scarica di energia temporale, infliggendo Danno da etere e rallentando i nemici colpiti. Dopo un breve ritardo, la scarica riecheggia con danno ridotto. Se entrambe le scariche colpiscono, rimborsa il 35% del tuo tempo di recupero più breve.
SPELL_ECHORIFT_EFFECT_1	Danno dell'Eco: (MA:0.96)
SPELL_ECHORIFT_MOD_0	Fenditura fratturata: Dopo il secondo impulso, crea un terzo impulso ritardato con il 33% del danno. Fenditura d'eco non rimborsa più il tempo di recupero.
SPELL_ECHORIFT_MOD_1	Fenditura Focalizzata: Riduce il raggio della Fenditura del 35%, ma conferisce un ulteriore rimborso del 10% del tempo di recupero quando entrambi gli impulsi colpiscono.
SPELL_ECHORIFT_MOD_2	Fenditura recedente: Il secondo impulso si verifica nella tua posizione attuale anziché nel punto di lancio originale, ma infligge solo il 60% del danno.
SPELL_ECHORIFT_MOD_3	Fenditura Montante: Dopo il secondo impulso, ottieni 2 cariche di Ondata temporale per ogni nemico colpito due volte.
SPELL_ECHORIFT_MOD_4	Fenditura Montante: Al lancio, consuma fino a 5 cariche di Ondata temporale. Per ogni carica di Ondata consumata, aumenta del 4% il rimborso del tempo di recupero di Fenditura d'eco.
SPELL_ECHORIFT_MOD_5	Fenditura Echeggiante: Il secondo impulso applica 3 cariche di Eco temporale a ogni nemico colpito, ma non infligge più danno.
SPELL_ECHORIFT_MOD_6	Fenditura Riecheggiata: Il primo impulso consuma fino a 10 cariche di Eco temporale sui nemici colpiti. Per ogni carica di Eco temporale consumata, aumenta il raggio del secondo impulso del 4% e il suo Rallentamento del 5%
SPELL_ELFFINALATTACK_DESC	Attacco base in mischia dell'Elfo
SPELL_ELFMELEEATTACK_DESC	Attacco base in mischia dell'Elfo
SPELL_EMBERCASCADE_DESC	Colpire un nemico ustionato con un attacco a distanza lancia una piccola palla di fuoco contro il bersaglio, infliggendo Danno da fuoco. Il numero di palle di fuoco aumenta con le cariche di Ustione del bersaglio, fino a 10.
SPELL_EMPOWERWOLF_DESC	Potenzia i Lupi vicini con il tuo potere
SPELL_ENTANGLINGROOTSPLAYER_DESC	Premi per lanciare. Evoca radici nella posizione bersaglio che attirano i nemici verso di te, infliggendo Danno da taglio, rallentandoli e applicando Veleno.
SPELL_ENTANGLINGROOTSPLAYER_EFFECT_2	Riduzione Velocità di movimento: 25%
SPELL_ENTANGLINGROOTSPLAYER_MOD_0	Fiore di Radici: Radici Avviluppanti ora evoca 3 radici in un cono.
SPELL_ENTANGLINGROOTS_DESC	Evoca radici nella posizione bersaglio, poi le tira verso l'incantatore
SPELL_ERUPTPLAYER_DESC	Tieni premuto per caricare. Rilascia per scatenare una scarica d'acqua, infliggendo Danno contundente ai nemici vicini, respingendoli e lasciando Pozze d'Acqua. La potenza aumenta con il tempo di carica.
SPELL_EVERBURNMORTAR_DESC	Lanciare un incantesimo di Fuoco scaglia un proiettile incendiario di mortaio contro un nemico vicino, infliggendo Danno da fuoco in una piccola area all'impatto.
SPELL_EXPLOSIVEFLASK_DESC	Lancia una fiasca che crea una Fossa Ardente all'atterraggio.
SPELL_FAIRYINVULNERABLE_DESC	Rimpicciolisciti e diventa invincibile per un breve periodo, muovendoti più lentamente per la sua durata.
SPELL_FIREBALL_DESC	Premi per lanciare. Lancia una palla di fuoco contro un nemico, infliggendo Danno da fuoco e applicando Ustione.
SPELL_FIREBALL_MOD_0	Impatto esplosivo: All'impatto, Palla di fuoco ora scatena un'esplosione che infligge Danno da fuoco in un'area.
SPELL_FIREBALL_MOD_1	Palla di fuoco carica: Palla di fuoco diventa un incantesimo da caricare tenendo premuto. Carica Palla di fuoco per un massimo di 1.5 secondi. A carica completa, Palla di fuoco infligge il 50% di Danno da fuoco in più e viaggia il 20% più velocemente.
SPELL_FIREBALL_MOD_2	Braci rapide: Il danno di Palla di fuoco è ridotto del 50%, ma il tempo di recupero si riduce del 40%.
SPELL_FIREBALL_MOD_3	Palla di fuoco penetrante: Palla di fuoco attraversa i nemici, infliggendo danno a ogni nemico colpito e attivando Impatto esplosivo a ogni colpo, ma non alla fine. Palla di fuoco infligge il 30% di danno in meno.
SPELL_FIREBALL_MOD_4	Palla di fuoco incendiaria: Palla di fuoco applica 2 cariche aggiuntive di Ustione ai nemici colpiti.
SPELL_FIREBALL_MOD_5	Palla di fuoco comburente: Palla di fuoco consuma fino a 10 cariche di Ustione da ogni nemico colpito. Per ogni carica di Ustione consumata, Palla di fuoco infligge il 12% di Danno da fuoco in più a quel nemico.
SPELL_FIREBALL_MOD_6	Palla di fuoco d'Innesco: Palla di fuoco non applica più Ustione, ma conferisce 1 carica di Ravvivato per ogni nemico ustionato colpito.
SPELL_FIREBALL_MOD_7	Palla di fuoco Fiammeggiante: Palla di fuoco consuma fino a 10 delle tue cariche di Ravvivato al lancio. Per ogni carica di Ravvivato consumata, Palla di fuoco infligge il 10% di Danno da fuoco in più.
SPELL_FIREBALL_MOD_8	Palla di fuoco Incandescente: Palla di fuoco consuma Gelo da ogni nemico colpito per applicare 1 carica di Ustione ogni 4 cariche di Gelo consumate.
SPELL_FIREBURST_DESC	Premi per lanciare. Accumula energia infuocata, poi rilasciala in una scarica attorno a te, infliggendo Danno da fuoco e applicando Ustione.
SPELL_FLAMEBOUNDCHARGE_DESC	Scatta attraverso i nemici lungo una breve linea, lasciando una fossa di fuoco a destinazione, infliggendo Danno da fuoco e applicando Ustione a tutti i nemici colpiti.
SPELL_FLAMINGSTRIKE_DESC	Tieni premuto per caricare. Rilascia per colpire, infliggendo danno suddiviso tra (AT) e Danno da fuoco, applicando fino a 5 cariche di Ustione e interrompendo i nemici colpiti. Attaccare dopo un colpo a carica completa avvia un Attacco finale.
SPELL_FORESTHEARTBRAMBLEFAN_DESC	Scatena un ampio ventaglio di spine di rovo che spazzano l'arena davanti al Re della Foresta corrotto.
SPELL_FORESTHEARTHEARTBOUNDTETHER_DESC	Il Cuore della Foresta sferza i giocatori vicini con liane viventi.
SPELL_FORESTHEARTMANAGER_DESC	Mantiene il numero di Cuori della Foresta che proteggono il Re della Foresta corrotto.
SPELL_FORESTHEARTRESINGEYSER_DESC	I Cuori della Foresta replicano lo sbarramento di resina del Re con geyser più piccoli.
SPELL_FORESTHEARTSAPBLOOM_DESC	I Cuori della Foresta replicano la Fioritura di Linfa del Re, attirando bruscamente i nemici vicini verso l'interno prima di esplodere.
SPELL_FRENZIEDSLASHESPLAYER_DESC	Scatena una rapida raffica di fendenti attorno a te, infliggendo Danno da taglio e applicando Sanguinamento con ogni colpo.
SPELL_FRENZY_DESC	Premi per lanciare. Ottieni 5 Furia e il 50% di Velocità d'attacco in più per 2 secondi.
SPELL_FRENZY_EFFECT_0	Bonus alla Velocità d'attacco: 50%
SPELL_FRENZY_MOD_0	Frenesia persistente: Aumenta la durata di Frenesia del 100%, ma riduce la Velocità d'attacco ottenuta del 60%.
SPELL_FRENZY_MOD_1	Frenesia del sangue impetuoso: Mentre Frenesia è attiva, ottieni il 30% di Velocità di movimento.
SPELL_FRENZY_MOD_2	Frenesia Mietente: Frenesia consuma il Sanguinamento sui nemici vicini per ottenere l'1% di Velocità d'attacco in più per carica di Sanguinamento consumata, fino al 25%.
SPELL_FRENZY_MOD_3	Frenesia Lacerante: Frenesia non conferisce più Furia. Invece, mentre Frenesia è attiva, ogni terzo attacco applica 2 cariche di Sanguinamento.
SPELL_FRENZY_MOD_4	Frenesia Infuriante: Frenesia conferisce altre 3 Furia al lancio, ma il suo bonus alla Velocità d'attacco è ridotto del 25%
SPELL_FRENZY_MOD_5	Frenesia Furente: Frenesia non conferisce più Furia. Consuma invece fino a 10 Furia per aumentare la sua durata del 10% per Furia consumata.
SPELL_FROSTBORNEDAGGERS_DESC	Colpire un nemico con il tuo Attacco finale mentre ha almeno 5 cariche di Eco temporale consuma tutta l'Eco temporale, scatenando una scarica di ghiaccio che applica a tutti i nemici vicini Gelo pari all'Eco temporale consumata.
SPELL_FROSTGLIDE_DESC	Premi per lanciare. Scatta nella direzione di movimento, infliggendo Danno da ghiaccio e applicando Gelo a tutti i nemici sul tuo percorso. Lascia Pozze di ghiaccio. Puoi controllarla durante il movimento.
SPELL_FROSTGLIDE_MOD_0	Carica extra di Scivolata gelida: Scivolata gelida ottiene 1 carica extra, consentendo 2 lanci. Il danno di Scivolata gelida è ridotto del 30%.
SPELL_FROSTGLIDE_MOD_1	Scivolata glaciale: Scivolata gelida consuma le Pozze di ghiaccio che attraversi, aumentando il Danno da ghiaccio di Scivolata gelida del 10% per Pozza di ghiaccio consumata. Scivolata gelida non lascia più Pozze di ghiaccio.
SPELL_FROSTGLIDE_MOD_2	Scivolata ricongelante: Scivolata gelida rinnova la durata del Gelo sui nemici colpiti, ma infligge il 20% di danno in meno.
SPELL_FROSTGLIDE_MOD_3	Scivolata ancorata: Scivolata gelida non ti sposta più. Invece, invii una scia gelida verso la posizione bersaglio che infligge Danno da ghiaccio, applica Gelo e lascia Pozze di ghiaccio.
SPELL_FROSTGLIDE_MOD_4	Scivolata Frantumante: Scivolata gelida consuma fino a 10 cariche di Gelo sui nemici per infliggere al nemico il 5% di danno in più per carica.
SPELL_FROSTGLIDE_MOD_5	Scivolata Agghiacciante: Scivolata gelida applica 2 cariche aggiuntive di Gelo ai nemici colpiti
SPELL_FROSTGLIDE_MOD_6	Scivolata Incandescente: Scivolata gelida consuma Gelo dai nemici colpiti per applicare 1 carica di Ustione ogni 4 cariche di Gelo consumate
SPELL_FROSTGLIDE_MOD_7	Ondata Fratturante: Al termine di Scivolata gelida, consuma fino a 10 delle tue cariche di Vincolo gelido per creare un'Ondata criogenica che infligge il 10% del danno di Scivolata gelida per carica di Vincolo gelido consumata.
SPELL_FROSTGLIDE_MOD_8	Scivolata del vincolo gelido: Scivolata gelida conferisce 2 cariche di Vincolo gelido per ogni nemico assiderato che colpisci. Scivolata gelida non applica più Gelo.
SPELL_FROSTJAVELIN_DESC	Tieni premuto per caricare. Rilascia per lanciare un giavellotto di ghiaccio, infliggendo Danno da ghiaccio e consumando fino a 10 cariche di Gelo dal bersaglio per il 4% di danno e Accumulo di stordimento extra per carica. I nemici colpiti vengono rallentati del 30% per 6 secondi.
SPELL_FROSTJAVELIN_EFFECT_1	Riduzione Velocità di movimento: 30%
SPELL_FROSTJAVELIN_MOD_0	Giavellotto Scindente: Giavellotto gelido si frantuma all'impatto, infliggendo danno in un cono dietro il bersaglio.
SPELL_FROSTJAVELIN_MOD_1	Giavellotto penetrante: Giavellotto gelido attraversa i nemici, infliggendo danno a ogni nemico attraversato.
SPELL_FROSTJAVELIN_MOD_10	Giavellotto Fratturante: Giavellotto gelido consuma fino a 10 delle tue cariche di Vincolo gelido al lancio. Per ogni carica di Vincolo gelido consumata, Giavellotto gelido infligge il 5% di Danno da ghiaccio e il 5% di Accumulo di stordimento in più, fino al 50%.
SPELL_FROSTJAVELIN_MOD_2	Giavellotto costante: La velocità del proiettile di Giavellotto gelido aumenta del 20%.
SPELL_FROSTJAVELIN_MOD_3	Giavellotto pesante: Giavellotto gelido viaggia il 25% più lentamente, ma infligge il 25% di Danno da ghiaccio e il 25% di Accumulo di stordimento in più.
SPELL_FROSTJAVELIN_MOD_4	Giavellotto canalizzato: Giavellotto gelido diventa un incantesimo da canalizzare tenendo premuto. Durante la canalizzazione, lancia senza sosta Giavellotti gelidi minori che infliggono il 25% del danno e consumano il 50% in meno di cariche massime di Gelo per colpo. Il tempo di recupero si riduce a 3 secondi.
SPELL_FROSTJAVELIN_MOD_5	Giavellotto Frantumante: Giavellotto gelido rilascia un'Onda di Shock all'impatto, infliggendo il 50% del danno di Giavellotto gelido ai nemici vicini e al primo nemico colpito. Il danno e il raggio dell'Onda di Shock aumentano in base al Gelo consumato dal primo bersaglio colpito
SPELL_FROSTJAVELIN_MOD_6	Giavellotto Incandescente: Giavellotto gelido consuma Gelo dal primo nemico colpito per applicare 1 carica di Ustione ogni 4 cariche di Gelo consumate.
SPELL_FROSTJAVELIN_MOD_7	Giavellotto Agghiacciante: Giavellotto gelido non consuma più Gelo, ma applica 5 cariche di Gelo ai nemici colpiti.
SPELL_FROSTJAVELIN_MOD_8	Giavellotto di fuoco gelido: Giavellotto gelido consuma fino a 10 cariche di Ustione dal primo nemico colpito. Per ogni carica di Ustione consumata, Giavellotto gelido infligge il 4% di Danno da ghiaccio in più, fino al 40%.
SPELL_FROSTJAVELIN_MOD_9	Giavellotto scheggiante: Ogni 2 cariche di Gelo consumate, Giavellotto gelido lancia 1 frammento contro un nemico vicino, infliggendo il 20% del danno di Giavellotto gelido.
SPELL_FROSTQUAKE_DESC	Mentre sei in combattimento, ogni secondo un tremore colpisce un nemico assiderato vicino scelto a caso, infliggendo Danno contundente.
SPELL_FROZENSTRIKE_DESC	Tieni premuto per caricare. Rilascia per colpire, infliggendo danno suddiviso tra (AT) e Danno da ghiaccio, applicando fino a 5 cariche di Gelo e interrompendo i nemici colpiti. Attaccare dopo un colpo a carica completa avvia un Attacco finale.
SPELL_FURIOUSSTRIKE_DESC	Premi per lanciare. Scatta verso il bersaglio e colpisci, infliggendo Danno da taglio. Il lancio costa Salute.
SPELL_FURIOUSSTRIKE_MOD_0	Colpo ripetuto: Il tempo di recupero di Colpo furioso si azzera all'uccisione.
SPELL_FURIOUSSTRIKE_MOD_1	Colpo Contundente: Colpo furioso ora infligge Danno contundente, ma infligge il 20% di danno in meno.
SPELL_FURIOUSSTRIKE_MOD_2	Colpo scheggiante: Colpo furioso infligge il 20% di danno in meno, ma al colpo fa spruzzare sangue al bersaglio in una piccola area, infliggendo danno ai nemici vicini. Il colpo ad area eredita il modificatore della soglia effetto selezionato per Colpo furioso.
SPELL_FURIOUSSTRIKE_MOD_3	Colpo Lacerante: Colpo furioso applica 5 cariche di Sanguinamento.
SPELL_FURIOUSSTRIKE_MOD_4	Colpo Infuriante: Colpo furioso conferisce 1 Furia ogni 3 cariche di Sanguinamento sul bersaglio.
SPELL_FURIOUSSTRIKE_MOD_5	Colpo Mietente: Colpo furioso consuma il Sanguinamento sul bersaglio per infliggere il 6% di danno in più per carica di Sanguinamento consumata, fino al 60%.
SPELL_GOBLINTOSSPLAYER_DESC	Premi per lanciare. Fai cadere un mucchio di rottami con un Goblin al suo interno, infliggendo Danno da taglio ai nemici colpiti. Lascia un Goblin alleato che combatte per 8 secondi.
SPELL_GOBLINTOSS_DESC	Scaglia un goblin sfortunato che esplode all'impatto e richiama un Goblin Squartatore.
SPELL_GUST_DESC	Premi per lanciare. Emetti una raffica di vento, respingendo i nemici, rallentandoli brevemente e applicando Gelo.
SPELL_HAILOFARROWS_DESC	Tieni premuto per canalizzare. Ogni secondo, le frecce colpiscono l'area bersaglio, infliggendo Danno perforante a tutti i nemici al suo interno e applicando Veleno.
SPELL_HAILOFARROWS_MOD_0	Sbarramento di frecce: Pioggia di Frecce non è più canalizzata e ha un Tempo di recupero di 8 secondi. Premi per lanciare e richiama frecce che colpiscono fino a 6 nemici.
SPELL_HAILOFARROWS_MOD_1	Pozza d'Olio: Le frecce ora lasciano una Pozza d'Olio nel punto d'impatto
SPELL_HAILOFARROWS_MOD_2	Pozza di Veleno: Le frecce ora lasciano una Pozza di Veleno nel punto d'impatto.
SPELL_HAILOFARROWS_MOD_3	Grandine bloccante: Pioggia di Frecce rallenta i nemici del 35% per 2 secondi, ma i suoi impulsi sono più lenti del 20%
SPELL_HAILOFARROWS_MOD_4	Grandine Lacerante: Pioggia di Frecce ora applica 2 cariche di Sanguinamento anziché Veleno.
SPELL_HAILOFARROWS_MOD_5	Grandine Purgante: Pioggia di Frecce non applica più Veleno. Ogni impulso consuma fino a 10 cariche di Veleno sui nemici colpiti, infliggendo il 5% di danno in più per carica di Veleno consumata.
SPELL_HAILOFARROWS_MOD_6	Grandine Inoculante: Ogni impulso di Pioggia di Frecce conferisce 1 carica di Inoculazione per ogni nemico avvelenato colpito.
SPELL_HAILOFARROWS_MOD_7	Grandine inoculata: Pioggia di Frecce consuma Inoculazione durante la canalizzazione. Ogni impulso consuma 1 carica di Inoculazione per applicare 2 cariche aggiuntive di Veleno ai nemici colpiti.
SPELL_HAILOFARROWS_MOD_8	Grandine Corrompente: Ogni impulso di Pioggia di Frecce consuma fino a 3 cariche di Sanguinamento sui nemici colpiti e applica 1 carica di Veleno per carica di Sanguinamento consumata.
SPELL_HASTE_DESC	Premi per lanciare. Conferisci a un alleato Velocità di movimento aumentata per 7 secondi.
SPELL_HEARTBOUNDTETHER_DESC	Ordina ai Cuori della Foresta di sferzare i giocatori con liane avviluppanti.
SPELL_HEAVYSTRIKE_DESC	Tieni premuto per caricare. Rilascia per colpire, infliggendo (AT) e interrompendo i nemici colpiti. Attaccare dopo un colpo a carica completa avvia un Attacco finale.
SPELL_HUMANMELEEATTACK_DESC	Attacco base in mischia dell'Umano
SPELL_HUNTERSTRAP_DESC	Premi per lanciare. Scocca una freccia che piazza una trappola per 10 secondi. I nemici che la attivano subiscono Danno perforante e Accumulo di stordimento aumentato. Trappola del Cacciatore consuma Veleno per infliggere il 4% di danno in più, fino al 40%. Se Trappola del Cacciatore uccide un mostro avvelenato, questo esplode in una Nebbia velenosa che applica Veleno e infligge Danno da decadimento. La Nebbia velenosa si dissipa dopo 6 secondi.
SPELL_HUNTERSTRAP_MOD_0	Trappola dispersiva: Trappola del Cacciatore ora sparge 5 trappole casualmente in un'ampia area; il danno e l'Accumulo di stordimento di ogni trappola si riducono del 60% e le Cariche si riducono a 1.
SPELL_HUNTERSTRAP_MOD_1	Trappola rapida: Trappola del Cacciatore non ha più un ritardo di attivazione, ma infligge il 20% di danno e Accumulo di stordimento in meno.
SPELL_HUNTERSTRAP_MOD_2	Trappola a scarica velenosa: Trappola del Cacciatore rilascia sempre una Nebbia velenosa anche se il nemico sopravvive. Il danno di Nebbia velenosa è ridotto del 25%.
SPELL_HUNTERSTRAP_MOD_3	Trappola piazzata a mano: La portata di Trappola del Cacciatore si riduce a quella da mischia e il suo danno e Accumulo di stordimento aumentano del 15%
SPELL_HUNTERSTRAP_MOD_4	Trappola a catena: Quando Trappola del Cacciatore viene attivata, arma una seconda trappola più piccola nelle vicinanze dopo un breve ritardo. La seconda trappola infligge il 40% del danno e non può creare Nebbia velenosa.
SPELL_HUNTERSTRAP_MOD_5	Trappola Purgante: Trappola del Cacciatore consuma tutto il Veleno sul nemico che la attiva. Le prime 10 cariche di Veleno consumate conferiscono il normale 4% di danno bonus per carica. Le cariche di Veleno consumate oltre le 10 conferiscono il 2% di danno bonus per carica.
SPELL_HUNTERSTRAP_MOD_6	Trappola inoculata: Trappola del Cacciatore consuma Inoculazione quando viene attivata. Ogni carica di Inoculazione consumata aumenta l'Accumulo di stordimento di Trappola del Cacciatore dell'8% e il Danno da decadimento di Nebbia velenosa del 5%.
SPELL_HUNTERSTRAP_MOD_7	Trappola Lacerante: Trappola del Cacciatore consuma Veleno come di norma. Se viene consumato Veleno, Trappola del Cacciatore applica anche 1 carica di Sanguinamento ogni 4 cariche di Veleno consumate.
SPELL_HUNTERSTRAP_MOD_8	Trappola Corrompente: Trappola del Cacciatore consuma fino a 10 cariche di Sanguinamento sul nemico che la attiva e applica 1 carica di Veleno per carica di Sanguinamento consumata prima di infliggere danno.
SPELL_HUNTERSTRAP_MOD_9	Trappola Mietente: Trappola del Cacciatore consuma fino a 10 cariche di Sanguinamento sul nemico che la attiva. Ogni carica di Sanguinamento consumata aumenta il danno di Trappola del Cacciatore del 4%. Se Trappola del Cacciatore uccide il nemico, Nebbia velenosa applica 1 carica di Sanguinamento al secondo ai nemici al suo interno ogni 3 cariche di Sanguinamento consumate.
SPELL_INFECTIOUSSWARM_DESC	Tieni premuto per canalizzare. Crea uno sciame di spiriti infettivi che infliggono Danno da decadimento ogni secondo e applicano Veleno ai nemici nell'area bersaglio. L'area bersaglio può essere spostata durante la canalizzazione.
SPELL_INFERNO_DESC	Premi per lanciare. Assorbi Ustione dai nemici vicini e scatenala in una posizione bersaglio. Infligge Danno da fuoco a tutti i nemici e li interrompe. Il danno aumenta del 5% e la portata del 10% per carica di Ustione, fino a 10.
SPELL_INFERNO_MOD_0	Tempesta di fuoco: Inferno non infligge più danno all'impatto. Lascia invece una Tempesta di fuoco che infligge il 30% del danno di Inferno al secondo per 5 secondi.
SPELL_INFERNO_MOD_1	Inferno schermante: Inferno conferisce anche uno scudo protettivo agli alleati nella sua area, ma infligge il 30% di danno in meno
SPELL_INFERNO_MOD_2	Inferno delle fosse ardenti: Inferno consuma anche le Fosse Ardenti nell'area, per un valore di 5 cariche di Ustione per fossa.
SPELL_INFERNO_MOD_3	Inferno attenuato: Inferno ottiene +50% area ma infligge il 50% di danno in meno.
SPELL_INFERNO_MOD_4	Inferno a cascata: Se Inferno uccide un nemico, attiva un'esplosione più piccola nella posizione di quel nemico, infliggendo il 30% del Danno da fuoco di Inferno
SPELL_INFERNO_MOD_5	Inferno comburente: Ogni carica di Ustione consumata da Inferno aumenta il Danno da fuoco di Inferno di un ulteriore 2%, fino al 20%.
SPELL_INFERNO_MOD_6	Inferno accumulabraci: L'Ustione consumata oltre il limite di cariche che potenziano Inferno conferisce 1 carica di Ravvivato per ogni carica di Ustione in eccesso consumata.
SPELL_INFERNO_MOD_7	Inferno Fiammeggiante: Inferno consuma fino a 10 delle tue cariche di Ravvivato al lancio. Ogni carica di Ravvivato consumata conta come 1 carica di Ustione per aumentare danno e portata di Inferno.
SPELL_INFERNO_MOD_8	Inferno Agghiacciante: Inferno infligge il 50% di Danno da fuoco e il 50% di Danno da ghiaccio. Inferno applica 1 carica di Gelo ai nemici colpiti ogni 5 cariche di Ustione consumate.
SPELL_INFERNO_MOD_9	Inferno Incandescente: Inferno consuma anche il Gelo sui nemici vicini per aumentare danno e portata. Ogni carica di Gelo conta come il 25% di una carica di Ustione
SPELL_JOLTDAGGER_DESC	Premi per lanciare. Scaglia un fulmine nella direzione bersaglio, infliggendo Danno da elettricità e applicando Scossa. Colpire un nemico ti rallenta brevemente.
SPELL_JOLTDAGGER_EFFECT_0	Danno da elettricità: (ME:3.75)
SPELL_JUNKHAILPLAYER_DESC	Premi per lanciare. Fai cadere una grandine di rottami nell'area bersaglio, ciascuno dei quali infligge Danno da taglio.
SPELL_JUNKHAIL_DESC	Strappa detriti dal trono sollevandoli sopra la testa e scagliona raffiche di rottami sul campo di battaglia.
SPELL_KINDLINGSTRIKE_DESC	Colpire un nemico con il tuo terzo attacco in mischia scatena una scarica di fuoco, infliggendo Danno da fuoco ai nemici attorno al bersaglio e potenziando il tuo prossimo incantesimo di fuoco del 5% per carica di Ustione sul nemico, fino a 10.
SPELL_LESSERCONCENTRATIONTHROWFLASK_DESC	Lancia una fiasca che ripristina la concentrazione degli alleati in un'area.
SPELL_LESSERHEALTHTHROWFLASK_DESC	Lancia una fiasca che ripristina la salute degli alleati in un'area.
SPELL_LESSERSTAMINATHROWFLASK_DESC	Lancia una fiasca che ripristina il vigore degli alleati in un'area.
SPELL_LIGHTNINGSURGE_DESC	Premi per lanciare. Scatta verso una posizione bersaglio avvolto dai fulmini, infliggendo Danno da elettricità e ottenendo Scossa per ogni nemico colpito.
SPELL_LIGHTNINGSURGE_EFFECT_0	Danno da elettricità: (ME:4.49)
SPELL_LIMITLESSONSLAUGHT_DESC	Premi per lanciare. Sospendi il tempo, sfrecciando tra i nemici e colpendo una volta per carica di Eco temporale consumata, infliggendo Danno perforante con ogni colpo, fino a 10 colpi per nemico.
SPELL_LIMITLESSONSLAUGHT_MOD_0	Assalto dispersivo: Aumenta la portata del 40%, ma riduce di 5 i colpi massimi per nemico.
SPELL_LIMITLESSONSLAUGHT_MOD_1	Assalto Focalizzato: Riduce la portata del 40%, ma aumenta di 5 i colpi massimi per nemico.
SPELL_LIMITLESSONSLAUGHT_MOD_2	Assalto Riecheggiato: Per ogni carica di Eco temporale consumata, il danno dei colpi successivi nella sequenza aumenta dell'8%, ma il numero massimo di colpi per nemico si riduce di 5.
SPELL_LIMITLESSONSLAUGHT_MOD_3	Assalto Echeggiante: Assalto illimitato non consuma più Eco temporale. Invece, colpisci una volta ogni nemico a portata e applica 4 cariche di Eco temporale a ogni nemico colpito.
SPELL_LIMITLESSONSLAUGHT_MOD_4	Assalto Montante: Ottieni 1 carica di Ondata temporale per ogni nemico distinto colpito, fino a 5, ma i colpi infliggono il 30% di danno in meno.
SPELL_LIMITLESSONSLAUGHT_MOD_5	Assalto Montante: Consuma Ondata temporale al lancio. Per ogni carica di Ondata consumata, ottieni 1 carica di Colpo doppio per ogni nemico distinto colpito, fino a un limite di 5. Assalto illimitato può consumare un massimo di 5 cariche di Ondata temporale.
SPELL_LIMITLESSONSLAUGHT_MOD_6	Assalto Lacerante: Ogni colpo applica 1 carica di Sanguinamento, ma il Danno da taglio è ridotto del 30%.
SPELL_LIMITLESSONSLAUGHT_MOD_7	Assalto Mietente: L'ultimo colpo su ogni nemico consuma tutto il Sanguinamento su quel bersaglio per ripristinare Vigore e Concentrazione e ridurre il tempo di recupero di questo incantesimo del 2% per carica di Sanguinamento consumata.
SPELL_LUNARTAILSTORM_DESC	Spazzata di coda a 360 gradi che infligge danno da Gelo e respinge i nemici vicini.
SPELL_MASTERY	Maestria
SPELL_METEORITE_DESC	Premi per lanciare. Richiama una pioggia di meteoriti attorno a te, infliggendo Danno da fuoco e lasciando terreno ardente dove atterrano.
SPELL_MINORCONCENTRATIONTHROWFLASK_DESC	Lancia una fiasca che ripristina la concentrazione degli alleati in un'area.
SPELL_MINORHEALTHTHROWFLASK_DESC	Lancia una fiasca che ripristina la salute degli alleati in un'area.
SPELL_MINOTAURATTACK_DESC	Attacco base del Minotauro
SPELL_MONSTERDASHBASIC_DESC	Scatto rapido del Mostro
SPELL_OILFLASK_DESC	Lancia una fiasca che crea una Pozza d'Olio all'atterraggio.
SPELL_OUTBREAK_DESC	Premi per lanciare. Fai eruttare un nemico nel decadimento, infliggendo Danno da decadimento e consumando fino a 10 cariche di Veleno per ottenere danno bonus. I nemici con abbastanza Veleno innescano a catena una propria epidemia.
SPELL_OUTBREAK_MOD_0	Fioritura terminale: Se un'epidemia uccide un nemico, quel nemico rilascia un'esplosione finale di Decadimento nel luogo della morte, infliggendo il 50% del danno di Epidemia ai nemici vicini. Questa esplosione finale non può consumare Veleno o creare epidemie aggiuntive.
SPELL_OUTBREAK_MOD_1	Vettore della peste: Epidemia può diffondersi solo ai 3 nemici idonei più vicini colpiti da ogni eruzione, ma le epidemie secondarie infliggono il 15% di danno in più.
SPELL_OUTBREAK_MOD_10	Epidemia Mietente: Epidemia consuma fino a 8 cariche di Sanguinamento dai nemici che eruttano. Ogni carica di Sanguinamento consumata ripristina Vigore e Concentrazione. Epidemia continua a consumare Veleno come di norma.
SPELL_OUTBREAK_MOD_2	Lacerazione persistente: Ogni epidemia lascia una lacerazione infetta nel punto d'impatto per 3 secondi, infliggendo Danno da decadimento ogni secondo ai nemici al suo interno.
SPELL_OUTBREAK_MOD_3	Eruzione Focalizzata: Riduce il raggio dell'eruzione di Epidemia del 40%. Il bersaglio principale subisce il 35% di danno in più da Epidemia e le epidemie secondarie contro il bersaglio principale infliggono il 25% di danno in più.
SPELL_OUTBREAK_MOD_4	Cascata vorace: Quando un nemico crea un'epidemia secondaria con più di 10 cariche di Veleno, ogni carica di Veleno oltre le 10 aumenta il raggio di quell'epidemia secondaria del 3%, fino al 30% di raggio in più. Le epidemie secondarie consumano Veleno come di norma e infliggono il 15% di danno in meno.
SPELL_OUTBREAK_MOD_5	Epidemia Purgante: Epidemia consuma fino a 15 cariche di Veleno da ogni nemico che erutta. Ogni carica di Veleno consumata aumenta del 4% il danno dell'Epidemia di quel nemico.
SPELL_OUTBREAK_MOD_6	Epidemia inoculata: Epidemia consuma fino a 5 cariche di Inoculazione al lancio. Ogni carica di Inoculazione consumata aumenta il raggio d'impatto di Epidemia del 5% e il danno delle epidemie secondarie del 4%.
SPELL_OUTBREAK_MOD_7	Epidemia Avvelenante: Epidemia applica 3 cariche di Veleno ai nemici danneggiati dalla sua eruzione.
SPELL_OUTBREAK_MOD_8	Epidemia Inoculante: Quando un nemico crea un'epidemia secondaria, ottieni 2 cariche di Inoculazione.
SPELL_OUTBREAK_MOD_9	Epidemia Coagulante: Quando Epidemia consuma Veleno da un nemico, converte parte di quel Veleno consumato in Sanguinamento dopo l'eruzione. Di base, ogni 4 cariche di Veleno consumate applicano 1 carica di Sanguinamento.
SPELL_PARRY_DESC	Tieni premuto per parare. Durante la guardia, i colpi in arrivo non infliggono danno e consumano invece il tuo Vigore in base al danno parato. Una parata perfetta riduce notevolmente il Vigore consumato e contrattacca con un fendente, infliggendo Danno da taglio ai nemici vicini. Se il Vigore si esaurisce, la guardia si spezza e resti stordito per 1.5 secondi.
SPELL_PARRY_MOD_0	Contrattacco Tagliente: Le Parate riuscite applicano Sanguinamento a tutti i nemici colpiti.
SPELL_PESTILENTTREMOR_DESC	Consuma Inoculazione per creare un Tremore Pestilenziale che ti segue per 1 secondo per carica di Inoculazione consumata. Ogni secondo, il tremore infligge Danno da decadimento ai nemici vicini e consuma 2 cariche di Veleno da essi per infliggere Danno da stordimento bonus.
SPELL_PLAGUESHARDS_DESC	Premi per lanciare. Lancia un gruppo di frammenti di peste con una dispersione stretta, infliggendo Danno da decadimento. I frammenti aggiuntivi che colpiscono lo stesso nemico infliggono danno bonus.
SPELL_PLAGUESHARDS_MOD_0	Frammenti scheggianti: Frammenti di peste lancia 2 frammenti aggiuntivi con una dispersione più ampia, ma ogni frammento infligge il 25% di danno in meno.
SPELL_PLAGUESHARDS_MOD_1	Frammenti persistenti: I Frammenti di peste permangono alla fine del percorso per 3 secondi dopo il lancio iniziale, infliggendo Danno da decadimento a tutti i nemici che vi entrano.
SPELL_PLAGUESHARDS_MOD_2	Frammenti canalizzati: Frammenti di peste diventa un incantesimo canalizzato. Tieni premuto per lanciare senza sosta frammenti di peste frastagliati con una dispersione stretta, infliggendo Danno da decadimento ogni 0.5 secondi ai nemici colpiti. Frammenti di peste non lancia più una scarica iniziale. Il tempo di recupero base di Frammenti di peste diventa di 3 secondi.
SPELL_PLAGUESHARDS_MOD_3	Frammenti Inoculante: Frammenti di peste conferisce 1 carica di Inoculazione per ogni frammento che colpisce un nemico avvelenato, fino a 5 cariche di Inoculazione per lancio. Se almeno 3 frammenti colpiscono nemici avvelenati nello stesso lancio, ottieni altre 2 cariche di Inoculazione.
SPELL_PLAGUESHARDS_MOD_4	Frammenti Avvelenante: Frammenti di peste applica 2 cariche di Veleno ai nemici colpiti dal primo frammento. Ogni frammento aggiuntivo che colpisce lo stesso nemico applica 1 carica di Veleno, fino a 5 cariche di Veleno per nemico per lancio.
SPELL_PLAGUESHARDS_MOD_5	Frammenti Purgante: Frammenti di peste consuma fino a 5 cariche di Veleno da ogni nemico colpito. Ogni carica di Veleno consumata aumenta del 5% il danno di Frammenti di peste a quel nemico. Il Veleno può essere consumato solo una volta per nemico per lancio.
SPELL_PLAGUESHARDS_MOD_6	Frammenti inoculati: Frammenti di peste consuma fino a 5 cariche di Inoculazione al lancio. Ogni carica di Inoculazione consumata aumenta del 5% il danno bonus dei frammenti successivi che colpiscono lo stesso nemico. Questo aumenta il bonus dei frammenti successivi dal 25% a un massimo del 50%.
SPELL_PLAYERDASH_DESC	Premi per lanciare. Scatta per una breve distanza nella direzione di movimento, ottenendo brevemente Velocità di movimento.
SPELL_POISONFLASK_DESC	Lancia una fiasca che crea una Pozza di Veleno all'atterraggio.
SPELL_POISONMISTPLAYER_DESC	Premi per lanciare. Crea un'ampia nebbia velenosa che infligge Danno da decadimento ai nemici al suo interno e applica Veleno.
SPELL_POWERHOOK_DESC	Premi per lanciare. Sferra un gancio pesante, infliggendo Danno contundente con elevato Accumulo di stordimento e interrompendo il nemico.
SPELL_POWERHOOK_MOD_0	Gancio Focalizzato: Gancio potente infligge il 40% di danno in più, ma il suo arco d'impatto è ridotto del 35% e non interrompe più gli attacchi nemici.
SPELL_POWERHOOK_MOD_1	Gancio tagliente: Gancio potente infligge Danno da taglio anziché Danno contundente.
SPELL_POWERHOOK_MOD_2	Gancio spazzante: L'arco d'impatto di Gancio potente aumenta del 40%, ma il suo danno è ridotto del 20%.
SPELL_POWERHOOK_MOD_3	Gancio Lacerante: Gancio potente applica 3 cariche di Sanguinamento ai nemici colpiti. Se colpisce un solo nemico, applica altre 3 cariche di Sanguinamento.
SPELL_POWERHOOK_MOD_4	Gancio Infuriante: Gancio potente ora genera 2 cariche di Furia per ogni nemico colpito.
SPELL_POWERHOOK_MOD_5	Gancio Furente: Gancio potente consuma fino a 10 Furia per aumentare il suo Accumulo di stordimento del 4% per Furia consumata, fino al 40%.
SPELL_POWEROFTHEWILD_DESC	Premi per lanciare. Conferisci a un alleato Armatura e Resistenza aumentate per 10 secondi.
SPELL_POWEROFTHEWILD_EFFECT_0	Aumento Armatura: 25%
SPELL_POWEROFTHEWILD_EFFECT_1	Aumento Resistenza: 25%
SPELL_POWEROFTHEWILD_MOD_0	Vincolo Ferino: Potere della Natura Selvaggia si applica sia a te sia al tuo bersaglio.
SPELL_PULVERIZE_DESC	Premi per lanciare. Evoca pugni schiaccianti che colpiscono il terreno attorno a te, infliggendo Danno contundente ai nemici vicini. Consuma fino a 10 Furia, aumentando il danno del 5% per Furia consumata.
SPELL_PULVERIZE_MOD_0	Polverizza proiettato: Polverizza può essere lanciato su una posizione bersaglio, ma il suo tempo di recupero aumenta del 30%.
SPELL_PULVERIZE_MOD_1	Polverizza esecutore: Polverizza infligge il 35% di danno in più ai nemici sotto il 40% di Salute, ma il 20% di danno in meno ai nemici sopra il 70% di Salute.
SPELL_PULVERIZE_MOD_2	Polverizza costante: Il raggio di Polverizza aumenta del 15%.
SPELL_PULVERIZE_MOD_3	Polverizza remoto: Riduce drasticamente il tempo di lancio di Polverizza (0.2s), ma il suo danno è ridotto del 20%.
SPELL_PULVERIZE_MOD_4	Polverizza tagliente: Polverizza ora infligge Danno da taglio.
SPELL_PULVERIZE_MOD_5	Polverizza Furente: Polverizza consuma fino a 10 Furia per aumentare il suo danno del 5% per Furia consumata, fino al 50%, e ridurre l'Armatura dei nemici colpiti del 4% per Furia consumata per 6 secondi, fino al 40%.
SPELL_PULVERIZE_MOD_6	Polverizza Infuriante: Ottieni 2 Furia per ogni nemico colpito.
SPELL_PULVERIZE_MOD_7	Polverizza Lacerante: Polverizza non aumenta più il suo danno con la Furia consumata. Consuma invece fino a 10 Furia per applicare 1 carica di Sanguinamento ai nemici colpiti ogni 2 Furia consumate, fino a 5 cariche di Sanguinamento.
SPELL_PULVERIZE_MOD_8	Polverizza Mietente: Polverizza non aumenta più il suo danno con la Furia consumata. Consuma invece il Sanguinamento sui nemici colpiti per infliggere il 5% di danno in più per carica di Sanguinamento consumata, fino al 50%.
SPELL_QUICKJAB_DESC	Premi per lanciare. Sferra un jab rapido, infliggendo Danno contundente e potenziando il tuo Danno fisico per 2 secondi.
SPELL_QUICKJAB_MOD_0	Colpo ristoratore: Jab rapido ora ripristina 5 Vigore al colpo.
SPELL_QUICKJAB_MOD_1	Colpi rapidi: Ogni Jab rapido lanciato entro 2 secondi dal precedente ne aumenta il danno del 12%, fino a 3 accumuli.
SPELL_QUICKJAB_MOD_2	Colpi ciclici: Colpire un nemico con Jab rapido riduce di 1 secondo il tempo di recupero di un incantesimo casuale, ma Jab rapido non aumenta più il tuo Danno fisico.
SPELL_QUICKJAB_MOD_3	Jab Infuriante: Jab rapido conferisce 2 Furia al colpo, ma il suo bonus al Danno fisico è ridotto del 12%.
SPELL_QUICKJAB_MOD_4	Jab Furente: Jab rapido consuma fino a 10 Furia per colpire il bersaglio più volte, consumando 2 Furia per colpo aggiuntivo, fino a 5 colpi aggiuntivi. I colpi aggiuntivi non possono attivare Colpo ristoratore, Colpi ciclici o Colpi rapidi.
SPELL_REJECTION_DESC	Premi per lanciare. Proietta una scarica repulsiva attorno a un alleato bersaglio, allontanando da lui tutti i nemici piccoli.
SPELL_RELENTLESSASSAULT_DESC	Dopo una Rappresaglia riuscita, avvicinati al bersaglio con Velocità d'attacco aumentata, infliggendo Danno da taglio e ripristinando Vigore.
SPELL_REPOSITION_DESC	Scatta in una posizione perpendicolare vicino al bersaglio.
SPELL_RESINGEYSER_DESC	Lancia in aria resina volatile che ricade in geyser esplosivi.
SPELL_RETALIATION_DESC	Tieni premuto per parare. Durante la guardia, i colpi in arrivo non infliggono danno e consumano invece il tuo Vigore in base al danno parato. Una parata perfetta riduce notevolmente il Vigore consumato e rilascia un'Onda di Shock che respinge i nemici vicini con Accumulo di stordimento. Se il Vigore si esaurisce, la guardia si spezza e resti stordito per 1.5 secondi.
SPELL_REWIND_DESC	Riporta il bersaglio indietro nel tempo di 5 secondi
SPELL_RIPPLE_DESC	Premi per lanciare. Infligge Danno da etere ai nemici circostanti.
SPELL_ROOTSPIKES_DESC	Evoca una spina di radice e lanciala verso un bersaglio, infliggendo Danno perforante e stordendo brevemente all'impatto.
SPELL_ROOTSTOMP_DESC	Il Treant pesta il terreno, infliggendo danno in un'ampia area.
SPELL_ROOTSTRIKESPIKE_DESC	Colpire un nemico con il tuo Attacco finale evoca una spina di radice sotto di lui, infliggendo Danno da taglio.
SPELL_ROOTSURGE_DESC	Radici corrotte si propagano sul suolo della foresta, tracciando percorsi letali nell'arena.
SPELL_ROOTTHRUST_DESC	Il Treant sferra una stoccata di radice al bersaglio, infliggendogli danno e rallentandolo.
SPELL_ROTTINGROOTS_DESC	Evoca radici nella posizione bersaglio, poi le tira verso l'incantatore
SPELL_ROTTINGSTOMP_DESC	Il Treant pesta il terreno, infliggendo danno in un'ampia area.
SPELL_ROUSINGSNARL_DESC	Emette un grido di battaglia all'inizio del combattimento, conferendoti Furia, poi conferisce Furia aggiuntiva ogni 6 secondi finché il combattimento continua.
SPELL_SAPARTILLERY_DESC	Premi per lanciare. Fai cadere una scarica di linfa nella posizione bersaglio, infliggendo Danno da decadimento. Ogni Cuore della Foresta vicino richiama una scarica aggiuntiva.
SPELL_SAPBLOOM_DESC	Il Re della Foresta corrotto fa fiorire linfa volatile sotto i suoi nemici, trascinandoli verso l'interno prima di eruttare nel decadimento.
SPELL_SAVAGECLAW_DESC	Premi per lanciare. Sferra un'artigliata nella direzione bersaglio, infliggendo Danno da taglio e applicando Sanguinamento.
SPELL_SAVAGEFROSTBITE_DESC	Attraversa il nemico più vicino con un balzo selvaggio, infliggendo Danno da taglio e applicando Sanguinamento e Gelo.
SPELL_SEEDBOMBPLAYER_DESC	Premi per lanciare. Evoca una Bomba di Semi che esplode quando i nemici le passano vicino, infliggendo Danno da decadimento.
SPELL_SEISMICECHO_DESC	Dopo aver lanciato un incantesimo del Minotauro, il tuo terzo attacco rilascia un tremore, infliggendo Danno contundente ai nemici vicini.
SPELL_SEISMICSTAMPEDE_DESC	Tieni premuto per canalizzare. Emetti Onde di Shock che si espandono nel terreno, infliggendo Danno contundente ogni secondo ai nemici entro il raggio. Durante la canalizzazione, ottieni il 50% di Armatura e Resistenza in più.
SPELL_SEISMICSTAMPEDE_EFFECT_0	Danno impulso 1: (PB:2.25)
SPELL_SEISMICSTAMPEDE_EFFECT_1	Danno impulso 2: (PB:3)
SPELL_SEISMICSTAMPEDE_EFFECT_2	Danno impulso 3: (PB:4.5)
SPELL_SEISMICSTAMPEDE_MOD_0	Carica travolgente frastornante: Le Onde di Shock ora rallentano i nemici colpiti del 50%.
SPELL_SEISMICSTAMPEDE_MOD_1	Carica travolgente remota: Carica sismica non richiede più canalizzazione. Rilascia invece automaticamente le sue Onde di Shock dopo il lancio, ma resta sul posto.
SPELL_SEISMICSTAMPEDE_MOD_2	Carica travolgente espansiva: Aumenta il raggio di Carica sismica del 30%, ma riduce il suo danno per impulso del 20%
SPELL_SEISMICSTAMPEDE_MOD_3	Carica travolgente Focalizzata: Riduce il raggio di Carica sismica del 35%, ma aumenta il suo danno del 15%.
SPELL_SEISMICSTAMPEDE_MOD_4	Carica travolgente Furente: Carica sismica consuma Furia per aumentare il proprio Accumulo di stordimento del 3% per Furia consumata, fino al 30%
SPELL_SEISMICSTAMPEDE_MOD_5	Carica travolgente Infuriante: Carica sismica conferisce 2 Furia per ogni nemico colpito da ciascuna Onda di Shock.
SPELL_SEISMICSTAMPEDE_MOD_6	Carica travolgente Mietente: Carica sismica consuma il Sanguinamento sui nemici colpiti per infliggere il 5% di danno in più per carica di Sanguinamento consumata, fino a un massimo del 50%
SPELL_SEISMICTHRONESLAM_DESC	Pesante schianto verso il basso che colpisce a distanza ravvicinata, poi emette lente Onde di Shock in quattro direzioni.
SPELL_SHADOWCONVERGENCE_DESC	Premi per lanciare. Scatta verso un bersaglio e colpisci, infliggendo Danno perforante e consumando Sanguinamento per ottenere danno bonus. Due Cloni d'ombra convergono sul bersaglio con il 25% del danno ciascuno.
SPELL_SHADOWCONVERGENCE_MOD_0	Convergenza ancorata: Convergenza d'ombra non ti sposta più. Invece, i Cloni d'ombra vicini convergono sul bersaglio mentre tu resti sul posto ed esegui una stoccata d'ombra a distanza. Il tuo danno è ridotto del 25%, ma i Cloni d'ombra infliggono il loro normale danno replicato.
SPELL_SHADOWCONVERGENCE_MOD_1	Convergenza recidente: Convergenza d'ombra infligge il 30% di danno in più ai nemici sotto il 40% di Salute, ma infligge il 25% di danno in meno ai nemici sopra il 40% di Salute. Se il bersaglio muore, i Cloni d'ombra vicini durano 2 secondi in più.
SPELL_SHADOWCONVERGENCE_MOD_2	Convergenza Sfasata: Al termine dello scatto di Convergenza d'ombra, ottieni Furtività per 3 secondi. Questa Furtività si interrompe quando attacchi o lanci un incantesimo.
SPELL_SHADOWCONVERGENCE_MOD_3	Convergenza molteplice: Convergenza d'ombra diventa una rapida sequenza di massimo 7 colpi contro il bersaglio e i nemici vicini. Tu esegui il primo colpo, poi i Cloni d'ombra vicini eseguono i colpi rimanenti. Convergenza d'ombra continua a consumare Sanguinamento o Veleno da ogni nemico colpito in base al modificatore della soglia effetto selezionato, ma le cariche di ogni nemico possono essere consumate solo una volta per lancio. I colpi aggiuntivi sullo stesso nemico infliggono il 50% di danno in meno.
SPELL_SHADOWCONVERGENCE_MOD_4	Convergenza implacabile: Convergenza d'ombra può accumulare fino a 2 cariche. Ogni carica crea solo 1 Clone d'ombra anziché 2 e i colpi dei Cloni d'ombra infliggono il 15% di danno in meno.
SPELL_SHADOWCONVERGENCE_MOD_5	Convergenza Lacerante: Convergenza d'ombra non consuma più Sanguinamento per ottenere danno bonus. Invece, il tuo colpo applica 10 cariche di Sanguinamento al bersaglio. I colpi dei Cloni d'ombra applicano 3 cariche di Sanguinamento ciascuno.
SPELL_SHADOWCONVERGENCE_MOD_6	Convergenza Corrompente: Convergenza d'ombra ora infligge Danno da decadimento e non consuma più Sanguinamento per ottenere danno bonus. Invece, il tuo colpo converte il Sanguinamento sul bersaglio in Veleno. Di base, ogni 4 cariche di Sanguinamento consumate applicano 1 carica di Veleno, fino a 6 per nemico. I colpi dei Cloni d'ombra non consumano Sanguinamento, ma se un Clone d'ombra colpisce lo stesso bersaglio dopo il tuo colpo, applica 1 carica aggiuntiva di Veleno, fino a 3 aggiuntive per lancio.
SPELL_SHADOWCONVERGENCE_MOD_7	Convergenza Mietente: Se il tuo colpo di Convergenza d'ombra consuma almeno 8 cariche di Sanguinamento da un nemico, quel nemico diventa Lacerato per 3 secondi. Quando Lacerato termina, esplode, infliggendo ai nemici vicini Danno perforante pari al 25% del danno della tua Convergenza d'ombra inflitto al bersaglio Lacerato. Ogni Clone d'ombra che colpisce il bersaglio Lacerato con Convergenza d'ombra aumenta il danno dell'esplosione di lacerazione del 10%, fino al 40%.
SPELL_SHADOWCONVERGENCE_MOD_8	Convergenza intorpidente: Convergenza d'ombra non consuma più Sanguinamento per ottenere danno bonus. Consuma invece fino a 10 cariche di Veleno dal bersaglio. Ogni carica di Veleno consumata aumenta il Danno da stordimento del 5% e rallenta il bersaglio del 5% per 3 secondi, fino a un Rallentamento massimo del 40%.
SPELL_SHADOWDAGGERS_DESC	Premi per lanciare. Lancia un Pugnale d'ombra, infliggendo Danno perforante e applicando Sanguinamento. I Cloni d'ombra vicini lanciano con te. Ogni pugnale cade a terra; all'ultima carica, rilancia per richiamarli attraverso i nemici.
SPELL_SHADOWDAGGERS_MOD_0	Pugnali penetranti: Pugnali d'ombra attraversa i nemici e danneggia tutti quelli sul suo percorso e crea un Pugnale d'ombra a terra nel punto d'impatto finale
SPELL_SHADOWDAGGERS_MOD_1	Ritorno impetuoso: I pugnali ora ritornano quando scatti.
SPELL_SHADOWDAGGERS_MOD_2	Pugnali convergenti: Durante il rilancio, Pugnali d'ombra genera un Clone d'ombra nella posizione bersaglio prima che i pugnali ritornino. Tutti i pugnali richiamati volano poi verso quel Clone d'ombra anziché verso di te.
SPELL_SHADOWDAGGERS_MOD_3	Ventaglio di pugnali: Pugnali d'ombra lancia 5 pugnali in un cono, ma non ha più cariche e ha un tempo di recupero di 8 secondi.
SPELL_SHADOWDAGGERS_MOD_4	Pugnali Lacerante: I Pugnali d'ombra all'andata applicano 1 carica aggiuntiva di Sanguinamento. I Pugnali d'ombra al ritorno applicano 1 carica aggiuntiva di Sanguinamento.
SPELL_SHADOWDAGGERS_MOD_5	Pugnali Mietente: I Pugnali d'ombra al ritorno consumano fino a 3 cariche di Sanguinamento da ogni nemico colpito per infliggere il 7% di danno in più per carica di Sanguinamento consumata. I pugnali al ritorno non applicano più Sanguinamento
SPELL_SHADOWDAGGERS_MOD_6	Pugnali Corrompente: I Pugnali d'ombra al ritorno infliggono Danno da decadimento anziché Danno perforante. I pugnali al ritorno consumano fino a 3 cariche di Sanguinamento da ogni nemico colpito e applicano 1 carica di Veleno per carica di Sanguinamento consumata. I pugnali al ritorno non applicano più il loro Sanguinamento base.
SPELL_SHADOWSHOCKWAVE_DESC	I tuoi Cloni d'ombra scatenano ciascuno un'Onda di Shock nel terreno, infliggendo Danno contundente ai nemici sul loro percorso.
SPELL_SHATTERSTUN_DESC	Stordire un nemico scatena un tremore attorno a lui, infliggendo Danno contundente a tutti i nemici vicini.
SPELL_SHOCKWAVE_DESC	Premi per lanciare. Scatena un'Onda di Shock che infligge Danno contundente e respinge i nemici.
SPELL_SILVERWARD_DESC	Quando subisci danno, conferisce una Barriera magica che assorbe danno per 3 secondi.
SPELL_SONICBOLT_DESC	Colpire un nemico mentre Pugnali Sonici è attivo lancia un Dardo Sonico che attraversa i nemici, infliggendo danno suddiviso in Danno perforante e Danno contundente.
SPELL_SPAWNFORESTHEART_DESC	Premi per lanciare. Evoca un Cuore della Foresta nella posizione bersaglio, un condotto per Ventaglio di Spine e Artiglieria di Linfa.
SPELL_STONETHROWINGKNIFE_DESC	Lancia un coltello di pietra che applica Sanguinamento al primo nemico colpito.
SPELL_STRONGSTRAIGHT_DESC	Tieni premuto per caricare. Rilascia per sferrare un diretto pesante, infliggendo Danno contundente e interrompendo i nemici davanti a te. Il danno aumenta con il tempo di carica. Diretto potente consuma fino a 10 Furia al rilascio, aumentando il suo Accumulo di stordimento del 3% per Furia consumata, fino al 30%.
SPELL_STRONGSTRAIGHT_MOD_0	Diretto punitivo: Diretto potente infligge il 30% di danno extra ai bersagli storditi, ma il 25% di danno in meno a quelli non storditi
SPELL_STRONGSTRAIGHT_MOD_1	Diretto costante: Diretto potente può essere caricato per il 50% più a lungo, aumentandone il tempo di carica massimo e il danno potenziale, ma la sua velocità di carica è ridotta del 20%.
SPELL_STRONGSTRAIGHT_MOD_2	Affondo diretto: Diretto potente ora ti fa scattare in avanti.
SPELL_STRONGSTRAIGHT_MOD_3	Colpo automatico: Diretto potente si carica automaticamente al lancio.
SPELL_STRONGSTRAIGHT_MOD_4	Diretto Mietente: Diretto potente consuma il Sanguinamento sui nemici colpiti per ottenere il 6% di danno in più per carica di Sanguinamento consumata, fino al 60%.
SPELL_STRONGSTRAIGHT_MOD_5	Diretto Infuriante: Diretto potente non consuma più Furia. Conferisce invece 2 Furia al colpo, più altre 4 Furia se rilasciato a carica completa.
SPELL_STRONGSTRAIGHT_MOD_6	Diretto Furente: Diretto potente non aumenta più il suo Accumulo di stordimento con la Furia consumata. Ottiene invece l'8% di danno in più per Furia consumata, fino all'80%.
SPELL_STUNNINGPOUNCE_DESC	Cerca il nemico più vicino e si lancia su di lui, infliggendo Danno da taglio e Accumulo di stordimento.
SPELL_STUNSHATTERBURST_DESC	Stordire un nemico frantuma il terreno attorno a lui, lanciando un anello di frammenti che infliggono ciascuno Danno contundente in una piccola area.
SPELL_SWAP_DESC	Premi per lanciare. Scambia istantaneamente la posizione con un giocatore bersaglio.
SPELL_SWAP_MOD_0	Passo Rapido: Cambio conferisce a te e al tuo bersaglio uno scatto di velocità.
SPELL_SWIFTSTRIKE_DESC	Premi per lanciare. Colpisci rapidamente, infliggendo Danno da taglio e applicando Sanguinamento a tutti i nemici davanti a te.
SPELL_SWORDSWAP_DESC	La parte di Cambio arma relativa alla spada. Scatta in avanti e colpisci, infliggendo Danno da taglio a tutti i nemici sul tuo percorso.
SPELL_TEMPORALRIPPLE_DESC	Applicare più di 5 cariche di Eco temporale a un nemico rilascia un'Ondulazione Temporale, infliggendo Danno da etere e Accumulo di stordimento a quel nemico e a tutti quelli attorno.
SPELL_TENDONSLICE_DESC	Premi per lanciare. Fendi rapidamente i nemici davanti a te, infliggendo Danno da taglio e applicando Sanguinamento.
SPELL_TIMELESSVOID_DESC	Premi per lanciare. Crea un ampio dominio temporale. I nemici al suo interno subiscono Danno da etere nel tempo; il danno loro inflitto accumula Pressione temporale. Alla scadenza il dominio collassa, infliggendo Danno da etere aumentato dalla Pressione accumulata.
SPELL_TIMELESSVOID_EFFECT_0	Danno da etere al secondo: (MA:0.47)
SPELL_TIMELESSVOID_EFFECT_1	Danno del collasso: (MA:2.35)
SPELL_TIMELESSVOID_MOD_0	Vuoto Focalizzato: Riduce il raggio di Vuoto eterno del 40%. I nemici al suo interno possono immagazzinare il 30% di Pressione temporale in più e il danno loro inflitto immagazzina il 15% di Pressione in più.
SPELL_TIMELESSVOID_MOD_1	Vuoto protettivo: Quando Vuoto eterno collassa, gli alleati al suo interno ottengono uno scudo protettivo. La raccolta di Pressione temporale è ridotta del 20%.
SPELL_TIMELESSVOID_MOD_2	Vuoto sigillato: I nemici all'interno di Vuoto eterno vengono rallentati del 30% e quelli sopravvissuti vengono nuovamente rallentati quando il dominio collassa. Vuoto eterno infligge il 25% di Danno da etere nel tempo in meno.
SPELL_TIMELESSVOID_MOD_3	Vuoto Echeggiante: Applica 5 cariche di Eco temporale a tutti i nemici nel dominio, ma non infligge più danno.
SPELL_TIMELESSVOID_MOD_4	Vuoto Riecheggiato: Quando Vuoto eterno collassa, consuma tutta l'Eco temporale per infliggere il 10% del danno del collasso temporale per Eco consumata come Danno da stordimento extra.
SPELL_TIMELESSVOID_MOD_5	Vuoto Lacerante: Il danno nel tempo inflitto da Vuoto eterno applica 1 carica di Sanguinamento.
SPELL_TIMELESSVOID_MOD_6	Vuoto Montante: Consuma Ondata temporale quando lanci Vuoto eterno, fino a 7 cariche. Per ogni carica di Ondata consumata, aumenta il raggio del dominio dell'8%.
SPELL_TIMELESSVOID_MOD_7	Vuoto Montante: Al lancio di Vuoto eterno e al suo collasso, gli alleati al suo interno ottengono 2 cariche di Ondata temporale. La raccolta di Pressione temporale è ridotta del 20%.
SPELL_TOXICSLICE_DESC	Premi per lanciare. Fendi rapidamente i nemici davanti a te con un'arma avvelenata, infliggendo danno suddiviso in Danno da taglio e Danno da decadimento e applicando Veleno.
SPELL_TREANTATTACK_DESC	Sferra colpi ai nemici davanti al Treant
SPELL_TREANTSWIPE_DESC	Sferra colpi ai nemici davanti al Treant
SPELL_TREEGROWTH_DESC	Potenzia un Treant vicino
SPELL_TYRANTQUAKE_DESC	Tieni premuto per caricare. Rilascia per inviare scosse consecutive nel terreno, ciascuna delle quali infligge Danno contundente con Accumulo di stordimento aumentato.
SPELL_TYRANTQUAKE_MOD_0	Sisma inverso: Le Onde di Shock di Sisma del Tiranno attirano i nemici verso di te e la sua direzione è invertita.
SPELL_TYRANTQUAKE_MOD_1	Sisma rapido: Riduce il tempo di carica di Sisma del Tiranno del 60%, ma riduce il danno del 25%
SPELL_TYRANTQUAKE_MOD_2	Sisma concussivo: Aumenta il Danno da stordimento di Sisma del Tiranno del 60%, ma riduce il danno del 30%
SPELL_TYRANTQUAKE_MOD_3	Sisma Focalizzato: Aumenta il tempo massimo di carica e il danno potenziale di Sisma del Tiranno del 50%.
SPELL_TYRANTQUAKE_MOD_4	Sisma Infuriante: Sisma del Tiranno non consuma più Furia. Conferisce invece 2 Furia per ogni nemico colpito.
SPELL_TYRANTQUAKE_MOD_5	Sisma Furente: Sisma del Tiranno ignora il 4% dell'Armatura nemica per Furia consumata, fino al 40%.
SPELL_TYRANTQUAKE_MOD_6	Sisma Lacerante: Ogni pilastro di Sisma del Tiranno applica 1 carica di Sanguinamento ogni 3 Furia consumate al lancio.
SPELL_TYRANTQUAKE_MOD_7	Sisma Mietente: Sisma del Tiranno consuma il Sanguinamento sui nemici colpiti per infliggere il 5% di danno in più per carica di Sanguinamento consumata, fino a un massimo del 50%.
SPELL_VANISHINGSTRIKE_DESC	Premi per lanciare. Entra in Furtività e lascia un Clone d'ombra. Rilancia per colpire in una direzione, infliggendo Danno perforante con danno bonus alle spalle. I Cloni d'ombra vicini replicano il colpo con il 25% del tuo danno.
SPELL_VANISHINGSTRIKE_MOD_0	Imboscata frastornante: Colpo dissolvente rallenta i nemici del 50% per 3 secondi.
SPELL_VANISHINGSTRIKE_MOD_1	Salva d'imboscata: Quando Colpo dissolvente interrompe la Furtività, i Cloni d'ombra vicini lanciano 1 Pugnale d'ombra nella tua direzione bersaglio anziché replicare Colpo dissolvente. Un massimo di 3 Cloni d'ombra può lanciare un Pugnale d'ombra in questo modo per lancio.
SPELL_VANISHINGSTRIKE_MOD_2	Dissolvenza intermittente: Il rilancio di Colpo dissolvente ti teletrasporta dietro al nemico più vicino alla posizione bersaglio e lo colpisce.
SPELL_VANISHINGSTRIKE_MOD_3	Rotolata dissolvente: Dopo essere entrato in Furtività, il tuo prossimo scatto durante tale periodo non la interrompe. Quello scatto fa eseguire ai Cloni d'ombra vicini Colpo dissolvente verso il punto finale del tuo scatto. Può verificarsi solo una volta per lancio di Colpo dissolvente. Colpo dissolvente infligge il 20% di danno in meno, sia da parte tua sia dei Cloni d'ombra.
SPELL_VANISHINGSTRIKE_MOD_4	Dissolvenza Mietente: Se Colpo dissolvente colpisce un nemico alle spalle, consuma fino a 5 cariche di Sanguinamento da quel nemico. Ogni carica di Sanguinamento consumata aumenta il danno di Colpo dissolvente dell'8%.
SPELL_VANISHINGSTRIKE_MOD_5	Dissolvenza Lacerante: Colpo dissolvente applica 2 cariche di Sanguinamento ai nemici colpiti. Se Colpo dissolvente colpisce un nemico alle spalle, applica invece 5 cariche di Sanguinamento.
SPELL_VANISHINGSTRIKE_MOD_6	Dissolvenza Corrompente: Colpo dissolvente ora infligge Danno da decadimento. Se Colpo dissolvente colpisce un nemico alle spalle, consuma il Sanguinamento di quel nemico e lo converte in Veleno. Di base, ogni 4 cariche di Sanguinamento consumate applicano 1 carica di Veleno, fino a 4 cariche di Veleno per nemico.
SPELL_VANISHINGSTRIKE_MOD_7	Dissolvenza Purgante: Colpo dissolvente consuma fino a 5 cariche di Veleno dai nemici colpiti alle spalle. Ogni carica di Veleno consumata aumenta il danno di Colpo dissolvente dell'8%.
SPELL_VANISH_DESC	Tieni premuto per parare. Durante la guardia, i colpi in arrivo non infliggono danno e consumano invece il tuo Vigore in base al danno parato. Una parata perfetta riduce notevolmente il Vigore consumato e ti teletrasporta dietro l'attaccante, conferendoti Ondata temporale e applicandogli Eco temporale. Se il Vigore si esaurisce, la guardia si spezza e resti stordito per 1.5 secondi.
SPELL_VEHEMENTCLEAVE_DESC	Tieni premuto per caricare. Rilascia per sferrare un fendente frontale che cresce con il tempo di carica, infliggendo Danno da taglio e respingendo i nemici. Consuma fino a 10 Furia per aumentare il danno, con maggiori benefici a carica più alta. Interrompe i nemici colpiti.
SPELL_VEHEMENTCLEAVE_MOD_0	Fendente esecutore: Fendente veemente infligge il 30% di danno in più ai nemici sotto il 40% di Salute, ma il 30% in meno ai nemici sopra il 60%
SPELL_VEHEMENTCLEAVE_MOD_1	Fendente Contundente: Fendente veemente infligge Danno contundente, ma infligge il 30% di danno in meno.
SPELL_VEHEMENTCLEAVE_MOD_2	Fendente ripetuto: Se Fendente veemente colpisce almeno un nemico con una carica elevata, sferra un secondo fendente più debole dopo un breve ritardo, con il 50% del danno. Il colpo iniziale di Fendente veemente infligge il 20% di danno in meno.
SPELL_VEHEMENTCLEAVE_MOD_3	Fendente Infuriante: Fendente veemente non consuma più Furia. Conferisce invece 2 Furia per ogni nemico colpito, più altre 2 Furia se rilasciato a carica completa.
SPELL_VEHEMENTCLEAVE_MOD_4	Fendente Furente: Fendente veemente ignora il 4% dell'Armatura nemica per Furia consumata, fino al 40%
SPELL_VEHEMENTCLEAVE_MOD_5	Fendente Mietente: Fendente veemente consuma il Sanguinamento sui nemici colpiti per infliggere il 5% di danno in più per carica di Sanguinamento consumata, fino a un aumento del 50%.
SPELL_VEHEMENTCLEAVE_MOD_6	Fendente Lacerante: Fendente veemente applica 1 carica di Sanguinamento a tutti i nemici colpiti ogni 3 Furia consumate.
SPELL_VENOMSPIT_DESC	Individua i nemici avvelenati, poi scatta verso di loro e applica cariche aggiuntive di Veleno.
SPELL_VORTEX_DESC	Premi per lanciare. Ruota verso il bersaglio, infliggendo Danno da taglio e applicando Sanguinamento a tutti i nemici sul tuo percorso.
SPELL_VORTEX_MOD_0	Vortice ripetuto: Vortice può essere rilanciato entro un breve intervallo. Il danno del secondo lancio è ridotto del 50%.
SPELL_VORTEX_MOD_1	Vortice stabile: Aumenta il raggio di Vortice del 30%, ma non esegue più uno scatto
SPELL_VORTEX_MOD_2	Tornado: Vortice non esegue più uno scatto. Puoi muoverti mentre ruoti e l'effetto persiste per 4 secondi.
SPELL_VORTEX_MOD_3	Vortice Infuriante: Vortice conferisce 2 Furia per ogni nemico colpito.
SPELL_VORTEX_MOD_4	Vortice Furente: Vortice consuma Furia per aumentare il proprio raggio d'impatto del 4% per carica di Furia consumata, fino a un aumento del 40%.
SPELL_VORTEX_MOD_5	Vortice Mietente: Vortice non applica più Sanguinamento. Consuma invece il Sanguinamento sui nemici colpiti per infliggere il 5% di danno in più per carica di Sanguinamento consumata, fino a un aumento del 50%.
SPELL_WARBANNERCOMMANDER_DESC	Premi per lanciare. Piazza uno Stendardo di Guerra che conferisce agli alleati vicini il 20% di Danno fisico e Danno magico in più e il 15% di rigenerazione del vigore.
SPELL_WARBANNER_DESC	Premi per lanciare. Pianta uno Stendardo di Guerra per 15 secondi. Gli alleati vicini ottengono il 20% in più di Danno fisico, Danno magico, Velocità di movimento, Armatura, Resistenza e rigenerazione di salute, vigore e concentrazione.
SPELL_WARBANNER_EFFECT_0	Aumento Danno fisico: 20%
SPELL_WARBANNER_EFFECT_1	Aumento Danno magico: 20%
SPELL_WARBANNER_EFFECT_2	Aumento Velocità di movimento: 20%
SPELL_WARBANNER_EFFECT_3	Aumento Rigenerazione: 20%
SPELL_WARBANNER_EFFECT_4	Aumento Ringiovanimento: 20%
SPELL_WARBANNER_EFFECT_5	Aumento Recupero: 20%
SPELL_WARBANNER_EFFECT_6	Aumento Armatura: 20%
SPELL_WARBANNER_EFFECT_7	Aumento Resistenza: 20%
SPELL_WARROAR_DESC	Premi per lanciare. Ruggisci ferocemente, aumentando il danno inflitto da te e dagli alleati vicini.
SPELL_WATERFLASK_DESC	Lancia una fiasca che crea una Pozza d'Acqua all'atterraggio.
SPELL_WATERSURGEPLAYER_DESC	Premi per lanciare. Evoca dardi d'acqua da te e dalle Pozze d'Acqua vicine e lanciali contro il bersaglio, infliggendo Danno contundente.
SPELL_WATERSURGEPLAYER_MOD_0	Tempesta di Marea: Ondata d'Acqua lascia una pozza.
SPELL_WAVESTRIKE_DESC	Tieni premuto per caricare. Rilascia per inviare un'onda di energia in avanti, infliggendo Danno da taglio a tutti i nemici colpiti. Colpo d'onda consuma il Sanguinamento sui nemici colpiti per infliggere il 4% di danno bonus per carica, fino a 10.
SPELL_WAVESTRIKE_MOD_0	Colpo successivo: Dopo una carica completa, Colpo d'onda può essere rilanciato per un breve periodo. Il rilancio infligge danno ridotto e non può consumare Sanguinamento o Veleno.
SPELL_WAVESTRIKE_MOD_1	Onda Scindente: Colpo d'onda lancia 3 onde davanti a te, ciascuna con il 40% del danno
SPELL_WAVESTRIKE_MOD_2	Onda continua: Colpo d'onda diventa un incantesimo canalizzato che emette onde continue, ciascuna con il 40% del danno. Ogni onda può consumare solo 1 carica di Sanguinamento o Veleno. Il tempo di recupero base di Colpo d'onda diventa di 3 secondi.
SPELL_WAVESTRIKE_MOD_3	Onda di ritorno: Dopo aver raggiunto la portata massima, Colpo d'onda torna verso di te, infliggendo il 40% del danno ai nemici colpiti al ritorno. L'onda all'andata infligge il 20% di danno in meno.
SPELL_WAVESTRIKE_MOD_4	Onda inoculata: Colpo d'onda consuma Inoculazione al rilascio. Ogni carica di Inoculazione consumata aumenta il danno di Colpo d'onda del 2%, fino al 30%.
SPELL_WAVESTRIKE_MOD_5	Onda Purgante: Colpo d'onda consuma Veleno anziché Sanguinamento. Ogni carica di Veleno consumata aumenta il danno di Colpo d'onda del 4%, fino a 10 cariche di Veleno consumate.
SPELL_WAVESTRIKE_MOD_6	Onda Inoculante: Colpo d'onda conferisce 2 cariche di Inoculazione per ogni nemico colpito. Se Colpo d'onda consuma Sanguinamento da quel nemico, ottieni 1 carica aggiuntiva di Inoculazione da quel nemico.
SPELL_WAVESTRIKE_MOD_7	Onda Corrompente: Colpo d'onda consuma il Sanguinamento sui nemici colpiti per applicare Veleno anziché ottenere danno bonus. Applica 1 carica di Veleno per carica di Sanguinamento consumata, fino a 10.
SPELL_WAVESTRIKE_MOD_8	Onda Mietente: Colpo d'onda consuma tutto il Sanguinamento sui nemici colpiti. Le prime 10 cariche di Sanguinamento consumate conferiscono il normale 4% di danno bonus per carica. Le cariche di Sanguinamento consumate oltre le 10 conferiscono il 2% di danno bonus per carica.
SPELL_WAVESTRIKE_MOD_9	Onda Lacerante: Colpo d'onda non consuma più Sanguinamento. Invece, Colpo d'onda applica 4 cariche di Sanguinamento a tutti i nemici colpiti, o 6 cariche di Sanguinamento se rilasciato a carica completa.
SPELL_WEAPONSWAP_DESC	Premi per lanciare. Alterna spada e balestra. Passare alla spada ti fa scattare in avanti, infliggendo Danno da taglio ai nemici sul tuo percorso. Passare alla balestra ti fa saltare indietro e sparare 2 colpi nella direzione bersaglio, ciascuno dei quali infligge Danno perforante.
SPELL_WEAPONSWAP_MOD_0	Guerriero Versatile: Cambio arma aumenta tutto il danno del 15% per 8 secondi.
SPELL_WEAPONSWAP_MOD_1	Giravolta dell'eroe: Il tuo Cambio a spada scatena un fendente rotante al termine dello scatto, infliggendo Danno da taglio a tutti i nemici attorno a te.
SPELL_WEAPONSWAP_MOD_2	Versatilità di supporto: Guerriero Versatile influenza anche gli alleati vicini.
SPELL_WEAPONSWAP_MOD_3	Ventaglio di dardi: Il tuo Cambio a balestra scatena un ventaglio di dardi, ciascuno dei quali infligge Danno perforante pari al 30% del danno originale.
SPELL_WEAPONSWAP_MOD_4	Disciplina della Lama: Cambio arma esegue solo Cambio a spada. Non puoi usare la balestra.
SPELL_WEAPONSWAP_MOD_5	Disciplina della Balestra: Cambio arma esegue solo Cambio a balestra. Non puoi usare la spada.
SPELL_WEAPONSWAP_MOD_6	Cambio Lacerante: Cambio a spada applica 2 cariche di Sanguinamento ai nemici colpiti. I tiri di Cambio a balestra applicano 2 cariche di Sanguinamento.
SPELL_WEAPONSWAP_MOD_7	Cambio Mietente: Cambio a spada consuma il Sanguinamento sui nemici colpiti per ripristinare 5 Vigore per carica di Sanguinamento, fino a 10 cariche. I tiri di Cambio a balestra consumano Sanguinamento per ripristinare 4 Concentrazione per carica di Sanguinamento, fino a 5 cariche.
SPELL_WEAPONSWAP_MOD_8	Cambio Avvelenante: Cambio a balestra applica 3 cariche di Veleno con ogni tiro. Cambio a spada applica 3 cariche di Veleno ai nemici colpiti che sono già sanguinanti.
SPELL_WHIRLOFGORE_DESC	Colpire un nemico sanguinante può attivare un Vortice di Sangue rotante, infliggendo Danno da taglio a tutti i nemici attorno a te. La probabilità aumenta con ogni carica di Sanguinamento sui nemici vicini.
SPELL_WOLDROOTSTOMP_DESC	Il Treant pesta il terreno, infliggendo danno in un'ampia area.
SPELL_WOLDROOTSWIPE_DESC	Sferra colpi ai nemici davanti al Treant
SPELL_WOLFPACKSENSE_DESC	Applica il Senso del Branco a tutti i lupi vicini.
SPELL_WOLFPOUNCE_DESC	Balza sul bersaglio
