Key,Text
NPC_AELWYNOR_GREETING_19b8a76b-35e3-496b-99ca-6fdd00dc8f3e,"*Il titano di corteccia e corna giace esausto sotto l'albero antico, le membra abbandonate, le radici sciolte. I rami che si dibattevano furiosi ora pendono immobili. Quando la presenza del Re della Foresta ti sfiora ancora la mente, la tempesta è passata; resta soltanto il peso delle conseguenze.*\n\n""La mia volontà… Credevo di sottrarla alle catene della Madre. Ora vedo soltanto una scia di cenere alle mie spalle. Questo… è ciò che ho fatto."""
NPC_AELWYNOR_GREETING_d75cc77a-cc85-4a0b-8c00-63a37612046f,"*Wildwood si apre su un'immensa radura alberata. Al centro si erge un albero di altezza inconcepibile, la cui chioma si perde tra le fronde sovrastanti. Alle sue radici si staglia un cervo grande quanto una fortezza, i fianchi avvolti da corteccia viva e radici attorcigliate. I suoi occhi incontrano i tuoi, antichi e insondabili, e una voce preme nella tua mente.*\n\n""Mortale. Ti trovi dove la tua stirpe ha da tempo perduto il diritto di posare il piede. Ho sigillato questo sentiero, rivolto radici e pietra contro di voi, e ancora ti apri un varco con gli artigli nel cuore più sacro della nostra dimora. Creature tanto ostinate… per vite tanto brevi. Perché sei qui?"""
NPC_AELWYNOR_NAME,Aelwynor
NPC_AELWYNOR_PLAYER_17702b29-d31e-4867-8d5b-3f87bfa28c7b_HEROIC,Senti anche tu che è ingiusto. Gli abitanti sono stati costretti a erigere difese contro i Goblin.
NPC_AELWYNOR_PLAYER_17702b29-d31e-4867-8d5b-3f87bfa28c7b_JOKER,Persino tu sai che non torna. Delle mura contro i Goblin non sono certo un insulto.
NPC_AELWYNOR_PLAYER_17702b29-d31e-4867-8d5b-3f87bfa28c7b_SCHOLAR,Ne riconosci l'ingiustizia. Gli abitanti hanno costruito le mura perché i Goblin li hanno costretti.
NPC_AELWYNOR_PLAYER_17702b29-d31e-4867-8d5b-3f87bfa28c7b_STOIC,Sai che non è giusto. Gli abitanti dovevano difendersi dai Goblin.
NPC_AELWYNOR_PLAYER_19cdd6b7-199a-492b-ba94-d8ff8add6348_HEROIC,"La lotta è finita. Riposa, ora: col tempo ritroverai le forze."
NPC_AELWYNOR_PLAYER_19cdd6b7-199a-492b-ba94-d8ff8add6348_JOKER,Questione chiusa. Riposa bene e ricresci più verde di prima.
NPC_AELWYNOR_PLAYER_19cdd6b7-199a-492b-ba94-d8ff8add6348_SCHOLAR,Finisce qui. Riposa. Il tempo ricostituirà ciò che la rabbia ha consumato.
NPC_AELWYNOR_PLAYER_19cdd6b7-199a-492b-ba94-d8ff8add6348_STOIC,È finita. Riposa. Col tempo ti riprenderai.
NPC_AELWYNOR_PLAYER_3126f93f-4f50-4eed-b54e-18d89d31c3aa_HEROIC,Ognuno ha il diritto di difendere ciò che è suo. È la forza a decidere chi ci riesce. La tua non è bastata.
NPC_AELWYNOR_PLAYER_3126f93f-4f50-4eed-b54e-18d89d31c3aa_JOKER,Tutti possiamo difendere quel che è nostro. Ci riesce solo chi è forte. Tu no.
NPC_AELWYNOR_PLAYER_3126f93f-4f50-4eed-b54e-18d89d31c3aa_SCHOLAR,Tutti hanno il diritto di difendere ciò che possiedono. Solo i forti vi riescono. Tu sei stato debole.
NPC_AELWYNOR_PLAYER_3126f93f-4f50-4eed-b54e-18d89d31c3aa_STOIC,Tutti abbiamo diritto a difendere ciò che è nostro. Solo i forti ci riescono. Tu sei stato debole.
NPC_AELWYNOR_PLAYER_348a62c9-f6cb-46f9-93c2-0c49890a91f4_HEROIC,"Ora vedi la verità, ma il male fatto non si può cancellare. Il tuo tempo è finito."
NPC_AELWYNOR_PLAYER_348a62c9-f6cb-46f9-93c2-0c49890a91f4_JOKER,"Ora ci arrivi, giusto in tempo per la fine."
NPC_AELWYNOR_PLAYER_348a62c9-f6cb-46f9-93c2-0c49890a91f4_SCHOLAR,"Ora comprendi. Troppo tardi per la foresta, e per te."
NPC_AELWYNOR_PLAYER_348a62c9-f6cb-46f9-93c2-0c49890a91f4_STOIC,"Ora capisci, ma il danno è fatto. Il tuo tempo è finito."
NPC_AELWYNOR_PLAYER_4f1a3ba5-f3e8-4394-8932-368101d8bb77_BASE,Chi erano questi emissari?
NPC_AELWYNOR_PLAYER_61655042-ec73-4fde-950b-05a0d4878670_HEROIC,"Sei stato uno sciocco. Riposa, e al risveglio sii più saggio."
NPC_AELWYNOR_PLAYER_61655042-ec73-4fde-950b-05a0d4878670_JOKER,"Uno sciocco, e adesso pure stanco. Riposa, e la prossima volta punta più in alto."
NPC_AELWYNOR_PLAYER_61655042-ec73-4fde-950b-05a0d4878670_SCHOLAR,"Sei stato uno sciocco, palesemente. Riposa, e la prossima volta ragiona meglio."
NPC_AELWYNOR_PLAYER_61655042-ec73-4fde-950b-05a0d4878670_STOIC,Sei stato uno sciocco. Riposa. Fa' meglio la prossima volta.
NPC_AELWYNOR_PLAYER_67461c84-066d-40e0-a5d1-4ede27194041_HEROIC,"Forse avresti dovuto cercare di capire, invece di lasciarti guidare dalla rabbia?"
NPC_AELWYNOR_PLAYER_67461c84-066d-40e0-a5d1-4ede27194041_JOKER,"La rabbia, dunque. Capire richiedeva troppo sforzo, immagino?"
NPC_AELWYNOR_PLAYER_67461c84-066d-40e0-a5d1-4ede27194041_SCHOLAR,Forse comprendere ti sarebbe stato più utile che cedere alla rabbia?
NPC_AELWYNOR_PLAYER_67461c84-066d-40e0-a5d1-4ede27194041_STOIC,"Forse dovevi cercare di capire, anziché infuriarti?"
NPC_AELWYNOR_PLAYER_6ae6e663-237c-4963-9786-cdd076bc083e_HEROIC,Ho sentito abbastanza. Sei una bestia folle. È una ragione sufficiente.
NPC_AELWYNOR_PLAYER_6ae6e663-237c-4963-9786-cdd076bc083e_JOKER,Sentito abbastanza. Una bestia folle: a chi serve un altro motivo?
NPC_AELWYNOR_PLAYER_6ae6e663-237c-4963-9786-cdd076bc083e_SCHOLAR,Ho sentito abbastanza. La tua follia bestiale è una ragione sufficiente; non ne occorrono altre.
NPC_AELWYNOR_PLAYER_6ae6e663-237c-4963-9786-cdd076bc083e_STOIC,Ho sentito abbastanza. Sei una bestia folle. Non mi serve altro per ucciderti.
NPC_AELWYNOR_PLAYER_6c0939b2-9869-4188-9feb-19a0a2129a84_HEROIC,"Sono qui per porre fine al tuo regno, bestia spregevole."
NPC_AELWYNOR_PLAYER_6c0939b2-9869-4188-9feb-19a0a2129a84_JOKER,"È scaduto il tuo tempo, bestia. Non si accettano ricorsi."
NPC_AELWYNOR_PLAYER_6c0939b2-9869-4188-9feb-19a0a2129a84_SCHOLAR,"Sono qui per porre fine alla tua esistenza, bestia. Le ragioni sono ormai chiare."
NPC_AELWYNOR_PLAYER_6c0939b2-9869-4188-9feb-19a0a2129a84_STOIC,"Sono qui per ucciderti, bestia."
NPC_AELWYNOR_PLAYER_7b245b0b-45e2-4415-87dd-4548653ee03e_HEROIC,La violenza genera soltanto altra violenza. Non posso permettere che continui.
NPC_AELWYNOR_PLAYER_7b245b0b-45e2-4415-87dd-4548653ee03e_JOKER,La violenza continua a invitare altra violenza. Sono qui per rifiutare l'invito.
NPC_AELWYNOR_PLAYER_7b245b0b-45e2-4415-87dd-4548653ee03e_SCHOLAR,La violenza genera chi la perpetua. Non ti lascerò allungare la catena.
NPC_AELWYNOR_PLAYER_7b245b0b-45e2-4415-87dd-4548653ee03e_STOIC,La violenza genera violenza. Non posso lasciartelo fare.
NPC_AELWYNOR_PLAYER_a6ad3f93-f2c7-4075-806e-f6fd0bb64563_HEROIC,Sono qui per chiederti perché hai lasciato che la Corruzione prendesse la foresta senza opporti.
NPC_AELWYNOR_PLAYER_a6ad3f93-f2c7-4075-806e-f6fd0bb64563_JOKER,Cos'è che ti ha fatto lasciare la foresta alla Corruzione? Curiosità o resa?
NPC_AELWYNOR_PLAYER_a6ad3f93-f2c7-4075-806e-f6fd0bb64563_SCHOLAR,Perché lasciare che la Corruzione prendesse la foresta? Consenso o sfinimento?
NPC_AELWYNOR_PLAYER_a6ad3f93-f2c7-4075-806e-f6fd0bb64563_STOIC,Sono qui per chiederti: perché lasciare la foresta alla Corruzione?
NPC_AELWYNOR_PLAYER_a6b9725c-cade-4e35-88b6-99d6d0ad17f6_BASE,Esci
NPC_AELWYNOR_PLAYER_aa311ea1-e4dc-4b11-bc41-4b2a47c47d2f_HEROIC,Hai lasciato che la Corruzione spezzasse la tua forza. Questa è l'unica verità.
NPC_AELWYNOR_PLAYER_aa311ea1-e4dc-4b11-bc41-4b2a47c47d2f_JOKER,La Corruzione ti ha steso e ti ha lasciato solo la debolezza. Direi che il succo è questo.
NPC_AELWYNOR_PLAYER_aa311ea1-e4dc-4b11-bc41-4b2a47c47d2f_SCHOLAR,"Prima la debolezza, poi la Corruzione. L'ordine conta, e ti condanna."
NPC_AELWYNOR_PLAYER_aa311ea1-e4dc-4b11-bc41-4b2a47c47d2f_STOIC,Sei debole e hai ceduto alla Corruzione. Non c'è altro da dire.
NPC_AELWYNOR_PLAYER_c14a43c6-7d62-47c0-b319-04ab67d57aff_HEROIC,È finita. Lascia andare.
NPC_AELWYNOR_PLAYER_c14a43c6-7d62-47c0-b319-04ab67d57aff_JOKER,Quel che è fatto è fatto. È ora di lasciar andare.
NPC_AELWYNOR_PLAYER_c14a43c6-7d62-47c0-b319-04ab67d57aff_SCHOLAR,È finita. Aggrapparvisi non serve più a nulla.
NPC_AELWYNOR_PLAYER_c14a43c6-7d62-47c0-b319-04ab67d57aff_STOIC,Ora è finita. Lascia perdere.
NPC_AELWYNOR_PLAYER_cfa397ae-01b0-4ae4-a846-9ee04d2eb478_HEROIC,Gli abitanti hanno scelto. Tu ti sei difeso. Io ti ho fermato. Chi decide dove finisce?
NPC_AELWYNOR_PLAYER_cfa397ae-01b0-4ae4-a846-9ee04d2eb478_JOKER,"Tutti avevano le loro ragioni, me compreso. Chi dice basta?"
NPC_AELWYNOR_PLAYER_cfa397ae-01b0-4ae4-a846-9ee04d2eb478_SCHOLAR,Ciascuno di voi ha agito secondo il proprio diritto. Che cosa stabilisce dove quel diritto finisce?
NPC_AELWYNOR_PLAYER_cfa397ae-01b0-4ae4-a846-9ee04d2eb478_STOIC,"Gli abitanti hanno agito come credevano, tu ti sei difeso, io sono intervenuto. Dove ci si ferma?"
NPC_AELWYNOR_PLAYER_d0e5ae23-be85-429e-bd94-1448d26c7b79_HEROIC,"Gli agenti di Sylbos hanno distorto la tua rabbia, e in quella tempesta hai smarrito la via."
NPC_AELWYNOR_PLAYER_d0e5ae23-be85-429e-bd94-1448d26c7b79_JOKER,"Gli agenti di Sylbos sapevano proprio come stuzzicare la tua rabbia, finché ci sei sparito dietro."
NPC_AELWYNOR_PLAYER_d0e5ae23-be85-429e-bd94-1448d26c7b79_SCHOLAR,Gli agenti di Sylbos hanno alimentato la tua rabbia finché ha preso il tuo posto.
NPC_AELWYNOR_PLAYER_d0e5ae23-be85-429e-bd94-1448d26c7b79_STOIC,Gli agenti di Sylbos hanno fatto leva sulla tua rabbia. Hai perso te stesso.
NPC_AELWYNOR_PLAYER_edea8b98-53ac-471b-b403-1611b2411c63_BASE,"Non vedi il dolore che tu stesso hai inflitto alla foresta, il male che hai lasciato entrare?"
NPC_AELWYNOR_PLAYER_fb0ab588-38c4-4e48-95e9-0610bf7bf8e6_BASE,Come hai potuto rinnegare Ceres?
NPC_AELWYNOR_RESPONSE_05eb7fe7-80e9-42fc-8e32-351f3ea51ae9,"""La volontà della Madre riteneva giuste le azioni degli umani… lei vedeva più lontano di me. Era la mia cecità a non tollerare quella verità. Ma lascia che ti riveli un segreto, mortale.""\n\n\n\n*La forma immensa del Re della Foresta ora sembra più piccola, come se il potere avesse già iniziato a ritirarsi dalla corteccia e dalle ossa. La sua voce nella tua mente è fioca ma salda, gravata dal peso di un'ammissione a lungo rimandata.*\n\n""A noi che serviamo la Madre è concessa la sua volontà, non la sua mente. Questo è il «segreto». Fui creato per sentire il richiamo della sua legge: quando il cacciatore può prendere il cervo, quando i lupi possono cacciare il cacciatore, quando i mortali possono abbattere alberi e scacciare le bestie dalle tane e restare comunque entro i confini della sua giustizia. Ma la ragione che vi sta dietro, perché questa perdita sia concessa e quella no, perché la tua stirpe dovesse essere protetta anche a così caro prezzo per noi… questo non mi fu mai dato vedere. Scambiai quell'assenza per crudeltà. Quando gli umani presero tanta parte della foresta e lei disse ancora «lasciateli vivere», decisi che ci aveva abbandonati. Da quella decisione scaturì tutta la mia rabbia."""
NPC_AELWYNOR_RESPONSE_1e93ba26-7d73-4040-b5c9-a52303051d4c,"""Hai ragione. Vedo con chiarezza soltanto alla fine, quando nulla può più essere risparmiato. Il mio tempo è finito, e questa rovina porta il mio nome.""\n\n\n\n*Incontri lo sguardo del Re della Foresta. Dove un tempo ardevano intere costellazioni, ora vedi quelle luci affievolirsi, spegnersi una a una.*\n\n""Mi sono avvolto nella rabbia. Non comprendevo perché la Madre lo tollerasse: gli abbattimenti, gli incendi, quel prendere senza fine. Mi sembrava un abbandono. Poi giunsero loro… emissari degli Dei Oscuri. Non ululavano né minacciavano. Parlavano con dolcezza del nostro diritto a una volontà nostra, del nostro diritto a difenderci, del nostro diritto a provare quella rabbia… e ad agire in suo nome."""
NPC_AELWYNOR_RESPONSE_321426a3-c384-44a6-be72-9f8064585ef6,"""Esseri di spirito resi manifesti, come noi figli della Madre. Giunsero senza ostilità, ammantati di cortesia. Non celarono la propria natura… soltanto il prezzo dei loro «doni». Diedero parole alla mia rabbia, e la chiamarono libertà."""
NPC_AELWYNOR_RESPONSE_3f7c526e-8ec5-4eb5-8638-04dee1696d5c,"""Ceres parla di cicli e di ere, di un arazzo in cui le città mortali e le radici della foresta formano insieme un'armonia nella quale dovrei confidare, senza mai vederla. Ci chiede di sanguinare in silenzio per quel canto lontano. Ho guardato ciò che è, e ho voltato le spalle a ciò che lei promette potrà essere. Ho scelto le voci che parlano alla ferita che sento, anziché un sogno in cui mi si ordina di credere. Se questo significa rinnegarla, allora mi ha perduto quando ha scelto voi al nostro posto."""
NPC_AELWYNOR_RESPONSE_5558e408-b7f5-403c-bfe3-ede7c7ff05dd,"""Cerchi di interrogarmi ora, alla fine. Vorresti soppesare la mia volontà con una mente che non sa vedere oltre una sola era di questo Bosco?""\n\n\n\n*La radura sembra ripiegarsi verso il centro. Il peso nel tuo cranio cresce fino a farsi dolore lancinante, mentre la voce del cervo si avvolge sempre più stretta intorno ai tuoi pensieri.*\n\n""Quando le vostre prime pietre sorsero su queste rupi, colpiste i nostri tronchi e strappaste le bestie alle loro tane per tenere in vita i vostri piccoli. La Madre disse: lasciateli fare. Quando cresceste di numero e le vostre covate tremarono d'inverno, ammucchiaste altri di noi sui vostri fuochi. La Madre disse: sopportate. Quando la progenie di Akolasis calò per pascersi di voi, la dilaniammo al vostro fianco: bestie, spiriti, radici e tempeste spezzati in vostra difesa, perché la Madre lo comandava.\n\n\n\nLo chiamava «equilibrio». Diceva che da qualche parte, oltre il mio sguardo, in ere che non avrei mai visto, tutte le ferite sarebbero state intessute in un bene più grande. La sua legge esigeva che, ogni volta che occorreva sangue, fosse il nostro.\n\n\n\nEquilibrio? Io vedevo soltanto questo: ogni volta che qualcuno doveva soffrire perché voi poteste vivere, non eravate mai voi.\n\n\n\nPer secoli soffocai la mia rabbia sotto quel mite comando. Vi guardai fortificare le mura, estendere i confini, prendere di più ogni volta che il pericolo passava, e ancora mi veniva detto: concedi, perdona, confida.\n\n\n\nPoi giunsero altre voci: attraverso il marciume, attraverso l'ombra, attraverso le crepe nella presa della Madre. Chiamarono menzogna la sua misericordia. Mi mostrarono ciò che già sapevo fin nelle radici: che non vi fermerete mai, che la sua legge è una catena imposta soltanto a noi.\n\n\n\nCosì spezzai quella catena. Ho preso un'altra mano, accolto un'altra legge. Sotto di essa, non siamo il vostro scudo. Siamo la tempesta che vi annienta."""
NPC_AELWYNOR_RESPONSE_5cc24c7a-3570-41b0-87c4-732183ca7e35,"""La violenza è sempre stata la vostra lingua. Acciaio, fuoco, fame: così avete parlato a noi, come avete parlato ai Goblin e al mondo intero. La Madre ci chiedeva di rispondere con pazienza e fiducia in un equilibrio lontano. Io rispondo con l'unica lingua che ci avete insegnato. Se mi stai dinanzi, intralci quella risposta. Fatti da parte, o nutri la terra."""
NPC_AELWYNOR_RESPONSE_60d4aa41-71ec-43a4-9962-ff9d84b64f57,"""Uno sciocco, sì, che non vide le catene finché non si furono già serrate. Riposerò e ricorderò quella stoltezza finché la Madre non mi concederà di nuovo una forma. Va', mortale. Dove io ho aperto la via ai servi di Sylbos, tu dovrai scacciarli."""
NPC_AELWYNOR_RESPONSE_6cdc5f01-82d6-4a6f-bb07-282cd7024d1a,"""Se rifiutare di inchinarsi a una legge che ci dà in pasto a voi per l'eternità è «Corruzione», allora io sono la Corruzione fatta carne. La chiami debolezza perché non ti serve. Io la chiamo la prima vera forza che questa foresta abbia mai conosciuto.""\n\n\n\n*Il contegno del cervo si infrange. I rami si dibattono, le radici lacerano il terreno e la sua voce irrompe nella tua mente come un tuono che rimbombi nel tronco del mondo.*\n\n""Ci siamo guadagnati questa furia. Vi abbiamo guardati corazzare le mura con legno strappato ai nostri corpi e chiamarlo necessità. Vi abbiamo guardati svuotare tane e fiumi e chiamarlo sopravvivenza. Ogni volta, la Madre ci zittiva: così vanno le cose, diceva. Che vivano loro. Che viviate voi. Che paghiamo noi.\n\n\n\nHo scacciato la sua voce.\n\n\n\nBasta «equilibrio». Basta sofferenza paziente avvolta in belle parole. Risponderemo alla storia per come l'abbiamo vissuta: voi avete preso senza fine, protetti dalla sua legge. Ora noi prendiamo senza chiedere perdono, sotto una legge diversa.\n\n\n\nAbbatteremo ogni muro che la vostra paura ha innalzato, spaccheremo ogni pietra posata su di noi e sommergeremo di radici i vostri villaggi finché di voi non resterà altro che terra. La foresta si nutrirà delle vostre ossa come voi vi siete nutriti della sua carne. I vostri dèi potranno chiamarlo peccato. Io lo chiamo il mondo che infine vi trasforma in ciò che avete fatto di noi."""
NPC_AELWYNOR_RESPONSE_6e11aff5-c0ea-41a7-8f90-6aa4558c611d,"""Credi che non ricordi la loro paura sulle mura? Ricordo ogni grido. Ricordo ogni albero abbattuto per sostenere quelle pietre, ogni bestia scacciata perché i vostri figli potessero dormire. Le vostre ragioni per me sono cenere. Tu parli di ciò che dovevate fare; io parlo di quanto è costato a noi, ancora e ancora, mentre la Madre sussurrava che avrei dovuto esserne grato. Ho finito di ascoltare.""\n\n\n\n*Il contegno del cervo si infrange. I rami si dibattono, le radici lacerano il terreno e la sua voce irrompe nella tua mente come un tuono che rimbombi nel tronco del mondo.*\n\n""Ci siamo guadagnati questa furia. Vi abbiamo guardati corazzare le mura con legno strappato ai nostri corpi e chiamarlo necessità. Vi abbiamo guardati svuotare tane e fiumi e chiamarlo sopravvivenza. Ogni volta, la Madre ci zittiva: così vanno le cose, diceva. Che vivano loro. Che viviate voi. Che paghiamo noi.\n\n\n\nHo scacciato la sua voce.\n\n\n\nBasta «equilibrio». Basta sofferenza paziente avvolta in belle parole. Risponderemo alla storia per come l'abbiamo vissuta: voi avete preso senza fine, protetti dalla sua legge. Ora noi prendiamo senza chiedere perdono, sotto una legge diversa.\n\n\n\nAbbatteremo ogni muro che la vostra paura ha innalzato, spaccheremo ogni pietra posata su di noi e sommergeremo di radici i vostri villaggi finché di voi non resterà altro che terra. La foresta si nutrirà delle vostre ossa come voi vi siete nutriti della sua carne. I vostri dèi potranno chiamarlo peccato. Io lo chiamo il mondo che infine vi trasforma in ciò che avete fatto di noi."""
NPC_AELWYNOR_RESPONSE_7107949c-9a19-4ba2-a64f-8ddd61027340,"""Chiamala follia, se ti occorre una parola per benedire la tua lama. Ho visto chiaramente lo schema: voi vivete, altri pagano, e lo chiamate ordine. Spezzerò quello schema con il tuo sangue. Se non ti occorre altra ragione per colpire, colpisci. A me non occorre altra ragione per schiacciarti."""
NPC_AELWYNOR_RESPONSE_739ee8f1-8cbe-46ba-8f8f-bc212d8b63d7,"""Sì. I servi di Sylbos mi trovarono quando già le avevo voltato le spalle. Non mi insegnarono la rabbia; si limitarono a incoronarla di belle parole e a chiamarla verità. Li accolsi perché mi dissero che avevo sempre avuto ragione.""\n\n\n\n*Il petto del grande cervo si alza e si abbassa in respiri lenti e superficiali. Ogni parola sembra costargli fatica, eppure le sospinge nella tua mente con le ultime forze.*\n\n""Mi promisero forza, una volontà che non si inchinasse più a nessun'altra. Dissero che sarei stato libero di giudicare, libero di colpire, libero di rispondere a ogni ferita con la mia legge. Ma la rabbia sottrae più potere di quanto ne conceda. Ti brucia dentro, ti svuota, proprio mentre ti fa sentire più forte che mai. La rabbia ci rende tutti schiavi mentre ci fa credere di essere liberi. Ora vedo quanto interamente io stesso mi sia incatenato."""
NPC_AELWYNOR_RESPONSE_8154698f-53d5-47b1-b8c3-921cf3393243,"""Ammanti la tua paura di insulti e minacce e la chiami forza. Sei una scintilla che grida alla tempesta, illudendosi di esserne padrona.""\n\n\n\n*La radura sembra ripiegarsi verso il centro. Il peso nel tuo cranio cresce fino a farsi dolore lancinante, mentre la voce del cervo si avvolge sempre più stretta intorno ai tuoi pensieri.*\n\n""Quando le vostre prime pietre sorsero su queste rupi, colpiste i nostri tronchi e strappaste le bestie alle loro tane per tenere in vita i vostri piccoli. La Madre disse: lasciateli fare. Quando cresceste di numero e le vostre covate tremarono d'inverno, ammucchiaste altri di noi sui vostri fuochi. La Madre disse: sopportate. Quando la progenie di Akolasis calò per pascersi di voi, la dilaniammo al vostro fianco: bestie, spiriti, radici e tempeste spezzati in vostra difesa, perché la Madre lo comandava.\n\n\n\nLo chiamava «equilibrio». Diceva che da qualche parte, oltre il mio sguardo, in ere che non avrei mai visto, tutte le ferite sarebbero state intessute in un bene più grande. La sua legge esigeva che, ogni volta che occorreva sangue, fosse il nostro.\n\n\n\nEquilibrio? Io vedevo soltanto questo: ogni volta che qualcuno doveva soffrire perché voi poteste vivere, non eravate mai voi.\n\n\n\nPer secoli soffocai la mia rabbia sotto quel mite comando. Vi guardai fortificare le mura, estendere i confini, prendere di più ogni volta che il pericolo passava, e ancora mi veniva detto: concedi, perdona, confida.\n\n\n\nPoi giunsero altre voci: attraverso il marciume, attraverso l'ombra, attraverso le crepe nella presa della Madre. Chiamarono menzogna la sua misericordia. Mi mostrarono ciò che già sapevo fin nelle radici: che non vi fermerete mai, che la sua legge è una catena imposta soltanto a noi.\n\n\n\nCosì spezzai quella catena. Ho preso un'altra mano, accolto un'altra legge. Sotto di essa, non siamo il vostro scudo. Siamo la tempesta che vi annienta."""
NPC_AELWYNOR_RESPONSE_a749eb8b-f8e5-46ca-a53b-70b6dc837f4f,"""Vedo soltanto che, per una volta, il dolore colpisce entrambe le parti. Il male era in un mondo in cui ci si ordinava di soffrire in silenzio perché voi poteste credervi giusti. Ciò che ora chiami male è soltanto questo: il prezzo che infine ricade su di voi. Se ciò offende i vostri dèi, che discendano a fermarmi."""
NPC_AELWYNOR_RESPONSE_c8713ebe-73aa-41b4-ba32-7a87be4b066b,"""Debole… sì. Troppo debole per confidare in ciò che non vedevo, troppo debole per sopportarne il prezzo senza odiarlo. La volontà della Madre riteneva giuste le azioni degli umani… ma lascia che ti riveli un segreto, mortale.""\n\n\n\n*La forma immensa del Re della Foresta ora sembra più piccola, come se il potere avesse già iniziato a ritirarsi dalla corteccia e dalle ossa. La sua voce nella tua mente è fioca ma salda, gravata dal peso di un'ammissione a lungo rimandata.*\n\n""A noi che serviamo la Madre è concessa la sua volontà, non la sua mente. Questo è il «segreto». Fui creato per sentire il richiamo della sua legge: quando il cacciatore può prendere il cervo, quando i lupi possono cacciare il cacciatore, quando i mortali possono abbattere alberi e scacciare le bestie dalle tane e restare comunque entro i confini della sua giustizia. Ma la ragione che vi sta dietro, perché questa perdita sia concessa e quella no, perché la tua stirpe dovesse essere protetta anche a così caro prezzo per noi… questo non mi fu mai dato vedere. Scambiai quell'assenza per crudeltà. Quando gli umani presero tanta parte della foresta e lei disse ancora «lasciateli vivere», decisi che ci aveva abbandonati. Da quella decisione scaturì tutta la mia rabbia."""
NPC_AELWYNOR_RESPONSE_ec7d382d-3c28-41db-8cae-8c91288e0716,"""No, mortale. Non attenuare tutto questo con parole gentili. È finita, ma ciò che ci lasciamo alle spalle è reale. Devo guardare quella verità mentre svanisco.""\n\n\n\n*Incontri lo sguardo del Re della Foresta. Dove un tempo ardevano intere costellazioni, ora vedi quelle luci affievolirsi, spegnersi una a una.*\n\n""Mi sono avvolto nella rabbia. Non comprendevo perché la Madre lo tollerasse: gli abbattimenti, gli incendi, quel prendere senza fine. Mi sembrava un abbandono. Poi giunsero loro… emissari degli Dei Oscuri. Non ululavano né minacciavano. Parlavano con dolcezza del nostro diritto a una volontà nostra, del nostro diritto a difenderci, del nostro diritto a provare quella rabbia… e ad agire in suo nome."""
NPC_AELWYNOR_RESPONSE_fcadb20f-98dc-415b-80f8-ce1a07cbe1ef,"""Avrei dovuto cercare di confidare in ciò che non comprendevo, come un tempo mi esortò a fare il grande mago. Scelsi invece la via più semplice: chiamare ingiusto ciò che non afferravo. In questo, la tua saggezza supera quella che ebbi io, mortale.""\n\n\n\n*Il petto del grande cervo si alza e si abbassa in respiri lenti e superficiali. Ogni parola sembra costargli fatica, eppure le sospinge nella tua mente con le ultime forze.*\n\n""Mi promisero forza, una volontà che non si inchinasse più a nessun'altra. Dissero che sarei stato libero di giudicare, libero di colpire, libero di rispondere a ogni ferita con la mia legge. Ma la rabbia sottrae più potere di quanto ne conceda. Ti brucia dentro, ti svuota, proprio mentre ti fa sentire più forte che mai. La rabbia ci rende tutti schiavi mentre ci fa credere di essere liberi. Ora vedo quanto interamente io stesso mi sia incatenato."""
NPC_AELWYNOR_RESPONSE_fe198474-b978-424a-bda5-a1d2b2579324,"""È finita… per ora. Sprofonderò nel lungo sonno della Madre e risorgerò soltanto quando mi chiamerà. In quelle tenebre soppeserò la sua volontà e il cammino che ho scelto. Fino ad allora, mortale, veglia su questa foresta. Non lasciare che gli Dei Oscuri se ne nutrano come si sono nutriti di me."""
NPC_AELWYNOR_TITLE,Il Padre delle Radici Selvatiche
NPC_ALARIC_GREETING_03ff69da-7697-4b8b-9f4a-cb5b576eae9e,"“Eccoti di nuovo. Dimmi, l'hai trovato?”"
NPC_ALARIC_GREETING_1c8f3725-42d9-4e74-bd17-0c2cb9d74aa0,"“Viandante, eccoti di nuovo. Eldorian mi ha fatto rapporto. Grazie per averlo trovato. Quel ragazzo a volte mi preoccupa. Il suo rapporto conferma i miei peggiori timori. I Goblin sono sempre più attivi nel folto della foresta e ci sono segni di Corruzione. Mi serve tempo per riflettere. Qui altri hanno bisogno del tuo aiuto: Rahaner, Tamsin, Befr. Occupati di loro.”\n\n""Ora lasciami."""
NPC_ALARIC_GREETING_4a9634b0-b6d5-4044-9a2d-ec6e107ebd26,"*Al tuo arrivo, Alaric è assorto nei suoi pensieri. Alza lo sguardo, il volto si fa risoluto.*\n\n""Viandante. Grazie per tutto ciò che hai fatto. Ma non c'è tempo per riposare. I miei esploratori sono tornati dal folto della foresta. Hanno confermato che la Corruzione si è diffusa e avvistato una grande bestia che ne è stata stravolta. Se è ciò che credo, non possiamo ignorare questa creatura. Io devo restare qui. Ma tu, tu hai dimostrato le tue capacità. Ti chiedo ancora una volta aiuto.”\n\n""Addentrati nel cuore di Wildwood. Conosciamo la zona, ma è insidiosa. Trova la bestia, uccidila e torna sulle tue gambe."""
NPC_ALARIC_GREETING_54947e09-664c-4be4-a565-5203ca1b40f8,"*Mentre ti avvicini, Alaric irrigidisce le spalle, poi ritrova la consueta immobilità.*\n\n""Parla. Come sta Corin?"""
NPC_ALARIC_GREETING_68473d4a-75bb-4d47-ad59-c310b9b4a323,"*Alaric ti guarda avvicinarti e ti saluta con un solo cenno del capo.*\n\n“Viandante, eccoti di nuovo. Parla in fretta; c'è molto da fare.”"
NPC_ALARIC_GREETING_6b2797ec-8a67-405f-a5f7-e6c7a9c40e29,"“Eccoti di nuovo. Dimmi, l'hai trovato?”"
NPC_ALARIC_GREETING_7abf0cf4-6bfc-48f2-9f48-8c62a957839d,"*Alaric ti guarda avvicinarti e ti saluta con un solo cenno del capo.*\n\n“Viandante, eccoti di nuovo. Parla in fretta; c'è molto da fare.”"
NPC_ALARIC_GREETING_8ebb44b8-299f-44ab-a4dd-1e9c7cf78fec,"*Alaric ti nota mentre ti avvicini; un lieve sollievo incrina la sua consueta impassibilità.*\n\n""Eccoti. Quando il Re Goblin è caduto, il suo urlo di morte è arrivato fin qui. Allora ho capito che ce l'avevi fatta. Erano cinquant'anni che non sentivo quel suono."""
NPC_ALARIC_GREETING_903a91d0-49f8-4e9d-bc13-706024d6811e,"*Al tuo avvicinarsi, i capi della Gilda discutono a bassa voce, concitati. Alaric alza una mano, le voci tacciono e lui ti dedica tutta la sua attenzione.*\n\n""Eccoti di nuovo. Mi è giunta notizia che i preparativi sono conclusi. È il momento. Non userò mezze parole: un Re della Foresta corrotto è qualcosa che il mondo non avrebbe mai dovuto vedere."""
NPC_ALARIC_GREETING_d7768b2f-f8e9-4d10-a40c-cd24b2f71186,"*Il vecchio guerriero volge gli occhi verso di te. Il suo sguardo è fermo; ti osserva avvicinarti, scrutandoti in silenzio.*\n\n""Hm. Ti do il benvenuto, viandante. Ho saputo del tuo arrivo.""\n\n“Perdona le condizioni del villaggio. Siamo in un periodo di crisi. Dimmi, come hai fatto ad attraversare la foresta?”"
NPC_ALARIC_NAME,Alaric
NPC_ALARIC_PLAYER_020c43de-be95-4d83-b5e1-539463577552_HEROIC,Porterò a termine il tuo ordine e tornerò a compito concluso.
NPC_ALARIC_PLAYER_020c43de-be95-4d83-b5e1-539463577552_JOKER,"Come vuoi. Torno quando sarà a terra, e non un momento prima."
NPC_ALARIC_PLAYER_020c43de-be95-4d83-b5e1-539463577552_SCHOLAR,Procederò come hai indicato. Poi ti riferirò ogni cosa.
NPC_ALARIC_PLAYER_020c43de-be95-4d83-b5e1-539463577552_STOIC,Farò come dici. Tornerò a lavoro finito.
NPC_ALARIC_PLAYER_067af53d-4f76-49e8-83dd-942e67ce6847_HEROIC,Cosa rende il Sentiero della Foresta una scelta tanto pericolosa?
NPC_ALARIC_PLAYER_067af53d-4f76-49e8-83dd-942e67ce6847_JOKER,Perché il Sentiero della Foresta? Non c'è un angolo di questa foresta che sia solo brutto?
NPC_ALARIC_PLAYER_067af53d-4f76-49e8-83dd-942e67ce6847_SCHOLAR,Perché il Sentiero della Foresta è il posto peggiore? Vorrei capirne le ragioni.
NPC_ALARIC_PLAYER_067af53d-4f76-49e8-83dd-942e67ce6847_STOIC,Perché il Sentiero della Foresta è il posto peggiore in cui possa trovarsi?
NPC_ALARIC_PLAYER_0a0ce63f-a68e-4502-9e1d-cb8d2747fea2_HEROIC,"È morto. Ora dimmi cos'era, così saprò riconoscere il prossimo."
NPC_ALARIC_PLAYER_0a0ce63f-a68e-4502-9e1d-cb8d2747fea2_JOKER,"È morto, e ha fatto un bel baccano. Vorrei dare un nome a quella cosa, se ne aveva uno."
NPC_ALARIC_PLAYER_0a0ce63f-a68e-4502-9e1d-cb8d2747fea2_SCHOLAR,È morto. Resta importante capire cosa *fosse*: ci dice come agisce la Corruzione.
NPC_ALARIC_PLAYER_0a0ce63f-a68e-4502-9e1d-cb8d2747fea2_STOIC,È morto. Cos'era?
NPC_ALARIC_PLAYER_0abc1def2ghi_HEROIC,Capito. Darò la caccia alla bestia e tornerò dopo averla uccisa.
NPC_ALARIC_PLAYER_0abc1def2ghi_JOKER,Ho capito. È ora di conoscere questa bestia e assicurarmi che resti a terra prima di tornare.
NPC_ALARIC_PLAYER_0abc1def2ghi_SCHOLAR,"Capito. Troverò questa bestia, ma vorrei sapere quali tratti la distinguono."
NPC_ALARIC_PLAYER_0abc1def2ghi_STOIC,Ho capito. Cercherò la bestia e tornerò dopo averla abbattuta.
NPC_ALARIC_PLAYER_0d42a8ff-0776-46a7-b09a-1550e45141b4_HEROIC,"Gli darò la caccia. Sappi che lo faccio per la gente sulla sua strada, non per la Gilda."
NPC_ALARIC_PLAYER_0d42a8ff-0776-46a7-b09a-1550e45141b4_JOKER,"Gli darò la caccia. Scrivi ""per la Gilda"" sulla lapide di qualcun altro."
NPC_ALARIC_PLAYER_0d42a8ff-0776-46a7-b09a-1550e45141b4_SCHOLAR,"Gli darò la caccia, ma sia chiaro il motivo: voglio sapere cos'è. La Gilda è un dettaglio."
NPC_ALARIC_PLAYER_0d42a8ff-0776-46a7-b09a-1550e45141b4_STOIC,Gli darò la caccia. Non per la Gilda.
NPC_ALARIC_PLAYER_1100ffeeccdd_HEROIC,Affidami il compito. Da dove si comincia?
NPC_ALARIC_PLAYER_1100ffeeccdd_JOKER,"Cosa c'è da fare, e quanti Goblin ci sono di mezzo?"
NPC_ALARIC_PLAYER_1100ffeeccdd_SCHOLAR,"Cosa occorre fare, e in quale ordine?"
NPC_ALARIC_PLAYER_1100ffeeccdd_STOIC,Cosa va fatto?
NPC_ALARIC_PLAYER_112233445566_BASE,Puoi offrirmi qualche aiuto?
NPC_ALARIC_PLAYER_13cf3e04-b108-4b81-a1d4-e4f2bfb332f2_HEROIC,"Il Mulino. L'ho visto, ed è davvero invaso."
NPC_ALARIC_PLAYER_13cf3e04-b108-4b81-a1d4-e4f2bfb332f2_JOKER,"Il Mulino. Oh, l'ho visto. Invaso è dir poco."
NPC_ALARIC_PLAYER_13cf3e04-b108-4b81-a1d4-e4f2bfb332f2_SCHOLAR,Il Mulino. L'ho visto. Invaso è il termine esatto.
NPC_ALARIC_PLAYER_13cf3e04-b108-4b81-a1d4-e4f2bfb332f2_STOIC,Il Mulino. L'ho visto. Invaso.
NPC_ALARIC_PLAYER_156191b9-3fd4-48e3-9399-539955f6480c_HEROIC,È sopravvissuto ai Goblin solo per fortuna.
NPC_ALARIC_PLAYER_156191b9-3fd4-48e3-9399-539955f6480c_JOKER,I Goblin non dovevano avere abbastanza fame da mangiarselo.
NPC_ALARIC_PLAYER_156191b9-3fd4-48e3-9399-539955f6480c_SCHOLAR,È sfuggito alle fauci dei Goblin per pura fortuna.
NPC_ALARIC_PLAYER_156191b9-3fd4-48e3-9399-539955f6480c_STOIC,È fortunato che i Goblin non l'abbiano divorato.
NPC_ALARIC_PLAYER_1604a396-9a4d-4a39-9587-85d8aac146b5_HEROIC,"Portiamo a termine questo compito, così potremo finalmente lasciare questo posto."
NPC_ALARIC_PLAYER_1604a396-9a4d-4a39-9587-85d8aac146b5_JOKER,"Prima ci togliamo di torno questa faticaccia, prima me la svigno."
NPC_ALARIC_PLAYER_1604a396-9a4d-4a39-9587-85d8aac146b5_SCHOLAR,"Prima concludiamo, prima me ne vado. L'efficienza conviene a entrambi."
NPC_ALARIC_PLAYER_1604a396-9a4d-4a39-9587-85d8aac146b5_STOIC,"Finiamola, così posso finalmente andarmene."
NPC_ALARIC_PLAYER_1754b2c0-adfb-4f38-8b12-b395069c2c13_HEROIC,La prossima volta che sarò nella foresta terrò alta la guardia.
NPC_ALARIC_PLAYER_1754b2c0-adfb-4f38-8b12-b395069c2c13_JOKER,Terrò le orecchie aperte. Sempre che la foresta mi lasci sentire qualcosa.
NPC_ALARIC_PLAYER_1754b2c0-adfb-4f38-8b12-b395069c2c13_SCHOLAR,"Al prossimo ingresso nella foresta, osserverò con attenzione."
NPC_ALARIC_PLAYER_1754b2c0-adfb-4f38-8b12-b395069c2c13_STOIC,Terrò le orecchie aperte quando tornerò nella foresta.
NPC_ALARIC_PLAYER_1759dadf-bab3-4fa5-a2a4-ab434a3c8ed7_BASE,Quando l'hai visto?
NPC_ALARIC_PLAYER_1a227395-49ac-4152-801e-6281c5ff2ec4_BASE,Cosa pensi di Saqi?
NPC_ALARIC_PLAYER_1a7d0b55-fa07-4f4b-b220-1ef7e8083425_BASE,È vero che hai combattuto un Re Goblin durante l'ultima crisi?
NPC_ALARIC_PLAYER_1d7af4ed-3a22-4450-b178-bd7de4b7bf85_HEROIC,Sembra che la convinzione vacilli da entrambe le parti.
NPC_ALARIC_PLAYER_1d7af4ed-3a22-4450-b178-bd7de4b7bf85_JOKER,Non sembri convinto. Siamo in due a guardare storto lo stesso ragazzo.
NPC_ALARIC_PLAYER_1d7af4ed-3a22-4450-b178-bd7de4b7bf85_SCHOLAR,Anche tu hai delle riserve. Sono cose che noto.
NPC_ALARIC_PLAYER_1d7af4ed-3a22-4450-b178-bd7de4b7bf85_STOIC,Neanche tu sembri convinto.
NPC_ALARIC_PLAYER_1eb35fbf-2fd1-40c3-a982-2d47108b1289_HEROIC,Allora combatterò al fianco di Corin e faremo cadere il Re.
NPC_ALARIC_PLAYER_1eb35fbf-2fd1-40c3-a982-2d47108b1289_JOKER,Direi che è ora di raggiungere Corin e dare al Re una mano a morire.
NPC_ALARIC_PLAYER_1eb35fbf-2fd1-40c3-a982-2d47108b1289_SCHOLAR,"Allora Corin e io, insieme, porremo fine alla vita del Re."
NPC_ALARIC_PLAYER_1eb35fbf-2fd1-40c3-a982-2d47108b1289_STOIC,Allora aiuterò Corin a uccidere il Re.
NPC_ALARIC_PLAYER_1f2e3d4c5b6a_HEROIC,Le mie ragioni riguardano me soltanto. Conta raggiungere la Torre di Faustas.
NPC_ALARIC_PLAYER_1f2e3d4c5b6a_JOKER,"A meno che tu non distribuisca mappe, come ho fatto ad arrivare qui non ti riguarda. Devo trovare la Torre di Faustas."
NPC_ALARIC_PLAYER_1f2e3d4c5b6a_SCHOLAR,Il modo in cui ho raggiunto questo luogo non cambia nulla. Ciò che conta è la Torre di Faustas.
NPC_ALARIC_PLAYER_1f2e3d4c5b6a_STOIC,Come ho fatto ad arrivare qui non ti riguarda. Devo raggiungere la Torre di Faustas.
NPC_ALARIC_PLAYER_2062e0e1-3e18-45f4-9a5d-0597a92bf5b3_HEROIC,Il tuo tetto offre loro una buona protezione. Indicami dove serve il mio aiuto.
NPC_ALARIC_PLAYER_2062e0e1-3e18-45f4-9a5d-0597a92bf5b3_JOKER,Il tuo tetto è il posto più sicuro in circolazione. Indicami il prossimo lavoro.
NPC_ALARIC_PLAYER_2062e0e1-3e18-45f4-9a5d-0597a92bf5b3_SCHOLAR,"Qui sono più al sicuro che fuori, almeno. Dimmi dove occorre intervenire."
NPC_ALARIC_PLAYER_2062e0e1-3e18-45f4-9a5d-0597a92bf5b3_STOIC,Sotto il tuo tetto sono più al sicuro. Dimmi come aiutare.
NPC_ALARIC_PLAYER_218a3c75-64a6-45c8-87e7-8c0669a1eec5_HEROIC,"Certamente, gli starò accanto."
NPC_ALARIC_PLAYER_218a3c75-64a6-45c8-87e7-8c0669a1eec5_JOKER,"Certo, gli darò una mano."
NPC_ALARIC_PLAYER_218a3c75-64a6-45c8-87e7-8c0669a1eec5_SCHOLAR,"Certamente. Dimmi cosa significhi, in concreto, aiutare un uomo come lui."
NPC_ALARIC_PLAYER_218a3c75-64a6-45c8-87e7-8c0669a1eec5_STOIC,Certo. Lo aiuterò.
NPC_ALARIC_PLAYER_2742cd3f-d2c5-44a8-8ac6-0244c4d8831a_HEROIC,Il Re è caduto. Ho fatto ciò che mi hai chiesto.
NPC_ALARIC_PLAYER_2742cd3f-d2c5-44a8-8ac6-0244c4d8831a_JOKER,"Il Re è morto, il lavoro è finalmente finito."
NPC_ALARIC_PLAYER_2742cd3f-d2c5-44a8-8ac6-0244c4d8831a_SCHOLAR,Il Re è morto. Possiamo chiudere il conto.
NPC_ALARIC_PLAYER_2742cd3f-d2c5-44a8-8ac6-0244c4d8831a_STOIC,Il Re è morto. Lavoro finito.
NPC_ALARIC_PLAYER_2a6cedd9-9b67-4b31-9212-d6cfe3bfb517_HEROIC,Lo attende un'altra prova. Presto vedremo quanto vale davvero.
NPC_ALARIC_PLAYER_2a6cedd9-9b67-4b31-9212-d6cfe3bfb517_JOKER,La prossima sfida ci dirà più di quanto possiamo dire noi due.
NPC_ALARIC_PLAYER_2a6cedd9-9b67-4b31-9212-d6cfe3bfb517_SCHOLAR,L'esito della prossima sfida sarà rivelatore.
NPC_ALARIC_PLAYER_2a6cedd9-9b67-4b31-9212-d6cfe3bfb517_STOIC,Vedremo come affronterà la prossima sfida.
NPC_ALARIC_PLAYER_2cb833da-481b-40b4-a69b-776e542d137f_HEROIC,Facciamo in modo che io non incroci più la sua strada.
NPC_ALARIC_PLAYER_2cb833da-481b-40b4-a69b-776e542d137f_JOKER,Speriamo che la fortuna la prossima volta mi tenga a debita distanza da lui.
NPC_ALARIC_PLAYER_2cb833da-481b-40b4-a69b-776e542d137f_SCHOLAR,Speriamo di evitare un altro incontro con lui.
NPC_ALARIC_PLAYER_2cb833da-481b-40b4-a69b-776e542d137f_STOIC,Speriamo di non incontrarlo di nuovo.
NPC_ALARIC_PLAYER_3083e705-c0a8-461c-ac03-cabd960f1306_HEROIC,Finalmente capirò cosa vuole da me questo mago.
NPC_ALARIC_PLAYER_3083e705-c0a8-461c-ac03-cabd960f1306_JOKER,Finalmente il mago scopre le carte.
NPC_ALARIC_PLAYER_3083e705-c0a8-461c-ac03-cabd960f1306_SCHOLAR,Finalmente scoprirò cosa voglia davvero da me il mago.
NPC_ALARIC_PLAYER_3083e705-c0a8-461c-ac03-cabd960f1306_STOIC,Finalmente vedrò cosa vuole da me questo mago.
NPC_ALARIC_PLAYER_3344dd55ee66_BASE,Esci
NPC_ALARIC_PLAYER_354271a9-2748-46f7-aded-e0d7f48f79cc_BASE,Cosa succederà se uccidiamo il Re della Foresta?
NPC_ALARIC_PLAYER_3917448d-53f0-450f-94ee-869fd22f5453_HEROIC,Non c'è un modo per liberarlo invece di ucciderlo?
NPC_ALARIC_PLAYER_3917448d-53f0-450f-94ee-869fd22f5453_JOKER,Magari gli serve solo una mano per scrollarsi di dosso quella Corruzione?
NPC_ALARIC_PLAYER_3917448d-53f0-450f-94ee-869fd22f5453_SCHOLAR,Forse esiste un modo per liberarlo dalla Corruzione?
NPC_ALARIC_PLAYER_3917448d-53f0-450f-94ee-869fd22f5453_STOIC,Possiamo liberarlo dalla Corruzione?
NPC_ALARIC_PLAYER_391ccd80-88b4-4a11-b8c8-a0c6c6f4dddf_BASE,Perché la Gilda lo tiene tanto in considerazione?
NPC_ALARIC_PLAYER_3b0baeba-593d-430b-9f5f-ba255de5676a_BASE,Saresti tenero a prenderti cura di un bambino.
NPC_ALARIC_PLAYER_3d274454-b881-4c0e-a427-1afe75a54756_BASE,Cosa farai adesso?
NPC_ALARIC_PLAYER_3df8150f-3b1f-4015-85d5-4a6270282378_HEROIC,Alla fonte penseremo dopo. Ho affrontato quella cosa. Dimmi cos'era.
NPC_ALARIC_PLAYER_3df8150f-3b1f-4015-85d5-4a6270282378_JOKER,Tu stai già pensando alla fonte. Io devo ancora superare la parte in cui l'albero camminava.
NPC_ALARIC_PLAYER_3df8150f-3b1f-4015-85d5-4a6270282378_SCHOLAR,"Prima della fonte, l'esemplare. Cos'era quella creatura?"
NPC_ALARIC_PLAYER_3df8150f-3b1f-4015-85d5-4a6270282378_STOIC,Alla fonte dopo. Cos'era?
NPC_ALARIC_PLAYER_3f858c51-c659-418d-8be0-417695c78d33_BASE,"""Dove posso trovare Tamsin?"""
NPC_ALARIC_PLAYER_41db0d1a-dc64-4500-9076-1e1d1a920c6b_HEROIC,"È stata una dura battaglia, ma il compito è concluso."
NPC_ALARIC_PLAYER_41db0d1a-dc64-4500-9076-1e1d1a920c6b_JOKER,"Be', è stato un bel macello, ma il lavoro è fatto."
NPC_ALARIC_PLAYER_41db0d1a-dc64-4500-9076-1e1d1a920c6b_SCHOLAR,"Lo scontro è stato aspro, ma il compito è stato portato a termine."
NPC_ALARIC_PLAYER_41db0d1a-dc64-4500-9076-1e1d1a920c6b_STOIC,È stata una battaglia terribile. Il lavoro è fatto.
NPC_ALARIC_PLAYER_42f31e52-45c8-4008-a638-fd9162d2fe3e_HEROIC,"Da qualunque fonte provenga, eliminerò ogni ostacolo sul cammino."
NPC_ALARIC_PLAYER_42f31e52-45c8-4008-a638-fd9162d2fe3e_JOKER,"Da qualunque buco salti fuori, finirà comunque sotto la lama."
NPC_ALARIC_PLAYER_42f31e52-45c8-4008-a638-fd9162d2fe3e_SCHOLAR,La fonte conta poco. Qualunque ostacolo sul cammino verrà abbattuto.
NPC_ALARIC_PLAYER_42f31e52-45c8-4008-a638-fd9162d2fe3e_STOIC,Non importa da dove viene. Ucciderò chiunque intralci la strada.
NPC_ALARIC_PLAYER_43a7696b-9217-42b1-95db-aa52fb3b1b96_HEROIC,Ho esaminato il ponte: nelle condizioni attuali non si può ripristinare.
NPC_ALARIC_PLAYER_43a7696b-9217-42b1-95db-aa52fb3b1b96_JOKER,Ho visto il ponte. Ripararlo mi sembra probabile quanto insegnare a un sasso a nuotare.
NPC_ALARIC_PLAYER_43a7696b-9217-42b1-95db-aa52fb3b1b96_SCHOLAR,Ho studiato il ponte. Nulla lascia pensare che sia riparabile.
NPC_ALARIC_PLAYER_43a7696b-9217-42b1-95db-aa52fb3b1b96_STOIC,Ho visto il ponte. Non si può riparare.
NPC_ALARIC_PLAYER_43c71e03-e779-4311-803a-6d13fe130832_HEROIC,"Sarà anche arrogante, ma ha bisogno di quelle provviste per resistere."
NPC_ALARIC_PLAYER_43c71e03-e779-4311-803a-6d13fe130832_JOKER,"Arrogante o no, è agli sgoccioli e gli servono altre provviste per tirare avanti."
NPC_ALARIC_PLAYER_43c71e03-e779-4311-803a-6d13fe130832_SCHOLAR,"Arrogante, sì. Ma anche l'arroganza ha bisogno di cibo e frecce."
NPC_ALARIC_PLAYER_43c71e03-e779-4311-803a-6d13fe130832_STOIC,È arrogante. E gli servono altre provviste per continuare.
NPC_ALARIC_PLAYER_456def789abc_BASE,"""Dove posso trovare Rahaner?"""
NPC_ALARIC_PLAYER_45aef421-7e0e-423a-81e9-f3fbf3966e42_BASE,Parlami di Corin
NPC_ALARIC_PLAYER_4f7784ed-b894-47d0-b931-864bbdc6876d_BASE,Cosa intendi quando dici che Ceres l'ha permesso?
NPC_ALARIC_PLAYER_4fdce029-aeb7-47a6-921b-5ce849b82aa9_BASE,Cosa ti rende tanto sicuro di lui?
NPC_ALARIC_PLAYER_53ae50c8-d757-4208-9641-2b1fb0816e4b_HEROIC,Affidami la mia parte.
NPC_ALARIC_PLAYER_53ae50c8-d757-4208-9641-2b1fb0816e4b_JOKER,"Come posso rendermi utile, stavolta?"
NPC_ALARIC_PLAYER_53ae50c8-d757-4208-9641-2b1fb0816e4b_SCHOLAR,Dove sarei più utile? Sii preciso.
NPC_ALARIC_PLAYER_53ae50c8-d757-4208-9641-2b1fb0816e4b_STOIC,Come posso aiutare?
NPC_ALARIC_PLAYER_56cc169d-f42e-4078-a8b8-65267cb8961c_HEROIC,"È un'anima rara, e incontrarlo è stata una vera fortuna."
NPC_ALARIC_PLAYER_56cc169d-f42e-4078-a8b8-65267cb8961c_JOKER,È un'anima rara. Mi è andata bene a incrociarlo.
NPC_ALARIC_PLAYER_56cc169d-f42e-4078-a8b8-65267cb8961c_SCHOLAR,Un'anima rara. Il nostro incontro è stato una felice coincidenza.
NPC_ALARIC_PLAYER_56cc169d-f42e-4078-a8b8-65267cb8961c_STOIC,È un'anima rara. Mi fa piacere averlo incontrato.
NPC_ALARIC_PLAYER_5e9358c1-ad56-4116-ac08-aa2f1e4c08e2_BASE,"Se il Re Goblin è morto, perché ci sono ancora così tanti Goblin?"
NPC_ALARIC_PLAYER_654321fedcba_HEROIC,"Se troverò il tuo esploratore, riceverà il messaggio. Hai la mia parola."
NPC_ALARIC_PLAYER_654321fedcba_JOKER,"Se trovo il tuo esploratore, gli do il messaggio. Se poi lo ascolta sono affari suoi."
NPC_ALARIC_PLAYER_654321fedcba_SCHOLAR,"Se incontrerò il tuo esploratore, gli riferirò il messaggio parola per parola."
NPC_ALARIC_PLAYER_654321fedcba_STOIC,"Se vedo il tuo esploratore, gli riferirò il messaggio."
NPC_ALARIC_PLAYER_6694ae86-3ea3-4e5a-be76-72270c690359_HEROIC,Forse lo stai sopravvalutando.
NPC_ALARIC_PLAYER_6694ae86-3ea3-4e5a-be76-72270c690359_JOKER,"Attento, o finirà per credere a tutti quei meriti."
NPC_ALARIC_PLAYER_6694ae86-3ea3-4e5a-be76-72270c690359_SCHOLAR,La stima che gli accordi supera le prove disponibili.
NPC_ALARIC_PLAYER_6694ae86-3ea3-4e5a-be76-72270c690359_STOIC,Gli dai troppo credito.
NPC_ALARIC_PLAYER_69913121-9f5c-4e4d-992d-ffda8af296de_HEROIC,Risparmiami gli avvertimenti. Dimmi cosa c'è là fuori.
NPC_ALARIC_PLAYER_69913121-9f5c-4e4d-992d-ffda8af296de_JOKER,"""Non è sicuro."" Fin lì c'ero. Cosa c'è davvero là dentro?"
NPC_ALARIC_PLAYER_69913121-9f5c-4e4d-992d-ffda8af296de_SCHOLAR,"Prendo atto dell'avvertimento. Ora veniamo ai fatti: cosa c'è là fuori, e in quali numeri?"
NPC_ALARIC_PLAYER_69913121-9f5c-4e4d-992d-ffda8af296de_STOIC,Risparmiami le raccomandazioni. Cosa c'è là fuori?
NPC_ALARIC_PLAYER_6def0fea-aa47-484d-9e5c-df5fa216a835_BASE,"Di cosa è re, esattamente, questa creatura?"
NPC_ALARIC_PLAYER_737d655c-0bd4-446f-93e8-e93e6cec78dd_HEROIC,"L'ha trovato, ma i Goblin della regione sono ancora una minaccia troppo grande per avanzare."
NPC_ALARIC_PLAYER_737d655c-0bd4-446f-93e8-e93e6cec78dd_JOKER,"L'ha trovato, ma con quei Goblin andare avanti sembra un pio desiderio."
NPC_ALARIC_PLAYER_737d655c-0bd4-446f-93e8-e93e6cec78dd_SCHOLAR,L'ha trovato. I Goblin che lo circondano sono la ragione dello stallo.
NPC_ALARIC_PLAYER_737d655c-0bd4-446f-93e8-e93e6cec78dd_STOIC,"L'ha trovato, ma i Goblin della regione impediscono di proseguire."
NPC_ALARIC_PLAYER_74ac0684-baf8-479d-a8e3-40aab8b07287_HEROIC,"Corin resiste, ma la forza d'assalto ha subito gravi perdite."
NPC_ALARIC_PLAYER_74ac0684-baf8-479d-a8e3-40aab8b07287_JOKER,"Corin ce l'ha fatta, ma la forza d'assalto sembra passata nel tritacarne."
NPC_ALARIC_PLAYER_74ac0684-baf8-479d-a8e3-40aab8b07287_SCHOLAR,Corin è vivo. Alla forza d'assalto basta un'altra ora storta per cedere.
NPC_ALARIC_PLAYER_74ac0684-baf8-479d-a8e3-40aab8b07287_STOIC,"Corin è vivo, ma la forza d'assalto si regge a stento."
NPC_ALARIC_PLAYER_77889900aabb_BASE,"""La bestia è stata uccisa. Era un Treant corrotto. La foresta tutt'intorno era stata invasa dalla Corruzione."""
NPC_ALARIC_PLAYER_7be04b67-ecda-4790-92b4-b29348146f20_HEROIC,A quali sfide devo prepararmi là dentro?
NPC_ALARIC_PLAYER_7be04b67-ecda-4790-92b4-b29348146f20_JOKER,"Cosa mi aspetta là dentro, e quanti denti ha?"
NPC_ALARIC_PLAYER_7be04b67-ecda-4790-92b4-b29348146f20_SCHOLAR,"Cosa c'è là dentro? Prima i numeri, poi ciò che i numeri non dicono."
NPC_ALARIC_PLAYER_7be04b67-ecda-4790-92b4-b29348146f20_STOIC,Cosa devo aspettarmi là dentro?
NPC_ALARIC_PLAYER_7f7eeed2-8959-4428-8d3b-1c8d11b35cf3_HEROIC,Concordo. Sono qualità che formano una persona di autentico valore.
NPC_ALARIC_PLAYER_7f7eeed2-8959-4428-8d3b-1c8d11b35cf3_JOKER,Concordo. È così che riconosci chi vale qualcosa.
NPC_ALARIC_PLAYER_7f7eeed2-8959-4428-8d3b-1c8d11b35cf3_SCHOLAR,Concordo. Sono gli elementi da cui si costruisce la grandezza.
NPC_ALARIC_PLAYER_7f7eeed2-8959-4428-8d3b-1c8d11b35cf3_STOIC,Concordo. Sono le basi di una grande persona.
NPC_ALARIC_PLAYER_8236740d-f0d8-4fa8-9b13-fa360c18c3b2_HEROIC,La sua forza è evidente. Da quanto tempo è qui?
NPC_ALARIC_PLAYER_8236740d-f0d8-4fa8-9b13-fa360c18c3b2_JOKER,"Un bel tipo tosto, eh? Da quanto tempo è qui, poi?"
NPC_ALARIC_PLAYER_8236740d-f0d8-4fa8-9b13-fa360c18c3b2_SCHOLAR,"La forza è palese. Da quanto tempo è qui, e sotto il comando di chi?"
NPC_ALARIC_PLAYER_8236740d-f0d8-4fa8-9b13-fa360c18c3b2_STOIC,Sembra davvero forte. Da quanto è qui?
NPC_ALARIC_PLAYER_845b16ff-ddad-4fae-ba3f-0fbf53153706_HEROIC,Quale sentiero conduce a Faustas?
NPC_ALARIC_PLAYER_845b16ff-ddad-4fae-ba3f-0fbf53153706_JOKER,"Allora, da che parte si va per Faustas?"
NPC_ALARIC_PLAYER_845b16ff-ddad-4fae-ba3f-0fbf53153706_SCHOLAR,"Quale strada porta a Faustas, e quanto richiede il tragitto?"
NPC_ALARIC_PLAYER_845b16ff-ddad-4fae-ba3f-0fbf53153706_STOIC,Come si arriva da Faustas?
NPC_ALARIC_PLAYER_8600afa8-dfa3-4253-8071-ee5d6e8f6a76_HEROIC,Non lo chiamerò amico. Non dico cose che non penso.
NPC_ALARIC_PLAYER_8600afa8-dfa3-4253-8071-ee5d6e8f6a76_JOKER,"Amico è una parola grossa. Per ora gli presto ""alleato""."
NPC_ALARIC_PLAYER_8600afa8-dfa3-4253-8071-ee5d6e8f6a76_SCHOLAR,Non lo chiamerò amico. Sarebbe chiedere troppo a quella parola.
NPC_ALARIC_PLAYER_8600afa8-dfa3-4253-8071-ee5d6e8f6a76_STOIC,Non desidero chiamarlo amico.
NPC_ALARIC_PLAYER_8628724c-05a7-4d8e-b734-b26bb6a72826_HEROIC,Porterò il compito fino in fondo.
NPC_ALARIC_PLAYER_8628724c-05a7-4d8e-b734-b26bb6a72826_JOKER,"Si farà, e il merito sarà mio."
NPC_ALARIC_PLAYER_8628724c-05a7-4d8e-b734-b26bb6a72826_SCHOLAR,Sarà concluso. Te ne porterò la prova.
NPC_ALARIC_PLAYER_8628724c-05a7-4d8e-b734-b26bb6a72826_STOIC,Lo porterò a termine.
NPC_ALARIC_PLAYER_88fabb94-8808-4db6-84b7-9dda01779acf_BASE,Ti ha già deluso in passato?
NPC_ALARIC_PLAYER_8ac104e8-6ad5-4832-81f6-d2e1e254ff05_BASE,Puoi dirmi altro su Corin?
NPC_ALARIC_PLAYER_8adce896-f8bf-41e6-8cf8-a215ead5d066_HEROIC,Dimmi cosa mi aspetta sulla strada. Valuterò io il rischio.
NPC_ALARIC_PLAYER_8adce896-f8bf-41e6-8cf8-a215ead5d066_JOKER,"Dimmi cosa c'è lungo la strada, poi decido quanto coraggio ho oggi."
NPC_ALARIC_PLAYER_8adce896-f8bf-41e6-8cf8-a215ead5d066_SCHOLAR,"Descrivi la strada. ""Non è sicura"" è un giudizio; io voglio le prove."
NPC_ALARIC_PLAYER_8adce896-f8bf-41e6-8cf8-a215ead5d066_STOIC,Dimmi cosa c'è sulla strada. Giudicherò io.
NPC_ALARIC_PLAYER_8b293675-7b8c-4792-90c7-cefc6b7b16d8_HEROIC,I profughi pesano molto sul villaggio. Non può durare.
NPC_ALARIC_PLAYER_8b293675-7b8c-4792-90c7-cefc6b7b16d8_JOKER,Ogni bocca qui mangia. Il villaggio finirà le scorte prima che riaprano le strade.
NPC_ALARIC_PLAYER_8b293675-7b8c-4792-90c7-cefc6b7b16d8_SCHOLAR,Ogni profugo attinge a scorte che non si rinnovano. I conti finiscono male.
NPC_ALARIC_PLAYER_8b293675-7b8c-4792-90c7-cefc6b7b16d8_STOIC,I profughi prosciugheranno il villaggio. Non può durare.
NPC_ALARIC_PLAYER_93167f97-80c1-4f49-8367-33d9d5cd762c_HEROIC,Ha modi duri.
NPC_ALARIC_PLAYER_93167f97-80c1-4f49-8367-33d9d5cd762c_JOKER,Con quell'atteggiamento farebbe inacidire la birra della taverna.
NPC_ALARIC_PLAYER_93167f97-80c1-4f49-8367-33d9d5cd762c_SCHOLAR,"Il suo atteggiamento è il suo tratto peggiore, e la concorrenza non manca."
NPC_ALARIC_PLAYER_93167f97-80c1-4f49-8367-33d9d5cd762c_STOIC,Ha un pessimo atteggiamento.
NPC_ALARIC_PLAYER_947d3241-9667-4cf4-8582-abbf3fa6c2d6_HEROIC,Non importa cosa fosse. Mi sbarra la strada. Cadrà.
NPC_ALARIC_PLAYER_947d3241-9667-4cf4-8582-abbf3fa6c2d6_JOKER,"Pazienza per quello che era. Un altro ostacolo, e cadrà come tutti gli altri."
NPC_ALARIC_PLAYER_947d3241-9667-4cf4-8582-abbf3fa6c2d6_SCHOLAR,Ciò che è non cambia ciò che fa. Sbarra la strada.
NPC_ALARIC_PLAYER_947d3241-9667-4cf4-8582-abbf3fa6c2d6_STOIC,Non mi importa cosa sia diventato. È un altro ostacolo. Lo ucciderò.
NPC_ALARIC_PLAYER_998877665544_BASE,"""Quali pericoli si nascondono nel cuore della foresta?"""
NPC_ALARIC_PLAYER_99a286f7-125f-4d9f-823b-94b2feb3fb18_HEROIC,Hai fatto di lui un avventuriero straordinario.
NPC_ALARIC_PLAYER_99a286f7-125f-4d9f-823b-94b2feb3fb18_JOKER,"Ne hai tirato fuori un bell'avventuriero, eh."
NPC_ALARIC_PLAYER_99a286f7-125f-4d9f-823b-94b2feb3fb18_SCHOLAR,Hai trasformato il ragazzo in un avventuriero. Si vede.
NPC_ALARIC_PLAYER_99a286f7-125f-4d9f-823b-94b2feb3fb18_STOIC,Ne hai fatto un grande avventuriero.
NPC_ALARIC_PLAYER_9b20ed90-ce5e-4630-8bae-e4ffb8c99bc9_HEROIC,Non fingerò che questa lotta mi appartenga. Occupatene tu.
NPC_ALARIC_PLAYER_9b20ed90-ce5e-4630-8bae-e4ffb8c99bc9_JOKER,Questa è la tua battaglia. Io sono di passaggio e ho già i miei guai.
NPC_ALARIC_PLAYER_9b20ed90-ce5e-4630-8bae-e4ffb8c99bc9_SCHOLAR,Non è la mia lotta. Qui c'è chi può occuparsene meglio di me.
NPC_ALARIC_PLAYER_9b20ed90-ce5e-4630-8bae-e4ffb8c99bc9_STOIC,Non è la mia lotta. Occupatene.
NPC_ALARIC_PLAYER_9b261a6b-43ee-49a4-9660-eb18aa25583d_HEROIC,"Grazie, Alaric. Puoi contarci."
NPC_ALARIC_PLAYER_9b261a6b-43ee-49a4-9660-eb18aa25583d_JOKER,"Grazie, Alaric. Non mi sognerei mai di deluderti."
NPC_ALARIC_PLAYER_9b261a6b-43ee-49a4-9660-eb18aa25583d_SCHOLAR,"Grazie, Alaric. Mi atterrò al piano stabilito."
NPC_ALARIC_PLAYER_9b261a6b-43ee-49a4-9660-eb18aa25583d_STOIC,"Grazie, Alaric. Lo farò."
NPC_ALARIC_PLAYER_9b7cac58-6681-4591-bcc4-1b15f5a5e6d0_HEROIC,"Sì, proprio come avevi predetto, il Re è caduto."
NPC_ALARIC_PLAYER_9b7cac58-6681-4591-bcc4-1b15f5a5e6d0_JOKER,"Sì, come dicevi tu. Il Re si è fatto la sua caduta."
NPC_ALARIC_PLAYER_9b7cac58-6681-4591-bcc4-1b15f5a5e6d0_SCHOLAR,Sì. Il tuo resoconto si è dimostrato esatto in ogni dettaglio. Il Re è caduto.
NPC_ALARIC_PLAYER_9b7cac58-6681-4591-bcc4-1b15f5a5e6d0_STOIC,Sì. Era come dicevi. Il Re era caduto.
NPC_ALARIC_PLAYER_a1b2c3d4e5f6_HEROIC,Mi manda Faustas. Ho attraversato il Varco degli Antichi e raggiungerò la sua torre.
NPC_ALARIC_PLAYER_a1b2c3d4e5f6_JOKER,Faustas mi ha fatto passare dal Varco degli Antichi. Un uomo delizioso. Ora devo trovare la sua torre.
NPC_ALARIC_PLAYER_a1b2c3d4e5f6_SCHOLAR,"Faustas mi ha fatto attraversare il Varco degli Antichi. La mia meta è la sua torre, e vorrei conoscerne il motivo."
NPC_ALARIC_PLAYER_a1b2c3d4e5f6_STOIC,Mi manda Faustas. Ho attraversato il Varco degli Antichi. Devo raggiungere la sua torre.
NPC_ALARIC_PLAYER_a1b39c33-75a6-4b50-bf4f-7a427aa04e48_HEROIC,Allora illuminiamogli il cammino.
NPC_ALARIC_PLAYER_a1b39c33-75a6-4b50-bf4f-7a427aa04e48_JOKER,Allora vediamo se sa seguire la pista.
NPC_ALARIC_PLAYER_a1b39c33-75a6-4b50-bf4f-7a427aa04e48_SCHOLAR,"Allora guidiamolo, passo dopo passo, finché non ne avrà più bisogno."
NPC_ALARIC_PLAYER_a1b39c33-75a6-4b50-bf4f-7a427aa04e48_STOIC,Allora guidiamolo fin lì.
NPC_ALARIC_PLAYER_a332f723-be8a-4234-8d1b-08849e12cd3d_BASE,"""Non mi fido ancora di Corin. Dovrò verificare di persona se i suoi rapporti sono corretti."""
NPC_ALARIC_PLAYER_a5cf669f-b9ff-485c-a750-c770ac8fe68e_HEROIC,Non sembra che qui il suo operato faccia molta differenza.
NPC_ALARIC_PLAYER_a5cf669f-b9ff-485c-a750-c770ac8fe68e_JOKER,"Se si dà da fare, lo nasconde bene."
NPC_ALARIC_PLAYER_a5cf669f-b9ff-485c-a750-c770ac8fe68e_SCHOLAR,"Da ciò che osservo, è difficile individuare il suo contributo."
NPC_ALARIC_PLAYER_a5cf669f-b9ff-485c-a750-c770ac8fe68e_STOIC,"Non sembra che faccia molto, qui."
NPC_ALARIC_PLAYER_a8cd98e9-e4b7-4469-b6ea-7696e2a19f39_BASE,Anche tu hai un cuore forte. Si vede che tieni alle persone.
NPC_ALARIC_PLAYER_a9dffd75-5c8c-4daf-9c7b-515a840a23c4_BASE,"""Dove posso trovare Befr?"""
NPC_ALARIC_PLAYER_aa11bb22cc33_BASE,"""Perché gli spiriti della foresta vi hanno attaccato?"""
NPC_ALARIC_PLAYER_abc123def456_BASE,"""Dove posso trovare Tamsin?"""
NPC_ALARIC_PLAYER_abcdef123456_HEROIC,Hai detto che la foresta vi combatte. In che modo?
NPC_ALARIC_PLAYER_abcdef123456_JOKER,Adesso la foresta attacca briga? Spiegami come funziona.
NPC_ALARIC_PLAYER_abcdef123456_SCHOLAR,"La foresta vi combatte. Con quali mezzi, esattamente? Radici o bestie?"
NPC_ALARIC_PLAYER_abcdef123456_STOIC,La foresta vi combatte. Cosa intendi?
NPC_ALARIC_PLAYER_ae0ed4b6-2ce8-4842-9927-0b58e8ed874f_BASE,"""Dove posso trovare Rahaner?"""
NPC_ALARIC_PLAYER_ae557a0a-7f46-46be-a348-f9b3aa60e548_BASE,Puoi dirmi di più su questo rituale?
NPC_ALARIC_PLAYER_apspdof1h2h3_BASE,"""Tornerò dopo aver parlato con loro."""
NPC_ALARIC_PLAYER_b2ae41f6-977c-4d68-bd77-b14a5dfa8b93_HEROIC,Basta una parola e andrò da lui.
NPC_ALARIC_PLAYER_b2ae41f6-977c-4d68-bd77-b14a5dfa8b93_JOKER,"Se gli serve ancora aiuto, basta darmi una spinta nella sua direzione."
NPC_ALARIC_PLAYER_b2ae41f6-977c-4d68-bd77-b14a5dfa8b93_SCHOLAR,"Se ha bisogno di altro aiuto, dimmi dove lavora. Lo troverò."
NPC_ALARIC_PLAYER_b2ae41f6-977c-4d68-bd77-b14a5dfa8b93_STOIC,"Se gli serve altro aiuto, dimmi dov'è."
NPC_ALARIC_PLAYER_be8326de-0d7a-42d0-8034-eaaaaccb8f9a_BASE,"""Chi ha distrutto il ponte?"""
NPC_ALARIC_PLAYER_c1d90d92-c61d-4d57-9f4b-370cf3c98fce_HEROIC,Corin tiene duro e la forza d'assalto ha subito solo lievi perdite.
NPC_ALARIC_PLAYER_c1d90d92-c61d-4d57-9f4b-370cf3c98fce_JOKER,"Corin è vivo, e la forza d'assalto non ha quasi un graffio."
NPC_ALARIC_PLAYER_c1d90d92-c61d-4d57-9f4b-370cf3c98fce_SCHOLAR,Corin è vivo. La forza d'assalto ha subito perdite poco significative.
NPC_ALARIC_PLAYER_c1d90d92-c61d-4d57-9f4b-370cf3c98fce_STOIC,Corin è vivo. Le perdite della forza d'assalto sono lievi.
NPC_ALARIC_PLAYER_c28acd7f-0103-406b-bf9a-f2f075efc8f9_HEROIC,Credi davvero che abbia grandi potenzialità?
NPC_ALARIC_PLAYER_c28acd7f-0103-406b-bf9a-f2f075efc8f9_JOKER,"Grandi potenzialità, eh? È questo che vedi in lui?"
NPC_ALARIC_PLAYER_c28acd7f-0103-406b-bf9a-f2f075efc8f9_SCHOLAR,Sei certo che in lui vi siano autentiche potenzialità?
NPC_ALARIC_PLAYER_c28acd7f-0103-406b-bf9a-f2f075efc8f9_STOIC,Vedi un vero potenziale in lui?
NPC_ALARIC_PLAYER_c5c53d2d-d978-4b7f-bc94-6a66b1b98377_BASE,"""Quali altri materiali ci servono?"""
NPC_ALARIC_PLAYER_ca5cd62d-e9f6-417a-9fbc-19d087b14497_HEROIC,"Per quanto arduo sia il cammino, lui cadrà, e questa foresta lo seguirà."
NPC_ALARIC_PLAYER_ca5cd62d-e9f6-417a-9fbc-19d087b14497_JOKER,"Per quanto si metta male, lui cade, e la foresta con lui."
NPC_ALARIC_PLAYER_ca5cd62d-e9f6-417a-9fbc-19d087b14497_SCHOLAR,"Per quanto difficile, il compito resta. Lui muore, e la foresta segue."
NPC_ALARIC_PLAYER_ca5cd62d-e9f6-417a-9fbc-19d087b14497_STOIC,"Per quanto sia difficile, lo ucciderò e farò cadere questa foresta."
NPC_ALARIC_PLAYER_cafebabefeed_BASE,"""Cos'è la Corruzione?"""
NPC_ALARIC_PLAYER_cc94fcff-dd14-498c-b9cd-308726011bcd_HEROIC,Lo vedo. Con le sue azioni porta speranza ai profughi.
NPC_ALARIC_PLAYER_cc94fcff-dd14-498c-b9cd-308726011bcd_JOKER,Lo vedo. Di questo passo i profughi le dovranno una statua.
NPC_ALARIC_PLAYER_cc94fcff-dd14-498c-b9cd-308726011bcd_SCHOLAR,Lo vedo. Ben poco qui funzionerebbe senza il suo intervento.
NPC_ALARIC_PLAYER_cc94fcff-dd14-498c-b9cd-308726011bcd_STOIC,Lo vedo. Fa molto per i profughi.
NPC_ALARIC_PLAYER_ccddeeff0011_BASE,"""Cos'era quella creatura mostruosa?"""
NPC_ALARIC_PLAYER_cd06b387-9fa8-4a64-a113-b64a967b15ab_BASE,"""Parlami del Mulino di Haylor. Che posto è?"""
NPC_ALARIC_PLAYER_cd259398-ca69-4c0b-80d0-1bc3c159fb47_HEROIC,La filosofia può aspettare. Indicami il prossimo bersaglio.
NPC_ALARIC_PLAYER_cd259398-ca69-4c0b-80d0-1bc3c159fb47_JOKER,"""La forma segue la volontà."" Bellissimo. Dove infilo la spada?"
NPC_ALARIC_PLAYER_cd259398-ca69-4c0b-80d0-1bc3c159fb47_SCHOLAR,Una teoria della Corruzione è utile. Un luogo lo è di più. Dove andiamo ora?
NPC_ALARIC_PLAYER_cd259398-ca69-4c0b-80d0-1bc3c159fb47_STOIC,Saltiamo la filosofia. Dove si va?
NPC_ALARIC_PLAYER_ce4ae1dc-ed39-4d7c-8963-dbc3f910d674_BASE,Da quali minacce devo guardarmi prima di tutto?
NPC_ALARIC_PLAYER_d39cebfd-e971-473e-8073-fb327cb05cfb_BASE,A cosa serve il Libro degli incantesimi?
NPC_ALARIC_PLAYER_d7ce1e0c-ddb7-408f-b3d2-5f7bdbcca398_BASE,Nella foresta ho incontrato un Nano di nome Heimen. Lo conosci?
NPC_ALARIC_PLAYER_d83bfefe-711c-4c1f-8e31-26f0b4b73bc6_HEROIC,Tornerò se sarà necessario. Non prima.
NPC_ALARIC_PLAYER_d83bfefe-711c-4c1f-8e31-26f0b4b73bc6_JOKER,Tornerò se proprio devo. Cercate di non aver bisogno di me.
NPC_ALARIC_PLAYER_d83bfefe-711c-4c1f-8e31-26f0b4b73bc6_SCHOLAR,Tornerò se necessario. Dimmi quali circostanze lo renderebbero tale.
NPC_ALARIC_PLAYER_d83bfefe-711c-4c1f-8e31-26f0b4b73bc6_STOIC,Tornerò solo se sarà necessario.
NPC_ALARIC_PLAYER_dbb2fc43-cf87-4a1d-afba-04dfd463ecd1_BASE,"Chi ha distrutto i ponti, e perché le bestie sono agitate?"
NPC_ALARIC_PLAYER_dca93d39-f61b-462c-b3ea-6a6ceb40f6c1_HEROIC,"È un rischio. Se nessuno ha un'idea migliore, me lo assumo."
NPC_ALARIC_PLAYER_dca93d39-f61b-462c-b3ea-6a6ceb40f6c1_JOKER,"Rischioso, ma finché non si presenta un'idea migliore, il rischio me lo prendo io."
NPC_ALARIC_PLAYER_dca93d39-f61b-462c-b3ea-6a6ceb40f6c1_SCHOLAR,"Il rischio è concreto. Ma in assenza di un piano migliore, questo resta il piano."
NPC_ALARIC_PLAYER_dca93d39-f61b-462c-b3ea-6a6ceb40f6c1_STOIC,"Sembra rischioso. Se non ci sono idee migliori, lo farò."
NPC_ALARIC_PLAYER_dd184f2a-18a6-43c1-91c3-d9c1669d81cb_HEROIC,"Un tipo curioso, mosso dal fascino per la vecchia corteccia degli alberi."
NPC_ALARIC_PLAYER_dd184f2a-18a6-43c1-91c3-d9c1669d81cb_JOKER,Un tipo curioso. Sulla vecchia corteccia ti attaccherebbe un bottone infinito.
NPC_ALARIC_PLAYER_dd184f2a-18a6-43c1-91c3-d9c1669d81cb_SCHOLAR,"Un tipo curioso. Proprio la corteccia, fra tante cose, e la studia seriamente."
NPC_ALARIC_PLAYER_dd184f2a-18a6-43c1-91c3-d9c1669d81cb_STOIC,Tipo curioso. Ossessionato dalla vecchia corteccia.
NPC_ALARIC_PLAYER_dhdhdd8787d70s97s_BASE,"""Dimmi di più sul tuo esploratore"""
NPC_ALARIC_PLAYER_e0b7b3da-237e-4a90-b4f2-fc9a08f31c5d_HEROIC,"Allora quello era il primo, non l'ultimo."
NPC_ALARIC_PLAYER_e0b7b3da-237e-4a90-b4f2-fc9a08f31c5d_JOKER,Allora quello era solo il numero d'apertura.
NPC_ALARIC_PLAYER_e0b7b3da-237e-4a90-b4f2-fc9a08f31c5d_SCHOLAR,"Se il meccanismo è la volontà, altri vi cederanno. Quello non era l'ultimo."
NPC_ALARIC_PLAYER_e0b7b3da-237e-4a90-b4f2-fc9a08f31c5d_STOIC,Allora ne seguiranno altri.
NPC_ALARIC_PLAYER_e23d530a-05de-49eb-8b9b-4128a36d104d_HEROIC,Con te al suo fianco è più forte.
NPC_ALARIC_PLAYER_e23d530a-05de-49eb-8b9b-4128a36d104d_JOKER,"Con te a coprirgli le spalle, la sorte gli sorride."
NPC_ALARIC_PLAYER_e23d530a-05de-49eb-8b9b-4128a36d104d_SCHOLAR,Il tuo sostegno gli giova molto.
NPC_ALARIC_PLAYER_e23d530a-05de-49eb-8b9b-4128a36d104d_STOIC,È fortunato ad avere il tuo sostegno.
NPC_ALARIC_PLAYER_e2843316-69a1-4c16-83b3-a67ca4f996d0_HEROIC,Ha inseguito un verso e ha quasi fatto morire entrambi. Non è giusto.
NPC_ALARIC_PLAYER_e2843316-69a1-4c16-83b3-a67ca4f996d0_JOKER,Inseguendo la poesia stavamo per diventare un racconto su cosa non fare.
NPC_ALARIC_PLAYER_e2843316-69a1-4c16-83b3-a67ca4f996d0_SCHOLAR,Ha quasi barattato entrambe le nostre vite per una poesia. Un pessimo calcolo.
NPC_ALARIC_PLAYER_e2843316-69a1-4c16-83b3-a67ca4f996d0_STOIC,Per inseguire la poesia ha quasi fatto morire entrambi.
NPC_ALARIC_PLAYER_e669a0dd-2c17-4c60-9c4a-87757f3adc43_HEROIC,"È energica e la sua voce si impone, spesso sovrastando chi ha intorno."
NPC_ALARIC_PLAYER_e669a0dd-2c17-4c60-9c4a-87757f3adc43_JOKER,"Con quel volume sveglierebbe i corvi, e i modi sono ancora più taglienti."
NPC_ALARIC_PLAYER_e669a0dd-2c17-4c60-9c4a-87757f3adc43_SCHOLAR,Chiassosa e scontrosa. Una combinazione che logora chi le sta intorno.
NPC_ALARIC_PLAYER_e669a0dd-2c17-4c60-9c4a-87757f3adc43_STOIC,È molto rumorosa e scontrosa.
NPC_ALARIC_PLAYER_ea158c17-de42-4222-a334-4e3861e4c2da_BASE,Cosa pensi di Eldorian?
NPC_ALARIC_PLAYER_ea36debb-0c19-4bb3-91f2-f04be3280930_HEROIC,"Il Re è morto, come promesso. Ci ha pensato la mia lama."
NPC_ALARIC_PLAYER_ea36debb-0c19-4bb3-91f2-f04be3280930_JOKER,Il Re è morto. Puoi cominciare coi cenni del capo celebrativi.
NPC_ALARIC_PLAYER_ea36debb-0c19-4bb3-91f2-f04be3280930_SCHOLAR,"Il Re è morto, come hai detto. Ora scopriremo cosa ne abbiamo ricavato."
NPC_ALARIC_PLAYER_ea36debb-0c19-4bb3-91f2-f04be3280930_STOIC,"Come dici tu, il Re è morto"
NPC_ALARIC_PLAYER_eb2a33e4-3b26-44c6-83f4-5c3d8b097d0c_BASE,Cosa intendi quando dici che ha scelto di cadere?
NPC_ALARIC_PLAYER_ecbd0a3b-fffc-4a8d-ac83-3832a5192821_HEROIC,Mi stai dicendo di uccidere un dio?
NPC_ALARIC_PLAYER_ecbd0a3b-fffc-4a8d-ac83-3832a5192821_JOKER,"Un dio. Vuoi che uccida un dio. Così, per essere sicuri."
NPC_ALARIC_PLAYER_ecbd0a3b-fffc-4a8d-ac83-3832a5192821_SCHOLAR,"Per chiarezza, il compito che descrivi consiste nell'uccidere un dio?"
NPC_ALARIC_PLAYER_ecbd0a3b-fffc-4a8d-ac83-3832a5192821_STOIC,"Devo uccidere un dio, dunque?"
NPC_ALARIC_PLAYER_f0e43a1c-f31b-4e3c-946e-bc2b82bea962_HEROIC,Porta con sé un'energia vivace.
NPC_ALARIC_PLAYER_f0e43a1c-f31b-4e3c-946e-bc2b82bea962_JOKER,Ha abbastanza brio da svegliare tutto il villaggio.
NPC_ALARIC_PLAYER_f0e43a1c-f31b-4e3c-946e-bc2b82bea962_SCHOLAR,È vivace. Vorrei capire se sia la sua natura o l'effetto del lavoro.
NPC_ALARIC_PLAYER_f0e43a1c-f31b-4e3c-946e-bc2b82bea962_STOIC,È molto vivace.
NPC_ALARIC_PLAYER_f28b7c0e-a76d-4c1b-a6f8-4100e90d9a8f_HEROIC,"Darò il massimo, là fuori."
NPC_ALARIC_PLAYER_f28b7c0e-a76d-4c1b-a6f8-4100e90d9a8f_JOKER,Là fuori farò quel che posso. Di solito sono i guai a trovare me.
NPC_ALARIC_PLAYER_f28b7c0e-a76d-4c1b-a6f8-4100e90d9a8f_SCHOLAR,Farò quanto il terreno e il tempo consentono. Non prometto altro.
NPC_ALARIC_PLAYER_f28b7c0e-a76d-4c1b-a6f8-4100e90d9a8f_STOIC,"Farò quel che posso, là fuori."
NPC_ALARIC_PLAYER_f2fff497-bfa5-461e-897a-0021175cfc2d_BASE,"""Ci sono così tanti profughi là fuori. Qual è la situazione?"
NPC_ALARIC_PLAYER_f34b33f7-65a0-493c-8e57-7a46d3aff887_HEROIC,Indicami dove il mio aiuto è più necessario.
NPC_ALARIC_PLAYER_f34b33f7-65a0-493c-8e57-7a46d3aff887_JOKER,Mandami dove va peggio. Farò finta che mi faccia piacere.
NPC_ALARIC_PLAYER_f34b33f7-65a0-493c-8e57-7a46d3aff887_SCHOLAR,Mandami dove il bisogno è più urgente. Saprai tu dove.
NPC_ALARIC_PLAYER_f34b33f7-65a0-493c-8e57-7a46d3aff887_STOIC,Indicami dove servo di più.
NPC_ALARIC_PLAYER_f51ab9e1-ad35-46dc-9a86-3c41b6df6240_HEROIC,Parlerò con gli altri e mi assicurerò che abbiano il necessario.
NPC_ALARIC_PLAYER_f51ab9e1-ad35-46dc-9a86-3c41b6df6240_JOKER,Chiederò agli altri cosa serve. Le mie gambe già se ne pentono.
NPC_ALARIC_PLAYER_f51ab9e1-ad35-46dc-9a86-3c41b6df6240_SCHOLAR,Chiederò a ciascuno cosa gli manca. Meglio gli elenchi delle supposizioni.
NPC_ALARIC_PLAYER_f51ab9e1-ad35-46dc-9a86-3c41b6df6240_STOIC,Parlerò con gli altri per capire cosa serve.
NPC_ALARIC_PLAYER_f9006efc-4da0-4ac4-a6f1-bda6c83ace5b_BASE,"""Cosa puoi dirmi dei Goblin?"""
NPC_ALARIC_PLAYER_f96500d5-9a7c-4898-b8d0-006c358f8fca_HEROIC,"Afferma di averlo trovato, ma i Goblin gli impediscono di avanzare."
NPC_ALARIC_PLAYER_f96500d5-9a7c-4898-b8d0-006c358f8fca_JOKER,Dice di averlo trovato. A quanto pare i Goblin hanno trovato prima lui.
NPC_ALARIC_PLAYER_f96500d5-9a7c-4898-b8d0-006c358f8fca_SCHOLAR,"Afferma di averlo trovato. Qualunque cosa abbia trovato, i Goblin ci stanno sopra."
NPC_ALARIC_PLAYER_f96500d5-9a7c-4898-b8d0-006c358f8fca_STOIC,"Dice di averlo trovato, ma è troppo preoccupato per i Goblin per proseguire."
NPC_ALARIC_PLAYER_fa1ce2d3b4c5_BASE,"""Dove posso trovare Befr?"""
NPC_ALARIC_PLAYER_fa8c8cf1-42de-42b6-9b99-665ce6c3b1c9_BASE,"Chi è, esattamente?"
NPC_ALARIC_PLAYER_fd02b693-9d3e-4521-a6ff-79725328fcac_HEROIC,Earlwood offrirà rifugio finché le strade non saranno di nuovo aperte.
NPC_ALARIC_PLAYER_fd02b693-9d3e-4521-a6ff-79725328fcac_JOKER,Earlwood è il posto dove stare finché qualcuno non sistema le strade.
NPC_ALARIC_PLAYER_fd02b693-9d3e-4521-a6ff-79725328fcac_SCHOLAR,"Un rifugio, dunque, finché non riapriranno le strade. Quanto può resistere?"
NPC_ALARIC_PLAYER_fd02b693-9d3e-4521-a6ff-79725328fcac_STOIC,Earlwood è un rifugio finché le strade non riaprono.
NPC_ALARIC_PLAYER_fdf7a954-3525-43a2-bd5c-efe6ef3dec0c_HEROIC,"Così non farà molta strada, e qualcuno dovrebbe dirglielo."
NPC_ALARIC_PLAYER_fdf7a954-3525-43a2-bd5c-efe6ef3dec0c_JOKER,Così arriverà più o meno fino alla porta della taverna.
NPC_ALARIC_PLAYER_fdf7a954-3525-43a2-bd5c-efe6ef3dec0c_SCHOLAR,Così non farà molta strada. Alzare la voce non significa essere efficaci.
NPC_ALARIC_PLAYER_fdf7a954-3525-43a2-bd5c-efe6ef3dec0c_STOIC,Non la porterà lontano.
NPC_ALARIC_PLAYER_feb29abb-8c7c-43ad-91d7-b31f788a8953_HEROIC,"Sì, mi ha chiesto di tornare a riferire che gli servono altre provviste per tenere la linea."
NPC_ALARIC_PLAYER_feb29abb-8c7c-43ad-91d7-b31f788a8953_JOKER,"Sì, mi ha fatto tornare. Gli serve altro di tutto, e in fretta."
NPC_ALARIC_PLAYER_feb29abb-8c7c-43ad-91d7-b31f788a8953_SCHOLAR,"Sì. Mi ha affidato un unico messaggio. Provviste, prima di ogni altra cosa."
NPC_ALARIC_PLAYER_feb29abb-8c7c-43ad-91d7-b31f788a8953_STOIC,"Sì, mi ha chiesto di tornare a riferire che gli servono altre provviste."
NPC_ALARIC_PLAYER_fef4cc4e-cc2a-4005-a55d-1be1c25559a0_HEROIC,Quali sfide mi attendono al Mulino?
NPC_ALARIC_PLAYER_fef4cc4e-cc2a-4005-a55d-1be1c25559a0_JOKER,Quali sorprese ha in serbo il Mulino?
NPC_ALARIC_PLAYER_fef4cc4e-cc2a-4005-a55d-1be1c25559a0_SCHOLAR,"Il Mulino. Chi lo occupa, e con quali forze?"
NPC_ALARIC_PLAYER_fef4cc4e-cc2a-4005-a55d-1be1c25559a0_STOIC,Cosa devo aspettarmi al Mulino?
NPC_ALARIC_PLAYER_mnbdhgsjpdd_BASE,"""Cos'è successo al ponte?"""
NPC_ALARIC_RESPONSE_062d55c6-d53a-4d20-970c-5f477082277b,"*Alaric coglie l'intenzione dietro le tue parole.*\n\n""A chi scelgo, offro tutto il peso della mia forza.""\n\n\n\n""Chi ha appena conosciuto Saqi forse sente solo il volume della voce. Non coglie il giudizio che c'è dietro.\n\n\n\nParla schiettamente perché le parole morbide non sempre sono gentili. Mette le persone in discussione perché alcune ne hanno bisogno. E quando al villaggio serve che si faccia qualcosa, non aspetta il permesso di chi rallenterebbe soltanto il lavoro.\n\n\n\nLo rispetto. Anzi, lo considero un pregio raro in un'amica."""
NPC_ALARIC_RESPONSE_06838a47-ff09-4f5d-9f20-b6d31bc46b1e,"*Il tono di Alaric resta fermo, ma sotto le parole si insinua la preoccupazione.*\n\n""Hm, notizie gravi. Se la foresta ha ceduto alla Corruzione, allora ha davvero raggiunto Earlwood. La diffusione non è più circoscritta; ormai è in tutta Mirkea.”\n\n“Dobbiamo trovarne la fonte a Wildwood. Altrimenti il villaggio non sopravvivrà.”"
NPC_ALARIC_RESPONSE_0846e5e8-0bd5-42c9-8ed8-14d1aae401fb,"""I Treant. È stato il loro primo atto di guerra. Abbiamo ancora uomini là fuori, bloccati dall'altra parte del ponte."""
NPC_ALARIC_RESPONSE_094ddfd8-6ab5-4262-9074-d95c4015ba87,"""Non sarà questo l'esito, e non è questo il nostro modo di agire. Spesso ho dissentito dai tuoi metodi… eppure non possiamo fare a meno di te.""\n\n\n\n*I lineamenti di Alaric si induriscono, ma la voce resta misurata, come se scegliesse con cura ogni parola.*\n\n""È il cardine attorno a cui ruota tutta questa Corruzione. Solo una volontà vasta quanto quella di un Re della Foresta potrebbe trascinare con sé tanta parte di Wildwood. Non so ancora quale cedimento abbia fatto vacillare qui il dominio di Ceres, né quale desiderio in lui abbia aperto la porta. Ma oggi le domande non salveranno una sola vita. Andiamo avanti con uno scopo chiaro, senza rimorsi, senza esitazioni."""
NPC_ALARIC_RESPONSE_0d98928b-ac58-4738-8519-b6eb3c880754,"""Compare dove il canto incontra il pericolo. Succede abbastanza spesso.""\n\n\n\n*Alaric ripiega con cura la mappa, poi torna ai suoi appunti.*"
NPC_ALARIC_RESPONSE_0e3bb21a-98d4-4772-8ab1-7657efee1d81,"""Gli abbiamo dato un tetto, addestramento, principi. Ciò che ne ha ricavato è opera sua.""\n\n\n\n""Il cammino di Corin ormai appartiene a lui, come quello di ogni uomo. Ha un'ombra dura alle spalle. Non cattiveria. Non debolezza. Una ferita che ha imparato a portare una lama.\n\nDeve dominarla, o sarà lei a dominare lui. Se intendi chiamarlo amico, aiutalo a tenere in pugno quelle redini."""
NPC_ALARIC_RESPONSE_138f2d09-4fde-486a-bfde-3acf4df089a9,"""Ti ringrazio. Sarò qui al tuo ritorno."""
NPC_ALARIC_RESPONSE_15627cc9-9907-4237-b5c0-436d1ce73bbd,"""I rischi sono spesso necessari. Non posso costringerti. Posso solo dirti che porti con te la speranza della Gilda."""
NPC_ALARIC_RESPONSE_15825748-b92c-4faa-b436-31a64c33c09a,"""Allora non hai imparato nulla, né da lui né da me.""\n\n\n\n*Alaric ripiega con cura la mappa, poi torna ai suoi appunti.*"
NPC_ALARIC_RESPONSE_158d3715-9073-487d-8474-7e15f1fb0a8e,"“La foresta ci si è rivoltata contro. Lupi. Driadi. Treant. Tutto ciò che un tempo avvertiva, ora colpisce.”\n\n“E i Goblin sono tornati in gran numero. Saccheggiano e massacrano nei campi e nei boschi. Divorano tutto ciò che toccano.”\n\n“Chiunque vivesse fuori dal villaggio si è ritirato entro le mura.”\n\n“Uno dei miei esploratori non si è presentato a fare rapporto. È poco attento agli orari, quindi non mi allarmo. Ma voglio sapere dov'è. Se vai nei campi o nella foresta e incroci le sue tracce, rimandalo alla Gilda. Lo prenderò come una cortesia.”"
NPC_ALARIC_RESPONSE_17573ec9-1c45-4d3e-aff9-d73f9a050183,"""Un rifugio, per ora. Ma il marciume si diffonde in fretta, se ci limitiamo ad aspettare.""\n\n\n\n*Alaric stringe un bracciale di cuoio, la voce uniforme.*\n\n""Il lavoro non aspetta."""
NPC_ALARIC_RESPONSE_199fd4a0-f628-46ac-aa8b-5bbb430fb6f1,"""Allora ha la mente lucida. Tiene la posizione e chiede ciò che gli serve. Gli faremo avere le provviste.""\n\n\n\n*Alaric fa un cenno verso Saqi, che sta già preparando i fagotti per il viaggio.*\n\n""Prendi ciò di cui Saqi può fare a meno e portalo alla linea di Corin. Se la Corruzione è vicina, gli starà contorcendo il terreno sotto gli stivali. Ha detto di aver trovato la fonte?"""
NPC_ALARIC_RESPONSE_1b12f9df-6ba0-4af2-b1ce-58d5de1a0bb8,"""È un amico della Gilda. Un bardo Nano, e dei migliori."""
NPC_ALARIC_RESPONSE_25771a6d-a1b6-4f8b-a724-1af24928ad44,"""Qualcosa di inferiore a un dio, eppure più grande di qualunque cosa tu abbia mai visto. Un essere di pura autorità che si è rivoltato contro il proprio scopo.""\n\n\n\n*I lineamenti di Alaric si induriscono, ma la voce resta misurata, come se scegliesse con cura ogni parola.*\n\n""È il cardine attorno a cui ruota tutta questa Corruzione. Solo una volontà vasta quanto quella di un Re della Foresta potrebbe trascinare con sé tanta parte di Wildwood. Non so ancora quale cedimento abbia fatto vacillare qui il dominio di Ceres, né quale desiderio in lui abbia aperto la porta. Ma oggi le domande non salveranno una sola vita. Andiamo avanti con uno scopo chiaro, senza rimorsi, senza esitazioni."""
NPC_ALARIC_RESPONSE_25c73c69-71ff-47ee-952a-b9df7ff82991,"*Gli occhi severi di Alaric si volgono verso di te, cogliendo l'intento dietro la domanda.*\n\n""Corin ha del ferro dentro. E non del tipo di cui gli uomini si vantano. Del tipo che tiene chiuso un cancello, fa respirare un esploratore ferito e impedisce a una pattuglia di cedere quando i boschi le si rivoltano contro.\n\nÈ un uomo duro, ma di valore. Uno dei miei migliori capitani. È un onore combattere al suo fianco."""
NPC_ALARIC_RESPONSE_29ca31f5-67d6-4067-9411-123aff228e76,"""Allora stai misurando la distanza sulla strada sbagliata."""
NPC_ALARIC_RESPONSE_2b6cfb43-2aed-4be2-a558-9e1644397cf9,"""È un rito degli antichi dèi, una supplica rivolta direttamente a Ceres. Di solito questi rituali si rivolgono a un Re della Foresta, chiedendogli di agire in suo nome. Ora è il Re stesso a essere vincolato, quindi dobbiamo andare oltre lui e invocare la Dea in persona, chiedendole di aprire la via."""
NPC_ALARIC_RESPONSE_2cb4693a-f9b0-44b2-aeb5-3e399ea5e48a,"“Un tempo era un Treant. La Corruzione se n'era impadronita del tutto. Succede solo quando la creatura cede la propria volontà agli Dei Oscuri, le Iniquità. La Corruzione non costringe; tenta. Offre potere, e alcuni accettano. La maggior parte delle creature della foresta non ha ceduto, non del tutto. Sono impazzite, sì, ma sono ancora se stesse. Questa non lo era più.”\n\n“La forma segue la volontà.”"
NPC_ALARIC_RESPONSE_351ca642-a2e3-414d-8091-8cec0986274b,"""Abbattere un Re della Foresta non è cosa da poco. Wildwood resterà inquieta per un secolo mentre lui si rigenera, contesa fra volontà minori. Ma quando risorgerà, la foresta ritroverà la sua antica grazia, se avremo fatto la nostra parte e purificato il suo dominio da questa Corruzione."""
NPC_ALARIC_RESPONSE_358bec41-27da-42f0-829f-d7d5eb4eb067,"""Hanno resistito quando contava. Onoreremo questo, e faremo in modo che il loro sforzo non sia stato vano.""\n\n\n\n*La mascella di Alaric si distende appena mentre il suo sguardo si posa su di te.*\n\n""Quando hai varcato la porta senza gli altri, ho temuto il peggio. Ma se Corin resiste ancora, non ti ha chiesto di tornare per capriccio. Vuole qualcosa da noi, vero?"""
NPC_ALARIC_RESPONSE_35ebf713-d0a7-4dd9-b0b3-b4879953f3b6,"""Tamsin è proprio dietro di me. Forse l'hai già incontrata.""\n\n""È la nostra Tessitrice di Stendardi e gestisce il Negozio della Gilda. Una ragazza piena di energia."""
NPC_ALARIC_RESPONSE_36d10881-9d49-44dd-9132-fb47cc1ea747,"""Perché un re non è un incantesimo da dissolvere. Ucciderlo spezza la volontà che ha forgiato l'orda, ma i corpi restano. Ora sono ciò che i Goblin sono sempre stati nei loro momenti peggiori: sciacalli e ingordi, che azzannano e divorano senza scopo. Ci vorranno tempo e fatica per ricacciarli fuori da Wildwood."""
NPC_ALARIC_RESPONSE_3a7f18c3-9f35-4f62-bae9-80e2c8ed38a7,"*Alaric incrocia le braccia; la sua voce è salda.*\n\n""Hm? Vuoi sapere di Earlwood? È un piccolo villaggio, un posto per i reietti e i coraggiosi, quelli che tengono la posizione quando conta."""
NPC_ALARIC_RESPONSE_3b6703c0-a2f3-4c2e-a681-84129b5e4e31,"""Basta questo, se lo pensi davvero.""\n\n\n\n*Alaric annuisce una sola volta, già tornando ai suoi compiti.*"
NPC_ALARIC_RESPONSE_3cb6087a-87d6-4f66-99d0-4d0a66e5fb34,"*Alaric accenna un cenno d'intesa con il capo.*\n\n""Allora possiamo considerare chiusa la questione."""
NPC_ALARIC_RESPONSE_40630520-7d64-453d-9a6a-1604d6e470b8,"""Bene. Non venir meno a questo proposito. Quando il mondo intorno a te si spezza, la tua volontà e il tuo scopo devono restare saldi."""
NPC_ALARIC_RESPONSE_4714a2e7-84cb-49f4-b081-b4888d6354bd,"*Alaric ridacchia piano alle tue parole.*\n\n""È senz'altro un modo per definirlo.""\n\n\n\n""Chi ha appena conosciuto Saqi forse sente solo il volume della voce. Non coglie il giudizio che c'è dietro.\n\n\n\nParla schiettamente perché le parole morbide non sempre sono gentili. Mette le persone in discussione perché alcune ne hanno bisogno. E quando al villaggio serve che si faccia qualcosa, non aspetta il permesso di chi rallenterebbe soltanto il lavoro.\n\n\n\nLo rispetto. Anzi, lo considero un pregio raro in un'amica."""
NPC_ALARIC_RESPONSE_4c511742-3103-4f11-9d15-93cc27565e32,"""Saqi. La conosco da quando era abbastanza piccola da nascondersi dietro la gamba di suo padre e abbastanza rumorosa da farsi sentire dalla strada.\n\n\n\nNon scambiare il suo lavoro per debolezza. È una delle persone più forti di Earlwood; il suo acciaio è la resistenza. Quando si diffonde la paura, lei c'è. Quando gli animi si scaldano, lei c'è. Quando le persone non hanno altro posto dove portare il loro dolore, lei gli fa spazio."""
NPC_ALARIC_RESPONSE_4d32ab41-e47f-4396-8985-efce489738b6,"""Hm, prendo atto del tuo dubbio, ma è infondato. Una volta messa in sicurezza la zona, ricostruire il ponte non sarà difficile per noi.""\n\n\n\n*Alaric indica il Mulino di Haylor sulla mappa.*\n\n""Dobbiamo procurarci una solida base per il ponte: una trave caduta del Mulino di Haylor. Devo chiederti di aiutarci. La zona è ostile, piena di Goblin. Metti in sicurezza il terreno attorno alla trave ed eliminali, così i nostri esploratori potranno recuperarla e portarla al ponte. Poi ci serviranno altri materiali. Porta la tua parte al ponte."""
NPC_ALARIC_RESPONSE_4e71b4ee-b412-446c-a4b2-be36ec795a71,"*Alaric chiude gli occhi e una lieve risata ha la meglio sulla sua severità.*\n\n""Hm. Una critica comprensibile, vista da fuori.""\n\n\n\n""Corin arrivò da noi da bambino. Le razzie dei Goblin gli avevano portato via i genitori, e uno dei nostri gruppi lo trovò in ricognizione a nord, ad Aldoria. Lo portarono qui con poco più che un soffio di vita, la paura e una volontà che rifiutava di spegnersi.\n\nLa Gilda lo ha cresciuto, di rado con dolcezza, sempre con sincerità. È nostro fratello e nostro figlio. E anche un uomo che appartiene a se stesso."""
NPC_ALARIC_RESPONSE_52f358d5-0225-47f8-8995-572af9e51e45,"“Rahaner di solito è nella sala comune, a meno che non sia fuori ad addestrare le reclute.”\n\n""È un Mentore della Gilda e coordina le nostre difese."""
NPC_ALARIC_RESPONSE_563b48f5-f856-44ba-8561-143a0866dd49,"""Solo per chi non ha ancora capito cosa stia proteggendo.""\n\n\n\n""Chi ha appena conosciuto Saqi forse sente solo il volume della voce. Non coglie il giudizio che c'è dietro.\n\n\n\nParla schiettamente perché le parole morbide non sempre sono gentili. Mette le persone in discussione perché alcune ne hanno bisogno. E quando al villaggio serve che si faccia qualcosa, non aspetta il permesso di chi rallenterebbe soltanto il lavoro.\n\n\n\nLo rispetto. Anzi, lo considero un pregio raro in un'amica."""
NPC_ALARIC_RESPONSE_58b7ccc9-d51f-49bf-bffa-6f997fdb0214,"""Non devi darmi spiegazioni, ma devo parlarti chiaro.""\n\n“La strada per la Torre di Faustas è interrotta. Il ponte è distrutto e la foresta si è rivoltata contro il villaggio. Non è sicuro.”"
NPC_ALARIC_RESPONSE_60508905-5dff-43ba-aa4f-a433965f0ef1,"""La Corruzione non cancella nulla. Seduce la volontà. Amplifica paura, rabbia e ambizione, dando loro forma e promesse. Un Re della Foresta non si limita a 'soccombere'. Ascolta quella promessa, la soppesa contro il giuramento fatto a Ceres, e poi volta le spalle. È in quel gesto che sta la scelta. Senza di esso, neppure gli Dei Oscuri potrebbero impadronirsi di lui."""
NPC_ALARIC_RESPONSE_61f9f328-f4dd-474f-92a0-4c5446e425a5,"""Non sa ancora cosa sia. Ma io ne ho intravisto la forma.""\n\n\n\n*Alaric si spolvera dall'avambraccio una sottile scia di polline, lo sguardo fermo nel tuo.*\n\n""Il tempo distingue chi fa sul serio dagli sciocchi. Eldorian sta ancora imparando quale dei due sarà."""
NPC_ALARIC_RESPONSE_6282c9e8-c4fb-40d3-94f0-124e27f8f22b,"""Occupati del villaggio e riposa finché puoi. La via è bloccata finché il ponte non sarà ricostruito. Ci muoveremo quando il passaggio sarà libero."""
NPC_ALARIC_RESPONSE_6586d75d-2373-4134-8982-47f1a9946b58,"*Alaric annuisce in silenzio, in segno di approvazione e gratitudine.*"
NPC_ALARIC_RESPONSE_65c223d0-9ee5-467f-b8ac-1b521dd537b1,"""Gli antichi insegnamenti dicono che la Foresta Eterna è il vero dominio di Ceres, la dimora degli Elfi, degli spiriti e di tutto ciò che cresce selvatico. Ogni regione somiglia a un regno mortale: ha una propria gerarchia, con un Re della Foresta posto ad arbitro della legge di Ceres. Governa le creature a lui sottoposte e decide quanto la foresta tolleri la nostra caccia e il taglio degli alberi, la nostra stessa presenza. Alcuni sostengono che i nostri regni rispecchino solo vagamente quell'ordine più antico e più severo."""
NPC_ALARIC_RESPONSE_68521044-07c5-47a2-80a4-557649892422,"""Ha attraversato il fuoco al nostro fianco. Torna sempre, per quanto lontano si spinga. Earlwood ne conosce il valore."""
NPC_ALARIC_RESPONSE_6a9d9dab-2709-4212-b534-d313443f77ff,"""Goblin, molti. Dovrai farti strada combattendo per raggiungere il Mulino, e combattere ancora più duramente per metterlo in sicurezza.""\n\n\n\n*Alaric si rialza dalla mappa, la postura eretta, lo sguardo severo.*\n\n""Il percorso è chiaro: assicurare la trave, raccogliere il materiale, ricostruire il ponte e trovare Corin."""
NPC_ALARIC_RESPONSE_6b64b8fc-f66d-487f-a04f-2ae534fb4958,"""Hai la tua missione. Cerca la fonte della follia della foresta.""\n\n\n\n*Alaric annuisce una sola volta, già tornando ai suoi compiti.*"
NPC_ALARIC_RESPONSE_6b8a1087-1a1b-4a20-8cae-504841be747c,"""Ho altri pensieri. Non intendo mancarti di rispetto, ma non perderò tempo a parlare di me."""
NPC_ALARIC_RESPONSE_6cc40a09-fd6b-4828-8a5f-f989f0cd6137,"""'Afferma', dici? Un uomo che si è spinto tanto a fondo non si spaventa per delle ombre. Se i Goblin lo preoccupano, meritano tutta la tua attenzione.""\n\n\n\n*Lo sguardo di Alaric si incupisce, come al ricordo di un passato terribile.*\n\n""Se è così vicino alla fonte e i Goblin lo incalzano, allora starà cercando la loro base e il loro re. Ha ragione. Non marceremo sulla Corruzione con un'orda alle spalle."""
NPC_ALARIC_RESPONSE_6df0fd4b-4317-4552-a59a-ff845732dcb7,"*Gli occhi di Alaric tornano a scrutare la mappa, assorti.*\n\n""La fonte va trovata; nient'altro fermerà tutto questo. Andremo nel cuore di Wildwood. Ma la via è bloccata. Il ponte è distrutto e finché non sarà ricostruito non potremo avanzare.\n\n\n\nMolte settimane fa ho inviato nel folto della foresta una forza d'assalto guidata dal mio miglior capitano, Corin, alla ricerca della fonte. Prima che potessero tornare a fare rapporto, il ponte è stato distrutto, e sono rimasti bloccati. Ora è il momento: con la foresta meridionale stabilizzata, possiamo dedicarci al ponte e ricostruirlo."""
NPC_ALARIC_RESPONSE_6dfb9852-8ae8-4895-89ee-e6c3a82958a1,"""Sì. E lo fa come ha sempre fatto: senza aspettare permessi o elogi.""\n\n\n\n""Saqi gestisce la taverna del villaggio, sì. Ma quel titolo è troppo piccolo per il lavoro che svolge.\n\n\n\nTiene unite le persone. Nei giorni tranquilli, significa risate, cibo, canzoni, litigi risolti prima che si inaspriscano. In giorni come questi, significa profughi sfamati e gente impaurita rincuorata. Significa ricordare alla Gilda cosa sta proteggendo.\n\n\n\nLo fa senza cariche né autorità di comando. Il villaggio la riconosce come il proprio cuore perché quel posto se l'è guadagnato."""
NPC_ALARIC_RESPONSE_6e1b2813-5d22-4335-8850-7b7232c7d7db,"""Bene. Combatti al suo fianco, spezza l'orda e la via per la fonte si aprirà. Porta a termine il compito, Viandante."""
NPC_ALARIC_RESPONSE_6f849b78-c19a-4906-bd18-f2cc8f0136c1,"""Bene. Ho scelto il capitano giusto per quel compito.""\n\n\n\n*La mascella di Alaric si distende appena mentre il suo sguardo si posa su di te.*\n\n""Quando hai varcato la porta senza gli altri, ho temuto il peggio. Ma se Corin resiste ancora, non ti ha chiesto di tornare per capriccio. Vuole qualcosa da noi, vero?"""
NPC_ALARIC_RESPONSE_6f98bb8b-781d-42e7-b549-4e65c28e9673,"""Non un dio. Uno spirito superiore, un sovrano di questa foresta. Non metteremo fine alla sua esistenza, spezzeremo soltanto la presa della Corruzione. Col tempo tornerà, e allora questa terra sarà purificata… oppure al di là persino del suo potere di risanarla.""\n\n\n\n*Alaric si raddrizza, riportando l'attenzione alla mappa e alle linee d'avanzata.*\n\n""Dunque, andiamo avanti. Il Sentiero della Foresta è sigillato da rampicanti corrotti; al momento nessuna forza mortale può aprirsi un varco. Per aprirlo servirà un rituale. Per compiere quel rituale dobbiamo raccogliere i reagenti e mettere in sicurezza la via. Ci attendono tre compiti. A Tamsin serviranno componenti rari per il rito. Eldorian è già sul campo e difende l'accesso da qualunque cosa vi si raduni. E Corin sta cercando di aprire un passaggio sicuro per la nostra gente. A tutti loro farebbe comodo il tuo aiuto, se vorrai darlo."""
NPC_ALARIC_RESPONSE_74b38a89-1db8-4e35-b0ac-6d6b37f0b2ef,"*Alaric ti studia un momento, poi infila la mano nella bisaccia.*\n\n“Hai guadagnato una parte della mia fiducia. Prendi queste pozioni, ti aiuteranno nei tuoi viaggi.”"
NPC_ALARIC_RESPONSE_787d8f11-a7d8-4782-8e2f-8faf23b3b2c1,"""Hm, allora il vecchio mago muove ancora le sue pedine. Curioso.""\n\n*Fa una breve pausa, con aria pensierosa.*\n\n“La strada per la Torre di Faustas è interrotta. Il ponte è distrutto e la foresta si è rivoltata contro il villaggio. Non è sicuro.”"
NPC_ALARIC_RESPONSE_7cf05ec7-bf07-4740-b271-c7c7937f996f,"""Perché quel sentiero conduce al cuore dell'autorità della foresta. Avanzare lungo di esso significa entrare in quello che dovrebbe essere il luogo più sicuro e sacro sotto lo sguardo di Ceres, e trovarlo rivoltato contro di noi.""\n\n\n\n*Mentre parla, Alaric abbassa lo sguardo e chiude gli occhi, come per riportare alla luce antichi ricordi.*\n\n""Il Sentiero della Foresta conduce al cuore di Wildwood, ciò che le antiche storie chiamano il Trono della Foresta. Per i giovani ormai è poco più di una favola, ma è reale eccome. Il Trono è la sede del Re della Foresta di questa regione. Si dice che questi Re siano figli diretti di Ceres stessa. Ho visto questo una sola volta in vita mia, e solo per un istante: una grazia rara per qualunque mortale. Se un essere di tale levatura è caduto preda della Corruzione, siamo sull'orlo di qualcosa di molto peggiore delle razzie dei Goblin."""
NPC_ALARIC_RESPONSE_7d57ade0-5cc3-4f3f-ba76-1c081eb056cc,"""Così ho sentito. Grazie per averlo aiutato. Heimen è rumoroso, testardo e uno dei pochi a cui affiderei una traversata in solitaria di quella foresta."""
NPC_ALARIC_RESPONSE_81e4373a-85ed-4fb7-8bda-2167bc2e76d1,"""Lo è, eppure ce la farai. Ne sono certo.""\n\n\n\n*Alaric si rialza dalla mappa, la postura eretta, lo sguardo severo.*\n\n""Il percorso è chiaro: assicurare la trave, raccogliere il materiale, ricostruire il ponte e trovare Corin."""
NPC_ALARIC_RESPONSE_8380feb1-77b9-4334-afed-36bab15bbf4e,"""È forte. Ogni vera prova gli ha portato via qualcosa, e ogni volta si è rialzato.""\n\n\n\n""Corin arrivò da noi da bambino. Le razzie dei Goblin gli avevano portato via i genitori, e uno dei nostri gruppi lo trovò in ricognizione a nord, ad Aldoria. Lo portarono qui con poco più che un soffio di vita, la paura e una volontà che rifiutava di spegnersi.\n\nLa Gilda lo ha cresciuto, di rado con dolcezza, sempre con sincerità. È nostro fratello e nostro figlio. E anche un uomo che appartiene a se stesso."""
NPC_ALARIC_RESPONSE_84f292cd-890c-452c-803c-cb3d61e0329c,"""Lo hai seguito, vero? Allora hai visto ciò che vede lui. Questo conta.""\n\n\n\n*Alaric scosta un frammento di foglia dalla mappa davanti a sé.*\n\n""Aiutandolo, hai fatto più di quanto credi. La Gilda non lo dimentica."""
NPC_ALARIC_RESPONSE_892bda65-742c-429e-8404-07d4dd483025,"""Ha la volontà di crescere. Chi è prenderà forma di conseguenza."""
NPC_ALARIC_RESPONSE_8e1a4880-76ef-4f0e-8c41-c39437724fe2,"“Come ho detto, il ponte va ricostruito e il tuo contributo sarà essenziale.\n\n\n\n*Alaric indica il Mulino di Haylor sulla mappa.*\n\n""Dobbiamo procurarci una solida base per il ponte: una trave caduta del Mulino di Haylor. Devo chiederti di aiutarci. La zona è ostile, piena di Goblin. Metti in sicurezza il terreno attorno alla trave ed eliminali, così i nostri esploratori potranno recuperarla e portarla al ponte. Poi ci serviranno altri materiali. Porta la tua parte al ponte."""
NPC_ALARIC_RESPONSE_940ccd48-1664-46c6-9aa8-30d54a86ca31,"""Allora fatti da parte. Non ho tempo da perdere con gli oziosi.""\n\n\n\n*Alaric annuisce una sola volta, già tornando ai suoi compiti.*"
NPC_ALARIC_RESPONSE_945f0739-967d-42e8-87a5-2990dd4741bb,"""I Treant. Lo hanno distrutto poco dopo il passaggio della nostra forza d'assalto. Non sappiamo se volessero isolarla. È raro vederli agire in modo così strategico."""
NPC_ALARIC_RESPONSE_94a3a95c-549a-46cf-990b-9fc195445384,"""Una fucina ha bisogno di fuoco. Vedremo quanto calore sa sopportare.""\n\n\n\n*Alaric annuisce una volta, lento e sicuro.*"
NPC_ALARIC_RESPONSE_96c12211-ffdd-4c04-aaec-9a5f355b644c,"*Alaric getta un'occhiata all'ingresso affollato della Sede della Gilda.*\n\n""Le creature della foresta sono diventate ostili e i ponti sono crollati; contadini e viandanti si ammassano qui per mettersi al sicuro. Il blocco imposto dal sindaco ferma le barche, quindi tocca a noi fare il possibile."""
NPC_ALARIC_RESPONSE_9917824f-c46e-41e3-96d6-7e46d8aee5f2,"“È tutto ciò che chiedo.”\n\n“Il suo percorso resta nella parte meno pericolosa dei campi. Se hai una mappa, lo segnerò, ma non confondere 'meno pericolosa' con sicura. Certi tratti mordono.”\n\n“Se non lo trovi lì, la foresta è l'ultima possibilità. Resta sulla strada principale. Non entrarci se non devi, e non allontanarti dal sentiero. I boschi non sono più un posto per chi non sa affrontarli.”\n\n“Grazie, viandante. Prendi questo Libro degli incantesimi di scorta. Potrebbe salvarti la vita.”\n\n“Sono Alaric. Piacere di conoscerti.”"
NPC_ALARIC_RESPONSE_9bb98b07-01b6-4f4c-ac9e-4231eb24b026,"“Distrutto. Chiunque sia stato ha confuso le tracce: Goblin, o qualcosa che caccia senza stendardi.”\n\n“Puoi andare a verificarlo. Non te lo consiglio.”\n\n“A tempo debito lo sistemeremo. Per ora è una trappola senza ricompensa.”"
NPC_ALARIC_RESPONSE_9cdef59a-b028-4be8-9ba8-f3c7b8d7f6ae,"""Se hai la forza di parlare, hai la forza di renderti utile.""\n\n\n\n*Alaric stringe un bracciale di cuoio, la voce uniforme.*\n\n""Il lavoro non aspetta."""
NPC_ALARIC_RESPONSE_9e1af266-7fe1-46bb-81d4-47c3e053ad0b,"""Poco dopo aver abbattuto l'ultimo Re Goblin, cinquant'anni fa. Cacciavo da solo in questi boschi quando il Cavaliere Verde tornò da me e pronunciò un nome: Aelwynor, il Padre delle Radici Selvatiche. L'aria si aprì alle sue spalle e comparve il Re della Foresta, immenso e immobile. Mi parlò nei pensieri, esprimendo gratitudine per ciò che avevamo fatto e promettendo un'alleanza fra la nostra stirpe e la sua. Hm. Eppure eccoci di nuovo qui, con quello stesso patto messo alla prova."""
NPC_ALARIC_RESPONSE_9ef2a4c2-6a1d-4edd-9f3d-99507e325c80,"""Si chiama Eldorian, è un Elfo, uno dei miei uomini migliori. Per ora è tutto ciò che devi sapere."""
NPC_ALARIC_RESPONSE_a31ca8be-07f3-40f1-8f3c-ef14ba8adc56,"""Guardati dai Treant e dalle Driadi. Non sono come i lupi o i Goblin. Ti servirà la testa."""
NPC_ALARIC_RESPONSE_a3c2f10b-8d86-4b7f-b487-4426d8f8f053,"“Wildwood ospita spiriti antichi: Driadi, Treant e altri ancora. Molti vennero dalla Foresta Eterna molto tempo fa. Un tempo erano pacifici, ma la Corruzione li ha stravolti. Hanno perso la ragione e la pietà. Se li affronti, devi essere in grado di colpire senza esitare.”"
NPC_ALARIC_RESPONSE_a4daea4d-9d7f-4407-89f0-a0c97e58b538,"""Sì, è vero. Il racconto può aspettare; l'orda no. Chiedimelo di nuovo quando il loro re sarà morto."""
NPC_ALARIC_RESPONSE_a9950d32-25b1-4081-9966-426ce3eef4eb,"“Troverai Befr vicino al suo carro, qui fuori. Fra sorrisi e risate, è difficile non notarlo.”"
NPC_ALARIC_RESPONSE_a9ed4b5d-febd-446e-8990-818890cd5e59,"""Legno resistente e pietra. Dovrai recuperare Quercia del Cuore nella foresta. Di pietra avanzata se ne trova facilmente."""
NPC_ALARIC_RESPONSE_aadfa7f1-3a52-4876-bb7e-db81a6547388,"""È più di quanto lasci intendere. Uno di quelli che portano la storia come una lama.""\n\n\n\n*Alaric scosta un frammento di foglia dalla mappa davanti a sé.*\n\n""Aiutandolo, hai fatto più di quanto credi. La Gilda non lo dimentica."""
NPC_ALARIC_RESPONSE_ad764f7f-f34d-486f-ac20-2ead2c7cfe7a,"""Se avrà bisogno di te, verrà a cercarti.""\n\n\n\n*Alaric ripiega con cura la mappa, poi torna ai suoi appunti.*"
NPC_ALARIC_RESPONSE_aee12094-fd78-4180-9e50-a7b1eb961c3d,"""Questo dice più del tuo sguardo che del suo lavoro.""\n\n\n\n""Saqi gestisce la taverna del villaggio, sì. Ma quel titolo è troppo piccolo per il lavoro che svolge.\n\n\n\nTiene unite le persone. Nei giorni tranquilli, significa risate, cibo, canzoni, litigi risolti prima che si inaspriscano. In giorni come questi, significa profughi sfamati e gente impaurita rincuorata. Significa ricordare alla Gilda cosa sta proteggendo.\n\n\n\nLo fa senza cariche né autorità di comando. Il villaggio la riconosce come il proprio cuore perché quel posto se l'è guadagnato."""
NPC_ALARIC_RESPONSE_affd1565-b709-45d3-89f9-2245a8803fca,"""Vorrei bastasse intimare alla Corruzione di andarsene. Ma per spiriti di quell'ordine c'è una sola forma di misericordia: dobbiamo abbatterli e lasciare che si rigenerino, in lunghi anni, liberi dalla macchia.""\n\n\n\n*Alaric si raddrizza, riportando l'attenzione alla mappa e alle linee d'avanzata.*\n\n""Dunque, andiamo avanti. Il Sentiero della Foresta è sigillato da rampicanti corrotti; al momento nessuna forza mortale può aprirsi un varco. Per aprirlo servirà un rituale. Per compiere quel rituale dobbiamo raccogliere i reagenti e mettere in sicurezza la via. Ci attendono tre compiti. A Tamsin serviranno componenti rari per il rito. Eldorian è già sul campo e difende l'accesso da qualunque cosa vi si raduni. E Corin sta cercando di aprire un passaggio sicuro per la nostra gente. A tutti loro farebbe comodo il tuo aiuto, se vorrai darlo."""
NPC_ALARIC_RESPONSE_b21233cd-d3a4-45a3-9dae-2f368691bb2e,"""Bene. Ha il senno di fermarsi quando la terra stessa gli si rivolta contro.""\n\n\n\n*Lo sguardo di Alaric si incupisce, come al ricordo di un passato terribile.*\n\n""Se è così vicino alla fonte e i Goblin lo incalzano, allora starà cercando la loro base e il loro re. Ha ragione. Non marceremo sulla Corruzione con un'orda alle spalle."""
NPC_ALARIC_RESPONSE_b43274ce-4a26-4d42-9a0e-f872da3a36b8,"""Progenie di Akolasis, esseri di pura Indulgenza. Esistono per consumare. Ogni cosa: cibo, oggetti, persino l'un l'altro. Se ti vedono senza forze e senza modo di reagire, ti divoreranno senza pensarci. Ecco perché ridono. Quel pensiero non li abbandona mai, e li riempie di gioia. Consumando, crescono e cambiano. Un re… aspettati qualcosa di mostruoso."""
NPC_ALARIC_RESPONSE_b4621ff9-0f5f-4de3-894d-4d0dbfb3eab3,"“Non sono un cuoco, ma ogni cacciatore degno del nome conosce lo Stufato del Cacciatore.”\n\n“Carne di Bestiola, Gelatina di Droop e Carne di Bestia, cotte su un fornello a legna. Ti terrà in piedi.”\n\n“Se hai poco tempo, la carne cruda ti terrà in vita. Sgradevole, ma serve allo scopo.”"
NPC_ALARIC_RESPONSE_b7f1e583-3c1e-400e-9c88-c2f747ebfd42,"*Alaric annuisce con pacata approvazione, chinando appena il capo.*\n\n“Buona fortuna, Viandante. Torna sulle tue gambe.”"
NPC_ALARIC_RESPONSE_ba2f9672-e963-4df8-9f6e-04058a1a1f14,"“Troverai Befr vicino al suo carro, qui fuori. Fra sorrisi e risate, è difficile non notarlo.”"
NPC_ALARIC_RESPONSE_ba6cadcf-69a8-4b52-84e3-df7917d995fd,"""Il Mulino di Haylor è la tenuta della famiglia Haylor, una delle più illustri del Villaggio di Earlwood, e una delle sue maggiori fonti di prodotti agricoli. Quando i Goblin hanno invaso la zona, è stato fra i primi posti a cadere, e quel luogo è piaciuto loro particolarmente."""
NPC_ALARIC_RESPONSE_c0026bb5-4f38-4104-87c6-cbe2a051af67,"""Ho fiducia nella crescita. Il dubbio la rallenta soltanto.""\n\n\n\n*Alaric annuisce una volta, lento e sicuro.*"
NPC_ALARIC_RESPONSE_c0aaec68-048a-4aa5-90b2-5c0f43400e3e,"*Alaric non si scompone davanti alla tua schiettezza.*\n\n""Hm. Una volta Saqi mi ha detto la stessa cosa. Rideva, mentre lo diceva.""\n\n\n\n""Il cammino di Corin ormai appartiene a lui, come quello di ogni uomo. Ha un'ombra dura alle spalle. Non cattiveria. Non debolezza. Una ferita che ha imparato a portare una lama.\n\nDeve dominarla, o sarà lei a dominare lui. Se intendi chiamarlo amico, aiutalo a tenere in pugno quelle redini."""
NPC_ALARIC_RESPONSE_c2dccdb1-9b28-48ef-bb36-56eaec72676b,"“Non lo sai? La Corruzione di Sylbos è un flagello; distorce la magia stessa, piegando la volontà di tutto ciò che tocca.”\n\n“È un'arma degli Dei Oscuri, opera delle Iniquità. Sylbos la usa come il suo strumento più potente.”"
NPC_ALARIC_RESPONSE_c7bc0846-6584-4e9e-8985-8eccc1e2c3c5,"""Insegue la lingua elfica da più tempo di quanto certi bardi abbiano vissuto.""\n\n\n\n*Alaric scosta un frammento di foglia dalla mappa davanti a sé.*\n\n""Aiutandolo, hai fatto più di quanto credi. La Gilda non lo dimentica."""
NPC_ALARIC_RESPONSE_ca088060-12fa-4c4a-ab30-d5c2af3d6295,"""Allora parla con chi ha bisogno di cure. Prima ascolta, poi agisci.""\n\n\n\n*Alaric stringe un bracciale di cuoio, la voce uniforme.*\n\n""Il lavoro non aspetta."""
NPC_ALARIC_RESPONSE_caaf9cb2-a26c-4ec5-8f5f-3d5c0ceca459,"""Corin è uno dei miei amici e capitani più fidati. Lo conosco da quando era bambino. Non temo per la sua incolumità; nessun semplice Goblin o bestia potrebbe fargli del male. Ma vorrei vederlo tornare."""
NPC_ALARIC_RESPONSE_cffbee5e-d374-41ec-a505-f53c3698659f,"""Mai. Non quando contava."""
NPC_ALARIC_RESPONSE_d06af1fe-6236-44e1-905f-8f5890fae624,"*Il suo volto resta impassibile, ma lo sguardo si fa più acuto. Per un istante traspare la preoccupazione.*\n\n“La tensione con la foresta cresce da anni. Dopo l'ultima Crisi dei Goblin ci serviva legname. Abbiamo eretto mura. E questo significava tagliare più in profondità.”\n\n“Alcuni abitanti sono andati troppo oltre, alcuni per ordine del sindaco. Il legno di Treant non è legname comune. È pericoloso. È… segnato.”\n\n“Ma un'offesa non spiega ciò che sta accadendo ora. Questa è follia. Qualcosa di più oscuro muove la foresta.”"
NPC_ALARIC_RESPONSE_d15aa7ba-c83f-4322-8d56-5fff045e028a,"""Allora vali già più di gran parte di chi passa di qui.""\n\n\n\n*Alaric annuisce una volta, lento e sicuro.*"
NPC_ALARIC_RESPONSE_d3f16d4a-02ef-4226-8f69-a1a024a99556,"""La prudenza va bene, purché non rallenti la tua mano. Verifica ciò che dice, se devi, ma se i suoi rapporti sono veri, combatti al suo fianco quando comincerà il massacro. Buona fortuna, Viandante."""
NPC_ALARIC_RESPONSE_d676bf0c-87dc-462f-9f00-ce48dbd31088,"""Sentirlo dire ad alta voce mi dà un nuovo sollievo.""\n\n\n\n*Alaric studia la mappa in silenzio per un momento, poi traccia con un dito una linea fra gli alberi.*\n\n""I Goblin sono ormai divisi in bande disperse; la tempesta che portavano si è placata, per un po'. Questo ci dà un'occasione per arrivare alla radice invece di tagliare i rami. Corin ha trovato un ingresso, il vecchio Sentiero della Foresta che si snoda verso l'albero antico. Ogni segno che abbiamo indica quel luogo, e fra tutti i posti in cui la Corruzione potrebbe attecchire, è uno dei peggiori."""
NPC_ALARIC_RESPONSE_d9d4e190-963d-4de4-8545-118ad3dcfe63,"“Prendi queste pozioni. Un piccolo aiuto, ma potrebbe bastare.”\n\n""Usale con saggezza."""
NPC_ALARIC_RESPONSE_e1e07746-b08a-4112-8c2d-80406ac1f263,"""Hm? Puoi apprenderne una nuova abilità, se hai gli attributi adatti. I Libri degli incantesimi si usano in tutta Mirkea. Rivolgiti a Tamsin o Rahaner per comprarne altri."""
NPC_ALARIC_RESPONSE_e3a50c10-e60e-4418-99a4-30765d3e119c,"""Bene. Prima Tamsin, se ascolti il mio consiglio. Il rito è l'unica parte che non possiamo affrettare."""
NPC_ALARIC_RESPONSE_e3d3ab03-c730-4637-bf39-24120a95cab0,"""Tamsin è proprio dietro di me. Forse l'hai già incontrata.""\n\n""È la nostra Tessitrice di Stendardi e gestisce il Negozio della Gilda. Una ragazza piena di energia."""
NPC_ALARIC_RESPONSE_e5a0cea6-ecb7-4db0-8c28-40bb96b3d404,"""Il sostegno conta poco senza la lotta. Lui si sta guadagnando entrambi.""\n\n\n\n*Alaric si spolvera dall'avambraccio una sottile scia di polline, lo sguardo fermo nel tuo.*\n\n""Il tempo distingue chi fa sul serio dagli sciocchi. Eldorian sta ancora imparando quale dei due sarà."""
NPC_ALARIC_RESPONSE_e5d02f80-5510-4ea6-b5cc-5d7ce1a92864,"*Alaric mette da parte una mappa, indugiando con lo sguardo sulla porta principale della Sede della Gilda.*\n\n""Eldorian può sembrare esuberante, ma è più capace di quanto molti gli riconoscano. Crescendo, diventerà una persona solida."""
NPC_ALARIC_RESPONSE_e6f7c03d-2171-4d5d-9f74-9f89087b05e3,"“Rahaner di solito è nella sala comune, a meno che non sia fuori ad addestrare le reclute.”\n\n""È un Mentore della Gilda e coordina le nostre difese."""
NPC_ALARIC_RESPONSE_e90d9fb9-934e-4550-aab2-78974ae39f69,"""Una volta liberato il Re della Foresta e spezzata la Corruzione, la via si aprirà. La tua strada ti porterà oltre noi, e starà a te scegliere se tornare."""
NPC_ALARIC_RESPONSE_e9e35ea4-73ff-4331-9e8f-ece4e2122e6d,"""Ceres è la legge su cui poggia questa foresta, la sua crescita, la sua furia, il suo riposo. I suoi Re sono le sue mani. Se una di quelle mani si rivolta contro la sua opera, significa che qui la sua presa si è allentata. Non pensare che lo abbia voluto. Persino agli dèi ci si può opporre là dove la loro volontà è più tenue, e questo mi turba."""
NPC_ALARIC_RESPONSE_efe6285d-5385-4230-ae4a-a4c336c05360,"""Se giudichi in fretta, fai ancora più in fretta a eguagliare il suo coraggio. Fino ad allora, silenzio.""\n\n\n\n*Alaric si spolvera dall'avambraccio una sottile scia di polline, lo sguardo fermo nel tuo.*\n\n""Il tempo distingue chi fa sul serio dagli sciocchi. Eldorian sta ancora imparando quale dei due sarà."""
NPC_ALARIC_RESPONSE_f5433751-027f-470f-9cac-868e9c6da386,"""Grazie ancora, viandante. Lascia che la tua volontà ti guidi."""
NPC_ALARIC_RESPONSE_fb0c099e-6564-4cec-8842-7d6808e99645,"""Non dubito del prezzo pagato. Ma, come dici, il lavoro è fatto, e tu resti in piedi mentre il Re è caduto.""\n\n\n\n*Alaric studia la mappa in silenzio per un momento, poi traccia con un dito una linea fra gli alberi.*\n\n""I Goblin sono ormai divisi in bande disperse; la tempesta che portavano si è placata, per un po'. Questo ci dà un'occasione per arrivare alla radice invece di tagliare i rami. Corin ha trovato un ingresso, il vecchio Sentiero della Foresta che si snoda verso l'albero antico. Ogni segno che abbiamo indica quel luogo, e fra tutti i posti in cui la Corruzione potrebbe attecchire, è uno dei peggiori."""
NPC_ALARIC_RESPONSE_fdf38945-4f73-46fe-8ef3-2ca1f3ed49f2,"""Il coraggio ha il suo posto, e non dubito del tuo. Ma il luogo in cui qualcosa mette radici determina ciò che accade quando l'abbattiamo. Dobbiamo guardarne lucidamente il prezzo, anche mentre alziamo la lama.""\n\n\n\n*Mentre parla, Alaric abbassa lo sguardo e chiude gli occhi, come per riportare alla luce antichi ricordi.*\n\n""Il Sentiero della Foresta conduce al cuore di Wildwood, ciò che le antiche storie chiamano il Trono della Foresta. Per i giovani ormai è poco più di una favola, ma è reale eccome. Il Trono è la sede del Re della Foresta di questa regione. Si dice che questi Re siano figli diretti di Ceres stessa. Ho visto questo una sola volta in vita mia, e solo per un istante: una grazia rara per qualunque mortale. Se un essere di tale levatura è caduto preda della Corruzione, siamo sull'orlo di qualcosa di molto peggiore delle razzie dei Goblin."""
NPC_ALARIC_RESPONSE_fe523adb-640b-4006-afab-d05b26921548,"""Vedi soltanto il prossimo bersaglio. È la tua forza e il tuo difetto. Hai la volontà di colpire; un giorno forse imparerai quando non farlo."""
NPC_ALARIC_RESPONSE_fea5d73a-db48-4443-8ebf-2d16bde19f93,"""Tu la chiami arroganza. Io vedo un uomo che tiene la linea e chiede sostegno invece di morire orgoglioso e a mani vuote. Impara la differenza.""\n\n\n\n*Alaric fa un cenno verso Saqi, che sta già preparando i fagotti per il viaggio.*\n\n""Prendi ciò di cui Saqi può fare a meno e portalo alla linea di Corin. Se la Corruzione è vicina, gli starà contorcendo il terreno sotto gli stivali. Ha detto di aver trovato la fonte?"""
NPC_ALARIC_RESPONSE_fee6ab38-1b51-4889-83de-81c36aa59f17,"""La fortuna può avergli risparmiato la vita. Non lo ha sorretto negli anni successivi.""\n\n\n\n""Il cammino di Corin ormai appartiene a lui, come quello di ogni uomo. Ha un'ombra dura alle spalle. Non cattiveria. Non debolezza. Una ferita che ha imparato a portare una lama.\n\nDeve dominarla, o sarà lei a dominare lui. Se intendi chiamarlo amico, aiutalo a tenere in pugno quelle redini."""
NPC_ALARIC_RESPONSE_ff5b1571-baeb-4a86-9ab8-291f54e21f48,"""Sì. La sua è l'energia che tiene calda una taverna durante una crisi. Nessuna canzone ne parlerà, e a lei non importerebbe."""
NPC_ALARIC_TITLE,Il capo della Gilda di Earlwood
NPC_BASILTON_GREETING_00036045-d3fc-4850-a6f4-c172bfa0d474,"*Basilton è in piedi davanti alle aiuole devastate. La sua figura imponente avvolge le macerie in un silenzio pesante, come se il giardino stesso fosse ammutolito.*\n\n""I miei… i miei amici.""\n\n*La voce gli si spezza, così piccola per un essere tanto grande.*\n\n""La mia… casa."""
NPC_BASILTON_GREETING_00d2ad44-6b8c-40f6-85c4-571c1787895a,"*Basilton espira, ritrovando l'equilibrio dopo la prigionia imposta dalle driadi. Molti dei fiori sul suo corpo sono avvizziti e sfibrati.*\n\n""Amico… giungi al momento giusto. Volevano piegarmi alla loro volontà, usarmi come un'arma.""\n\n*Preme le mani sulla terra, sentendo ciò che la percorre.*\n\n""Mai, in tutti i miei anni, ho visto la gente della foresta ricorrere alla magia corrotta. Sono tempi oscuri e terribili."""
NPC_BASILTON_GREETING_24aa2568-63a5-405d-bd58-71ac5a12f817,"*Il corpo gigantesco di Basilton si muove lentamente mentre si volta verso di te. Si ferma a metà, come se cogliesse qualcosa di flebile nell'aria, poi si gira del tutto.*\n\n""Bentornato, caro amico. Mi fa piacere vederti, anche se devo ammettere che il giardino ha conosciuto giorni migliori.""\n\n*Tende una mano verso la terra, fermandosi prima di toccarla.*\n\n""Parlano ad Acorn e a me di una malattia, un veleno che serpeggia nel terreno.""\n\n*Il suo sguardo scorre attento sulle aiuole, come in attesa di una risposta.*\n\n""Le rende inquiete, persino adirate, e poi sottrae loro le forze."""
NPC_BASILTON_GREETING_401274f5-2cad-44a2-93dd-fd7bb40aa3f1,"*Gli occhi luminosi di Basilton si accendono di sollievo al tuo avvicinarsi. Il velo lucido di fango sulla sua pelle si ritira, come se la tensione sprofondasse di nuovo nella terra.*\n\n""Arrivi appena in tempo, caro amico.""\n\n*Volta lentamente il capo, in ascolto, poi scruta il giardino.*\n\n""I goblin si fanno audaci. La corruzione mostra loro soltanto la debolezza altrui, e loro seguono quella brama."""
NPC_BASILTON_GREETING_d26b876f-07e7-4436-b9d2-bac3e4f2daea,"*Davanti a te si erge una figura imponente di pietra e terra fertile, ammantata di muschio e delicati fiori selvatici. Le radici la percorrono come vene nel legno antico. Un piccolo scoiattolo sta in equilibrio sulla sua spalla senza alcun timore. Lo sguardo del golem si posa su di te, paziente e senza fretta, mentre il capo si inclina con pacato stupore.*\n\n""Acorn, guarda. Finalmente un volto nuovo. Ti trovi nel mio giardino, straniero. Sei il benvenuto. Vuoi concedere un istante a una piccola verità di foglie e vento?"""
NPC_BASILTON_GREETING_dffgddf-d3fc-4850-a6f4-c172bfa0d474,"""Acorn, il nostro nuovo amico è tornato. Bentornato."""
NPC_BASILTON_GREETING_f7f9a65c-31b8-46b2-8ea1-87aff8f8d649,"*Basilton è nel Santuario e si volta lentamente mentre parla con Acorn. I suoi occhi luminosi passano dalla pietra alla terra agli spazi aperti con mite curiosità.*\n\n""Oh, Acorn. Una nuova casa. E per di più in alto. Mi domando che cosa pensino le radici di un luogo simile.""\n\n*Ti vede avvicinarti e si raddrizza, accogliente.*\n\n""Ah, mio caro eroe. Mi fa piacere vederti. Grazie per averci condotti qui. Le ossa di questo luogo sono solide. Con le dovute cure, può diventare davvero accogliente."""
NPC_BASILTON_NAME,Basilton
NPC_BASILTON_PLAYER_0207462b-79a9-4539-8476-c07b66ebfce1_HEROIC,"Somigliano più a strumenti che a compagni, anche se il confine è sottile."
NPC_BASILTON_PLAYER_0207462b-79a9-4539-8476-c07b66ebfce1_JOKER,"Buffo, sembrano strumenti, ma la differenza con le persone è proprio poca cosa."
NPC_BASILTON_PLAYER_0207462b-79a9-4539-8476-c07b66ebfce1_SCHOLAR,"Strumenti, più che persone. Benché le due categorie si confondano più di quanto ammettiamo."
NPC_BASILTON_PLAYER_0207462b-79a9-4539-8476-c07b66ebfce1_STOIC,Sembrano più strumenti che persone. Ma anche lì cambia poco.
NPC_BASILTON_PLAYER_042bfb34-b076-48b6-a063-ef86c57b5fce_BASE,Che cos'è il Raduno della Foresta?
NPC_BASILTON_PLAYER_0874c3ee-ac43-4f97-91c0-b66d875d6ba8_HEROIC,Sprechi troppe parole per un essere fatto di terra.
NPC_BASILTON_PLAYER_0874c3ee-ac43-4f97-91c0-b66d875d6ba8_JOKER,Quante chiacchiere per un mucchio di terra.
NPC_BASILTON_PLAYER_0874c3ee-ac43-4f97-91c0-b66d875d6ba8_SCHOLAR,Ti esprimi con eccessiva loquacità per un ammasso di terriccio.
NPC_BASILTON_PLAYER_0874c3ee-ac43-4f97-91c0-b66d875d6ba8_STOIC,Parli troppo per un mucchio di fango.
NPC_BASILTON_PLAYER_0cbe03e3-bdcd-4c40-a428-1d1f0069866a_HEROIC,Dobbiamo sterminarli finché resta una speranza.
NPC_BASILTON_PLAYER_0cbe03e3-bdcd-4c40-a428-1d1f0069866a_JOKER,Facciamo fuori i goblin prima che anche la speranza tolga il disturbo.
NPC_BASILTON_PLAYER_0cbe03e3-bdcd-4c40-a428-1d1f0069866a_SCHOLAR,"I goblin vanno eliminati ora, finché le probabilità consentono di sperare."
NPC_BASILTON_PLAYER_0cbe03e3-bdcd-4c40-a428-1d1f0069866a_STOIC,Sterminiamo i goblin. Finché c'è speranza.
NPC_BASILTON_PLAYER_0f03c3e8-1fb8-4769-94b7-d4ad1c2fbe02_BASE,Perché non vai a prenderne al villaggio?
NPC_BASILTON_PLAYER_10d84df9-45f6-477f-9335-bb839f9cd0a7_HEROIC,"È un luogo orribile, soprattutto sotto l'ombra degli elfi imperiali."
NPC_BASILTON_PLAYER_10d84df9-45f6-477f-9335-bb839f9cd0a7_JOKER,"Un posto orribile. A meno che tu non sia un elfo imperiale: in quel caso, ordinaria amministrazione."
NPC_BASILTON_PLAYER_10d84df9-45f6-477f-9335-bb839f9cd0a7_SCHOLAR,"Un luogo orribile, e ancor più se a costruirlo sono stati gli elfi imperiali."
NPC_BASILTON_PLAYER_10d84df9-45f6-477f-9335-bb839f9cd0a7_STOIC,Un posto orribile. Peggio ancora se è degli elfi imperiali.
NPC_BASILTON_PLAYER_1725ae5f-9252-4bd2-a721-b3fcd2516582_HEROIC,A cosa possono servirmi delle piante in questo luogo?
NPC_BASILTON_PLAYER_1725ae5f-9252-4bd2-a721-b3fcd2516582_JOKER,Perché dovrei ingombrare il posto di piante?
NPC_BASILTON_PLAYER_1725ae5f-9252-4bd2-a721-b3fcd2516582_SCHOLAR,"E quale utilità avrebbero qui le piante, in termini pratici?"
NPC_BASILTON_PLAYER_1725ae5f-9252-4bd2-a721-b3fcd2516582_STOIC,"A che mi servono le piante, qui?"
NPC_BASILTON_PLAYER_187d37d8-2e95-4178-934b-fafa5f8ec501_HEROIC,"Benvenuto, Basilton. Che cosa hai intenzione di fare qui?"
NPC_BASILTON_PLAYER_187d37d8-2e95-4178-934b-fafa5f8ec501_JOKER,"Benvenuto, Basilton. Hai grandi progetti per questo posto?"
NPC_BASILTON_PLAYER_187d37d8-2e95-4178-934b-fafa5f8ec501_SCHOLAR,"Benvenuto, Basilton. Che cosa coltiverai per prima cosa?"
NPC_BASILTON_PLAYER_187d37d8-2e95-4178-934b-fafa5f8ec501_STOIC,"Benvenuto, Basilton. Che progetti hai?"
NPC_BASILTON_PLAYER_1b2d6f8b-cf80-41e2-b3f7-208ce78d066f_HEROIC,Cosa li ha spinti a un simile gesto?
NPC_BASILTON_PLAYER_1b2d6f8b-cf80-41e2-b3f7-208ce78d066f_JOKER,"Che gli è preso, per fare una cosa del genere?"
NPC_BASILTON_PLAYER_1b2d6f8b-cf80-41e2-b3f7-208ce78d066f_SCHOLAR,"Ma perché proprio questo? Per puro rancore, o miravano a qualcosa?"
NPC_BASILTON_PLAYER_1b2d6f8b-cf80-41e2-b3f7-208ce78d066f_STOIC,Perché l'hanno fatto?
NPC_BASILTON_PLAYER_1b91743f-f0fa-472b-a63c-f5231781c466_BASE,Cosa sai della corruzione?
NPC_BASILTON_PLAYER_1bea40c8-a342-4e70-ba91-1ade280790b2_HEROIC,"Questo doveva essere un luogo degli antichi elfi, e di grande importanza."
NPC_BASILTON_PLAYER_1bea40c8-a342-4e70-ba91-1ade280790b2_JOKER,Quindi era qui che gli antichi elfi si mettevano comodi.
NPC_BASILTON_PLAYER_1bea40c8-a342-4e70-ba91-1ade280790b2_SCHOLAR,Quasi certamente opera degli antichi elfi. Le pietre ne rivelano le consuetudini.
NPC_BASILTON_PLAYER_1bea40c8-a342-4e70-ba91-1ade280790b2_STOIC,Doveva essere un luogo degli antichi elfi.
NPC_BASILTON_PLAYER_1c490c3f-f775-46cf-bd56-905f8ca530f3_HEROIC,"Queste rovine e queste piante valgono poco, non abbastanza da giustificare il rischio."
NPC_BASILTON_PLAYER_1c490c3f-f775-46cf-bd56-905f8ca530f3_JOKER,"Insomma, rovine e un po' di verde. Non mi sembra il caso di rimetterci la pelle."
NPC_BASILTON_PLAYER_1c490c3f-f775-46cf-bd56-905f8ca530f3_SCHOLAR,Rovine e piante. Ciò che potrebbero insegnarci non giustifica il rischio.
NPC_BASILTON_PLAYER_1c490c3f-f775-46cf-bd56-905f8ca530f3_STOIC,Rovine e piante. Non vale il pericolo.
NPC_BASILTON_PLAYER_1da654c2-6be6-49c8-9b9c-fda3ff588a73_HEROIC,Mi chiedo: ha un nome?
NPC_BASILTON_PLAYER_1da654c2-6be6-49c8-9b9c-fda3ff588a73_JOKER,Ma ce l'ha almeno un nome?
NPC_BASILTON_PLAYER_1da654c2-6be6-49c8-9b9c-fda3ff588a73_SCHOLAR,Un essere pensante merita un nome. Ne ha uno?
NPC_BASILTON_PLAYER_1da654c2-6be6-49c8-9b9c-fda3ff588a73_STOIC,Ha un nome?
NPC_BASILTON_PLAYER_21ff9083-1b2a-4bf5-b586-a2ea3a0f6006_HEROIC,"Lasciali andare, golem. Rivolgi piuttosto la tua rabbia contro la corruzione."
NPC_BASILTON_PLAYER_21ff9083-1b2a-4bf5-b586-a2ea3a0f6006_JOKER,"Lasciali andare, golem. Sfoga quel caratterino sulla corruzione."
NPC_BASILTON_PLAYER_21ff9083-1b2a-4bf5-b586-a2ea3a0f6006_SCHOLAR,"Lasciali andare, golem. Il vero bersaglio è la corruzione."
NPC_BASILTON_PLAYER_21ff9083-1b2a-4bf5-b586-a2ea3a0f6006_STOIC,"Lasciali andare, golem. Rivolgi la rabbia contro la causa. Dobbiamo eliminare la corruzione."
NPC_BASILTON_PLAYER_283b9203-fdbc-434f-943d-f5cfe4be2f2e_HEROIC,"Va', che la fortuna ti assista, e non cadere di nuovo nelle loro mani."
NPC_BASILTON_PLAYER_283b9203-fdbc-434f-943d-f5cfe4be2f2e_JOKER,Va' pure. Meglio non farsi acciuffare due volte di fila.
NPC_BASILTON_PLAYER_283b9203-fdbc-434f-943d-f5cfe4be2f2e_SCHOLAR,"Va', e bada al cammino. Una seconda cattura indicherebbe una certa ricorrenza."
NPC_BASILTON_PLAYER_283b9203-fdbc-434f-943d-f5cfe4be2f2e_STOIC,"Va', allora. Buona fortuna. Non farti catturare di nuovo."
NPC_BASILTON_PLAYER_29daea74-fe2b-4298-842e-8d95fe084930_BASE,Cosa posso fare con le piante?
NPC_BASILTON_PLAYER_2c97318a-6db6-4ec5-93bd-dbd3b47b1e83_HEROIC,Eravate legati?
NPC_BASILTON_PLAYER_2c97318a-6db6-4ec5-93bd-dbd3b47b1e83_JOKER,"Lo conoscevi, o conoscevi solo le storie?"
NPC_BASILTON_PLAYER_2c97318a-6db6-4ec5-93bd-dbd3b47b1e83_SCHOLAR,"Che rapporto avevi con lui, prima di tutto questo?"
NPC_BASILTON_PLAYER_2c97318a-6db6-4ec5-93bd-dbd3b47b1e83_STOIC,Lo conoscevi?
NPC_BASILTON_PLAYER_2d93451a-5225-44b1-8ec8-9c4a9496f615_HEROIC,Non posso attardarmi a parlare con una bestia gigantesca.
NPC_BASILTON_PLAYER_2d93451a-5225-44b1-8ec8-9c4a9496f615_JOKER,Fare conversazione con una bestia gigantesca non era nei programmi di oggi.
NPC_BASILTON_PLAYER_2d93451a-5225-44b1-8ec8-9c4a9496f615_SCHOLAR,Il tempo non mi consente una conversazione con una bestia gigantesca.
NPC_BASILTON_PLAYER_2d93451a-5225-44b1-8ec8-9c4a9496f615_STOIC,Non ho tempo per parlare con una bestia gigantesca.
NPC_BASILTON_PLAYER_2e927780-1eab-45bb-b3e1-9ac5a0b8c221_HEROIC,"I goblin hanno lasciato il segno, qui."
NPC_BASILTON_PLAYER_2e927780-1eab-45bb-b3e1-9ac5a0b8c221_JOKER,"I goblin sono passati a fare una visitina, si vede."
NPC_BASILTON_PLAYER_2e927780-1eab-45bb-b3e1-9ac5a0b8c221_SCHOLAR,Opera dei goblin. I segni sono ovunque.
NPC_BASILTON_PLAYER_2e927780-1eab-45bb-b3e1-9ac5a0b8c221_STOIC,Ci sono arrivati i goblin.
NPC_BASILTON_PLAYER_2f35d498-5020-470c-beef-e68ba23a3425_HEROIC,Ci torni mai?
NPC_BASILTON_PLAYER_2f35d498-5020-470c-beef-e68ba23a3425_JOKER,"Ogni tanto ci vai, o tu e la tavoletta vi scambiate lunghi silenzi?"
NPC_BASILTON_PLAYER_2f35d498-5020-470c-beef-e68ba23a3425_SCHOLAR,Con quale frequenza torni in quel luogo?
NPC_BASILTON_PLAYER_2f35d498-5020-470c-beef-e68ba23a3425_STOIC,La visiti mai?
NPC_BASILTON_PLAYER_3203386e-42d1-4a4e-a7dc-30bda3df60f5_BASE,Quali semi potrei comprare?
NPC_BASILTON_PLAYER_3252792c-225c-4fa9-a000-494ad67cdbd1_HEROIC,È un pensiero saggio. Chi sei?
NPC_BASILTON_PLAYER_3252792c-225c-4fa9-a000-494ad67cdbd1_JOKER,"Curiosa, questa idea. E tu chi saresti?"
NPC_BASILTON_PLAYER_3252792c-225c-4fa9-a000-494ad67cdbd1_SCHOLAR,Un pensiero affascinante. Chi sei?
NPC_BASILTON_PLAYER_3252792c-225c-4fa9-a000-494ad67cdbd1_STOIC,Interessante. Chi sei?
NPC_BASILTON_PLAYER_37bf5871-fc9d-4b49-8036-2aca5e29c00e_BASE,Quanti anni hai?
NPC_BASILTON_PLAYER_3adc03f9-4c21-43c2-a37c-47600752efdf_HEROIC,Lascia che ti temano: è proprio quel timore a dimostrare la tua forza.
NPC_BASILTON_PLAYER_3adc03f9-4c21-43c2-a37c-47600752efdf_JOKER,"Le driadi ti temono. Beh, c'è chi ha una reputazione peggiore."
NPC_BASILTON_PLAYER_3adc03f9-4c21-43c2-a37c-47600752efdf_SCHOLAR,Le driadi ti temono. Il timore protegge un giardino meglio dei recinti.
NPC_BASILTON_PLAYER_3adc03f9-4c21-43c2-a37c-47600752efdf_STOIC,Le driadi ti temono. È un bene.
NPC_BASILTON_PLAYER_3ec2d0a7-514c-4a84-9b8e-84dc30e96741_HEROIC,Avresti dovuto tenerli. La carne è carne.
NPC_BASILTON_PLAYER_3ec2d0a7-514c-4a84-9b8e-84dc30e96741_JOKER,Dovevi prenderli al laccio. La cena era già lì.
NPC_BASILTON_PLAYER_3ec2d0a7-514c-4a84-9b8e-84dc30e96741_SCHOLAR,Avresti dovuto trattenerli. È raro che le provviste abbiano modo di andarsene da sole.
NPC_BASILTON_PLAYER_3ec2d0a7-514c-4a84-9b8e-84dc30e96741_STOIC,Dovevi intrappolarli. Per mangiarli più tardi.
NPC_BASILTON_PLAYER_439fad4a-9a83-46e4-9be8-8b9bd60f1103_HEROIC,Questo luogo ha una bellezza rara. Anch'io ho provato quella pace quando ci sono stato.
NPC_BASILTON_PLAYER_439fad4a-9a83-46e4-9be8-8b9bd60f1103_JOKER,"Lì mi sono sentito calmo persino io, e di solito la calma mi evita."
NPC_BASILTON_PLAYER_439fad4a-9a83-46e4-9be8-8b9bd60f1103_SCHOLAR,"Un luogo splendido. Quando vi sono stato, ho avvertito la medesima quiete."
NPC_BASILTON_PLAYER_439fad4a-9a83-46e4-9be8-8b9bd60f1103_STOIC,È un bel posto. Lì ho provato la stessa calma.
NPC_BASILTON_PLAYER_442ae0ac-8561-430c-9b9a-3594ab8809ce_HEROIC,"Lascia che appartenga al passato, e prosegui il cammino."
NPC_BASILTON_PLAYER_442ae0ac-8561-430c-9b9a-3594ab8809ce_JOKER,Meglio lasciar perdere e tirare dritto.
NPC_BASILTON_PLAYER_442ae0ac-8561-430c-9b9a-3594ab8809ce_SCHOLAR,Il dolore consuma tempo che non abbiamo. Lascialo andare.
NPC_BASILTON_PLAYER_442ae0ac-8561-430c-9b9a-3594ab8809ce_STOIC,Dimentica. Va' avanti.
NPC_BASILTON_PLAYER_461915a3-d506-46dd-a0cd-49a19727c375_BASE,Conosco Befr. Da quanto tempo lo conosci?
NPC_BASILTON_PLAYER_4a670ee5-037e-4d6e-ab95-025bdeee993a_HEROIC,"Non badare a loro, Basilton. La presenza di Myrll in tutti questi anni è stata una vera benedizione."
NPC_BASILTON_PLAYER_4a670ee5-037e-4d6e-ab95-025bdeee993a_JOKER,"Non farci caso, Basilton. Almeno Myrll ti è rimasta accanto negli anni: la lealtà, di questi tempi, è merce rara."
NPC_BASILTON_PLAYER_4a670ee5-037e-4d6e-ab95-025bdeee993a_SCHOLAR,"Non dar loro peso, Basilton. Myrll è rimasta. Sono gli altri ad averci perso."
NPC_BASILTON_PLAYER_4a670ee5-037e-4d6e-ab95-025bdeee993a_STOIC,"Non badare a loro, Basilton. Myrll è rimasta, negli anni."
NPC_BASILTON_PLAYER_4b836a8f-82e7-435d-bd1e-b134b332b8a2_BASE,Cosa sai di quella Tavoletta Elfica nella Pozza del Ricordo?
NPC_BASILTON_PLAYER_4d8a0e1c-ae0f-4e29-943a-e2cb1cdf9ee5_HEROIC,Un bel giardino. Un luogo così merita la sua quiete.
NPC_BASILTON_PLAYER_4d8a0e1c-ae0f-4e29-943a-e2cb1cdf9ee5_JOKER,Un giardino per coltivare pensieri oltre che fiori. Ingegnoso.
NPC_BASILTON_PLAYER_4d8a0e1c-ae0f-4e29-943a-e2cb1cdf9ee5_SCHOLAR,"Un giardino incantevole. Quieto, ordinato. Qui il pensiero potrebbe fiorire."
NPC_BASILTON_PLAYER_4d8a0e1c-ae0f-4e29-943a-e2cb1cdf9ee5_STOIC,Un bel giardino. Ottimo per pensare.
NPC_BASILTON_PLAYER_507bd768-4b39-4cb0-bded-16aac905d418_HEROIC,Ti darò il mezzo per raggiungerlo. Il Varco incanala la magia degli Antichi.
NPC_BASILTON_PLAYER_507bd768-4b39-4cb0-bded-16aac905d418_JOKER,"Pronto per una scorciatoia? Con la magia degli Antichi e un Varco, sarai lì in un lampo."
NPC_BASILTON_PLAYER_507bd768-4b39-4cb0-bded-16aac905d418_SCHOLAR,Il dono è la magia degli Antichi. Un Varco ti condurrà fin là.
NPC_BASILTON_PLAYER_507bd768-4b39-4cb0-bded-16aac905d418_STOIC,Ti darò la capacità di teletrasportarti lì. Magia degli Antichi. Usa un Varco.
NPC_BASILTON_PLAYER_5b2f3d34-aac3-4ad2-9837-436c7aa960af_BASE,Cosa sai delle sue origini?
NPC_BASILTON_PLAYER_5bbde4d4-80f2-4a71-a301-6c133cbe5f39_HEROIC,"Sì, la tua presenza mi dà sollievo, anche se mi addolorano le sofferenze che ti hanno condotto qui."
NPC_BASILTON_PLAYER_5bbde4d4-80f2-4a71-a301-6c133cbe5f39_JOKER,"Sì, sono felice che tu ce l'abbia fatta, anche se la strada non ti ha certo trattato coi guanti."
NPC_BASILTON_PLAYER_5bbde4d4-80f2-4a71-a301-6c133cbe5f39_SCHOLAR,"Sì, mi fa piacere che tu sia qui, benché non per il motivo che ti ha condotto fin qua."
NPC_BASILTON_PLAYER_5bbde4d4-80f2-4a71-a301-6c133cbe5f39_STOIC,"Sì, anche a me fa piacere. Ma mi dispiace per ciò che ti ha portato qui."
NPC_BASILTON_PLAYER_5d3acd23-02a7-4060-86e6-4e5396931cdc_BASE,Pensi che i goblin attaccheranno di nuovo?
NPC_BASILTON_PLAYER_621f7188-a4ac-47e8-b205-c050e6c9df26_HEROIC,"Un giardino splendido, Basilton. Un lavoro di cui essere fieri."
NPC_BASILTON_PLAYER_621f7188-a4ac-47e8-b205-c050e6c9df26_JOKER,"Un giardino da far invidia alle erbacce, Basilton."
NPC_BASILTON_PLAYER_621f7188-a4ac-47e8-b205-c050e6c9df26_SCHOLAR,"Questo giardino è davvero magnifico, Basilton."
NPC_BASILTON_PLAYER_621f7188-a4ac-47e8-b205-c050e6c9df26_STOIC,"Un bel giardino, Basilton."
NPC_BASILTON_PLAYER_62874ee2-849c-411f-abe0-f057d8089923_HEROIC,"Non voglio illuderti: roccia, un campo e lavoro da fare. Il Varco ti ci porterà, se lo vuoi ancora."
NPC_BASILTON_PLAYER_62874ee2-849c-411f-abe0-f057d8089923_JOKER,"Chiamalo giardino e si metteranno a ridere anche i sassi. C'è un Varco, se la nuda roccia fa per te."
NPC_BASILTON_PLAYER_62874ee2-849c-411f-abe0-f057d8089923_SCHOLAR,"Per ora è terra senza giardiniere. Il Varco ti ci condurrà, se ti basta questo."
NPC_BASILTON_PLAYER_62874ee2-849c-411f-abe0-f057d8089923_STOIC,"Non è ancora un giardino. Roccia e un campo. C'è un Varco, se vuoi ancora andarci."
NPC_BASILTON_PLAYER_6295b246-8560-4b0e-854e-3c904721331d_BASE,Conosci la driade Myrll?
NPC_BASILTON_PLAYER_63f0ed59-6ee8-4ea8-aa0f-913ea80396f0_HEROIC,"È un piacere incontrarti. Qualunque cosa tu abbia scoperto, voglio ascoltare tutto."
NPC_BASILTON_PLAYER_63f0ed59-6ee8-4ea8-aa0f-913ea80396f0_JOKER,"Piacere di conoscerti. Avanti, stupiscimi con la tua scoperta."
NPC_BASILTON_PLAYER_63f0ed59-6ee8-4ea8-aa0f-913ea80396f0_SCHOLAR,"È un piacere conoscerti. Che cosa hai scoperto, esattamente?"
NPC_BASILTON_PLAYER_63f0ed59-6ee8-4ea8-aa0f-913ea80396f0_STOIC,Lieto di conoscerti. Dimmi cosa hai scoperto.
NPC_BASILTON_PLAYER_6781b7bc-7efd-45db-a9f5-e13c534eab07_HEROIC,È notevole che tu abbia mantenuto un simile ordine con i goblin nelle vicinanze.
NPC_BASILTON_PLAYER_6781b7bc-7efd-45db-a9f5-e13c534eab07_JOKER,"Goblin dappertutto, eppure neanche un granello fuori posto. Insegnami il trucco."
NPC_BASILTON_PLAYER_6781b7bc-7efd-45db-a9f5-e13c534eab07_SCHOLAR,"Tutto pulito, malgrado i goblin. Ci vuole metodo. Qual è il tuo?"
NPC_BASILTON_PLAYER_6781b7bc-7efd-45db-a9f5-e13c534eab07_STOIC,Notevole tenerlo così pulito con tutti questi goblin in giro.
NPC_BASILTON_PLAYER_6c126798-c831-4f73-a5b5-86db30e1c46a_HEROIC,Sei ferito? Raccontami tutto.
NPC_BASILTON_PLAYER_6c126798-c831-4f73-a5b5-86db30e1c46a_JOKER,Sei tutto intero? Che è successo là fuori?
NPC_BASILTON_PLAYER_6c126798-c831-4f73-a5b5-86db30e1c46a_SCHOLAR,"Stai bene? Raccontami l'accaduto, con ordine."
NPC_BASILTON_PLAYER_6c126798-c831-4f73-a5b5-86db30e1c46a_STOIC,Tutto bene? Cos'è successo?
NPC_BASILTON_PLAYER_73101d97-657f-4a78-a48f-6a6fedf5cd46_BASE,"""Cosa sai di quelle rovine qui vicino?"""
NPC_BASILTON_PLAYER_7575db1d-de26-49ab-9d67-e5e31f9e2471_HEROIC,"Ci rifletterò, ma questo non è il momento."
NPC_BASILTON_PLAYER_7575db1d-de26-49ab-9d67-e5e31f9e2471_JOKER,"Allettante, ma il momento è proprio quello sbagliato."
NPC_BASILTON_PLAYER_7575db1d-de26-49ab-9d67-e5e31f9e2471_SCHOLAR,"Merita una riflessione, ma non oggi."
NPC_BASILTON_PLAYER_7575db1d-de26-49ab-9d67-e5e31f9e2471_STOIC,Forse più tardi. Ora no.
NPC_BASILTON_PLAYER_7737050c-93af-4b70-8bb3-6069721361c0_HEROIC,Le driadi avranno doveri più urgenti che occuparsi di un giardino.
NPC_BASILTON_PLAYER_7737050c-93af-4b70-8bb3-6069721361c0_JOKER,Le driadi saranno impegnate. Un giardino di rado è un'emergenza.
NPC_BASILTON_PLAYER_7737050c-93af-4b70-8bb3-6069721361c0_SCHOLAR,Le driadi devono badare alle foreste. Un giardino ha scarsa priorità.
NPC_BASILTON_PLAYER_7737050c-93af-4b70-8bb3-6069721361c0_STOIC,Le driadi avranno altro da fare che visitare un giardino.
NPC_BASILTON_PLAYER_7aa461aa-9697-47ca-90a0-13f21a75bcc6_HEROIC,"Era diventato una bestia folle, ed è stato necessario abbatterlo."
NPC_BASILTON_PLAYER_7aa461aa-9697-47ca-90a0-13f21a75bcc6_JOKER,Una bestia folle resta una bestia folle. Abbatterlo era l'unica.
NPC_BASILTON_PLAYER_7aa461aa-9697-47ca-90a0-13f21a75bcc6_SCHOLAR,Ormai era una bestia folle. Abbatterlo ne è stata la conseguenza necessaria.
NPC_BASILTON_PLAYER_7aa461aa-9697-47ca-90a0-13f21a75bcc6_STOIC,Era una bestia folle. Andava abbattuto.
NPC_BASILTON_PLAYER_7b4145b4-025f-4973-af9a-8eae4b254ed5_HEROIC,"Ti attaccano, eppure rimani. Il coraggio speso male è follia."
NPC_BASILTON_PLAYER_7b4145b4-025f-4973-af9a-8eae4b254ed5_JOKER,"Ti attaccano e tu resti qui. Una sciocchezza, a meno che non ti piacciano i brividi."
NPC_BASILTON_PLAYER_7b4145b4-025f-4973-af9a-8eae4b254ed5_SCHOLAR,"Ti attaccano e tu rimani. Spiegami il ragionamento, perché io non lo comprendo."
NPC_BASILTON_PLAYER_7b4145b4-025f-4973-af9a-8eae4b254ed5_STOIC,Ti attaccano e resti. Stolto.
NPC_BASILTON_PLAYER_7bcb065d-79eb-48d1-8481-9129f26d565d_HEROIC,Myrll deve essersi assicurata che gli animali rispettassero il tuo giardino.
NPC_BASILTON_PLAYER_7bcb065d-79eb-48d1-8481-9129f26d565d_JOKER,Myrll deve aver dettato legge: adesso nessun animale osa dare un morso al tuo giardino.
NPC_BASILTON_PLAYER_7bcb065d-79eb-48d1-8481-9129f26d565d_SCHOLAR,"Dunque Myrll ha stabilito la regola, e gli animali la osservano."
NPC_BASILTON_PLAYER_7bcb065d-79eb-48d1-8481-9129f26d565d_STOIC,Myrll avrà vietato agli animali di mangiare le tue piante.
NPC_BASILTON_PLAYER_7d287036-8207-4291-a9cd-6577108915bd_HEROIC,Mi addolora che non ci sia più. Davvero.
NPC_BASILTON_PLAYER_7d287036-8207-4291-a9cd-6577108915bd_JOKER,"Non c'è più, e mi mancherà, a modo mio. Per quanto storto."
NPC_BASILTON_PLAYER_7d287036-8207-4291-a9cd-6577108915bd_SCHOLAR,"Mi dispiace che sia scomparso. Senza di lui, la foresta avrà un altro significato."
NPC_BASILTON_PLAYER_7d287036-8207-4291-a9cd-6577108915bd_STOIC,Mi dispiace che non ci sia più.
NPC_BASILTON_PLAYER_80d6533c-b7db-4fdd-a331-0c9d01ce654a_HEROIC,"A mio giudizio, è una perdita di tempo."
NPC_BASILTON_PLAYER_80d6533c-b7db-4fdd-a331-0c9d01ce654a_JOKER,"Se perdere tempo fosse un'arte, questo sarebbe il capolavoro."
NPC_BASILTON_PLAYER_80d6533c-b7db-4fdd-a331-0c9d01ce654a_SCHOLAR,"Per quanto riesco a valutare, è tempo sprecato."
NPC_BASILTON_PLAYER_80d6533c-b7db-4fdd-a331-0c9d01ce654a_STOIC,Sembra una perdita di tempo.
NPC_BASILTON_PLAYER_87e4487f-2773-447c-8727-f0c3e23f7153_HEROIC,Una bestia come te è fatta per la battaglia. Sei sprecato in un giardino.
NPC_BASILTON_PLAYER_87e4487f-2773-447c-8727-f0c3e23f7153_JOKER,"Una bestia con la tua forza dovrebbe stare in battaglia, mica a coccolare le aiuole."
NPC_BASILTON_PLAYER_87e4487f-2773-447c-8727-f0c3e23f7153_SCHOLAR,Una forza come la tua trova impiego in battaglia. Il giardino la disperde.
NPC_BASILTON_PLAYER_87e4487f-2773-447c-8727-f0c3e23f7153_STOIC,"Una bestia come te dovrebbe usare la forza in battaglia, non in giardino."
NPC_BASILTON_PLAYER_888601c0-6aed-4e97-8ba3-9ad6b661b973_BASE,Il Re della Foresta è stato ucciso.
NPC_BASILTON_PLAYER_899b4f84-0449-48b7-b459-7d5881739b4d_HEROIC,"È un modo saggio di vedere le cose, Basilton."
NPC_BASILTON_PLAYER_899b4f84-0449-48b7-b459-7d5881739b4d_JOKER,"Questo sì che è vedere il lato buono, Basilton."
NPC_BASILTON_PLAYER_899b4f84-0449-48b7-b459-7d5881739b4d_SCHOLAR,"Questa prospettiva regge, Basilton. Potrei farla mia."
NPC_BASILTON_PLAYER_899b4f84-0449-48b7-b459-7d5881739b4d_STOIC,"Una visione sensata, Basilton."
NPC_BASILTON_PLAYER_8a997a07-6848-407a-ac6b-f8ecd9c4a493_HEROIC,"Basilton, mi addolora questa perdita."
NPC_BASILTON_PLAYER_8a997a07-6848-407a-ac6b-f8ecd9c4a493_JOKER,"Basilton, ti devo delle scuse. Eccole qui."
NPC_BASILTON_PLAYER_8a997a07-6848-407a-ac6b-f8ecd9c4a493_SCHOLAR,"Ti prego di accettare le mie scuse, Basilton."
NPC_BASILTON_PLAYER_8a997a07-6848-407a-ac6b-f8ecd9c4a493_STOIC,"Le mie scuse, Basilton."
NPC_BASILTON_PLAYER_8a9a5168-1a7f-4806-8e0a-e83375a85141_HEROIC,Quale forza potrebbe far ammalare le piante?
NPC_BASILTON_PLAYER_8a9a5168-1a7f-4806-8e0a-e83375a85141_JOKER,Cos'hanno le piante da stare così giù?
NPC_BASILTON_PLAYER_8a9a5168-1a7f-4806-8e0a-e83375a85141_SCHOLAR,"Cosa le fa ammalare? Il terreno, o qualcosa che lo attraversa?"
NPC_BASILTON_PLAYER_8a9a5168-1a7f-4806-8e0a-e83375a85141_STOIC,Cosa fa ammalare le piante?
NPC_BASILTON_PLAYER_8d3ca7d8-81d1-428d-9dd3-bcf69bb24b03_HEROIC,Non occorre ringraziarmi. I goblin devono essere sconfitti.
NPC_BASILTON_PLAYER_8d3ca7d8-81d1-428d-9dd3-bcf69bb24b03_JOKER,Ma figurati. Qualcuno dovrà pur far fuori i goblin.
NPC_BASILTON_PLAYER_8d3ca7d8-81d1-428d-9dd3-bcf69bb24b03_SCHOLAR,Non occorre parlarne. I goblin sono una quantità da sottrarre a qualsiasi equazione.
NPC_BASILTON_PLAYER_8d3ca7d8-81d1-428d-9dd3-bcf69bb24b03_STOIC,Non serve dirlo. I goblin vanno uccisi.
NPC_BASILTON_PLAYER_8dcc5fa9-293b-419a-a67b-81233e25750b_HEROIC,"Andava fatto, Basilton. E lo rifarei."
NPC_BASILTON_PLAYER_8dcc5fa9-293b-419a-a67b-81233e25750b_JOKER,"Felice di averti dato una mano, Basilton."
NPC_BASILTON_PLAYER_8dcc5fa9-293b-419a-a67b-81233e25750b_SCHOLAR,"Era un compito adatto a me, Basilton."
NPC_BASILTON_PLAYER_8dcc5fa9-293b-419a-a67b-81233e25750b_STOIC,"Lieto di aiutarti, Basilton."
NPC_BASILTON_PLAYER_8ded4375-7e8c-4a1f-b050-f693abb381a6_HEROIC,Coraggio. E non sei così temibile come credi.
NPC_BASILTON_PLAYER_8ded4375-7e8c-4a1f-b050-f693abb381a6_JOKER,"Coraggio, dici? Non montarti la testa, non fai così paura."
NPC_BASILTON_PLAYER_8ded4375-7e8c-4a1f-b050-f693abb381a6_SCHOLAR,Coraggio. Non è saggio ritenersi degni di essere temuti.
NPC_BASILTON_PLAYER_8ded4375-7e8c-4a1f-b050-f693abb381a6_STOIC,Coraggio. Non dovresti credere di meritare timore.
NPC_BASILTON_PLAYER_910bed3f-e35d-4b78-80c8-6517b999d8c3_BASE,A cosa pensi?
NPC_BASILTON_PLAYER_9146baba-0ffc-45ce-9cf3-60cff8dc2d03_BASE,Lo scoiattolo ha un nome?
NPC_BASILTON_PLAYER_922fc0a3-9004-4bf4-8fc5-93aa6bafcc8c_HEROIC,Non ti hanno fatto del male?
NPC_BASILTON_PLAYER_922fc0a3-9004-4bf4-8fc5-93aa6bafcc8c_JOKER,Ancora tutto intero?
NPC_BASILTON_PLAYER_922fc0a3-9004-4bf4-8fc5-93aa6bafcc8c_SCHOLAR,Sei rimasto illeso?
NPC_BASILTON_PLAYER_922fc0a3-9004-4bf4-8fc5-93aa6bafcc8c_STOIC,Stai bene?
NPC_BASILTON_PLAYER_92cd4407-88bb-485c-9389-189652b5187c_HEROIC,Dovresti lasciarli alle spalle. Ci sono luoghi meno pericolosi.
NPC_BASILTON_PLAYER_92cd4407-88bb-485c-9389-189652b5187c_JOKER,Lasciali perdere. Ci sono posti dove è meno facile finire sbranati.
NPC_BASILTON_PLAYER_92cd4407-88bb-485c-9389-189652b5187c_SCHOLAR,"Dovresti andartene. Esistono luoghi più sicuri, e sai dove sono."
NPC_BASILTON_PLAYER_92cd4407-88bb-485c-9389-189652b5187c_STOIC,Dovresti lasciarli. Ci sono posti più sicuri.
NPC_BASILTON_PLAYER_92f0ea0b-85cb-4170-8401-493e20a2e227_HEROIC,Non ha alcuna importanza. Sii fiero di ciò che sei.
NPC_BASILTON_PLAYER_92f0ea0b-85cb-4170-8401-493e20a2e227_JOKER,Cambia davvero qualcosa? Sei sempre tu.
NPC_BASILTON_PLAYER_92f0ea0b-85cb-4170-8401-493e20a2e227_SCHOLAR,La misura non cambia nulla. La tua natura rimane costante.
NPC_BASILTON_PLAYER_92f0ea0b-85cb-4170-8401-493e20a2e227_STOIC,Non cambia niente. Sei ciò che sei.
NPC_BASILTON_PLAYER_975c086a-69d8-4197-b467-900033cedcc7_HEROIC,Confido che tu sappia renderti più utile che restando immobile come una roccia.
NPC_BASILTON_PLAYER_975c086a-69d8-4197-b467-900033cedcc7_JOKER,Cerca di non startene lì come un sasso. Il giardino ne ha già abbastanza.
NPC_BASILTON_PLAYER_975c086a-69d8-4197-b467-900033cedcc7_SCHOLAR,Restare immobile come una roccia è un risultato modesto. Dimostrami di meglio.
NPC_BASILTON_PLAYER_975c086a-69d8-4197-b467-900033cedcc7_STOIC,Fa' qualcosa di utile. Non stare lì come un sasso.
NPC_BASILTON_PLAYER_9a9fd514-3cbf-4130-9839-e86252e8b83b_HEROIC,Non possiamo permetterci conflitti interiori. Rendi il cuore saldo quanto il tuo corpo.
NPC_BASILTON_PLAYER_9a9fd514-3cbf-4130-9839-e86252e8b83b_JOKER,"Se i conflitti interiori indurissero il cuore quanto il corpo, saremmo inarrestabili."
NPC_BASILTON_PLAYER_9a9fd514-3cbf-4130-9839-e86252e8b83b_SCHOLAR,"Il conflitto interiore è un costo insostenibile. Indurisci il cuore, come il corpo."
NPC_BASILTON_PLAYER_9a9fd514-3cbf-4130-9839-e86252e8b83b_STOIC,"Non c'è tempo per i conflitti interiori. Cuore duro, come il corpo."
NPC_BASILTON_PLAYER_9b701a77-e152-4e2a-8bd0-c2a7cf805477_HEROIC,Questo farà davvero la differenza.
NPC_BASILTON_PLAYER_9b701a77-e152-4e2a-8bd0-c2a7cf805477_JOKER,"Una bella mano, non c'è che dire."
NPC_BASILTON_PLAYER_9b701a77-e152-4e2a-8bd0-c2a7cf805477_SCHOLAR,Sarà di maggior aiuto di quanto immagini.
NPC_BASILTON_PLAYER_9b701a77-e152-4e2a-8bd0-c2a7cf805477_STOIC,Sarà molto utile.
NPC_BASILTON_PLAYER_9e940b42-35f7-4a0b-a302-ca3976d732a6_BASE,La corruzione colpisce anche te?
NPC_BASILTON_PLAYER_a0eb3452-86c5-44b9-a6a7-6c9e2c5036ac_HEROIC,"La tua mole è imponente, e accresce la forza che possiedi come golem."
NPC_BASILTON_PLAYER_a0eb3452-86c5-44b9-a6a7-6c9e2c5036ac_JOKER,"Grande o no, golem sei e golem resti. Non ci si scappa."
NPC_BASILTON_PLAYER_a0eb3452-86c5-44b9-a6a7-6c9e2c5036ac_SCHOLAR,La tua statura non sminuisce in alcun modo la tua natura di golem.
NPC_BASILTON_PLAYER_a0eb3452-86c5-44b9-a6a7-6c9e2c5036ac_STOIC,Sei grande. Ma non sei meno golem per questo.
NPC_BASILTON_PLAYER_a34cfad6-527b-4be9-898b-e8ce873ed5ec_HEROIC,Ti ringrazio dell'offerta. Sono pronto ad accettare.
NPC_BASILTON_PLAYER_a34cfad6-527b-4be9-898b-e8ce873ed5ec_JOKER,Grazie dell'offerta. Ci sto.
NPC_BASILTON_PLAYER_a34cfad6-527b-4be9-898b-e8ce873ed5ec_SCHOLAR,"Ti ringrazio per l'offerta. Sì, mi farebbe piacere."
NPC_BASILTON_PLAYER_a34cfad6-527b-4be9-898b-e8ce873ed5ec_STOIC,Grazie dell'offerta. Accetto.
NPC_BASILTON_PLAYER_a77be9d8-894f-441f-ae2d-e16e481053f7_BASE,Ti senti mai in colpa a raccogliere i loro frutti?
NPC_BASILTON_PLAYER_a9387c61-a97b-49c4-a217-f17261400c4f_HEROIC,"Ti servono protezioni magiche, e credo di poterti aiutare a trovarle."
NPC_BASILTON_PLAYER_a9387c61-a97b-49c4-a217-f17261400c4f_JOKER,"Protezioni magiche, eh? Conosco un posto che ne ha."
NPC_BASILTON_PLAYER_a9387c61-a97b-49c4-a217-f17261400c4f_SCHOLAR,Occorrono protezioni magiche. Credo di sapere dove procurarne alcune.
NPC_BASILTON_PLAYER_a9387c61-a97b-49c4-a217-f17261400c4f_STOIC,Ti servono protezioni magiche. So dove trovarle.
NPC_BASILTON_PLAYER_ab5da7b1-cd8c-4fbb-80fe-4fff56e3e61a_HEROIC,Troverò il tuo fertilizzante e te lo riporterò. Hai la mia parola.
NPC_BASILTON_PLAYER_ab5da7b1-cd8c-4fbb-80fe-4fff56e3e61a_JOKER,"A caccia di fertilizzante, allora. La vita scintillante dell'avventuriero."
NPC_BASILTON_PLAYER_ab5da7b1-cd8c-4fbb-80fe-4fff56e3e61a_SCHOLAR,Troverò il tuo fertilizzante. Descrivimi ciò che devo cercare.
NPC_BASILTON_PLAYER_ab5da7b1-cd8c-4fbb-80fe-4fff56e3e61a_STOIC,Posso andare a prenderti il fertilizzante.
NPC_BASILTON_PLAYER_ac4a1612-88aa-4bf3-95c7-55245eb312d6_BASE,Chiami le piante tue amiche?
NPC_BASILTON_PLAYER_ad1b2699-1b4f-4ef5-900c-c0dd8d6c7c5a_HEROIC,"Un oggetto inutile, conservato per affetto. Nient'altro."
NPC_BASILTON_PLAYER_ad1b2699-1b4f-4ef5-900c-c0dd8d6c7c5a_JOKER,"Un oggetto inutile, con un sovrappiù di sentimentalismo. Una combinazione rara, davvero."
NPC_BASILTON_PLAYER_ad1b2699-1b4f-4ef5-900c-c0dd8d6c7c5a_SCHOLAR,"Sembra un oggetto privo di utilità, apprezzato soltanto per il suo valore affettivo."
NPC_BASILTON_PLAYER_ad1b2699-1b4f-4ef5-900c-c0dd8d6c7c5a_STOIC,Sembra inutile. Un ricordo affettivo.
NPC_BASILTON_PLAYER_ae469e4c-bce6-49fd-b47c-1bf19dd59ee4_HEROIC,"Ci attendono battaglie più importanti delle piante. Comunque, buona fortuna con il tuo giardino."
NPC_BASILTON_PLAYER_ae469e4c-bce6-49fd-b47c-1bf19dd59ee4_JOKER,"Tanti problemi urgenti, e pure le piante vogliono il loro momento. Buona fortuna col giardino."
NPC_BASILTON_PLAYER_ae469e4c-bce6-49fd-b47c-1bf19dd59ee4_SCHOLAR,Al momento altre questioni hanno maggior rilievo delle piante. Buona fortuna con il tuo giardino.
NPC_BASILTON_PLAYER_ae469e4c-bce6-49fd-b47c-1bf19dd59ee4_STOIC,Ci sono problemi ben più importanti delle piante. Buona fortuna col giardino.
NPC_BASILTON_PLAYER_c0ab89b0-b3d3-4eb1-97c0-a7175b859d52_HEROIC,Ci sono questioni ben più urgenti da affrontare delle piante.
NPC_BASILTON_PLAYER_c0ab89b0-b3d3-4eb1-97c0-a7175b859d52_JOKER,Le piante vengono dopo tutto il resto che mi vuole morto.
NPC_BASILTON_PLAYER_c0ab89b0-b3d3-4eb1-97c0-a7175b859d52_SCHOLAR,"In qualsiasi ragionevole ordine di priorità, le piante vengono dopo."
NPC_BASILTON_PLAYER_c0ab89b0-b3d3-4eb1-97c0-a7175b859d52_STOIC,Ci sono cose più importanti a cui pensare delle piante.
NPC_BASILTON_PLAYER_c1380340-baec-46ca-960d-b4e8cd8f9483_BASE,Dai un nome alle piante?
NPC_BASILTON_PLAYER_c535ee27-1c31-4731-b3fe-5bbb030d949b_BASE,Ho recuperato i fertilizzanti.
NPC_BASILTON_PLAYER_c660740f-a7e1-4e0c-9c33-a04c6844ee2b_HEROIC,Cosa impedisce alle altre driadi di visitare il tuo giardino?
NPC_BASILTON_PLAYER_c660740f-a7e1-4e0c-9c33-a04c6844ee2b_JOKER,Le altre driadi si sono perse la strada per il tuo giardino?
NPC_BASILTON_PLAYER_c660740f-a7e1-4e0c-9c33-a04c6844ee2b_SCHOLAR,Perché le altre driadi dovrebbero tenersi lontane? Un giardino non nuoce a nessuno.
NPC_BASILTON_PLAYER_c660740f-a7e1-4e0c-9c33-a04c6844ee2b_STOIC,Perché le altre driadi non vengono nel tuo giardino?
NPC_BASILTON_PLAYER_c6da149f-56f3-462f-be03-743ef5578a21_HEROIC,"Entrambe, direi. La curiosità ha acceso la scintilla, la gentilezza l'ha alimentata."
NPC_BASILTON_PLAYER_c6da149f-56f3-462f-be03-743ef5578a21_JOKER,"La curiosità ha stretto la mano alla gentilezza, e siamo partiti."
NPC_BASILTON_PLAYER_c6da149f-56f3-462f-be03-743ef5578a21_SCHOLAR,Probabilmente è stata un'unione di curiosità e gentilezza.
NPC_BASILTON_PLAYER_c6da149f-56f3-462f-be03-743ef5578a21_STOIC,"Curiosità e gentilezza, insieme."
NPC_BASILTON_PLAYER_c7098bc6-b0dc-4723-9bfa-ef5f366b108f_HEROIC,"Mentre lo percorrevo, non ho avvertito alcun fremito e il silenzio mi circondava."
NPC_BASILTON_PLAYER_c7098bc6-b0dc-4723-9bfa-ef5f366b108f_JOKER,"Mentre ci camminavo, persino l'eco mi stava alla larga."
NPC_BASILTON_PLAYER_c7098bc6-b0dc-4723-9bfa-ef5f366b108f_SCHOLAR,"Percorrendolo, non mi è giunto nulla. Nessuna sensazione, nessun suono."
NPC_BASILTON_PLAYER_c7098bc6-b0dc-4723-9bfa-ef5f366b108f_STOIC,L'ho percorso. Non ho sentito né udito nulla.
NPC_BASILTON_PLAYER_ca55455c-4fc4-4ae1-85b7-eeb18d043dd3_HEROIC,Hai tracciato da solo il tuo cammino. Non attribuire a nessuna divinità il merito di ciò che hai compiuto.
NPC_BASILTON_PLAYER_ca55455c-4fc4-4ae1-85b7-eeb18d043dd3_JOKER,Ringrazia i tuoi piedi. Gli dèi non c'entrano niente.
NPC_BASILTON_PLAYER_ca55455c-4fc4-4ae1-85b7-eeb18d043dd3_SCHOLAR,Il cammino è stato soltanto tuo. Nessuna divinità merita una parte del riconoscimento.
NPC_BASILTON_PLAYER_ca55455c-4fc4-4ae1-85b7-eeb18d043dd3_STOIC,Ti sei fatto strada da solo. Non dare il merito a un dio.
NPC_BASILTON_PLAYER_ccb6fbd0-7482-4f4e-922b-b8d10544d782_HEROIC,"Non dobbiamo indugiare nel passato, se ci porta fuori strada."
NPC_BASILTON_PLAYER_ccb6fbd0-7482-4f4e-922b-b8d10544d782_JOKER,Rimuginare sul passato è un ottimo modo per restarci impantanati.
NPC_BASILTON_PLAYER_ccb6fbd0-7482-4f4e-922b-b8d10544d782_SCHOLAR,Soffermarsi sul passato raramente produce risultati.
NPC_BASILTON_PLAYER_ccb6fbd0-7482-4f4e-922b-b8d10544d782_STOIC,Indugiare nel passato non è mai giusto.
NPC_BASILTON_PLAYER_d0b75738-f20b-4b72-b834-5a990a64db75_BASE,Sei il primo golem che vedo da queste parti.
NPC_BASILTON_PLAYER_d4ddd668-854b-4fb7-b143-64e628949ce3_HEROIC,"Cosa ti turba, Basilton?"
NPC_BASILTON_PLAYER_d4ddd668-854b-4fb7-b143-64e628949ce3_JOKER,"Che ti passa per la testa, Basilton?"
NPC_BASILTON_PLAYER_d4ddd668-854b-4fb7-b143-64e628949ce3_SCHOLAR,"Quale questione ti preoccupa, Basilton?"
NPC_BASILTON_PLAYER_d4ddd668-854b-4fb7-b143-64e628949ce3_STOIC,"Che c'è, Basilton?"
NPC_BASILTON_PLAYER_d8ae8ab9-1e0b-48d5-b56e-0a48c71d2c82_HEROIC,Questa è la tua casa. Non sembra esserci molto per cui vivere.
NPC_BASILTON_PLAYER_d8ae8ab9-1e0b-48d5-b56e-0a48c71d2c82_JOKER,Questa è casa tua. Il divertimento dev'essere sepolto sul retro.
NPC_BASILTON_PLAYER_d8ae8ab9-1e0b-48d5-b56e-0a48c71d2c82_SCHOLAR,Questa è la tua casa. Qui le ore devono trascorrere lentamente.
NPC_BASILTON_PLAYER_d8ae8ab9-1e0b-48d5-b56e-0a48c71d2c82_STOIC,Questa è casa tua. Non c'è molto da fare.
NPC_BASILTON_PLAYER_dee4cc04-cb91-4dec-8401-28b2bbfbd1f9_HEROIC,Conta su di me. Nessun mistero resiste a chi indaga con impegno.
NPC_BASILTON_PLAYER_dee4cc04-cb91-4dec-8401-28b2bbfbd1f9_JOKER,Risolvere questo mistero sembra un bel modo di passare la giornata.
NPC_BASILTON_PLAYER_dee4cc04-cb91-4dec-8401-28b2bbfbd1f9_SCHOLAR,"Un mistero, e mani pronte a mettersi all'opera. Vorrei contribuire a risolverlo."
NPC_BASILTON_PLAYER_dee4cc04-cb91-4dec-8401-28b2bbfbd1f9_STOIC,Ti aiuterò volentieri a risolvere il mistero.
NPC_BASILTON_PLAYER_dfdfghgnbn_BASE,Esci
NPC_BASILTON_PLAYER_e09aaa04-8852-486c-aba0-c6e7181b24c2_HEROIC,Vieni a stare con me. Un giardino prospera con un custode come te.
NPC_BASILTON_PLAYER_e09aaa04-8852-486c-aba0-c6e7181b24c2_JOKER,Vieni da me. Anche un giardino ha bisogno di qualcuno che sappia quel che fa.
NPC_BASILTON_PLAYER_e09aaa04-8852-486c-aba0-c6e7181b24c2_SCHOLAR,Vieni a stare con me. Al mio giardino serve un custode che comprenda ciò che cresce.
NPC_BASILTON_PLAYER_e09aaa04-8852-486c-aba0-c6e7181b24c2_STOIC,Vieni da me. Mi servirebbe un giardiniere come te.
NPC_BASILTON_PLAYER_e2738bc0-741b-4f48-8731-d8042c2d070b_HEROIC,"È un piacere conoscerti, Basilton. Cosa ti porta qui?"
NPC_BASILTON_PLAYER_e2738bc0-741b-4f48-8731-d8042c2d070b_JOKER,"Piacere, Basilton. Ti sei perso per strada?"
NPC_BASILTON_PLAYER_e2738bc0-741b-4f48-8731-d8042c2d070b_SCHOLAR,"Lieto di conoscerti, Basilton. Cosa trattiene un golem in un giardino?"
NPC_BASILTON_PLAYER_e2738bc0-741b-4f48-8731-d8042c2d070b_STOIC,"Piacere, Basilton. Cosa fai qui?"
NPC_BASILTON_PLAYER_e3bd6e44-3ac8-4426-873c-183ec771f4db_BASE,È un giardino interessante.
NPC_BASILTON_PLAYER_e6759de6-519c-4940-a580-31ee23c475b3_HEROIC,Forse onorano chi non c'è più attraverso il ricordo.
NPC_BASILTON_PLAYER_e6759de6-519c-4940-a580-31ee23c475b3_JOKER,"Magari si fermano un momento a ricordare chi non c'è più, in nome dei vecchi tempi."
NPC_BASILTON_PLAYER_e6759de6-519c-4940-a580-31ee23c475b3_SCHOLAR,"Commemorazione, forse. Chi è scomparso attira visitatori in modi singolari."
NPC_BASILTON_PLAYER_e6759de6-519c-4940-a580-31ee23c475b3_STOIC,Forse ricordano chi hanno perduto.
NPC_BASILTON_PLAYER_e6c9bc99-e0e2-4799-9640-754fb9eab801_HEROIC,"Muoviamoci in fretta, ci ritroveremo là."
NPC_BASILTON_PLAYER_e6c9bc99-e0e2-4799-9640-754fb9eab801_JOKER,"Non stiamo qui a girarci i pollici, ci vediamo là."
NPC_BASILTON_PLAYER_e6c9bc99-e0e2-4799-9640-754fb9eab801_SCHOLAR,Facciamo presto. Ti raggiungerò sul posto.
NPC_BASILTON_PLAYER_e6c9bc99-e0e2-4799-9640-754fb9eab801_STOIC,"Presto, andiamo. Ci vediamo là."
NPC_BASILTON_PLAYER_e7e988c8-2e3d-4a3e-bcab-5591922aa77a_HEROIC,"Unisciti a me. Mettiamo fine a questa corruzione, e coltiva ciò che ci servirà per affrontare quanto ci attende."
NPC_BASILTON_PLAYER_e7e988c8-2e3d-4a3e-bcab-5591922aa77a_JOKER,Vieni con me. Spazziamo via questa corruzione e coltiviamo gli ingredienti per quel che ci aspetta.
NPC_BASILTON_PLAYER_e7e988c8-2e3d-4a3e-bcab-5591922aa77a_SCHOLAR,Unisciti a me per porre fine alla corruzione. Coltivare ingredienti per le prossime battaglie sarebbe utile.
NPC_BASILTON_PLAYER_e7e988c8-2e3d-4a3e-bcab-5591922aa77a_STOIC,Unisciti a me contro la corruzione. Puoi coltivare ingredienti per le battaglie future.
NPC_BASILTON_PLAYER_edcf769f-4074-4495-8e6c-333ff93264a8_HEROIC,"Il Santuario, su una montagna nascosta. Nessuna strada vi conduce. Un Varco sì, e te lo aprirò."
NPC_BASILTON_PLAYER_edcf769f-4074-4495-8e6c-333ff93264a8_JOKER,"Una montagna che nessuno riesce a trovare. Comodo. C'è un Varco, e posso insegnargli il tuo nome."
NPC_BASILTON_PLAYER_edcf769f-4074-4495-8e6c-333ff93264a8_SCHOLAR,"Un altopiano celato da antica magia: il Santuario. Le strade non lo raggiungono, un Varco sì. Posso metterti in sintonia con esso."
NPC_BASILTON_PLAYER_edcf769f-4074-4495-8e6c-333ff93264a8_STOIC,"Il Santuario. Una montagna nascosta. Nessuna strada, un Varco. Posso aprirtelo."
NPC_BASILTON_PLAYER_f1bd28b3-1bb8-464e-9a9a-b3412fa032bd_HEROIC,"In fretta, allora. Altri doveri reclamano il mio tempo."
NPC_BASILTON_PLAYER_f1bd28b3-1bb8-464e-9a9a-b3412fa032bd_JOKER,"Sbrigati, allora. Non tiriamola per le lunghe."
NPC_BASILTON_PLAYER_f1bd28b3-1bb8-464e-9a9a-b3412fa032bd_SCHOLAR,"Rapidamente, dunque. La giornata è già impegnata."
NPC_BASILTON_PLAYER_f1bd28b3-1bb8-464e-9a9a-b3412fa032bd_STOIC,"Fa' presto, allora."
NPC_BASILTON_PLAYER_f21f6083-4204-40f0-b97f-91a8c6f8bb06_HEROIC,Che gli stendardi proteggano il tuo giardino da ogni male.
NPC_BASILTON_PLAYER_f21f6083-4204-40f0-b97f-91a8c6f8bb06_JOKER,Speriamo che quegli stendardi facciano scappare chiunque voglia mettere le mani sul tuo giardino.
NPC_BASILTON_PLAYER_f21f6083-4204-40f0-b97f-91a8c6f8bb06_SCHOLAR,Confido che gli stendardi garantiranno la sicurezza del tuo giardino.
NPC_BASILTON_PLAYER_f21f6083-4204-40f0-b97f-91a8c6f8bb06_STOIC,Affida agli stendardi la protezione del giardino.
NPC_BASILTON_PLAYER_fcbe9eae-7e57-429c-8df4-5e1bb8211b50_HEROIC,Cosa ha portato alla tua cattura?
NPC_BASILTON_PLAYER_fcbe9eae-7e57-429c-8df4-5e1bb8211b50_JOKER,"Come ti hanno incastrato, stavolta?"
NPC_BASILTON_PLAYER_fcbe9eae-7e57-429c-8df4-5e1bb8211b50_SCHOLAR,"Ti hanno catturato, dunque. Come ci sono riusciti?"
NPC_BASILTON_PLAYER_fcbe9eae-7e57-429c-8df4-5e1bb8211b50_STOIC,Come ti hanno catturato?
NPC_BASILTON_PLAYER_fe6209d0-bd49-4084-a7ec-5e88e4fa28aa_HEROIC,Siamo in guerra. Non possiamo permetterci di dedicare tempo a simili questioni.
NPC_BASILTON_PLAYER_fe6209d0-bd49-4084-a7ec-5e88e4fa28aa_JOKER,"Siamo in guerra, e il tempo è troppo impegnato a marciare per occuparsi di questo."
NPC_BASILTON_PLAYER_fe6209d0-bd49-4084-a7ec-5e88e4fa28aa_SCHOLAR,Siamo in guerra. I misteri attendano il loro turno.
NPC_BASILTON_PLAYER_fe6209d0-bd49-4084-a7ec-5e88e4fa28aa_STOIC,Siamo in guerra. Non abbiamo tempo per queste cose.
NPC_BASILTON_PLAYER_fe76bb65-ab3c-498c-b84d-dd992b1403ef_HEROIC,Hai piantato tutto questo? Quanto tempo ti ci è voluto?
NPC_BASILTON_PLAYER_fe76bb65-ab3c-498c-b84d-dd992b1403ef_JOKER,Tutta roba tua? Ma quanto ci hai messo?
NPC_BASILTON_PLAYER_fe76bb65-ab3c-498c-b84d-dd992b1403ef_SCHOLAR,Tutto questo è opera tua? Quante stagioni sono occorse?
NPC_BASILTON_PLAYER_fe76bb65-ab3c-498c-b84d-dd992b1403ef_STOIC,Le hai piantate tutte tu? Quanto tempo?
NPC_BASILTON_RESPONSE_0b0215f4-3679-4661-be20-d3eb9cd51640,"""Se vedi soltanto strumenti, da loro ricaverai soltanto utilità.""\n\n*Il tono rimane mite, ma fermo.*\n\n""Preferirei mostrarti la loro generosità e lasciare che sia quella a farti cambiare idea."""
NPC_BASILTON_RESPONSE_11d3e6a4-cf50-4541-adeb-a9c8f3e2f8f7,"""Lo piangerò, come sono certo farà tutta la foresta."""
NPC_BASILTON_RESPONSE_11e1c670-ba18-45f6-959c-5315ce3d6ca2,"""Indugiare per sempre nel passato sarebbe poco saggio. Ma abbandonarlo del tutto? No. La memoria è uno dei modi in cui restiamo fedeli a chi abbiamo perduto.""\n\n\n\n""Mi addolora vederle così. So di non essere gradito in loro presenza, eppure desidero ancora aiutarle.\n\n\n\nNon dirlo a nessuno, ma spesso andavo alle rovine di notte a curare i giovani alberi. Davo loro la mia terra incantata, perché crescessero forti nelle crepe.""\n\n*Abbassa lo sguardo, gravato dalla preoccupazione.*\n\n""Questo prima che i goblin tornassero. Ora hanno divorato quasi tutto, lasciando il luogo spoglio. Restano soltanto le piante nascoste sotto le piastrelle, e senza sole né spazio per crescere non dureranno a lungo."""
NPC_BASILTON_RESPONSE_13226d02-a4df-4ebe-b4d6-1e2f09ff1490,"""No. Un dono rifiutato può ferire quanto un ramo spezzato senza cura. Ricambiano le attenzioni ricevute, e io onoro il loro gesto accettando."""
NPC_BASILTON_RESPONSE_175c62f8-5f8f-46a2-b3df-fe3ebb0d2833,"""Sì. Ci sono stato. La magia è forte, ma gentile. Richiama a sé gli esseri viventi e li acquieta.""\n\n\n\n""Una volta vi camminavo, mentre non vi era nessun altro nei pressi. Ho avvertito la presenza della dea della natura, colei che molti chiamano Ceres.""\n\n*La voce si abbassa, lenta e riverente.*\n\n""Mi ha parlato. Mi ha confortato. Ha elogiato il mio giardino e mi ha detto che ero sulla strada giusta, anche quando la strada non era chiara.\n\nEcco perché tanti visitano quel luogo: creature, spiriti e mortali. È un luogo per tutti."""
NPC_BASILTON_RESPONSE_1af78fa3-f696-40e9-bd96-9070ebbfbe0d,"""Il timore ha il suo posto, ma non lì. Non fra due anime gentili.""\n\n\n\n""Ricordo il giorno in cui trovò per la prima volta il coraggio di passeggiare nel mio giardino.""\n\n*Il sorriso si addolcisce, come se il ricordo avesse riscaldato una vecchia radice dentro di lui.*\n\n""La seguivano tante piccole creature. Gli uccelli si posavano sulle zucche, i conigli si arrampicavano accanto a loro, e nessuno provava a mangiare nulla."""
NPC_BASILTON_RESPONSE_216bea6d-2739-401f-89cd-9666960e3a72,"""Oh… temo che molti abitanti di questa generazione abbiano paura di me. I vecchi mi conoscono ancora. Ma i giovani non hanno conosciuto la foresta come i loro avi, e non conoscono me. Il timore ha il suo posto in questo mondo, ma tra me e gli abitanti del villaggio… no. Quello non è il posto che gli spetta."""
NPC_BASILTON_RESPONSE_252d3aa1-77e7-42e8-8410-f0ad5c01c8b8,"""Indurire il cuore come il corpo? Ma io sono fatto di fango, caro amico. Non sono stato plasmato soltanto per essere duro.""\n\n\n\n""Devo confessarti qualcosa, mio piccolo amico. Non è un segreto oscuro, spero. Soltanto un segreto solitario.\n\n\n\nNe ho parlato solo alle mie piante. Sanno custodire i segreti, anche se da tempo desidero una risposta fatta di parole."""
NPC_BASILTON_RESPONSE_26fabd67-9ffc-4cce-bc35-57d797b19e94,"""Ma certamente. Questo è il mio fedele amico, Acorn. Gli ho dato io il nome. La sua origine è tutta qui."""
NPC_BASILTON_RESPONSE_2a44d60e-5733-4f7f-bc37-9db83582cf5c,"""Con gli stendardi protettivi, credo di no. Hanno attaccato perché la corruzione celava la mia presenza, mi faceva apparire più debole alle loro menti malvagie.""\n\n*Il petto si solleva mentre ritrova una postura salda.*\n\n""Ora sapranno che sono qui. Il timore li terrà lontani."""
NPC_BASILTON_RESPONSE_2e31f02c-ac7a-45b2-bfc9-3fd02c3e1aa7,"""Ah. Un ascolto gentile. Non lo sprecherò.""\n\n\n\n*Basilton rilassa le spalle. Acorn si muove sulla sua spalla. Basilton tiene fermo con un dito un tralcio pendente.*\n\n""Il vento incontra la foglia, la foglia resiste e il vento ne viene mutato. Due cose si toccano, ed entrambe prendono nuova forma. È in quel mutamento che ha inizio la crescita."""
NPC_BASILTON_RESPONSE_2f4ea261-c4cc-477b-a2b1-ba7383e7e6d4,"""Mi rallegra molto sentirlo.""\n\n\n\n""La cura non è mai sprecata, mio caro eroe. Né sulla terra, né sui semi, né su alcun essere vivente che desideri ancora crescere.\n\n\n\nOgni pianta dona a modo suo. Trova quelle i cui doni contano di più per te e abbine cura come di compagne di cammino."""
NPC_BASILTON_RESPONSE_2f517ba6-9c53-41c5-9d87-3f7118f8b6e1,"""Così dicono in molti. Eppure ogni cosa importante che conosco è nata da qualcosa di piccolo nella terra. Ti auguro una buona giornata, amico."""
NPC_BASILTON_RESPONSE_2fb326b0-8f4e-40eb-b1fc-02503a866ad5,"""Bene. Sarò qui vicino, se vorrai condividere ciò che affiora nella tua mente. Questo luogo ha aiutato i miei pensieri a mettere radici."""
NPC_BASILTON_RESPONSE_305b2f6f-4658-4ad6-a46b-a6668fd7f173,"*Basilton si raddrizza subito, e la sua grande figura si anima di quieto orgoglio.*\n\n""Vorresti passeggiare nel giardino? Potrei fare le dovute presentazioni. Tender, Plump, Rosary, Dandelion… ciascuno ha il proprio carattere.""\n\n""Le piante sono esseri generosi. Dona loro pazienza, acqua, un poco di riparo. Rispondono con foglie e frutti, semi e ombra."""
NPC_BASILTON_RESPONSE_328ad7fe-7ac6-44ed-a5d8-3ddab32ba032,"""Sì. L'amicizia di Myrll è stata una grande gentilezza per Acorn e per me.""\n\n\n\n""Ricordo il giorno in cui trovò per la prima volta il coraggio di passeggiare nel mio giardino.""\n\n*Il sorriso si addolcisce, come se il ricordo avesse riscaldato una vecchia radice dentro di lui.*\n\n""La seguivano tante piccole creature. Gli uccelli si posavano sulle zucche, i conigli si arrampicavano accanto a loro, e nessuno provava a mangiare nulla."""
NPC_BASILTON_RESPONSE_33000159-2226-49b8-a6a6-e3afe775585a,"""Credo che lo abbia fatto. Myrll è così premurosa.""\n\n*Apre appena la mano, ricordandone il peso.*\n\n""Dopo la passeggiata ho dato loro le bacche del mio giardino, e hanno mangiato dalla mia mano. Bei ricordi."""
NPC_BASILTON_RESPONSE_34626d91-8cab-45f8-8904-ec23c3cb6acc,"*Gli occhi luminosi di Basilton si alzano a quel nome, e la terra del suo volto si muove in un sorriso ampio e affettuoso.*\n\n""Ah, Myrll. Sì, la conosco. Un'anima gentile. In tutti i miei anni fra questi boschi, le altre driadi si sono limitate a guardare il mio giardino. Lei sola è venuta a sedersi al suo interno. Il suo cuore è una terra molto gentile."""
NPC_BASILTON_RESPONSE_34afd513-6828-4a5d-9749-7fefff1548b7,"""I goblin, sì.""\n\n*La voce si indurisce per un istante, poi si addolcisce.*\n\n""Ma sei stato comunque tu a portare qui questa gentilezza. Riscalda la mia terra.""\n\n\n\n""Concediti un poco di tempo qui. Siediti, se vuoi. Lascia posare i pensieri e respira l'aria e il polline, dolci di terra umida e fiori selvatici. Sei il benvenuto nel mio giardino, ogni volta che tornerai."""
NPC_BASILTON_RESPONSE_34e60f8f-37f4-48ee-a9f8-892ddd6d3a92,"""Una buona miscela. Molte cose belle hanno inizio così.""\n\n\n\n""Da allora sono accadute molte cose. Ti ringrazio di avermi invitato qui. Sono grato di avere un posto, un nuovo giardino e nuovi amici.\n\n\n\nEppure piango ancora ciò che ho perduto. Nel vento le foglie possono volare in una sola direzione, ma il cuore può essere mosso in due direzioni insieme. Interessante, non trovi?"""
NPC_BASILTON_RESPONSE_37a166d1-f5e8-4180-a4a0-a15712116c1a,"""Credo che sarà così, almeno per un breve periodo."""
NPC_BASILTON_RESPONSE_3846ac18-be90-4dc6-9961-4cc0c16a3ef4,"""Vedi giusto. Un giardino è un buon maestro, se si ha pazienza.""\n\n\n\n""Purtroppo, le mie piante attraversano un momento di grande bisogno. Il mio vecchio amico Befr non è venuto a trovarmi di recente e non ha portato il fertilizzante di cui hanno bisogno per prosperare. La terra è sempre più corrotta. Senza il fertilizzante, molte moriranno ben prima del loro tempo."""
NPC_BASILTON_RESPONSE_391a2556-0870-4df3-8dcd-af03281fb0f3,"""Restare immobile come una roccia ha la sua utilità, sai. Le rocce trattengono la terra e segnano i sentieri. Le piccole creature riposano al sicuro contro di esse.""\n\n\n\n""Sento la terra di questo luogo. Ha fame, povera cosa. Una terra affamata limita quanto si può coltivare.\n\n\n\nLa nutrirò. Con tempo e cura, potrai piantare molti più semi. A proposito di semi, Acorn e io possiamo venderti quelli che troviamo, anche se all'inizio la nostra scorta sarà modesta."""
NPC_BASILTON_RESPONSE_3cbce591-68cb-453e-8a85-0fbc80545925,"""No, non cambia nulla. Un albero grande e uno piccolo sono entrambi alberi. Eppure… ci si può domandare perché uno sia cresciuto in modo tanto diverso.""\n\n\n\n""E vi è anche questo: sono nato a Wildwood, eppure non ho mai sentito di un altro golem nato qui. Neppure uno.\n\n\n\nPerciò ti chiedo aiuto. La risposta non cambierà ciò che devo fare. Ma una vita dovrebbe conoscere la propria origine, se può. Sei diventato qualcuno a cui posso affidare questo desiderio."""
NPC_BASILTON_RESPONSE_40e6ca7a-6250-4608-bfda-13384aed47d1,"""Orribile… hm. Una parola forte per un luogo che custodisce ancora bellezza. Forse tragico è il termine più adatto.""\n\n\n\n""Ho visto le driadi venire da sole alla Corte dei Frammenti. Non parlano. Piantano giovani alberi dove le piastrelle si sono crepate e pregano come se la pietra stessa ricordasse.\n\n\n\nNon so cosa sia accaduto lì. Ma quel luogo porta con sé dolore, e sembra che loro lo portino dentro."""
NPC_BASILTON_RESPONSE_430e0a38-0bc7-42cb-a0f9-5d9bf320b315,"""Hmm. 'Golem.' Sì, è così che chiamano quelli come me. Non ne ho visto un altro in questi boschi, in tutti i miei anni. Qui sono il solo della mia specie, di questo sono certo."""
NPC_BASILTON_RESPONSE_43cb1cd6-58d0-4f5c-b85e-5fb09c5860ff,"""Un Varco… la magia degli Antichi.""\n\n*Gli occhi si socchiudono appena, pensierosi più che timorosi.*\n\n""Sono trascorse molte generazioni da quando ho visto un'arte simile all'opera. Eppure eccola di nuovo, in questi giorni travagliati.""\n\n*Si volta verso ciò che resta del giardino. Acorn gli corre lungo il braccio e si sistema sulla spalla.*\n\n""Concedimi un momento per salutare la mia casa e le piccole vite di cui mi sono preso cura qui. Poi ti raggiungeremo nella nostra nuova casa.""\n\n""Addio, caro amico."""
NPC_BASILTON_RESPONSE_4790ecdf-ca7e-4994-bc26-6552950d3dde,"""Sì. È un luogo per chi sa sentire la bellezza e lasciare che trovi dimora dentro di sé."""
NPC_BASILTON_RESPONSE_480f9e0c-708f-41f8-956b-a4842017dcce,"""Se abbandoniamo chi amiamo per combattere i nostri avversari, potremmo scoprire di non avere più nulla per cui lottare, amico. Ti prego, se trovi un modo per proteggere il giardino dalla corruzione, torna da me."""
NPC_BASILTON_RESPONSE_4a003ede-e969-4299-b848-c0a72d21c69f,"""Volevano che il mio dolore diventasse rabbia, e la mia rabbia una lama.""\n\n*Basilton china il capo, trascinando le parole come terra bagnata.*\n\n""Per abbattere le mura di Earlwood… uccidere i miei amici del villaggio… e uccidere te.""\n\n\n\n""Io… devo confessarlo. Non so cosa mi attenda, né dove dovrei andare.""\n\n*Il suo sguardo indugia sulla devastazione, poi si abbassa.*\n\n""Non posso restare qui. La foresta si è rivoltata contro di me. La mia casa è distrutta, e il villaggio teme ancora ciò che sono.""\n\n*Basilton si lascia andare all'indietro, come se quel peso lo avesse infine raggiunto. Acorn gli sale sul ginocchio e guarda in su, piccolo e irrequieto.*\n\n""Non vi è posto per me."""
NPC_BASILTON_RESPONSE_545a3968-43d4-4917-b739-9746b8b443ff,"""È un incontro degli spiriti della foresta, un consiglio aperto. Un luogo dove la gente della foresta viene a parlare, e i boschi sono chiamati ad ascoltare."""
NPC_BASILTON_RESPONSE_59624858-8acf-44a0-b451-ca742c22013b,"""Non molto, ai tuoi occhi. Ma vi è sempre qualcosa di cui prendersi cura, e sempre qualcosa da imparare.""\n\n\n\n""Purtroppo, le mie piante attraversano un momento di grande bisogno. Il mio vecchio amico Befr non è venuto a trovarmi di recente e non ha portato il fertilizzante di cui hanno bisogno per prosperare. La terra è sempre più corrotta. Senza il fertilizzante, molte moriranno ben prima del loro tempo."""
NPC_BASILTON_RESPONSE_5d2b31d3-08a7-45db-bf33-77cb2fe4bf80,"""Questo giardino non desiderava nuocere ad alcuno. Neppure una spina avvelenata, neppure una radice fuori posto…""\n\n*Solleva con cura una pianta morta. Acorn gli scende lungo il braccio e la tocca con le zampette, come se rifiutasse di accettarne l'immobilità.*\n\n""E ora… questo.""\n\n\n\n*Basilton avvicina a sé la pianta morta, come per proteggerla dalla vista di ciò che li circonda. Acorn si appoggia al pollice di Basilton per tenersi in equilibrio.*\n\n""Lo ricordo quando era un germoglio, tanto piccolo da nascondersi nella terra sulla mia schiena.""\n\n*Chiude gli occhi e inclina il capo all'indietro, cercando una stagione più gentile.*\n\n""Acorn mi diceva quando era il momento di voltarlo verso il sole…"""
NPC_BASILTON_RESPONSE_6442decc-71f3-43d1-80df-14900fa2489d,"""Una bestia può essere fatta per la battaglia. Ma io non sono soltanto forza.""\n\n*Apre una grande mano, con la terra scura nei solchi del palmo.*\n\n""Sono fango, radici e terra paziente. Quale cosa migliore potrei fare che aiutare la vita a crescere?"""
NPC_BASILTON_RESPONSE_67531a61-b067-4ddc-9ed2-84ca3b20bb81,"""È stata la mia verità più salda. Le cure offerte ritornano, anche se non sempre come ci aspettiamo.""\n\n*Gli occhi si addolciscono di gratitudine.*\n\n""Grazie per avermi dato un luogo dove continuare a dimostrarlo."""
NPC_BASILTON_RESPONSE_687b3a89-a4ea-4a3f-91e8-72332d9cfcfe,"""Andrò. E non mi lascerò più cogliere così alla sprovvista. Addio."""
NPC_BASILTON_RESPONSE_6d799be7-edc0-4719-b15f-f24485688c58,"""Che domanda. Chi non ha bisogno di piante? Cibo e medicine, e anche conforto. Saziano molte forme di fame.""\n\n\n\n""La cura non è mai sprecata, mio caro eroe. Né sulla terra, né sui semi, né su alcun essere vivente che desideri ancora crescere.\n\n\n\nOgni pianta dona a modo suo. Trova quelle i cui doni contano di più per te e abbine cura come di compagne di cammino."""
NPC_BASILTON_RESPONSE_708237d9-6d3a-49c0-b687-92f000476ba5,"*Il capo di Basilton ricade, poi si solleva di nuovo, con fermezza.*\n\n""No. Questo è il luogo a cui appartengo."""
NPC_BASILTON_RESPONSE_740e704f-09f2-47bf-a543-27699e0fa3b1,"""Inutile? No. Una cosa può essere silenziosa e custodire ugualmente potere. La magia di quel luogo è forte, e calma chi si avvicina.""\n\n\n\n""Una volta vi camminavo, mentre non vi era nessun altro nei pressi. Ho avvertito la presenza della dea della natura, colei che molti chiamano Ceres.""\n\n*La voce si abbassa, lenta e riverente.*\n\n""Mi ha parlato. Mi ha confortato. Ha elogiato il mio giardino e mi ha detto che ero sulla strada giusta, anche quando la strada non era chiara.\n\nEcco perché tanti visitano quel luogo: creature, spiriti e mortali. È un luogo per tutti."""
NPC_BASILTON_RESPONSE_75a0c3eb-8342-444d-a140-8e0d8e3e3ea5,"""Temo che tu sospetti già la risposta. Tuttavia, la dirò.""\n\n\n\n""È quella corruzione, opera dei Dei Oscuri. Si insinua nella terra come le radici di un albero velenoso, e cerca di mutare tutto ciò che tocca.""\n\n*Gli occhi si offuscano appena e l'attenzione passa per un istante ad Acorn prima di tornare su di te.*\n\n""Neppure Acorn ne è immune. A volte sente il desiderio di distruggere, di strappare le piante. Finché resta vicino a me, è protetto.""\n\n*Basilton si fa immobile, come se scegliesse le parole più semplici.*\n\n""Le piante… non posso proteggerle allo stesso modo. Anche quando le porto dentro di me, non serve a nulla…"""
NPC_BASILTON_RESPONSE_7962a3ac-5b55-4c90-becc-abd9a998025e,"""Forse è così. La terra custodisce molte parole, se la si lascia posare. Ma sarò semplice. Questo luogo è la mia casa.""\n\n\n\n*Basilton indica il giardino con un lento movimento del braccio, pesante come un tronco caduto, eppure guidato con cauta misura. I rampicanti sulla pietra del suo corpo si spostano mentre si muove.*\n\n""Benvenuto nel mio umile giardino, luogo di riposo e contemplazione. Ho piantato ciascuna di queste piante. Per molte generazioni le ho viste crescere, morire e lasciare discendenti che prendessero il loro posto."""
NPC_BASILTON_RESPONSE_7b9a5abf-e723-421b-9a3d-c08050a623fd,"""Grazie, caro amico. Mi rallegra sapere che il giardino può essere visto come lo vedo io."""
NPC_BASILTON_RESPONSE_7e2296ff-7a24-4a1e-939f-49d8362a6030,"*Basilton volta lentamente il capo, come se la domanda avesse smosso una radice sepolta in fondo alla memoria.*\n\n""So soltanto poco. La tavoletta era già antica quando ho aperto gli occhi sulla foresta. È scritta in elfico antico, la lingua che le driadi sembrano comprendere. Potresti chiedere a loro, anche se ultimamente il dolore e il timore le hanno rese poco disposte ad ascoltare."""
NPC_BASILTON_RESPONSE_7e971177-c316-403e-be28-c6e2e7d021c2,"*Gli occhi luminosi di Basilton si spalancano, e la loro luce si intensifica per un istante prima di tornare quieta.*\n\n""Il mio fertilizzante… lo hai riportato. Grazie, amico. Il mio giardino respirerà meglio, e le mie fedeli piante non si spegneranno prima del loro tempo."""
NPC_BASILTON_RESPONSE_7f6db6b7-e733-41aa-9de5-7c4132759897,"""Nella mia lunga vita non ho mai dimenticato ciò di cui mi sono preso cura.""\n\n*La mano si stringe attorno allo stelo, attenta a non schiacciarlo.*\n\n""Anche quando la mente non riesce a custodirli, la terra lo fa ancora.""\n\n\n\n""Io… devo confessarlo. Non so cosa mi attenda, né dove dovrei andare.""\n\n*Il suo sguardo indugia sulla devastazione, poi si abbassa.*\n\n""Non posso restare qui. La foresta si è rivoltata contro di me. La mia casa è distrutta, e il villaggio teme ancora ciò che sono.""\n\n*Basilton si lascia andare all'indietro, come se quel peso lo avesse infine raggiunto. Acorn gli sale sul ginocchio e guarda in su, piccolo e irrequieto.*\n\n""Non vi è posto per me."""
NPC_BASILTON_RESPONSE_87db223b-941b-49fb-b64a-889ee6f1bc76,"""Non soltanto loro. Le protezioni… riconosco che sono state spezzate dalla magia delle driadi.""\n\n*Le dita si chiudono attorno a una pianta morta, sollevandola delicatamente dalla terra.*\n\n""Questo giardino non desiderava nuocere ad alcuno. Neppure una spina avvelenata, neppure una radice fuori posto…""\n\n\n\n*Basilton avvicina a sé la pianta morta, come per proteggerla dalla vista di ciò che li circonda. Acorn si appoggia al pollice di Basilton per tenersi in equilibrio.*\n\n""Lo ricordo quando era un germoglio, tanto piccolo da nascondersi nella terra sulla mia schiena.""\n\n*Chiude gli occhi e inclina il capo all'indietro, cercando una stagione più gentile.*\n\n""Acorn mi diceva quando era il momento di voltarlo verso il sole…"""
NPC_BASILTON_RESPONSE_8a556fd0-ecb9-42d1-86a3-fa065dc00f9c,"""Non molti, temo. Lino, per cominciare. Ma se mi porterai altre provviste, potrei riuscire a procurare semi migliori."""
NPC_BASILTON_RESPONSE_8e202abf-a63c-487b-9d71-ae994a5d4232,"""Un nome. Sì. Ti ho sentito, anche se ho risposto male. Sono Basilton.""\n\n\n\n*Lo sguardo di Basilton si leva per un momento, come cercando un ricordo fra le chiome. Una grande mano si posa sul petto, con le dita semiaffondate nel muschio.*\n\n""I mortali mi chiamano Basilton. Non ricordo da dove abbia avuto origine il nome. Mi fu dato molto tempo fa, e il tempo ne ha cancellato le tracce. Se non riusciamo a risalire all'inizio di una cosa… significa che è sempre esistita, o soltanto che il nostro sapere è limitato? Non sappiamo risalire neppure al primo passo degli dèi. Sono sempre stati qui… o siamo semplicemente arrivati tardi nella storia?"""
NPC_BASILTON_RESPONSE_8fbe45fa-c385-4cf6-a2dd-f3fc9da678dd,"""Stolto sarebbe fuggire e lasciare che questo luogo venga conquistato.""\n\n\n\n""E tu hai collocato gli stendardi protettivi. Non potrò mai ringraziarti abbastanza. Sento già la corruzione ritirarsi.""\n\n*I suoi occhi luminosi si volgono verso la foresta.*\n\n""Sa che questo non è il suo posto. Sa di non poter entrare. Eppure cerca ancora una via…""\n\n*Si fa immobile, come in ascolto di ciò che verrà dopo il silenzio.*\n\n""La corruzione continuerà a saggiare il confine. Se gli stendardi si indeboliranno, cercherò il Raduno della Foresta e chiederò il loro riparo e la loro forza."""
NPC_BASILTON_RESPONSE_91674dcc-f2e8-45f5-a98f-d7c0c405ea36,"""Forse. Eppure ciò che tu giudichi insignificante è vita che lotta. Ascoltami un momento, poi va' dove devi.""\n\n\n\n""È quella corruzione, opera dei Dei Oscuri. Si insinua nella terra come le radici di un albero velenoso, e cerca di mutare tutto ciò che tocca.""\n\n*Gli occhi si offuscano appena e l'attenzione passa per un istante ad Acorn prima di tornare su di te.*\n\n""Neppure Acorn ne è immune. A volte sente il desiderio di distruggere, di strappare le piante. Finché resta vicino a me, è protetto.""\n\n*Basilton si fa immobile, come se scegliesse le parole più semplici.*\n\n""Le piante… non posso proteggerle allo stesso modo. Anche quando le porto dentro di me, non serve a nulla…"""
NPC_BASILTON_RESPONSE_929e3ffa-1418-4b8f-b7b8-a81ff7620363,"""Lo faresti? Allora Acorn e io ti considereremmo un caro amico. Befr dimora ancora nel villaggio. Va' da lui e chiedigli del mio giardino."""
NPC_BASILTON_RESPONSE_94fe520a-dd57-4da7-bfc0-a741866dd359,"""Sì. È importante. Un seme può crescere anche senza conoscere il proprio nome, ma io vorrei sapere da quale radice provengo.""\n\n\n\n""E vi è anche questo: sono nato a Wildwood, eppure non ho mai sentito di un altro golem nato qui. Neppure uno.\n\n\n\nPerciò ti chiedo aiuto. La risposta non cambierà ciò che devo fare. Ma una vita dovrebbe conoscere la propria origine, se può. Sei diventato qualcuno a cui posso affidare questo desiderio."""
NPC_BASILTON_RESPONSE_985bf850-6a9c-4d23-b75a-c11a553dc499,"""I goblin. Non vengono qui. Mi temono, e quel timore li tiene ai margini. Il timore ha il suo posto in questo mondo. Fra il mio giardino e quegli esseri è il luogo giusto in cui può dimorare.""\n\n\n\n""Purtroppo, le mie piante attraversano un momento di grande bisogno. Il mio vecchio amico Befr non è venuto a trovarmi di recente e non ha portato il fertilizzante di cui hanno bisogno per prosperare. La terra è sempre più corrotta. Senza il fertilizzante, molte moriranno ben prima del loro tempo."""
NPC_BASILTON_RESPONSE_9a092766-4aa3-4a88-8bf6-50fb8edde87a,"""Allora va' dove devi. L'offerta rimane. Sei il benvenuto qui, ogni volta che tornerai."""
NPC_BASILTON_RESPONSE_9f1b3952-c9b3-4d7e-895e-2b77ba5d011d,"""Sono andato a parlare al Raduno della Foresta. In tutta la mia vita non mi era mai stato concesso di partecipare. Questa volta mi hanno accolto.""\n\n*La mano si chiude a pugno, con un gesto trattenuto ma feroce.*\n\n""Eppure… sembra che fosse tutto un inganno.""\n\n\n\n*Gli occhi di Basilton si spalancano, poi si velano di preoccupazione, come se i pensieri fossero corsi avanti.*\n\n""Il mio giardino… sono rimasto lontano troppo a lungo. Senza la mia presenza, senza la mia protezione, qualunque cosa potrebbe avervi messo radici. Devo tornare."""
NPC_BASILTON_RESPONSE_a18b83cd-0098-4c45-8b5c-613d8c133c3e,"""La conosco. L'ho vista molte volte, in molti cicli. Nel fluire del tempo potrebbe avere un suo posto, ma ne oltrepassa sempre i confini e cerca di dominare ogni cosa.""\n\n*Espira lentamente, come tornando in sé.*\n\n""Ah. Mi sono allontanato dall'argomento. Sì, la conosco."""
NPC_BASILTON_RESPONSE_a2d5853a-5118-4e88-bd4b-7db6bb01acd6,"""Era perduto, e aveva bisogno di misericordia. Lo comprendo. Ma non sminuirlo chiamandolo soltanto una bestia.""\n\n\n\n""Non lo conoscevo... non come un amico ne conosce un altro. Eppure penso che lui conoscesse me.\n\n\n\nRicordi quando ti ho raccontato come è nato il mio giardino? Allora ero smarrito, senza uno scopo, quando ho trovato questo luogo e i primi semi sparsi qui.""\n\n*Lo sguardo di Basilton vaga, seguendo nell'aria un vecchio ricordo.*\n\n""Quel giorno ho avvertito una presenza potente nei paraggi. Ho visto fra le foglie la sagoma che molti dicono riveli il suo passaggio. Credo abbia lasciato quei semi per me, o li abbia fatti lasciare, come un gesto silenzioso per guidarmi verso il mio scopo.\n\n\n\nPur non avendolo mai incontrato, penso che vegliasse su di me."""
NPC_BASILTON_RESPONSE_a2f84a8c-66aa-4c0f-b149-dec932ffb6c2,"""Non lo so con esattezza. Il tempo e io non abbiamo mai avuto un'amicizia ordinata. Ma vivevo nella foresta prima che arrivassero i primi coloni di Earlwood. Molto prima."""
NPC_BASILTON_RESPONSE_a513923a-30cd-47b9-8ced-8b2784b6c3d7,"""In fretta, dunque. O con la fretta con cui una vecchia radice riesce a districarsi.""\n\n\n\n""È… difficile dirlo ad alta voce. Non so davvero che cosa sono.\n\n\n\nLa gente mi chiama golem, e forse è abbastanza corretto. Eppure non ne ho mai incontrato uno della mia taglia, né uno che abbia vissuto quanto sembra abbia vissuto io. Befr dice che i golem comuni non durano tanto."""
NPC_BASILTON_RESPONSE_a54645ee-2c55-4870-9b72-5d58c15dbc1d,"""Hmm. Pensavo a te, mio piccolo amico. Alla prima volta che mi hai guardato e hai scelto di avvicinarti.\n\n\n\nI più vedono la mia mole prima di vedere me. Tu non lo hai fatto, oppure non hai lasciato che ti fermasse. Mi domando cosa ti abbia mosso allora: curiosità, coraggio, gentilezza… forse tutti e tre."""
NPC_BASILTON_RESPONSE_a9855c55-fd5f-4c17-ac5a-eed31cc091b7,"""Anche tu lo chiami amico? È una cosa bella. Conosco Befr da molto tempo. Un essere buono dovrebbe tornare in molti luoghi, lasciando ciascuno un poco migliore. Befr cerca di farlo."""
NPC_BASILTON_RESPONSE_ab16ccb3-3709-4c53-a438-d9546a42b46d,"*Le spalle di Basilton si abbassano, pesanti di delusione.*\n\n""Uno spreco? No. Un giardino è tempo restituito in fiore.""\n\n\n\n""Ho cominciato poco dopo il mio primo risveglio al mondo. O forse molto dopo. La memoria è una terra strana. Alcune radici si allungano più di quanto dovrebbero, altre svaniscono nell'oscurità.""\n\n""Allora ero solo. Non conoscevo il mio posto, e le creature della foresta non sapevano ancora cosa pensare di me.""\n\n""Poi ho trovato dei semi qui, in attesa, come se qualcuno li avesse posati per me.""\n\n*La voce di Basilton si addolcisce, pensosa più che sicura.*\n\n""Li ho messi nella terra del mio corpo e sono cresciuti. Ben presto riuscivo a sentirli, quieti e vivi. Da lì è nato il giardino."""
NPC_BASILTON_RESPONSE_ac8238a2-2284-48ed-8065-1ca3f30569cc,"""Comprendo. Il mondo preme forte quando si è piccoli. Allora sarò breve.""\n\n\n\n*Basilton rilassa le spalle. Acorn si muove sulla sua spalla. Basilton tiene fermo con un dito un tralcio pendente.*\n\n""Il vento incontra la foglia, la foglia resiste e il vento ne viene mutato. Due cose si toccano, ed entrambe prendono nuova forma. È in quel mutamento che ha inizio la crescita."""
NPC_BASILTON_RESPONSE_acf86ff2-8dc8-445c-8470-ae304afc020e,"""Sì. Un nome dà a una cosa un posto nel cuore. Le creature che camminano non sono le sole ad avere bisogno di questa cura."""
NPC_BASILTON_RESPONSE_b2ecbab0-dc07-4ebe-9490-f08b38f3446e,"""Sì. Prima le ho portate nella terra del mio corpo. Poi, quando erano pronte, le ho affidate al suolo.""\n\n\n\n""Ho cominciato poco dopo il mio primo risveglio al mondo. O forse molto dopo. La memoria è una terra strana. Alcune radici si allungano più di quanto dovrebbero, altre svaniscono nell'oscurità.""\n\n""Allora ero solo. Non conoscevo il mio posto, e le creature della foresta non sapevano ancora cosa pensare di me.""\n\n""Poi ho trovato dei semi qui, in attesa, come se qualcuno li avesse posati per me.""\n\n*La voce di Basilton si addolcisce, pensosa più che sicura.*\n\n""Li ho messi nella terra del mio corpo e sono cresciuti. Ben presto riuscivo a sentirli, quieti e vivi. Da lì è nato il giardino."""
NPC_BASILTON_RESPONSE_b48ae43e-2e17-4748-819f-6072170c34d6,"""No. Non mi colpisce.""\n\n*Gira la mano, con il palmo verso l'esterno, come lasciando scivolare via qualcosa.*\n\n""Rimbalza via, come api contro la corteccia.""\n\n""Qualunque cosa mi animi, è una magia più forte della sua, almeno finché i suoi padroni sono lontani."""
NPC_BASILTON_RESPONSE_b6c4e38d-7fe5-42b5-bd88-48b3c9b764ce,"""Hm. Ma se non proteggiamo le piccole gioie della vita e i ricordi che vi hanno radici, per cos'altro possiamo lottare? Un pensiero da portare con te."""
NPC_BASILTON_RESPONSE_b73f69ce-5a24-4fb2-841f-6b31cfa9501e,"""Mi attribuisci troppo merito, e troppo poco al mondo invisibile. Il nostro cammino e le mani che ci guidano sono spesso radici dello stesso albero."""
NPC_BASILTON_RESPONSE_be580fa6-9b3d-45a4-a167-eaa7299688f1,"*Basilton abbassa il capo, unendo dolore e risolutezza.*\n\n""Allora cercherò in silenzio, quando potrò. La guerra non rende la domanda meno importante. Rende soltanto più difficile trovare il tempo."""
NPC_BASILTON_RESPONSE_be5fc160-8ef3-400f-84fa-b626afc407e6,"""Me lo sono domandato anche io. Guardavano da lontano, ma non si avvicinavano.""\n\n\n\n""Venivano ai margini del giardino e guardavano dentro. Quando alzavo una mano in segno di saluto, fuggivano.\n\n\n\nCosì ho imparato una piccola cosa triste: amavano di più il giardino quando io non vi ero. Se me lo avessero chiesto, mi sarei allontanato. La bellezza non dovrebbe essere negata agli altri perché ne temono il custode."""
NPC_BASILTON_RESPONSE_bf59a7f5-8f05-4499-9c8a-a0cba4646a76,"*Un barlume di speranza attraversa il dolore nei suoi occhi.*\n\n""Un giardino tuo… e un posto per me al suo interno?""\n\n\n\n""Sì… questa è la strada giusta per me, ora.""\n\n*Si raddrizza, assumendo una postura risoluta.*\n\n""Dimmi dove si trova la tua casa, e verrò."""
NPC_BASILTON_RESPONSE_c24bf2c5-e03f-40f3-ac68-f9c940515da0,"""Forse è così. Le driadi hanno una storia antica, e le storie antiche raccolgono molti nomi per il dolore.""\n\n\n\n""Mi addolora vederle così. So di non essere gradito in loro presenza, eppure desidero ancora aiutarle.\n\n\n\nNon dirlo a nessuno, ma spesso andavo alle rovine di notte a curare i giovani alberi. Davo loro la mia terra incantata, perché crescessero forti nelle crepe.""\n\n*Abbassa lo sguardo, gravato dalla preoccupazione.*\n\n""Questo prima che i goblin tornassero. Ora hanno divorato quasi tutto, lasciando il luogo spoglio. Restano soltanto le piante nascoste sotto le piastrelle, e senza sole né spazio per crescere non dureranno a lungo."""
NPC_BASILTON_RESPONSE_c31246bb-ae92-47b6-adbb-dd6600f4355d,"""No. Eppure… questa risposta non è del tutto sincera.""\n\n\n\n""Non lo conoscevo... non come un amico ne conosce un altro. Eppure penso che lui conoscesse me.\n\n\n\nRicordi quando ti ho raccontato come è nato il mio giardino? Allora ero smarrito, senza uno scopo, quando ho trovato questo luogo e i primi semi sparsi qui.""\n\n*Lo sguardo di Basilton vaga, seguendo nell'aria un vecchio ricordo.*\n\n""Quel giorno ho avvertito una presenza potente nei paraggi. Ho visto fra le foglie la sagoma che molti dicono riveli il suo passaggio. Credo abbia lasciato quei semi per me, o li abbia fatti lasciare, come un gesto silenzioso per guidarmi verso il mio scopo.\n\n\n\nPur non avendolo mai incontrato, penso che vegliasse su di me."""
NPC_BASILTON_RESPONSE_c4808bfb-e454-4aa6-9682-e37be135e0d6,"""Hm. Sì. È così. In tutti i miei anni, i goblin sono stati una piaga. Non ne ho mai visto uno mostrare gentilezza o premura. Neppure una volta."""
NPC_BASILTON_RESPONSE_c77536b5-e406-4ecf-96aa-979b38173618,"*Basilton si ferma, la sua grande figura si fa quieta. Inclina il capo all'indietro, poi lo abbassa lentamente, come se il dolore fosse penetrato in lui come pioggia nella terra.*\n\n""La foresta lo sapeva prima di me. Ho sentito il cambiamento nelle sue radici.""\n\n*Ti guarda, addolorato ma saldo.*\n\n""E ora tu gli dai parole. So che cosa era diventato."""
NPC_BASILTON_RESPONSE_cc9c1687-a3ee-4fb3-ba6e-52c572c5a650,"""Le rovine? Hm. Non molto, temo. Soltanto un nome sussurrato: la Corte dei Frammenti. Befr mi disse una volta che era una dimora degli antichi elfi.\n\n\n\nEra qui molto prima di me. Dovevano essere davvero antichi, per aver vissuto prima che io aprissi gli occhi sulla foresta."""
NPC_BASILTON_RESPONSE_ce2b2fe2-9b7b-433c-8fd0-4f6905876f16,"*La bocca di fango di Basilton si addolcisce in un sorriso.*\n\n""Quella gentilezza giunge in profondità. Grazie, mio caro piccolo amico."""
NPC_BASILTON_RESPONSE_cf8f34df-05d3-4b45-a106-541639591633,"""E io sono lieto di averti incontrato, nuovo amico.""\n\n\n\n""Concediti un poco di tempo qui. Siediti, se vuoi. Lascia posare i pensieri e respira l'aria e il polline, dolci di terra umida e fiori selvatici. Sei il benvenuto nel mio giardino, ogni volta che tornerai."""
NPC_BASILTON_RESPONSE_d6b7b3fe-9dc7-426a-a94e-eaba09feb2b3,"""Sì. E anche i miei amici sono illesi, perché ti sei frapposto fra loro e il pericolo.""\n\n\n\n""E tu hai collocato gli stendardi protettivi. Non potrò mai ringraziarti abbastanza. Sento già la corruzione ritirarsi.""\n\n*I suoi occhi luminosi si volgono verso la foresta.*\n\n""Sa che questo non è il suo posto. Sa di non poter entrare. Eppure cerca ancora una via…""\n\n*Si fa immobile, come in ascolto di ciò che verrà dopo il silenzio.*\n\n""La corruzione continuerà a saggiare il confine. Se gli stendardi si indeboliranno, cercherò il Raduno della Foresta e chiederò il loro riparo e la loro forza."""
NPC_BASILTON_RESPONSE_d968e059-9e17-4da9-a935-0507adcdc53c,"""Ah, sì. Mi comprendi. Mi rallegra davvero che sia così.""\n\n\n\n""Devo confessarti qualcosa, mio piccolo amico. Non è un segreto oscuro, spero. Soltanto un segreto solitario.\n\n\n\nNe ho parlato solo alle mie piante. Sanno custodire i segreti, anche se da tempo desidero una risposta fatta di parole."""
NPC_BASILTON_RESPONSE_dabf15c2-2796-4b84-86a0-721c3371c23d,"""Antichi elfi, dici? Qui non sento parlare molto di loro. Ma, del resto, pochi mi parlano del passato.""\n\n\n\n""Ho visto le driadi venire da sole alla Corte dei Frammenti. Non parlano. Piantano giovani alberi dove le piastrelle si sono crepate e pregano come se la pietra stessa ricordasse.\n\n\n\nNon so cosa sia accaduto lì. Ma quel luogo porta con sé dolore, e sembra che loro lo portino dentro."""
NPC_BASILTON_RESPONSE_dcceabbc-35b7-4e9f-89b9-185fb3c0b6a1,"""Non prenderei mai in considerazione una cosa simile.""\n\n*Quel pensiero sembra turbarlo profondamente.*\n\n""Erano ospiti."""
NPC_BASILTON_RESPONSE_de089ec2-4b61-4965-b1e8-90dafed998c4,"""Per la mia stessa gioia, temo. In tutti i miei anni, il Raduno della Foresta non mi aveva mai permesso di partecipare. Quando è giunto l'invito, non mi sono fermato a domandarne il motivo.""\n\n*La mano si chiude a pugno, con un gesto trattenuto ma feroce.*\n\n""Eppure… sembra che fosse tutto un inganno.""\n\n\n\n*Gli occhi di Basilton si spalancano, poi si velano di preoccupazione, come se i pensieri fossero corsi avanti.*\n\n""Il mio giardino… sono rimasto lontano troppo a lungo. Senza la mia presenza, senza la mia protezione, qualunque cosa potrebbe avervi messo radici. Devo tornare."""
NPC_BASILTON_RESPONSE_e0d661e8-6d9f-45c6-abaa-3aa1f1fc5fc2,"""Sì. In fretta. Raggiungimi al giardino, e grazie, amico."""
NPC_BASILTON_RESPONSE_e0e3aefa-3557-4e2b-9c44-ea90bf4b7e44,"""Forse. Le driadi hanno molti doveri. Eppure la bellezza non è cosa da poco. Cura lo spirito, come la pioggia cura la radice.""\n\n\n\n""Venivano ai margini del giardino e guardavano dentro. Quando alzavo una mano in segno di saluto, fuggivano.\n\n\n\nCosì ho imparato una piccola cosa triste: amavano di più il giardino quando io non vi ero. Se me lo avessero chiesto, mi sarei allontanato. La bellezza non dovrebbe essere negata agli altri perché ne temono il custode."""
NPC_BASILTON_RESPONSE_e1dd3d9f-b3c0-4359-ba7d-8b57c117efe7,"""Oh, molti progetti. Per prima cosa devo comprendere di cosa abbia bisogno questo luogo. Poi lo aiuterò a crescere.""\n\n\n\n""Sento la terra di questo luogo. Ha fame, povera cosa. Una terra affamata limita quanto si può coltivare.\n\n\n\nLa nutrirò. Con tempo e cura, potrai piantare molti più semi. A proposito di semi, Acorn e io possiamo venderti quelli che troviamo, anche se all'inizio la nostra scorta sarà modesta."""
NPC_BASILTON_RESPONSE_e4a64eb9-3792-4812-b0a1-a37cc062d0fe,"""No. Non ritengo di meritare timore. Ma porto quello degli altri da molto tempo.""\n\n\n\n""Da allora sono accadute molte cose. Ti ringrazio di avermi invitato qui. Sono grato di avere un posto, un nuovo giardino e nuovi amici.\n\n\n\nEppure piango ancora ciò che ho perduto. Nel vento le foglie possono volare in una sola direzione, ma il cuore può essere mosso in due direzioni insieme. Interessante, non trovi?"""
NPC_BASILTON_RESPONSE_e6a8eaf8-bffa-4af2-9581-92a5fdeba843,"""Sì. Le considero amiche, tutte, senza eccezione. Molte sono persino cresciute nella terra del mio corpo, quando ne avevano bisogno. Ho udito le loro voci nelle radici dentro di me."""
NPC_BASILTON_RESPONSE_eb207f08-ddfb-4922-a76f-5ceb0c7000be,"""Ah. Mi fai posto con tanta naturalezza. È una gentilezza.""\n\n\n\n""È… difficile dirlo ad alta voce. Non so davvero che cosa sono.\n\n\n\nLa gente mi chiama golem, e forse è abbastanza corretto. Eppure non ne ho mai incontrato uno della mia taglia, né uno che abbia vissuto quanto sembra abbia vissuto io. Befr dice che i golem comuni non durano tanto."""
NPC_BASILTON_RESPONSE_ee774cd3-4627-4176-8398-0108452cc15a,"""Moltissime cose. Gli avventurieri hanno bisogno di cibo, e un cibo migliore ti renderà più forte. Anche le pozioni richiedono piante, così come molti altri strumenti utili."""
NPC_BASILTON_RESPONSE_eecef0b4-a23c-444b-be2a-c23b3545d0a2,"""Protezioni magiche… Una buona idea. Ne ho viste in tutta la foresta, e la loro magia mi è sempre parsa potente. Ti prego, portane qui alcune."""
NPC_BASILTON_RESPONSE_f093007b-e912-4dfc-ab80-0ac6f8e9e1ec,"""Il piacere è mio, nuovo amico. Questo luogo è la mia casa.""\n\n\n\n*Basilton indica il giardino con un lento movimento del braccio, pesante come un tronco caduto, eppure guidato con cauta misura. I rampicanti sulla pietra del suo corpo si spostano mentre si muove.*\n\n""Benvenuto nel mio umile giardino, luogo di riposo e contemplazione. Ho piantato ciascuna di queste piante. Per molte generazioni le ho viste crescere, morire e lasciare discendenti che prendessero il loro posto."""
NPC_BASILTON_RESPONSE_f8de3a49-081f-4fc1-8e5b-e349f03e008d,"""È un peccato. La prossima volta potresti ascoltare con maggiore delicatezza. Non si sa mai quale essere cerchi di entrare in contatto con noi."""
NPC_BASILTON_RESPONSE_faacff59-8746-4250-8067-5aa9415ad3eb,"""Non cerco battaglia. Cerco riparo e la salvaguardia della vita.""\n\n*La voce si fa ferma, sommessa.*\n\n""Ma se porre fine a questa corruzione è il modo per proteggere ciò che resta… allora sì. Ti aiuterò.""\n\n\n\n""Sì… questa è la strada giusta per me, ora.""\n\n*Si raddrizza, assumendo una postura risoluta.*\n\n""Dimmi dove si trova la tua casa, e verrò."""
NPC_BASILTON_RESPONSE_fbb2da07-f7a3-4c27-9738-120167ce84fb,"""Hmm? Sì. Dovrei cominciare dal principio. Sono Basilton.""\n\n\n\n*Lo sguardo di Basilton si leva per un momento, come cercando un ricordo fra le chiome. Una grande mano si posa sul petto, con le dita semiaffondate nel muschio.*\n\n""I mortali mi chiamano Basilton. Non ricordo da dove abbia avuto origine il nome. Mi fu dato molto tempo fa, e il tempo ne ha cancellato le tracce. Se non riusciamo a risalire all'inizio di una cosa… significa che è sempre esistita, o soltanto che il nostro sapere è limitato? Non sappiamo risalire neppure al primo passo degli dèi. Sono sempre stati qui… o siamo semplicemente arrivati tardi nella storia?"""
NPC_BASILTON_RESPONSE_fde29186-6b24-48e2-916a-3a05bb08dc0f,"""Ne conosco le origini. I suoi artefici erano un tempo divinità minori al servizio di Ceres e del suo signore.""\n\n*La voce si fa più sommessa, più grave.*\n\n""Ora che il suo potere è diminuito, le divinità minori, buone e malvagie, lottano per imporre la propria volontà.""\n\n""Questa corruzione è lo strumento di coloro ai quali dobbiamo opporci."""
NPC_BASILTON_TITLE,Il Golem di Wildwood
NPC_BASILTONSNOTE_NAME,Biglietto di Basilton
NPC_BEFR_GREETING_0185671-7cc0-4745-ada8-a32aa6e1a811,"*Gli occhi di Befr si illuminano appena ti scorge; sotto la barba gli sboccia un sorriso, come se stesse salutando un vecchio compagno.*\n\n""Ho ho! Amico mio, hai l'aria di chi sta per lasciare il villaggio e andare dritto a cacciarsi nei guai. Avresti un po' di tempo per aiutare un vecchio con una piccola faccenda, mm?"""
NPC_BEFR_GREETING_0eea57b1-7cc0-4745-ada8-a32aa6e1a811,"*Fa scorrere un pannello laccato del suo carro, scoprendo uno scaffale di ninnoli scintillanti.*\n\n""Ho ho! Eccoti a casa, amico. Che bel posto hai qui, ricco di angoli da scoprire e di mistero."""
NPC_BEFR_GREETING_877f3d34-f6c2-402f-87c0-3a3c8304cf01,"*Befr spalanca le braccia per accoglierti, raggiante di gioia.*\n\n""Ma guarda, eccoti di nuovo, amico mio! Arrivi proprio al momento opportuno. Pare che uno dei giovani virgulti sia scomparso dal villaggio."""
NPC_BEFR_GREETING_c1ad0d31-6c97-4438-9b45-1d973e69f2a0,"*Gli occhi del vecchio scintillano e il viso gli si apre in un ampio sorriso; mentre ti avvicini, ha già teso le mani per accoglierti.*\n\n""Ho ho! Salve, amico mio. Che splendida giornata per incontrarsi. Dimmi, cosa ti porta da queste parti?"""
NPC_BEFR_GREETING_M8n7b-6c97-4438-9b45-1d973e69f2a0,"""Eccoti a casa, amico mio! Come può esserti d'aiuto il vecchio Befr, oggi?"""
NPC_BEFR_NAME,Befr
NPC_BEFR_PLAYER_00b75769-e1d2-400a-9b24-b23e3db1f49e_HEROIC,"È utile alla nostra causa, ma temo che i suoi difetti possano ostacolarci."
NPC_BEFR_PLAYER_00b75769-e1d2-400a-9b24-b23e3db1f49e_JOKER,"Fa comodo, certo. Vediamo se i suoi punti deboli ci mettono lo zampino."
NPC_BEFR_PLAYER_00b75769-e1d2-400a-9b24-b23e3db1f49e_SCHOLAR,"Utile, sì. Ma le sue debolezze hanno un costo che non abbiamo ancora valutato."
NPC_BEFR_PLAYER_00b75769-e1d2-400a-9b24-b23e3db1f49e_STOIC,Ha la sua utilità. Ma le sue debolezze possono creare problemi.
NPC_BEFR_PLAYER_050bf0e5-86b1-463d-9cfd-a1b14ab38011_BASE,Cos'hanno di speciale le sue canzoni?
NPC_BEFR_PLAYER_0937c433-9884-41f4-b6bf-dbf84b3bcf93_HEROIC,"A quanto pare, è rimasto intrappolato nella foresta per tutto questo tempo."
NPC_BEFR_PLAYER_0937c433-9884-41f4-b6bf-dbf84b3bcf93_JOKER,"Bloccato nella foresta per tutto questo tempo, a quanto pare. Bel soggiorno."
NPC_BEFR_PLAYER_0937c433-9884-41f4-b6bf-dbf84b3bcf93_SCHOLAR,Dunque è rimasto bloccato nella foresta per tutto questo tempo. Mi chiedo da cosa.
NPC_BEFR_PLAYER_0937c433-9884-41f4-b6bf-dbf84b3bcf93_STOIC,Sembra sia rimasto bloccato nella foresta per tutto questo tempo.
NPC_BEFR_PLAYER_0d28bfff-b850-4a7f-8089-3926b84801de_HEROIC,La speranza si regge sulle proprie gambe. Essere salvati è tutt'altra cosa.
NPC_BEFR_PLAYER_0d28bfff-b850-4a7f-8089-3926b84801de_JOKER,Aspettare i soccorsi e chiamarla speranza? Contabilità creativa.
NPC_BEFR_PLAYER_0d28bfff-b850-4a7f-8089-3926b84801de_SCHOLAR,Chiamare speranza ciò che dipende dall'essere salvati è improprio. Era dipendenza.
NPC_BEFR_PLAYER_0d28bfff-b850-4a7f-8089-3926b84801de_STOIC,Aspettare che qualcun altro ti salvi non è speranza.
NPC_BEFR_PLAYER_108a49bc-2808-4db8-bf28-0709a961c49a_HEROIC,"Ore preziose sprecate. Quel pastore non durerà a lungo, là fuori."
NPC_BEFR_PLAYER_108a49bc-2808-4db8-bf28-0709a961c49a_JOKER,Un ottimo uso del mio tempo. Il pastore sarà morto prima che finisca la stagione.
NPC_BEFR_PLAYER_108a49bc-2808-4db8-bf28-0709a961c49a_SCHOLAR,Fatica sprecata. Quel pastore è un morto che se la prende comoda.
NPC_BEFR_PLAYER_108a49bc-2808-4db8-bf28-0709a961c49a_STOIC,Un'enorme perdita di tempo. Quel pastore morirà presto.
NPC_BEFR_PLAYER_129cf084-b04d-43a3-9ab4-5f488e9351a4_HEROIC,Come sei venuto a sapere del Santuario?
NPC_BEFR_PLAYER_129cf084-b04d-43a3-9ab4-5f488e9351a4_JOKER,I segreti del Santuario ti sono piovuti in grembo?
NPC_BEFR_PLAYER_129cf084-b04d-43a3-9ab4-5f488e9351a4_SCHOLAR,L'esistenza del Santuario non è di dominio pubblico. Come ne sei venuto a conoscenza?
NPC_BEFR_PLAYER_129cf084-b04d-43a3-9ab4-5f488e9351a4_STOIC,Come sai del Santuario?
NPC_BEFR_PLAYER_1c1ab19b-e276-4c91-8b9a-c96a11703b5a_HEROIC,Mi spieghi come hai perso gli attrezzi nella foresta?
NPC_BEFR_PLAYER_1c1ab19b-e276-4c91-8b9a-c96a11703b5a_JOKER,Attrezzi che svaniscono nella foresta. Questa me la devi raccontare.
NPC_BEFR_PLAYER_1c1ab19b-e276-4c91-8b9a-c96a11703b5a_SCHOLAR,Perdere degli attrezzi richiede una serie di errori. Qual è stato il primo?
NPC_BEFR_PLAYER_1c1ab19b-e276-4c91-8b9a-c96a11703b5a_STOIC,Come hai perso gli attrezzi nella foresta?
NPC_BEFR_PLAYER_1cb0bafe-5e84-4aa7-8556-430b353de796_HEROIC,Quale scopo spera di raggiungere Sylbos con tutto questo?
NPC_BEFR_PLAYER_1cb0bafe-5e84-4aa7-8556-430b353de796_JOKER,"Allora, cosa ci sta architettando Sylbos?"
NPC_BEFR_PLAYER_1cb0bafe-5e84-4aa7-8556-430b353de796_SCHOLAR,Quale impiego intende farne Sylbos?
NPC_BEFR_PLAYER_1cb0bafe-5e84-4aa7-8556-430b353de796_STOIC,Cosa sta cercando di farci Sylbos?
NPC_BEFR_PLAYER_1d5614fc-4336-4478-b529-43ecd01fb2ee_HEROIC,"Lo credo anch'io. Se offri fiducia per primo, la vita ti segue."
NPC_BEFR_PLAYER_1d5614fc-4336-4478-b529-43ecd01fb2ee_JOKER,"Lo credo anch'io. Prima fidarsi, poi fare domande: si vive meglio."
NPC_BEFR_PLAYER_1d5614fc-4336-4478-b529-43ecd01fb2ee_SCHOLAR,Lo credo anch'io. La fiducia concessa per primi tende a essere ricambiata.
NPC_BEFR_PLAYER_1d5614fc-4336-4478-b529-43ecd01fb2ee_STOIC,Lo credo anch'io. Con la fiducia si vive meglio.
NPC_BEFR_PLAYER_1db88104-f433-4856-9164-ff2b8381f284_BASE,Cosa vogliono le Iniquità?
NPC_BEFR_PLAYER_21adfadf-968b-44e1-9a1f-96b206fd7331_HEROIC,"La fiducia va guadagnata, e non so se lui se la sia già meritata."
NPC_BEFR_PLAYER_21adfadf-968b-44e1-9a1f-96b206fd7331_JOKER,Fidarsi di lui su due piedi potrebbe essere troppo perfino per me.
NPC_BEFR_PLAYER_21adfadf-968b-44e1-9a1f-96b206fd7331_SCHOLAR,La fiducia richiede prove. Le mie sono ancora incomplete.
NPC_BEFR_PLAYER_21adfadf-968b-44e1-9a1f-96b206fd7331_STOIC,Non so ancora se fidarmi di lui.
NPC_BEFR_PLAYER_22d83bcc-60ae-4e1a-9d14-cee59d83aade_HEROIC,Anche a me la sua presenza dà gioia.
NPC_BEFR_PLAYER_22d83bcc-60ae-4e1a-9d14-cee59d83aade_JOKER,Fa piacere anche a me che si sia fatta viva.
NPC_BEFR_PLAYER_22d83bcc-60ae-4e1a-9d14-cee59d83aade_SCHOLAR,Fa piacere anche a me che sia qui. La sua presenza ci giova.
NPC_BEFR_PLAYER_22d83bcc-60ae-4e1a-9d14-cee59d83aade_STOIC,Anche a me fa piacere averla qui.
NPC_BEFR_PLAYER_292ed69f-38b7-4cc6-b7ad-9f8a3dbc4b06_HEROIC,Faccio soltanto ciò che serve per dare una mano.
NPC_BEFR_PLAYER_292ed69f-38b7-4cc6-b7ad-9f8a3dbc4b06_JOKER,Do una mano dove arrivo.
NPC_BEFR_PLAYER_292ed69f-38b7-4cc6-b7ad-9f8a3dbc4b06_SCHOLAR,Faccio solo ciò che la situazione richiede. Non rivendico altro.
NPC_BEFR_PLAYER_292ed69f-38b7-4cc6-b7ad-9f8a3dbc4b06_STOIC,Faccio quel che posso per aiutare.
NPC_BEFR_PLAYER_294e81d0-1d8b-447a-a926-9b51715f7984_HEROIC,Andrò nella foresta e ti riporterò gli attrezzi sani e salvi.
NPC_BEFR_PLAYER_294e81d0-1d8b-447a-a926-9b51715f7984_JOKER,"Si va nella foresta. I tuoi attrezzi hanno le ore contate, da dispersi."
NPC_BEFR_PLAYER_294e81d0-1d8b-447a-a926-9b51715f7984_SCHOLAR,D'accordo. Mi addentrerò nella foresta per recuperare i tuoi attrezzi.
NPC_BEFR_PLAYER_294e81d0-1d8b-447a-a926-9b51715f7984_STOIC,Bene. Andrò nella foresta a riportarti gli attrezzi.
NPC_BEFR_PLAYER_2a20339b-8f4a-44c3-84ae-2a3be26fc302_BASE,Esci
NPC_BEFR_PLAYER_2ae4cf38-9092-4fc2-b212-4e632c6fc3a5_HEROIC,Mi mandi a cercare un bambino smarrito in quella foresta?
NPC_BEFR_PLAYER_2ae4cf38-9092-4fc2-b212-4e632c6fc3a5_JOKER,Quindi alla foresta il bambino e a me la grana?
NPC_BEFR_PLAYER_2ae4cf38-9092-4fc2-b212-4e632c6fc3a5_SCHOLAR,Intendi affidarmi la ricerca del bambino in quella foresta?
NPC_BEFR_PLAYER_2ae4cf38-9092-4fc2-b212-4e632c6fc3a5_STOIC,Vuoi che cerchi il bambino nella foresta?
NPC_BEFR_PLAYER_2c2a61f3-9901-4f69-a3c1-3c35c537e34d_HEROIC,"Vero coraggio. Una driade lo teneva prigioniero, ma lui non ha ceduto alla paura."
NPC_BEFR_PLAYER_2c2a61f3-9901-4f69-a3c1-3c35c537e34d_JOKER,"Un ragazzino coraggioso. Nelle grinfie di una driade, e non ha fatto una piega."
NPC_BEFR_PLAYER_2c2a61f3-9901-4f69-a3c1-3c35c537e34d_SCHOLAR,"Ha dimostrato un autentico coraggio. Prigioniero di una driade, non ha manifestato paura."
NPC_BEFR_PLAYER_2c2a61f3-9901-4f69-a3c1-3c35c537e34d_STOIC,"È stato molto coraggioso. Catturato da una driade, non ha mostrato paura."
NPC_BEFR_PLAYER_3265146f-7adf-4e0e-8202-1b781463aae0_HEROIC,I goblin ne risponderanno. E il fertilizzante tornerà a casa.
NPC_BEFR_PLAYER_3265146f-7adf-4e0e-8202-1b781463aae0_JOKER,"È ora di inseguire i goblin e riprendere il fertilizzante, prima che ne combinino una."
NPC_BEFR_PLAYER_3265146f-7adf-4e0e-8202-1b781463aae0_SCHOLAR,"Troverò i goblin. Il fertilizzante è un bottino insolito, ma pur sempre un bottino."
NPC_BEFR_PLAYER_3265146f-7adf-4e0e-8202-1b781463aae0_STOIC,Troverò i goblin e recupererò il fertilizzante.
NPC_BEFR_PLAYER_37d5bbe1-a2e7-4035-892a-b91ff60e0a2a_HEROIC,Costruire una casa non mi sembra il modo migliore di impiegare il tempo.
NPC_BEFR_PLAYER_37d5bbe1-a2e7-4035-892a-b91ff60e0a2a_JOKER,"Una casa, eh? Che entusiasmante perdita di tempo."
NPC_BEFR_PLAYER_37d5bbe1-a2e7-4035-892a-b91ff60e0a2a_SCHOLAR,"Una casa, ora? Le ore necessarie supereranno i benefici."
NPC_BEFR_PLAYER_37d5bbe1-a2e7-4035-892a-b91ff60e0a2a_STOIC,Costruire una casa è una perdita di tempo.
NPC_BEFR_PLAYER_3845e555-7cd7-4085-b8b0-f91e0efdcc9e_HEROIC,"Grazie, Befr. Con il tuo aiuto costruirò qualcosa di ben più solido di una tenda."
NPC_BEFR_PLAYER_3845e555-7cd7-4085-b8b0-f91e0efdcc9e_JOKER,"Grazie, Befr. Finalmente la mia tenda può andare in pensione a testa alta."
NPC_BEFR_PLAYER_3845e555-7cd7-4085-b8b0-f91e0efdcc9e_SCHOLAR,"Grazie, Befr. Finalmente un vero riparo. La tela ha i suoi limiti."
NPC_BEFR_PLAYER_3845e555-7cd7-4085-b8b0-f91e0efdcc9e_STOIC,"Grazie, Befr. È ora di costruire qualcosa di meglio di una tenda."
NPC_BEFR_PLAYER_3c511729-9f32-4538-9164-b84ab4739de8_HEROIC,Certo. Dimmi soltanto cosa ti serve e sarà fatto.
NPC_BEFR_PLAYER_3c511729-9f32-4538-9164-b84ab4739de8_JOKER,Certo. Dimmi cosa ti serve e siamo già a metà dell'opera.
NPC_BEFR_PLAYER_3c511729-9f32-4538-9164-b84ab4739de8_SCHOLAR,"Certamente. Dimmi esattamente cosa ti occorre, e in quale ordine."
NPC_BEFR_PLAYER_3c511729-9f32-4538-9164-b84ab4739de8_STOIC,Certo. Dimmi cosa ti serve.
NPC_BEFR_PLAYER_3cf970c0-f4d6-4287-af12-8473ad191398_HEROIC,"Non vedo molto di speciale in lei, a parte il fatto che non vuole farmi del male."
NPC_BEFR_PLAYER_3cf970c0-f4d6-4287-af12-8473ad191398_JOKER,"Se basta così poco, direi che il suo unico numero è non volermi ammazzare."
NPC_BEFR_PLAYER_3cf970c0-f4d6-4287-af12-8473ad191398_SCHOLAR,"Non osservo nulla di speciale in lei, salvo l'apparente riluttanza a porre fine alla mia vita."
NPC_BEFR_PLAYER_3cf970c0-f4d6-4287-af12-8473ad191398_STOIC,Nulla di speciale. A parte che non vuole uccidermi.
NPC_BEFR_PLAYER_3d1b7902-b4b9-40b9-be7b-c4f4444bdbb7_HEROIC,"Li hai persi, dunque. Dove?"
NPC_BEFR_PLAYER_3d1b7902-b4b9-40b9-be7b-c4f4444bdbb7_JOKER,"""Fuori posto"" è come dire che gli attrezzi sono andati a spasso da soli. Dove?"
NPC_BEFR_PLAYER_3d1b7902-b4b9-40b9-be7b-c4f4444bdbb7_SCHOLAR,"""Fuori posto"" implica che tu sappia più o meno dove siano. È così?"
NPC_BEFR_PLAYER_3d1b7902-b4b9-40b9-be7b-c4f4444bdbb7_STOIC,"Persi, non fuori posto. Dove?"
NPC_BEFR_PLAYER_3d25ec2f-4829-4802-b54f-37c0de9ba686_BASE,Come hai conosciuto Faustas?
NPC_BEFR_PLAYER_3e02efbb-004c-4c15-968b-883f60b70a57_BASE,"""Ho trovato il bambino smarrito."""
NPC_BEFR_PLAYER_3e589b60-c362-4c3c-b558-091d4a4d6888_HEROIC,"Mostri ben poca preoccupazione per questo bambino smarrito, Befr."
NPC_BEFR_PLAYER_3e589b60-c362-4c3c-b558-091d4a4d6888_JOKER,"Per questo bambino smarrito sembri preoccupato quanto un sasso, Befr."
NPC_BEFR_PLAYER_3e589b60-c362-4c3c-b558-091d4a4d6888_SCHOLAR,"È scomparso un bambino, Befr. Eppure sembri tranquillo. Perché?"
NPC_BEFR_PLAYER_3e589b60-c362-4c3c-b558-091d4a4d6888_STOIC,"Non sembri preoccupato per il bambino smarrito, Befr."
NPC_BEFR_PLAYER_3e5c6a9a-c0ca-4d62-b2fb-557d505cc6d8_HEROIC,Dovremmo davvero aspettare e confidare che le cose migliorino?
NPC_BEFR_PLAYER_3e5c6a9a-c0ca-4d62-b2fb-557d505cc6d8_JOKER,Quindi il piano è aspettare e incrociare le dita?
NPC_BEFR_PLAYER_3e5c6a9a-c0ca-4d62-b2fb-557d505cc6d8_SCHOLAR,"Dovremmo limitarci ad aspettare, affidando l'esito alla speranza?"
NPC_BEFR_PLAYER_3e5c6a9a-c0ca-4d62-b2fb-557d505cc6d8_STOIC,Dobbiamo aspettare e sperare che si sistemi tutto?
NPC_BEFR_PLAYER_3e6a3bd0-8c5f-4e10-85f8-7f58db9d326f_HEROIC,"Fatti da parte, vecchio, e lascia che me ne occupi io."
NPC_BEFR_PLAYER_3e6a3bd0-8c5f-4e10-85f8-7f58db9d326f_JOKER,"Attento, vecchio. Non vorrei che mi inciampassi tra i piedi."
NPC_BEFR_PLAYER_3e6a3bd0-8c5f-4e10-85f8-7f58db9d326f_SCHOLAR,"Sarebbe meglio che evitassi di intralciarmi, vecchio."
NPC_BEFR_PLAYER_3e6a3bd0-8c5f-4e10-85f8-7f58db9d326f_STOIC,"Non metterti sulla mia strada, vecchio."
NPC_BEFR_PLAYER_41d30846-e85d-4a1b-94e1-0084db510dbf_HEROIC,In quale tratto di strada l'hanno rubato i goblin?
NPC_BEFR_PLAYER_41d30846-e85d-4a1b-94e1-0084db510dbf_JOKER,"Dove hanno fatto la festa alla consegna, quei goblin?"
NPC_BEFR_PLAYER_41d30846-e85d-4a1b-94e1-0084db510dbf_SCHOLAR,"Dove è avvenuta l'imboscata, esattamente? Il terreno conta, per seguirne le tracce."
NPC_BEFR_PLAYER_41d30846-e85d-4a1b-94e1-0084db510dbf_STOIC,Dove hanno assalito la consegna i goblin?
NPC_BEFR_PLAYER_422a388f-51cb-4315-a3c2-5e96b21eb0df_HEROIC,Vuoi che aiuti un pastore che fatica a tenere unito il suo gregge?
NPC_BEFR_PLAYER_422a388f-51cb-4315-a3c2-5e96b21eb0df_JOKER,Rincorrere pecore per un pastore che si è perso il gregge. Delizioso.
NPC_BEFR_PLAYER_422a388f-51cb-4315-a3c2-5e96b21eb0df_SCHOLAR,Vuoi che assista un pastore apparentemente incapace di gestire il proprio gregge?
NPC_BEFR_PLAYER_422a388f-51cb-4315-a3c2-5e96b21eb0df_STOIC,Vuoi che aiuti un pastore buono a nulla che non sa tenere il suo gregge?
NPC_BEFR_PLAYER_42c97f4d-14d2-4a67-ae59-397d00f21246_HEROIC,La fiducia richiede prima una prova. Altrimenti non merita questo nome.
NPC_BEFR_PLAYER_42c97f4d-14d2-4a67-ae59-397d00f21246_JOKER,La fiducia non ti piove in grembo. Devi sudartela.
NPC_BEFR_PLAYER_42c97f4d-14d2-4a67-ae59-397d00f21246_SCHOLAR,"La fiducia si costruisce sulle prove, non si concede in anticipo."
NPC_BEFR_PLAYER_42c97f4d-14d2-4a67-ae59-397d00f21246_STOIC,La fiducia si guadagna. Non si regala.
NPC_BEFR_PLAYER_452e06b6-9c5b-4298-8c67-51cce07abfb3_HEROIC,Non mi serve un bottegaio mistico per tracciare il mio cammino.
NPC_BEFR_PLAYER_452e06b6-9c5b-4298-8c67-51cce07abfb3_JOKER,Per la mia strada non serve un bottegaio mistico a reggere la mappa.
NPC_BEFR_PLAYER_452e06b6-9c5b-4298-8c67-51cce07abfb3_SCHOLAR,Determino il mio cammino secondo il mio giudizio. Senza bottegai mistici.
NPC_BEFR_PLAYER_452e06b6-9c5b-4298-8c67-51cce07abfb3_STOIC,Non mi serve un bottegaio mistico che mi indichi la strada.
NPC_BEFR_PLAYER_45dc93ec-9053-49f6-82a4-619a10a96683_BASE,Là fuori è un vero disastro. Cos'è successo?
NPC_BEFR_PLAYER_4a711d41-1e1f-4be6-a382-9c4c12ffca35_HEROIC,Dunque ha preso la parola. Che cosa la rende diversa?
NPC_BEFR_PLAYER_4a711d41-1e1f-4be6-a382-9c4c12ffca35_JOKER,Quindi ha aperto bocca. Cosa c'è di tanto prodigioso?
NPC_BEFR_PLAYER_4a711d41-1e1f-4be6-a382-9c4c12ffca35_SCHOLAR,Dunque ha preso la parola. Perché attribuire tanto valore a quel gesto?
NPC_BEFR_PLAYER_4a711d41-1e1f-4be6-a382-9c4c12ffca35_STOIC,Ha detto la sua. Che c'è di speciale?
NPC_BEFR_PLAYER_4ec5f60d-e1f3-4d61-8889-43e729bfa3a2_BASE,"""Non sei un po' troppo allegro, visto come è ridotto il villaggio?"""
NPC_BEFR_PLAYER_511bf8df-e1ec-43ba-8509-6ccb6f73b1e0_HEROIC,"Ho notato il cambiamento, anche se poche driadi mi hanno dato occasione di avvicinarle."
NPC_BEFR_PLAYER_511bf8df-e1ec-43ba-8509-6ccb6f73b1e0_JOKER,"L'ho notato, ma le driadi non fanno certo la fila per fare due chiacchiere con me."
NPC_BEFR_PLAYER_511bf8df-e1ec-43ba-8509-6ccb6f73b1e0_SCHOLAR,L'ho notato. Di rado i miei incontri con le driadi arrivano alla conversazione.
NPC_BEFR_PLAYER_511bf8df-e1ec-43ba-8509-6ccb6f73b1e0_STOIC,Ho notato la differenza. Ho avuto pochi contatti con le driadi.
NPC_BEFR_PLAYER_52243ea3-6518-4d7e-a818-c21c65d55521_BASE,Nel bosco ho incontrato un nano di nome Heimen. Ne hai mai sentito parlare?
NPC_BEFR_PLAYER_55ff7927-f212-4998-91cf-5f097926ea7f_HEROIC,Una vera tragedia. Non sarebbe dovuta accadere.
NPC_BEFR_PLAYER_55ff7927-f212-4998-91cf-5f097926ea7f_JOKER,"Una tragedia, e ne ho viste un po'."
NPC_BEFR_PLAYER_55ff7927-f212-4998-91cf-5f097926ea7f_SCHOLAR,Una tragedia. Per giunta evitabile.
NPC_BEFR_PLAYER_55ff7927-f212-4998-91cf-5f097926ea7f_STOIC,Che tragedia.
NPC_BEFR_PLAYER_56ed915b-f488-4cc3-b58e-c1cf210bce41_HEROIC,"Sa pensare con la propria testa. Una forza rara, fra tanti."
NPC_BEFR_PLAYER_56ed915b-f488-4cc3-b58e-c1cf210bce41_JOKER,Una testa che non segue il gregge. Più rara di quanto dovrebbe.
NPC_BEFR_PLAYER_56ed915b-f488-4cc3-b58e-c1cf210bce41_SCHOLAR,"Possiede un pensiero autonomo, dote più rara di quanto sembri."
NPC_BEFR_PLAYER_56ed915b-f488-4cc3-b58e-c1cf210bce41_STOIC,Pensa con la propria testa. A differenza di molti.
NPC_BEFR_PLAYER_5761e387-478e-4404-91e9-12af8adadac0_BASE,Cosa pensi di Myrll?
NPC_BEFR_PLAYER_579c143e-77e4-4eab-b7fa-2e5e9c4eba9d_HEROIC,Cosa speri di scoprire sulla Corruzione?
NPC_BEFR_PLAYER_579c143e-77e4-4eab-b7fa-2e5e9c4eba9d_JOKER,Che segreti ti ha sussurrato la Corruzione?
NPC_BEFR_PLAYER_579c143e-77e4-4eab-b7fa-2e5e9c4eba9d_SCHOLAR,"Cosa hai appreso sulla Corruzione, e da quali fonti?"
NPC_BEFR_PLAYER_579c143e-77e4-4eab-b7fa-2e5e9c4eba9d_STOIC,Cosa sai della Corruzione?
NPC_BEFR_PLAYER_5932a3b1-8957-4206-b64b-7bbfe54ec7d6_HEROIC,Dimmi dove sono e te li riporterò.
NPC_BEFR_PLAYER_5932a3b1-8957-4206-b64b-7bbfe54ec7d6_JOKER,Indicami il posto. Andrò a discuterne con qualunque cosa li abbia presi.
NPC_BEFR_PLAYER_5932a3b1-8957-4206-b64b-7bbfe54ec7d6_SCHOLAR,Dove li avevi in mano l'ultima volta? Partirò da lì e ripercorrerò il tragitto.
NPC_BEFR_PLAYER_5932a3b1-8957-4206-b64b-7bbfe54ec7d6_STOIC,Dimmi dove. Li recupero.
NPC_BEFR_PLAYER_5c2257cd-3b86-4745-a40e-4de7e676a71e_BASE,"""Chi sei?"""
NPC_BEFR_PLAYER_5cfe8935-a58b-4a4e-b307-edb802fa0fec_BASE,Cosa ti piace tanto dei nani?
NPC_BEFR_PLAYER_5d01e0d1-c609-445f-9a7c-9991f7731628_HEROIC,"Quale scopo ti guida, qui?"
NPC_BEFR_PLAYER_5d01e0d1-c609-445f-9a7c-9991f7731628_JOKER,"Hai qualche piano, o aspetti di vedere cosa salta fuori dalla montagna?"
NPC_BEFR_PLAYER_5d01e0d1-c609-445f-9a7c-9991f7731628_SCHOLAR,E quali sono i tuoi progetti qui? Mi interessano i dettagli.
NPC_BEFR_PLAYER_5d01e0d1-c609-445f-9a7c-9991f7731628_STOIC,"Cosa pensi di fare, qui?"
NPC_BEFR_PLAYER_67621341-066b-4e9a-8745-d33699606cb5_HEROIC,Forse c'è un disegno. Continuerò a cercarlo.
NPC_BEFR_PLAYER_67621341-066b-4e9a-8745-d33699606cb5_JOKER,Forse c'è un disegno. Sono i miei occhi che devono ancora arrivarci.
NPC_BEFR_PLAYER_67621341-066b-4e9a-8745-d33699606cb5_SCHOLAR,Forse c'è un disegno. La sua struttura continua a sfuggirmi.
NPC_BEFR_PLAYER_67621341-066b-4e9a-8745-d33699606cb5_STOIC,Forse c'è un disegno. Sto imparando a vederlo.
NPC_BEFR_PLAYER_6e588647-6bc5-4b25-a4e8-e5076a7c06e5_HEROIC,"Befr, i racconti delle tue passeggiate in giardino dovranno aspettare. C'è bisogno di me altrove."
NPC_BEFR_PLAYER_6e588647-6bc5-4b25-a4e8-e5076a7c06e5_JOKER,"Befr, se quelle passeggiate in giardino non finiscono con una scorciatoia, non ho tempo."
NPC_BEFR_PLAYER_6e588647-6bc5-4b25-a4e8-e5076a7c06e5_SCHOLAR,"Befr, le passeggiate in giardino sono un capitolo che non ho tempo di ascoltare."
NPC_BEFR_PLAYER_6e588647-6bc5-4b25-a4e8-e5076a7c06e5_STOIC,"Befr, non ho tempo per i racconti delle tue passeggiate in giardino."
NPC_BEFR_PLAYER_6ee0ec0c-a319-41ea-8a00-83017691fa7f_HEROIC,"La tua gentilezza significa molto, Befr. Davvero."
NPC_BEFR_PLAYER_6ee0ec0c-a319-41ea-8a00-83017691fa7f_JOKER,"Un trattamento raro, Befr. Davvero."
NPC_BEFR_PLAYER_6ee0ec0c-a319-41ea-8a00-83017691fa7f_SCHOLAR,"Lo apprezzo molto, Befr. Sinceramente."
NPC_BEFR_PLAYER_6ee0ec0c-a319-41ea-8a00-83017691fa7f_STOIC,"Lo apprezzo, Befr. Davvero."
NPC_BEFR_PLAYER_6f17322a-90d8-43a4-b7d2-cc49f217cfe7_HEROIC,"Sì, era evidente quanto fosse entusiasta di vedere la driade."
NPC_BEFR_PLAYER_6f17322a-90d8-43a4-b7d2-cc49f217cfe7_JOKER,"Sì, per vedere la driade stava quasi per inciampare nei propri piedi."
NPC_BEFR_PLAYER_6f17322a-90d8-43a4-b7d2-cc49f217cfe7_SCHOLAR,"Sì, il suo entusiasmo era quasi preoccupante. La driade lo affascinava."
NPC_BEFR_PLAYER_6f17322a-90d8-43a4-b7d2-cc49f217cfe7_STOIC,"Sì, era molto entusiasta di vedere la driade."
NPC_BEFR_PLAYER_701fbd80-3816-4ece-9c3f-213531a0adb9_BASE,Come metti in pratica quella mano aperta?
NPC_BEFR_PLAYER_71f745e6-7397-4661-b48e-7a908a2fa186_HEROIC,Non occorrono ringraziamenti. Ora conta soltanto che tu mi serva.
NPC_BEFR_PLAYER_71f745e6-7397-4661-b48e-7a908a2fa186_JOKER,Tieniti i ringraziamenti. Sono i tuoi servigi che mi servono.
NPC_BEFR_PLAYER_71f745e6-7397-4661-b48e-7a908a2fa186_SCHOLAR,I ringraziamenti sono superflui. Richiedo i tuoi servigi.
NPC_BEFR_PLAYER_71f745e6-7397-4661-b48e-7a908a2fa186_STOIC,Non mi servono ringraziamenti. Voglio i tuoi servigi.
NPC_BEFR_PLAYER_72fee980-6d5c-4755-b3cb-21370b881f5b_BASE,Cosa pensi di Basilton?
NPC_BEFR_PLAYER_7c6fc94f-9f33-47f1-85c6-09cd8d142a92_BASE,"""Alaric mi ha detto che ti serve una mano?"""
NPC_BEFR_PLAYER_84169f44-cec7-4187-b8f4-9fec42cebcd4_HEROIC,Grazie. La tua presenza rende questo posto ancora migliore.
NPC_BEFR_PLAYER_84169f44-cec7-4187-b8f4-9fec42cebcd4_JOKER,Grazie. Fa sempre piacere avere compagnia che non sia il mobilio.
NPC_BEFR_PLAYER_84169f44-cec7-4187-b8f4-9fec42cebcd4_SCHOLAR,Grazie. La tua presenza aumenta le nostre possibilità di riuscita.
NPC_BEFR_PLAYER_84169f44-cec7-4187-b8f4-9fec42cebcd4_STOIC,Grazie. Bene averti qui.
NPC_BEFR_PLAYER_85cc8606-8fc9-4b16-809f-e94fd64f9c80_HEROIC,Cercherò il bambino e lo riporterò al sicuro.
NPC_BEFR_PLAYER_85cc8606-8fc9-4b16-809f-e94fd64f9c80_JOKER,"Troverò il bambino e lo trascinerò a casa, scalci o non scalci."
NPC_BEFR_PLAYER_85cc8606-8fc9-4b16-809f-e94fd64f9c80_SCHOLAR,Troverò il bambino e lo accompagnerò a casa di persona.
NPC_BEFR_PLAYER_85cc8606-8fc9-4b16-809f-e94fd64f9c80_STOIC,Troverò il bambino e lo riporterò qui.
NPC_BEFR_PLAYER_894cb537-e8a2-4f6a-a4b4-670c45cf6c71_HEROIC,"È soltanto un altopiano, Befr. Niente di più."
NPC_BEFR_PLAYER_894cb537-e8a2-4f6a-a4b4-670c45cf6c71_JOKER,"È solo un gran sasso in cielo, Befr. Il mistero deve essersi nascosto bene."
NPC_BEFR_PLAYER_894cb537-e8a2-4f6a-a4b4-670c45cf6c71_SCHOLAR,"A me pare soltanto un altopiano brullo, Befr."
NPC_BEFR_PLAYER_894cb537-e8a2-4f6a-a4b4-670c45cf6c71_STOIC,"È solo un altopiano ventoso, Befr."
NPC_BEFR_PLAYER_8dc2d9c2-7794-4c89-96e3-3df9a419db84_HEROIC,Hai ragione. Un atteggiamento fiducioso ci aiuta ad andare avanti.
NPC_BEFR_PLAYER_8dc2d9c2-7794-4c89-96e3-3df9a419db84_JOKER,Mi sa che hai ragione. Neanche il pessimismo ha mai riparato un recinto.
NPC_BEFR_PLAYER_8dc2d9c2-7794-4c89-96e3-3df9a419db84_SCHOLAR,Hai ragione. L'atteggiamento influisce sull'esito più di quanto si riconosca.
NPC_BEFR_PLAYER_8dc2d9c2-7794-4c89-96e3-3df9a419db84_STOIC,Hai ragione. Pensare positivo aiuta.
NPC_BEFR_PLAYER_90823493ec-9053-49f6-82a4-619a10a96683_BASE,Puoi dare una mano all'accampamento in qualche modo?
NPC_BEFR_PLAYER_9093c9ae-cd99-4241-a72c-f5010ce5a375_HEROIC,"Dici il vero, Befr. C'è speranza per tutti noi."
NPC_BEFR_PLAYER_9093c9ae-cd99-4241-a72c-f5010ce5a375_JOKER,"La speranza non è timida come pensavamo, Befr."
NPC_BEFR_PLAYER_9093c9ae-cd99-4241-a72c-f5010ce5a375_SCHOLAR,"Avevi ragione, Befr. Alla speranza basta meno di quanto credessi per sopravvivere."
NPC_BEFR_PLAYER_9093c9ae-cd99-4241-a72c-f5010ce5a375_STOIC,"Hai ragione, Befr. C'è speranza per tutti noi."
NPC_BEFR_PLAYER_91698763-a97a-49ac-bb50-496738034c40_HEROIC,Heimen è un uomo degno di fiducia.
NPC_BEFR_PLAYER_91698763-a97a-49ac-bb50-496738034c40_JOKER,Heimen è l'affidabilità fatta persona. A meno che non nasconda una seconda barba.
NPC_BEFR_PLAYER_91698763-a97a-49ac-bb50-496738034c40_SCHOLAR,Heimen mi sembra affidabile. Già le sue canzoni depongono a suo favore.
NPC_BEFR_PLAYER_91698763-a97a-49ac-bb50-496738034c40_STOIC,Heimen sembra degno di fiducia.
NPC_BEFR_PLAYER_91eb813e-8f4d-44a7-b808-6cfd4c8495f1_HEROIC,"Anch'io attendo con impazienza ciò che ci riserva il futuro, Befr."
NPC_BEFR_PLAYER_91eb813e-8f4d-44a7-b808-6cfd4c8495f1_JOKER,"Allora anche tu conti i giorni, Befr."
NPC_BEFR_PLAYER_91eb813e-8f4d-44a7-b808-6cfd4c8495f1_SCHOLAR,"Anch'io, Befr. L'attesa è la parte difficile."
NPC_BEFR_PLAYER_91eb813e-8f4d-44a7-b808-6cfd4c8495f1_STOIC,"Lo attendo anch'io, Befr."
NPC_BEFR_PLAYER_93822488-1d6a-4fef-8c70-c3650f78cdde_HEROIC,"Un racconto narrato bene, Befr."
NPC_BEFR_PLAYER_93822488-1d6a-4fef-8c70-c3650f78cdde_JOKER,"Che storia mi hai tirato fuori, Befr."
NPC_BEFR_PLAYER_93822488-1d6a-4fef-8c70-c3650f78cdde_SCHOLAR,"Una storia che merita ascolto, Befr. E per metà persino credibile."
NPC_BEFR_PLAYER_93822488-1d6a-4fef-8c70-c3650f78cdde_STOIC,"Una bella storia, Befr."
NPC_BEFR_PLAYER_94738fcd-e8d2-49e4-a3f1-7e5b2873f5e9_HEROIC,Sai dirmi cosa ne è stato del bambino?
NPC_BEFR_PLAYER_94738fcd-e8d2-49e4-a3f1-7e5b2873f5e9_JOKER,Qual è la storia del bambino?
NPC_BEFR_PLAYER_94738fcd-e8d2-49e4-a3f1-7e5b2873f5e9_SCHOLAR,Cos'è accaduto esattamente al bambino?
NPC_BEFR_PLAYER_94738fcd-e8d2-49e4-a3f1-7e5b2873f5e9_STOIC,Cos'è successo al bambino?
NPC_BEFR_PLAYER_9596f734-ebc3-412e-a9b1-af39c1883c96_BASE,Hai qualcosa per la testa?
NPC_BEFR_PLAYER_961384d1-c750-47b6-a1cd-928dc260b2d0_HEROIC,Tu? Come dovrei interpretarlo?
NPC_BEFR_PLAYER_961384d1-c750-47b6-a1cd-928dc260b2d0_JOKER,"Tu, fra tutti? Sputa il resto."
NPC_BEFR_PLAYER_961384d1-c750-47b6-a1cd-928dc260b2d0_SCHOLAR,Tu? Quella parola sottintende qualcosa. Spiegati.
NPC_BEFR_PLAYER_961384d1-c750-47b6-a1cd-928dc260b2d0_STOIC,Tu? Cosa intendi?
NPC_BEFR_PLAYER_97ae9f03-f6f4-479e-a12a-82e70458c089_HEROIC,Sembra che tu sia qui per poco più che oziosa curiosità.
NPC_BEFR_PLAYER_97ae9f03-f6f4-479e-a12a-82e70458c089_JOKER,"Sei qui solo a ficcare il naso e vedere cosa salta fuori, eh?"
NPC_BEFR_PLAYER_97ae9f03-f6f4-479e-a12a-82e70458c089_SCHOLAR,"Dunque sei qui per osservare, e poco altro?"
NPC_BEFR_PLAYER_97ae9f03-f6f4-479e-a12a-82e70458c089_STOIC,Sembra che tu sia qui solo per curiosare.
NPC_BEFR_PLAYER_9a95289e-004c-4615-b732-d740c9548105_HEROIC,Hai incontrato molti golem sul tuo cammino?
NPC_BEFR_PLAYER_9a95289e-004c-4615-b732-d740c9548105_JOKER,Ultimamente ti sei imbattuto in una comitiva di golem?
NPC_BEFR_PLAYER_9a95289e-004c-4615-b732-d740c9548105_SCHOLAR,"Quanti golem hai incontrato, in concreto? I numeri cambiano il quadro."
NPC_BEFR_PLAYER_9a95289e-004c-4615-b732-d740c9548105_STOIC,Hai conosciuto molti golem?
NPC_BEFR_PLAYER_9bff8e03-7fe7-4e38-88df-2ea7379f6aab_HEROIC,Aiuto perché il cammino me lo impone. Nient'altro.
NPC_BEFR_PLAYER_9bff8e03-7fe7-4e38-88df-2ea7379f6aab_JOKER,Aiutare non era nei piani. Ma a quanto pare fa da guardia al passaggio.
NPC_BEFR_PLAYER_9bff8e03-7fe7-4e38-88df-2ea7379f6aab_SCHOLAR,L'aiuto è il pedaggio che il cammino esige. Io lo pago.
NPC_BEFR_PLAYER_9bff8e03-7fe7-4e38-88df-2ea7379f6aab_STOIC,"Aiuto solo perché devo, per andare avanti."
NPC_BEFR_PLAYER_9d4aaf01-760c-4e5b-ab68-536240b3fbec_BASE,In che senso i golem non hanno coscienza della propria fine?
NPC_BEFR_PLAYER_a07efdbc-5609-4c14-a334-6cf9a5d97c0b_HEROIC,"La tua fiducia significa più di quanto immagini, Befr."
NPC_BEFR_PLAYER_a07efdbc-5609-4c14-a334-6cf9a5d97c0b_JOKER,"La tua fiducia, Befr. Un bel motivo per sorridere."
NPC_BEFR_PLAYER_a07efdbc-5609-4c14-a334-6cf9a5d97c0b_SCHOLAR,"La tua fiducia non è cosa da poco, Befr. Ne conosco il valore."
NPC_BEFR_PLAYER_a07efdbc-5609-4c14-a334-6cf9a5d97c0b_STOIC,"Apprezzo la tua fiducia, Befr."
NPC_BEFR_PLAYER_a150a93a-c79f-4df3-b9dd-11a0ac2e59d1_HEROIC,Vuoi dunque che dia una mano al pastore?
NPC_BEFR_PLAYER_a150a93a-c79f-4df3-b9dd-11a0ac2e59d1_JOKER,Quindi dovrei fare l'aiutante del pastore?
NPC_BEFR_PLAYER_a150a93a-c79f-4df3-b9dd-11a0ac2e59d1_SCHOLAR,"È dunque il pastore, nello specifico, ad aver bisogno di aiuto?"
NPC_BEFR_PLAYER_a150a93a-c79f-4df3-b9dd-11a0ac2e59d1_STOIC,Vuoi che aiuti il pastore?
NPC_BEFR_PLAYER_a4d9dcb9-184b-4a1e-845c-90ebf3441e20_HEROIC,"Spiegati, vecchio. Che cosa intendi?"
NPC_BEFR_PLAYER_a4d9dcb9-184b-4a1e-845c-90ebf3441e20_JOKER,"Hai perso di nuovo il filo, vecchio?"
NPC_BEFR_PLAYER_a4d9dcb9-184b-4a1e-845c-90ebf3441e20_SCHOLAR,"Qual è il punto del tuo discorso, vecchio?"
NPC_BEFR_PLAYER_a4d9dcb9-184b-4a1e-845c-90ebf3441e20_STOIC,"Che stai dicendo, vecchio?"
NPC_BEFR_PLAYER_a750530f-270a-453d-b614-95bfc7cdccdc_HEROIC,Dunque abbiamo perso il carico per l'imprudenza del corriere?
NPC_BEFR_PLAYER_a750530f-270a-453d-b614-95bfc7cdccdc_JOKER,"Quindi il carico è sgusciato fra le dita del corriere, eh?"
NPC_BEFR_PLAYER_a750530f-270a-453d-b614-95bfc7cdccdc_SCHOLAR,La perdita del carico è quindi dovuta alla scarsa cautela del corriere?
NPC_BEFR_PLAYER_a750530f-270a-453d-b614-95bfc7cdccdc_STOIC,Quindi il corriere distratto ha perso il carico?
NPC_BEFR_PLAYER_ae902889-03b2-4338-a2af-1246d2d4954b_HEROIC,Dovrebbe turbarti più di così.
NPC_BEFR_PLAYER_ae902889-03b2-4338-a2af-1246d2d4954b_JOKER,"Non c'è molto che ti scompigli le piume, eh?"
NPC_BEFR_PLAYER_ae902889-03b2-4338-a2af-1246d2d4954b_SCHOLAR,Sembra che la cosa ti tocchi ben poco.
NPC_BEFR_PLAYER_ae902889-03b2-4338-a2af-1246d2d4954b_STOIC,Non sembri molto turbato.
NPC_BEFR_PLAYER_aeb8ab00-19b8-4db7-ac76-ba4778f48cf2_BASE,Perché le creature della foresta dovrebbero evitarti?
NPC_BEFR_PLAYER_b02af012-cef2-4d81-8ff4-55e0ba50f1ed_HEROIC,Non ti ho parlato del Santuario. Chi l'ha fatto?
NPC_BEFR_PLAYER_b02af012-cef2-4d81-8ff4-55e0ba50f1ed_JOKER,"Non ho detto niente del Santuario. O sei sveglio, o qualcuno è un gran pettegolo."
NPC_BEFR_PLAYER_b02af012-cef2-4d81-8ff4-55e0ba50f1ed_SCHOLAR,"Nessuno ha pronunciato quel nome in tua presenza. Dunque chi, o cosa, te l'ha rivelato?"
NPC_BEFR_PLAYER_b02af012-cef2-4d81-8ff4-55e0ba50f1ed_STOIC,Non te l'ho detto. Chi è stato?
NPC_BEFR_PLAYER_b20a99d1-b640-4778-a876-07831c175931_HEROIC,"Ti ringrazio, Befr. Come posso farne buon uso?"
NPC_BEFR_PLAYER_b20a99d1-b640-4778-a876-07831c175931_JOKER,"Grazie, Befr. Che razza di guai posso combinare con questi?"
NPC_BEFR_PLAYER_b20a99d1-b640-4778-a876-07831c175931_SCHOLAR,"Grazie, Befr. A quale scopo servono?"
NPC_BEFR_PLAYER_b20a99d1-b640-4778-a876-07831c175931_STOIC,"Grazie, Befr. Cosa posso farci?"
NPC_BEFR_PLAYER_b2337e73-950b-4064-85a3-d89fea7d7f83_HEROIC,Il mio tempo vale più di questo. Ho chiuso.
NPC_BEFR_PLAYER_b2337e73-950b-4064-85a3-d89fea7d7f83_JOKER,Io e questa commissione prendiamo strade diverse. Il mio tempo ha delle pretese.
NPC_BEFR_PLAYER_b2337e73-950b-4064-85a3-d89fea7d7f83_SCHOLAR,Posso impiegare meglio il mio tempo altrove. Non proseguirò.
NPC_BEFR_PLAYER_b2337e73-950b-4064-85a3-d89fea7d7f83_STOIC,È una perdita di tempo. Non vedo motivo di continuare.
NPC_BEFR_PLAYER_b277ce8b-2dd3-46a9-bfd0-a59b98e28f62_HEROIC,"Se si sta diffondendo, c'è motivo di preoccuparsi."
NPC_BEFR_PLAYER_b277ce8b-2dd3-46a9-bfd0-a59b98e28f62_JOKER,Niente di cui preoccuparsi. A meno che non ti dia fastidio vederla dilagare.
NPC_BEFR_PLAYER_b277ce8b-2dd3-46a9-bfd0-a59b98e28f62_SCHOLAR,È proprio la sua diffusione a richiedere attenzione.
NPC_BEFR_PLAYER_b277ce8b-2dd3-46a9-bfd0-a59b98e28f62_STOIC,Si sta diffondendo.
NPC_BEFR_PLAYER_b3968ad9-4080-44ad-9e4d-86c71880a7f7_HEROIC,"Sei un vecchio strano, e te lo dico apertamente."
NPC_BEFR_PLAYER_b3968ad9-4080-44ad-9e4d-86c71880a7f7_JOKER,"Sei proprio un bel tipo di vecchio strambo, sai?"
NPC_BEFR_PLAYER_b3968ad9-4080-44ad-9e4d-86c71880a7f7_SCHOLAR,"Sei un vecchio insolito, sotto ogni aspetto."
NPC_BEFR_PLAYER_b3968ad9-4080-44ad-9e4d-86c71880a7f7_STOIC,Sei un vecchio strano.
NPC_BEFR_PLAYER_bdf6e398-d34f-4d40-a577-eced9b0d804b_BASE,"""Ho trovato i tuoi attrezzi."""
NPC_BEFR_PLAYER_c0005409-9802-443e-8061-faa9ca7e584c_BASE,Ho incontrato un albero corrotto nella foresta.
NPC_BEFR_PLAYER_c07b54be-42ed-4841-8553-2504341f2b1c_HEROIC,Avrai il mio benvenuto. Anche se non ti ho mai parlato del Santuario.
NPC_BEFR_PLAYER_c07b54be-42ed-4841-8553-2504341f2b1c_JOKER,"Volentieri. Però non te ne ho detto nulla, quindi chi ha spifferato?"
NPC_BEFR_PLAYER_c07b54be-42ed-4841-8553-2504341f2b1c_SCHOLAR,Ti accoglierei con piacere. Ma il Santuario non è mai stato menzionato. Dove ne hai sentito parlare?
NPC_BEFR_PLAYER_c07b54be-42ed-4841-8553-2504341f2b1c_STOIC,Puoi venire. Non te ne ho mai parlato.
NPC_BEFR_PLAYER_c0f80fea-b386-41bd-af1c-45fec8a26c67_BASE,Cosa intendi per mistero?
NPC_BEFR_PLAYER_c1ed5a7f-999b-4f0a-931f-9a212b68f658_HEROIC,"Erano nel cuore di Wildwood, circondati da belve."
NPC_BEFR_PLAYER_c1ed5a7f-999b-4f0a-931f-9a212b68f658_JOKER,"Belve da ogni parte, nel cuore di Wildwood. Le passeggiate non annoiano mai."
NPC_BEFR_PLAYER_c1ed5a7f-999b-4f0a-931f-9a212b68f658_SCHOLAR,"Nel cuore di Wildwood, accerchiati da belve. Un luogo insolito dove ritrovare degli attrezzi."
NPC_BEFR_PLAYER_c1ed5a7f-999b-4f0a-931f-9a212b68f658_STOIC,"Erano circondati da belve, nel cuore di Wildwood."
NPC_BEFR_PLAYER_c33cbf7a-8210-4aa5-a0fe-b6dc63609752_HEROIC,Pochi si aspetterebbero di vederti viaggiare con dei nani. Eppure eccoti qui.
NPC_BEFR_PLAYER_c33cbf7a-8210-4aa5-a0fe-b6dc63609752_JOKER,Ora viaggi con i nani? Le sorprese non finiscono mai.
NPC_BEFR_PLAYER_c33cbf7a-8210-4aa5-a0fe-b6dc63609752_SCHOLAR,È insolito vederti in compagnia di nani.
NPC_BEFR_PLAYER_c33cbf7a-8210-4aa5-a0fe-b6dc63609752_STOIC,Non ti facevo tipo da viaggiare con i nani.
NPC_BEFR_PLAYER_c452793c-55b1-412f-afd3-4e93a72ce67b_HEROIC,Da quanto tempo tu e Heimen siete compagni?
NPC_BEFR_PLAYER_c452793c-55b1-412f-afd3-4e93a72ce67b_JOKER,Tu e Heimen: vecchi amici o nuovi complici?
NPC_BEFR_PLAYER_c452793c-55b1-412f-afd3-4e93a72ce67b_SCHOLAR,Conosci Heimen approfonditamente?
NPC_BEFR_PLAYER_c452793c-55b1-412f-afd3-4e93a72ce67b_STOIC,Conosci bene Heimen?
NPC_BEFR_PLAYER_c685bcdf-07f2-4941-adc1-5108cb8c38d6_HEROIC,È un pensiero nobile. Alla fine il bene prevarrà.
NPC_BEFR_PLAYER_c685bcdf-07f2-4941-adc1-5108cb8c38d6_JOKER,"Un bel pensiero. Alla fine il bene vince, fosse anche solo perché campa più degli altri."
NPC_BEFR_PLAYER_c685bcdf-07f2-4941-adc1-5108cb8c38d6_SCHOLAR,"Una tesi condivisibile. Nel lungo periodo, il bene tende a prevalere."
NPC_BEFR_PLAYER_c685bcdf-07f2-4941-adc1-5108cb8c38d6_STOIC,Mi piace questo pensiero. Alla fine il bene vince.
NPC_BEFR_PLAYER_d064c3c8-edd5-444c-8f22-82c2a8c5885e_BASE,Dov'è questo pastore?
NPC_BEFR_PLAYER_d47f9602-95fd-45a5-8b0b-78d2576fc005_HEROIC,"Non posso rifiutare. Il tuo aiuto ha davvero valore, Befr."
NPC_BEFR_PLAYER_d47f9602-95fd-45a5-8b0b-78d2576fc005_JOKER,"Come potrei rifiutare? Il tuo aiuto vale la pena, Befr."
NPC_BEFR_PLAYER_d47f9602-95fd-45a5-8b0b-78d2576fc005_SCHOLAR,"Non sarebbe ragionevole rifiutare. Grazie, Befr. Mi sarà utile."
NPC_BEFR_PLAYER_d47f9602-95fd-45a5-8b0b-78d2576fc005_STOIC,"Non posso rifiutare. Grazie, Befr."
NPC_BEFR_PLAYER_d8deaf88-f0a3-42dc-a57c-7cdad1a7b3b7_HEROIC,"Il bambino era davvero in pericolo, Befr. Ci vuole più serietà."
NPC_BEFR_PLAYER_d8deaf88-f0a3-42dc-a57c-7cdad1a7b3b7_JOKER,"Stavamo per perdere un bambino, Befr. Per te quando si comincia a fare sul serio?"
NPC_BEFR_PLAYER_d8deaf88-f0a3-42dc-a57c-7cdad1a7b3b7_SCHOLAR,"Avrebbe potuto morire, Befr. La cosa merita più peso di quanto tu le attribuisca."
NPC_BEFR_PLAYER_d8deaf88-f0a3-42dc-a57c-7cdad1a7b3b7_STOIC,"Il bambino poteva morire, Befr. Sii più serio."
NPC_BEFR_PLAYER_dad01a62-5138-4c6c-a8e7-1b00bdc98f4e_HEROIC,"Costruire non mi è congeniale, ma porterò a termine il lavoro."
NPC_BEFR_PLAYER_dad01a62-5138-4c6c-a8e7-1b00bdc98f4e_JOKER,"Costruire mi fa dormire, ma posso dare qualche martellata."
NPC_BEFR_PLAYER_dad01a62-5138-4c6c-a8e7-1b00bdc98f4e_SCHOLAR,"Costruire non mi interessa, ma imparerò a farlo come si deve."
NPC_BEFR_PLAYER_dad01a62-5138-4c6c-a8e7-1b00bdc98f4e_STOIC,Costruire mi annoia. Ma proverò.
NPC_BEFR_PLAYER_db531225-6ee6-4b06-8186-0c54fb112144_HEROIC,È un golem singolare. Da una simile stazza ci si aspetterebbe più forza.
NPC_BEFR_PLAYER_db531225-6ee6-4b06-8186-0c54fb112144_JOKER,"Quel golem è proprio strano. Con tutto quel volume ti aspetti chissà cosa, e invece niente."
NPC_BEFR_PLAYER_db531225-6ee6-4b06-8186-0c54fb112144_SCHOLAR,Un golem insolito. Una tale massa di pietra dovrebbe produrre ben altri risultati.
NPC_BEFR_PLAYER_db531225-6ee6-4b06-8186-0c54fb112144_STOIC,È un golem strano. Da quella stazza ci si aspetta più forza.
NPC_BEFR_PLAYER_dce9cbe6-b4a5-42c5-8426-f02f5f43b842_HEROIC,Mi mostri il punto esatto in cui hai perso gli attrezzi?
NPC_BEFR_PLAYER_dce9cbe6-b4a5-42c5-8426-f02f5f43b842_JOKER,"Dove ti sono sgusciati via quegli attrezzi, di preciso?"
NPC_BEFR_PLAYER_dce9cbe6-b4a5-42c5-8426-f02f5f43b842_SCHOLAR,"Dove hanno lasciato le tue mani, esattamente?"
NPC_BEFR_PLAYER_dce9cbe6-b4a5-42c5-8426-f02f5f43b842_STOIC,"Dove hai perso gli attrezzi, di preciso?"
NPC_BEFR_PLAYER_e1892761-00e9-405e-b1b3-7dbd16b10d60_HEROIC,Concentrati sul compito. Conserva le storie per un altro momento.
NPC_BEFR_PLAYER_e1892761-00e9-405e-b1b3-7dbd16b10d60_JOKER,Pensa al lavoro. Non serve sfoderare tutto il repertorio.
NPC_BEFR_PLAYER_e1892761-00e9-405e-b1b3-7dbd16b10d60_SCHOLAR,Prima il compito. I racconti possono attendere il proprio turno.
NPC_BEFR_PLAYER_e1892761-00e9-405e-b1b3-7dbd16b10d60_STOIC,Pensa al compito. Tieniti le storie.
NPC_BEFR_PLAYER_e18f9f8c-49a1-49ed-91c1-50ffcc206d9f_HEROIC,"Il tuo racconto regge poco. Ma se troverò gli attrezzi, te li restituirò."
NPC_BEFR_PLAYER_e18f9f8c-49a1-49ed-91c1-50ffcc206d9f_JOKER,"A quella storia servirebbe una lucidata. Ma se trovo gli attrezzi, te li riporto."
NPC_BEFR_PLAYER_e18f9f8c-49a1-49ed-91c1-50ffcc206d9f_SCHOLAR,"Il tuo racconto presenta lacune. Ciò detto, se trovo gli attrezzi, li riavrai."
NPC_BEFR_PLAYER_e18f9f8c-49a1-49ed-91c1-50ffcc206d9f_STOIC,"Non mi convince. Ma se trovo gli attrezzi, te li riporto."
NPC_BEFR_PLAYER_e238778a-329a-495b-82ea-1e765e50ada5_HEROIC,Molto bene. Il pastore mi vedrà arrivare presto.
NPC_BEFR_PLAYER_e238778a-329a-495b-82ea-1e765e50ada5_JOKER,"Si va a cercare il pastore, allora."
NPC_BEFR_PLAYER_e238778a-329a-495b-82ea-1e765e50ada5_SCHOLAR,Molto bene. Ascolterò di persona la versione del pastore.
NPC_BEFR_PLAYER_e238778a-329a-495b-82ea-1e765e50ada5_STOIC,Va bene. Andrò da questo pastore.
NPC_BEFR_PLAYER_e8989f5c-d518-436c-bf39-6eb711dca561_HEROIC,"Mi fa piacere dare una mano, anche se il suo animo sembrava oppresso dai dubbi."
NPC_BEFR_PLAYER_e8989f5c-d518-436c-bf39-6eb711dca561_JOKER,"Felice di aiutare, ma aveva la speranza di un nuvolone carico di pioggia."
NPC_BEFR_PLAYER_e8989f5c-d518-436c-bf39-6eb711dca561_SCHOLAR,"Mi fa piacere essere d'aiuto. Ma per essere un pastore fiducioso, aveva ben poca fiducia."
NPC_BEFR_PLAYER_e8989f5c-d518-436c-bf39-6eb711dca561_STOIC,Aiuto volentieri. Ma non sembrava molto fiducioso.
NPC_BEFR_PLAYER_e93624c1-42f1-4eed-b26a-c8a27f90abaf_BASE,"Ho sentito parlare dei Principi Primi, ma chi o cosa sono davvero?"
NPC_BEFR_PLAYER_eb4ff7d6-6e6f-40ce-95ad-5764e095bb9f_HEROIC,"Parla, e giudicherò se ne sei davvero degno."
NPC_BEFR_PLAYER_eb4ff7d6-6e6f-40ce-95ad-5764e095bb9f_JOKER,"Avanti, stupiscimi, se pensi di esserne degno."
NPC_BEFR_PLAYER_eb4ff7d6-6e6f-40ce-95ad-5764e095bb9f_SCHOLAR,"Parla, e valuterò se ne sei degno."
NPC_BEFR_PLAYER_eb4ff7d6-6e6f-40ce-95ad-5764e095bb9f_STOIC,Parla. Valuterò se ne sei degno.
NPC_BEFR_PLAYER_eef7a726-fb10-4efc-9e2a-b6b95e6c6d5f_HEROIC,Quegli attrezzi erano nel cuore di una zona pericolosa. Come ne sei uscito illeso?
NPC_BEFR_PLAYER_eef7a726-fb10-4efc-9e2a-b6b95e6c6d5f_JOKER,I tuoi attrezzi si erano scelti l'angolo peggiore della foresta. Come fai a camminare ancora?
NPC_BEFR_PLAYER_eef7a726-fb10-4efc-9e2a-b6b95e6c6d5f_SCHOLAR,I tuoi attrezzi erano nella zona più ostile della foresta. Come sei sopravvissuto?
NPC_BEFR_PLAYER_eef7a726-fb10-4efc-9e2a-b6b95e6c6d5f_STOIC,I tuoi attrezzi erano in una zona pericolosa della foresta. Come sei sopravvissuto là fuori?
NPC_BEFR_PLAYER_eeffb6c8-c22b-4d31-a359-6651bdaad6a6_BASE,Come costruisco fondamenta e muri?
NPC_BEFR_PLAYER_f04da1f0-a5c6-4d96-aa46-eed41466a243_HEROIC,Da quanto tempo lo annoveri fra i tuoi alleati?
NPC_BEFR_PLAYER_f04da1f0-a5c6-4d96-aa46-eed41466a243_JOKER,Da quanto tempo fa parte della tua storia?
NPC_BEFR_PLAYER_f04da1f0-a5c6-4d96-aa46-eed41466a243_SCHOLAR,La vostra amicizia si misura in anni o in ere?
NPC_BEFR_PLAYER_f04da1f0-a5c6-4d96-aa46-eed41466a243_STOIC,Da quanto lo conosci?
NPC_BEFR_PLAYER_f1c03dbb-611d-4c32-a27a-85bfa3db07d2_HEROIC,Il moccioso è stato uno sciocco. La driade l'aveva già preso quando ancora non vedeva il pericolo.
NPC_BEFR_PLAYER_f1c03dbb-611d-4c32-a27a-85bfa3db07d2_JOKER,"Il moccioso si è cacciato nei guai, si è fatto acciuffare da una driade e non se n'è nemmeno accorto."
NPC_BEFR_PLAYER_f1c03dbb-611d-4c32-a27a-85bfa3db07d2_SCHOLAR,Pessimo giudizio. Una driade l'ha catturato senza che lui riconoscesse il pericolo.
NPC_BEFR_PLAYER_f1c03dbb-611d-4c32-a27a-85bfa3db07d2_STOIC,Il moccioso è stato sciocco. Una driade l'ha preso e lui non ha visto il pericolo.
NPC_BEFR_PLAYER_f1d7c96d-c022-4b10-84aa-8f6aaf3ab1a5_HEROIC,"Se troverò il moccioso, lo esorterò a tornare a casa da sua madre."
NPC_BEFR_PLAYER_f1d7c96d-c022-4b10-84aa-8f6aaf3ab1a5_JOKER,"Se vedo il moccioso, gli suggerirò una ritirata strategica dalla mamma."
NPC_BEFR_PLAYER_f1d7c96d-c022-4b10-84aa-8f6aaf3ab1a5_SCHOLAR,"Se incontro il moccioso, gli indicherò la porta di casa di sua madre."
NPC_BEFR_PLAYER_f1d7c96d-c022-4b10-84aa-8f6aaf3ab1a5_STOIC,"Se trovo il moccioso, gli dirò di correre a casa da sua madre."
NPC_BEFR_PLAYER_f526c967-79e6-4e45-bf9b-6b580cc52a4b_HEROIC,Quale ricompensa mi attende per questo compito?
NPC_BEFR_PLAYER_f526c967-79e6-4e45-bf9b-6b580cc52a4b_JOKER,E qual è il gran premio per il disturbo?
NPC_BEFR_PLAYER_f526c967-79e6-4e45-bf9b-6b580cc52a4b_SCHOLAR,Quale compenso prevede questo accordo?
NPC_BEFR_PLAYER_f526c967-79e6-4e45-bf9b-6b580cc52a4b_STOIC,Cosa ci guadagno?
NPC_BEFR_PLAYER_gggnc8-c22b-4d31-a359-6651bdaad6a6_BASE,Un golem nel bosco mi ha detto che hai una consegna per lui.
NPC_BEFR_PLAYER_mndgfikhg-edd5-444c-8f22-82c2a8c5885e_BASE,Ho aiutato il pastore.
NPC_BEFR_RESPONSE_0212bf0a-0787-416a-b899-c4a0d7419f8e,"""Mistero nelle pietre, amico mio, e nel modo in cui sospira il vento. Presto lo sentirai anche tu."""
NPC_BEFR_RESPONSE_042e05b0-25e6-4e93-81cb-d4d34790adfc,"""Mi chiedi chi sono? Ho ho! Mi chiamano Befr. Sono un mercante itinerante di merci della più eccezionale qualità!"""
NPC_BEFR_RESPONSE_0518fd51-fd6d-468d-ac29-1376dfe29083,"""È appena fuori dal villaggio, l'unico posto sicuro rimasto ai contadini. Attraversa il ponte e segui la strada principale; lo troverai poco discosto, in cerca del suo gregge con lo sguardo."""
NPC_BEFR_RESPONSE_051f25fa-2aae-4b17-9568-0dd81cefe854,"""Eccome, amico mio! Sono rari dalle parti di Earlwood, ma il Monte Grandor è tutt'altra cosa. Ce ne sono centinaia, plasmati dall'abilità artigiana e dalla magia.""\n\n\n\n""I golem sono un popolo curioso e meraviglioso. Immagina, amico mio: nessuna ombra della fine alle tue spalle, nessun piccolo dolore del tempo che ti sussurra nelle ossa. La loro magia si affievolisce, sì, ma loro non lo sentono. Basilton è ancora più singolare. È più vecchio di me, e si regge ancora in piedi dopo l'equivalente di molte vite di golem."""
NPC_BEFR_RESPONSE_05c1c03c-2118-409f-9bb5-ed0e3a9daddf,"""Faustas? Ho ho! Lui e io abbiamo percorso insieme qualche decennio di strada, amico. Sta a lui raccontartelo, non a me."""
NPC_BEFR_RESPONSE_07d5a7b0-6eab-4bee-9b29-5accc3147bb8,"""Ho ho! Diciamo che è un vecchio pasticcio opera di mani ancora più vecchie.""\n\n\n\n*Solleva il coperchio di una scatola di latta piena di radici secche e ne ispeziona il contenuto canticchiando.*\n\n""La Corruzione? Una ricetta antica quanto la rovina. Opera di Sylbos e di quelle Iniquità, quegli scellerati tentatori. Non c'è troppo da preoccuparsi."""
NPC_BEFR_RESPONSE_099b75fa-c9d3-496f-82be-63b57442a126,"*Con un sorriso che va da un orecchio all'altro, Befr batte le mani.*\n\n""Ho ho! Eccoli qui! I miei piccoli, fedeli tesori, quanto mi siete mancati!"""
NPC_BEFR_RESPONSE_0ab69d08-89aa-429c-851b-279460a0e0c3,"""Ho ho! Befr sa molte cose, amico mio. Una volta ho fatto una caccia al tesoro con un gruppo di nani. Ah, che meraviglia! Non capivano come facessi a conoscere tutti i loro nascondigli.""\n\n""Proprio come allora, cosa potrei fare di meglio che unirmi a te in questa grande avventura?"""
NPC_BEFR_RESPONSE_0ef7eef3-7011-477b-bcce-5ce8ee8f64d6,"""Oho, ci proverò. Ma le storie hanno il vizio di scappare fuori quando la strada si fa lunga."""
NPC_BEFR_RESPONSE_0f92ff0f-4971-4049-82d4-f4ea7aa831e6,"""Oh, amico mio. Per quanto possano sembrare perdute, non credo che una driade potrebbe mai far del male a un bambino innocente.""\n\n""Sai, una volta ho passato una settimana con tre sorelle driadi. Oh, che giorni! Annaffiare piante, nutrire animali, spostare acqua... una delizia! Tutto nella foresta è in armonia, amico mio, se lo sei anche tu.""\n\n""Bene, ora la madre del bambino dovrebbe essere tranquilla. Che meraviglioso lieto fine.""\n\n""E un eroe merita sempre una ricompensa, non trovi? Per ben due volte hai dimostrato di essere un buon amico di Befr!""\n\n*Il vecchio riflette un momento guardando il cielo, con una mano ad accarezzarsi la barba.*\n\n""Ho ho! Lo so! La ricompensa migliore di tutte: Befr!"""
NPC_BEFR_RESPONSE_11571785-af5d-48e1-af46-79e7c43d71c1,"""Ho ho! Un pensiero acuto, e vero a metà, amico mio. La capacità di contare su sé stessi è il fondamento della speranza, certo, ma ne fa parte anche la forza di accettare l'aiuto offerto. Se non sai aiutarti, nessuno può aiutarti, sì; ma se rifiuti l'aiuto degli altri, nemmeno allora qualcuno potrà aiutarti. Ebbene, chi dà una mano a chi spera non dovrebbe restare senza ricompensa. Ecco, prendi questi piccoli semi di speranza, e un po' d'oro per rischiarare anche il tuo cammino, almeno un poco."""
NPC_BEFR_RESPONSE_14026b6c-68fc-4d72-bbda-cefe18ce4815,"*Befr chiude gli occhi e un ampio sorriso si allarga fra la barba.*\n\n""Ho ho! Mi chiedevo quando me l'avresti domandato, amico mio. Questo posto avrebbe bisogno di qualche abbellimento, di crescere un poco, diciamo! Ti prego, accetta questi piccoli doni: progetti per fondamenta e muri, per trasformare questo bell'accampamento in una vera casa."""
NPC_BEFR_RESPONSE_146b03aa-e558-420c-b52f-6290118a3d11,"*Spolvera un piccolo sgabello di cuoio accanto al carro.*\n\n""Ho ho! Heimen Thaldrik, una voce di ghiaia che canta e una barba da cespuglio intrecciato. Mi fa piacere sapere che è tornato a Earlwood."""
NPC_BEFR_RESPONSE_17c9f86a-0de1-4c5a-99ef-c3ac9d5c676f,"""Ma questo è il Villaggio di Earlwood! In tutti i miei viaggi, amico mio, non ho mai incontrato un insieme di persone più ammirevole di questo."""
NPC_BEFR_RESPONSE_19204c45-75c1-4a1a-a67d-554ee4f70284,"*Con un bastone intagliato scosta un po' di muschio dal predellino del carro.*\n\n""Ho ho! Questa Corruzione è una faccenda molesta, non trovi? Pensa, molti dei miei amici della foresta non mi rivolgono più la parola. Le mie passeggiate mattutine sono diventate piuttosto solitarie."""
NPC_BEFR_RESPONSE_1df2707c-3cfc-4691-94f9-075e97b3230e,"""Ho ho! Basilton? Ah, quella sì che è un'anima gentile. Trascorre i suoi giorni un po' discosto dagli altri, sì, ma questo non lo rende da meno. Solo, forse. Smarrito, a volte. Eppure è uno dei migliori golem che abbia avuto il piacere di conoscere."""
NPC_BEFR_RESPONSE_25973546-a0d7-4872-8b74-48ff076b8667,"""Non soltanto una mente, amico mio. Una volontà. Ed è quella la cosa più rara."""
NPC_BEFR_RESPONSE_298b7408-b401-47cf-b8f7-98a86c09b317,"""Su, su, amico mio, non occorre essere tanto duri né tanto precipitosi.""\n\n\n\n*Befr posa le mani intrecciate sulla bisaccia; ha uno sguardo affettuoso e la sua voce assume la dolce cadenza di un narratore.*\n\n""La speranza si nasconde anche negli angoli più impensati, amico mio. Che lui o tu riusciste a vederla o meno, c'era una via per lui e per il suo gregge... e quella speranza eri tu. Dove sembrava non esserci speranza, alla fine è tornata la fiducia. Ho ho!"""
NPC_BEFR_RESPONSE_29e00116-deef-4c56-a389-8a5712895fe2,"""Esattamente, amico mio! E chi dà una mano a chi spera non dovrebbe restare senza ricompensa. Ecco, prendi questi piccoli semi di speranza, e un po' d'oro per rischiarare anche il tuo cammino, almeno un poco."""
NPC_BEFR_RESPONSE_2d41bb0d-7cd0-4c15-9638-0b320962f07f,"""Fantastico!""\n\n""Sai, una volta ho passato una settimana con tre sorelle driadi. Oh, che giorni! Annaffiare piante, nutrire animali, spostare acqua... una delizia! Tutto nella foresta è in armonia, amico mio, se lo sei anche tu.""\n\n""Bene, ora la madre del bambino dovrebbe essere tranquilla. Che meraviglioso lieto fine.""\n\n""E un eroe merita sempre una ricompensa, non trovi? Per ben due volte hai dimostrato di essere un buon amico di Befr!""\n\n*Il vecchio riflette un momento guardando il cielo, con una mano ad accarezzarsi la barba.*\n\n""Ho ho! Lo so! La ricompensa migliore di tutte: Befr!"""
NPC_BEFR_RESPONSE_2d7162cc-3f0b-45a2-987f-1cc33e9a5fd8,"""Ho ho! Ma stavo solo facendo una passeggiata nella foresta. Niente di losco, amico mio."""
NPC_BEFR_RESPONSE_35895c1e-86ac-4e74-8116-5567c533b15f,"""Una posizione ragionevole. Accertati soltanto che l'attesa non ti costi un amico prezioso."""
NPC_BEFR_RESPONSE_3df8057e-f764-42a3-88cc-4b2926ba6f9f,"""Magnifico! Allora cominciamo, mano nella mano e a occhi aperti. Ho ho!"""
NPC_BEFR_RESPONSE_3e3743c9-9588-4196-b9a8-cfb1d4c41475,"*Gli occhi di Befr si spalancano alle tue parole e il suo sorriso si dispiega sotto la barba.*\n\n""Ho ho! Fantastico, amico mio! Riempie di gioia questo vecchio cuore sapere che il Pastore fiducioso ha ricevuto aiuto e che il suo gregge è salvo."""
NPC_BEFR_RESPONSE_3f4cc99f-15c7-4b13-a112-66394e2d52c1,"""La foresta, naturalmente! Quella vecchia burlona verde adora nascondermi le cose."""
NPC_BEFR_RESPONSE_435b5377-2184-40ce-ae95-7bd4a3fb3844,"""Molte cose. La loro visione allegra della vita, la loro maestria con le parole e alla fucina, le loro barbe fantastiche. La mia l'ho fatta crescere in onore di due nani conosciuti in gioventù."""
NPC_BEFR_RESPONSE_49101c56-6d4c-4e9c-82a1-495be74538f9,"""Ho ho! Allora lascia che il vecchio Befr lo spieghi con semplicità. I golem nascono quando si lega la magia alla materia. Quella magia dà loro forma e pensiero; è ciò che li muove. Ma con gli anni si disperde, silenziosa come un respiro attraverso un panno. Non si sentono più deboli. Non sanno che l'ultimo istante è vicino. Poi, di colpo, l'ultima scintilla li abbandona e il corpo si disfa."""
NPC_BEFR_RESPONSE_49dd76a5-60b9-4b29-acf5-d537ce889189,"""Sì, credo sia vero. La foresta l'ha tenuto stretto, e Basilton gliel'ha permesso.""\n\n\n\n""Lascia che ti racconti una storia, amico mio. Ho conosciuto Basilton negli anni dei miei vagabondaggi, quando la barba era più corta e i miei stivali due volte più sciocchi. Ero appena stato in visita dagli elfi, se la memoria non m'inganna, quando l'aria della foresta si fece dolce. Fiori, capisci. Non comuni corolle sul ciglio della strada. Qualcosa di intenso e insolito. Seguii il profumo, come ogni sciocco assennato, e trovai un giardino così bello da dimenticare del tutto la strada. Poi il terreno si mosse, un'aiuola si sollevò e Basilton si alzò accanto a me. Lodai il suo giardino. Lui mi ascoltò con gentilezza. E fu tutto: un'amicizia piantata con un complimento sincero."""
NPC_BEFR_RESPONSE_4ad58745-9ff7-42db-bdce-b7b4e8b83f04,"""Ho ho! Basilton? Santo cielo, quanto mi è mancata quella grande anima di terra e radici.""\n\n*Il sorriso di Befr si accentua sotto la barba bianca e lui dà un colpetto alla bisaccia, come per farsi forza.*\n\n""E il fertilizzante, sì... la faccenda ha preso una piega spiacevole.""\n\n*La sua allegria si attenua per un istante e gli occhi si stringono, pensosi.*\n\n""L'ultimo carico è stato preso dai goblin lungo la strada, prima ancora di giungere nelle mie mani. Da allora aspetto una nuova partita.""\n\n*Scuote appena il capo in segno di disapprovazione, poi si sforza di restituire calore alla voce.*\n\n""Miserabili piccoli predoni, oho. Se avessi saputo che Basilton era in condizioni tanto gravi, avrei agito prima."""
NPC_BEFR_RESPONSE_4c8881cd-4904-4d96-b78e-2b74e3b1a0f8,"""Degno, dici? Ho ho! Lascia che ti spieghi, amico mio: potresti trovare questa faccenda più che degna di te.""\n\n\n\n*Befr chiude gli occhi e inspira lentamente, con affetto, come se stesse per narrare una vecchia storia prediletta.*\n\n""Non è affatto per me, amico mio! È per qualcuno di molto più meritevole. Appena fuori dal paese c'è un pastore fiducioso, uno degli ultimi che ci restano, a vegliare sul suo prezioso gregge. Oh, ma ha i recinti rotti e le pecore sparse per i campi. Mi duole vederlo così... e ne soffre anche il villaggio, perché quelle pecore tengono al caldo i nostri rifugiati nelle notti fredde."""
NPC_BEFR_RESPONSE_4ca3459c-ce9e-4c3b-bca7-2fcee700112b,"""Su, su, amico mio, prova. Non si sa mai dove possa germogliare una nuova passione.""\n\n\n\n*Befr posa le mani sulla bisaccia e guarda il tuo accampamento con quieta soddisfazione.*\n\n""Avanti allora, amico mio, costruisciti una vera casa. Se ti manca il legno, dovrai tornare nelle terre selvagge a raccoglierne. Nessun problema per te, mio abilissimo compagno. Quando hai finito non occorre tornare a riferirmelo. Ammirerò il tuo bel lavoro dal mio umile carro e sorriderò fra me."""
NPC_BEFR_RESPONSE_4ce65f3f-66df-4fcf-b871-17731bc1b8d0,"""Oh, meglio di quasi tutti, amico mio. Meglio di quasi tutti!""\n\n\n\n*Srotola una mappa segnata dall'uso e picchietta su un sentiero tracciato con inchiostro sbiadito.*\n\n""Lo conosco da molti anni. L'ho incontrato la prima volta che è venuto a Earlwood, e per un periodo abbiamo viaggiato insieme. Oh, quanto amo le sue canzoni. I nani sono compagni di viaggio davvero rinvigorenti, non trovi?"""
NPC_BEFR_RESPONSE_4eb18059-e89c-4a4f-8f51-d19147e6e5dc,"""Ah, un po' di questo e un po' di quello. Un posto così risveglia vecchi mestieri e istinti ancora più antichi.""\n\n\n\n*Apre la chiusura di una custodia d'ottone appesa al fianco del carro e posa una fiala luminosa su una cassa.*\n\n""Ah, ma io sono soltanto un umile mercante, amico mio. Eppure vedo qualcosa di raro in te. Un cuore buono, e una parte da svolgere nella tempesta che si avvicina. Ti darò l'aiuto che posso: merci, consigli, forse qualche comodità per questa strana nuova casa."""
NPC_BEFR_RESPONSE_5334e07a-27a9-4fc4-8161-987bdb62b49d,"""Comincia dalle piccole cose. Offri una mano e guarda come viene stretta. Poi offrila ancora."""
NPC_BEFR_RESPONSE_54136ce8-7a3e-4c0a-81d9-85e01dfe9973,"""Pietra e fiume nello stesso respiro. Chiedi alla taverna e sentirai con le tue orecchie."""
NPC_BEFR_RESPONSE_5f8bca76-1583-471d-8a95-2bc7f5b89919,"""Gentile da parte tua dirlo! E anche accorgertene. Pochi ci riescono al primo sguardo. Le pietre ricordano.""\n\n\n\n*Volge il viso al vento, con gli occhi socchiusi.*\n\n""Sento la magia scorrere nell'aria, qui, e proprio accanto abbiamo delle enigmatiche strutture degli Antichi. Che meraviglia! Faustas adorerebbe questo posto."""
NPC_BEFR_RESPONSE_60e1d050-8bbc-421a-aff0-cfcfb947696e,"""Ho ho! Questo è lo spirito giusto.""\n\n*Annuisce con energia, quasi ti congedasse con la benedizione di un artigiano.*\n\n""Avanti, allora. Riporta il carico prima che venga calpestato, contaminato o venduto."""
NPC_BEFR_RESPONSE_61e63cfa-92b6-4a60-9629-2f4dbfc412fc,"""Ho ho! Amico mio, qualunque cosa accada intorno a noi, c'è sempre un motivo per essere allegri, basta cercarlo!"""
NPC_BEFR_RESPONSE_681fcfe1-354a-4dc1-84a1-3aaea55e0fa2,"""Meraviglioso! Mi accomodo da solo. Non badare al disordine: mi segue."""
NPC_BEFR_RESPONSE_68ef03af-4d05-44ce-88b2-f419cf83dcf8,"""Ho ho! Per tua fortuna, allora, ho portato sia ringraziamenti sia servigi.""\n\n\n\n""Viviamo un'ora strana, amico mio. Strade difficili, svolte insolite. Ed enigmi che non si risolveranno da soli. Ma non vedo l'ora di affrontarli insieme a te. Ripareremo ciò che possiamo, impareremo ciò che serve e, strada facendo, raccoglieremo qualche storia che valga la pena raccontare."""
NPC_BEFR_RESPONSE_69279dbf-ca98-44eb-9a06-cdaff81d5570,"""Ah! Occhio acuto, amico mio. Sì, contavo le tue buone azioni, e il numero è cresciuto proprio bene. Il villaggio aiutato, la strada resa più sicura, il giovane Armin sottratto sano e salvo al pericolo delle driadi... Ho ho! Un lavoro di ottima fattura."""
NPC_BEFR_RESPONSE_6c23f8d1-5d1d-4f37-972f-b33c4cde0e6e,"""Ho ho! Oh, ai miei tempi ho visto di molto peggio. La Corruzione è soltanto un'ombra, e le ombre passano quando la luce si sposta nel modo giusto.""\n\n\n\n*Solleva il coperchio di una scatola di latta piena di radici secche e ne ispeziona il contenuto canticchiando.*\n\n""La Corruzione? Una ricetta antica quanto la rovina. Opera di Sylbos e di quelle Iniquità, quegli scellerati tentatori. Non c'è troppo da preoccuparsi."""
NPC_BEFR_RESPONSE_6f48c351-b8bc-4a0d-99b4-1c2f7c0ad42a,"""Ho ho! Eccellente. Com'è andata la prima avventura del virgulto?"""
NPC_BEFR_RESPONSE_71f15e5c-8076-4343-9145-0b69cfb4be7e,"""Te la concedo volentieri, amico mio. La fiducia è più leggera da portare quando è ben meritata.""\n\n\n\n""Viviamo un'ora strana, amico mio. Strade difficili, svolte insolite. Ed enigmi che non si risolveranno da soli. Ma non vedo l'ora di affrontarli insieme a te. Ripareremo ciò che possiamo, impareremo ciò che serve e, strada facendo, raccoglieremo qualche storia che valga la pena raccontare."""
NPC_BEFR_RESPONSE_76a02089-0640-47ef-9442-0ab5d50a3e34,"""Una driade, dici? Il giovanotto ha visto per la prima volta una di quelle maliarde della foresta! Doveva essere estasiato!"""
NPC_BEFR_RESPONSE_781ba44a-0bac-4c1e-8056-67420ea0519d,"""Temo che il villaggio, anzi, il mondo, stia vivendo un capitolo oscuro, amico mio. Quel furfante di Sylbos ci ha scatenato contro le forze più oscure di questo mondo e dell'altro. Quei diabolici goblin che vedi là fuori sono soltanto una parte del problema. La foresta stessa si è rivoltata contro di noi. Benedizioni su tutti noi, amico mio."""
NPC_BEFR_RESPONSE_7b5e726e-257a-40b0-9603-d352db5602e1,"""Ho ho! Mi dispiace che recuperarli ti abbia dato tanto da fare, amico mio. Di solito gli amici della foresta non sarebbero così aggressivi.""\n\n""Ma ultimamente c'è un'ombra sotto le foglie. I miei amici non cantano più come una volta.""\n\n""Molto tempo fa udii un racconto: questa foresta sarebbe il respiro di Ceres fatto verde, governato da nobili re nascosti nella corteccia e nelle radici.""\n\n""Ma ora qualcosa ha perso la via. È come se avessero dimenticato chi erano. Come foglie prese nella tempesta, che si rivoltano contro il vento...""\n\n*Abbassa gli occhi, pensieroso; poi, all'improvviso, gli scintillano e il largo sorriso ritorna.*\n\n""Ora basta malinconia! Una bella storia finisce sempre con un dono. Prendi queste pozioni, e che ti siano utili.""\n\n""Non sparire, mi raccomando! Al mio banco ti aspettano sempre un racconto caloroso e un tè ancora più caldo."""
NPC_BEFR_RESPONSE_806f86ba-e7ec-4aa6-b4ec-026ca4029f45,"""Scommetterei che col tempo cambierai musica. Sa sostenere il peso delle proprie parole. Una qualità rara.""\n\n\n\n*Si liscia le punte della barba e canticchia piano qualche battuta di una melodia nanica.*\n\n""Di rado incontrerai un uomo migliore: il suo cuore tende alla Verità, alla Bellezza e al Bene. Meglio andare incontro agli altri con la mano aperta, dico sempre."""
NPC_BEFR_RESPONSE_81892444-4b76-4483-a6c4-566bd9705eda,"""Aspettare? Ho ho! No, amico, fare ciò che è giusto, anche quando non fa rumore."""
NPC_BEFR_RESPONSE_8201932b-cb75-41ca-ac7f-2eeff90df1ef,"""Bene, bene... aiutalo, e quando tornerai da me troveremo qualcosa che ripaghi il tuo disturbo."""
NPC_BEFR_RESPONSE_8b69c4ea-53b8-4fc6-ada2-97f31be76df2,"""Ho ho! Questo è lo spirito giusto, amico mio. Potresti ancora sorprenderti. Buona fortuna!"""
NPC_BEFR_RESPONSE_8d260c3e-d0b5-4e77-9103-0d84ac3c45d9,"""Ho ho! Grazie, amico. Dormirò sonni tranquilli sapendo che i miei vecchi compagni torneranno presto da me."""
NPC_BEFR_RESPONSE_8dee24c4-b506-40fc-ad7e-0791081a3851,"""Ho ho! Non è un caso disperato! Lo definirei un modello di speranza: ha soltanto bisogno di una mano.""\n\n\n\n*Befr allarga le mani, disegnando nell'aria fra voi i contorni del compito.*\n\n""Aiutalo a riparare il recinto e a riportarci dentro le pecore. Mostra un po' di carità a quell'anima fiduciosa, amico mio, e avrai tutta la mia gratitudine."""
NPC_BEFR_RESPONSE_9356993d-f18e-4779-81d3-e5684a44ac8c,"""Ho ho! Non giudicare mai un'anima dall'espressione del viso, amico mio.""\n\n\n\n*Befr posa le mani intrecciate sulla bisaccia; ha uno sguardo affettuoso e la sua voce assume la dolce cadenza di un narratore.*\n\n""La speranza si nasconde anche negli angoli più impensati, amico mio. Che lui o tu riusciste a vederla o meno, c'era una via per lui e per il suo gregge... e quella speranza eri tu. Dove sembrava non esserci speranza, alla fine è tornata la fiducia. Ho ho!"""
NPC_BEFR_RESPONSE_95d2f952-f458-4d26-945b-14da4c995c4b,"""Ho ho! Mi piace vagabondare, ma sempre con uno scopo, amico. Sempre con uno scopo!""\n\n\n\n*Apre la chiusura di una custodia d'ottone appesa al fianco del carro e posa una fiala luminosa su una cassa.*\n\n""Ah, ma io sono soltanto un umile mercante, amico mio. Eppure vedo qualcosa di raro in te. Un cuore buono, e una parte da svolgere nella tempesta che si avvicina. Ti darò l'aiuto che posso: merci, consigli, forse qualche comodità per questa strana nuova casa."""
NPC_BEFR_RESPONSE_970a2896-1a89-4e64-86b5-0f06a5616a6c,"""Ho ho! Sua madre era piuttosto sconvolta. Sosteneva che fosse colpa mia, che i miei racconti avessero convinto il bambino di poter diventare un avventuriero anche lui. È filato dritto nella foresta!"""
NPC_BEFR_RESPONSE_98ab2fe7-1bfe-4ffa-a235-0ae9edcbc33e,"""Quasi tutti a Mirkea ne conoscono i nomi, sì, ma sono meno quelli che li ascoltano. Sussurrano attraverso le virtù e ci guidano nei silenzi. Li hai incontrati, anche senza rendertene conto."""
NPC_BEFR_RESPONSE_9a2f86ea-09f1-4c0e-86f8-b2ebf1e6f46f,"""Il disegno affiora come la luce del mattino fra le foglie. Credo che riuscirai a scorgerlo."""
NPC_BEFR_RESPONSE_a2b9ea84-6c1c-47ed-9331-a6b874a4c2d4,"""Oho, attenzione. Un corpo grande non promette per forza un gran pugno. A volte è soltanto la natura che fa spazio a un cuore generoso.""\n\n\n\n""I golem sono un popolo curioso e meraviglioso. Immagina, amico mio: nessuna ombra della fine alle tue spalle, nessun piccolo dolore del tempo che ti sussurra nelle ossa. La loro magia si affievolisce, sì, ma loro non lo sentono. Basilton è ancora più singolare. È più vecchio di me, e si regge ancora in piedi dopo l'equivalente di molte vite di golem."""
NPC_BEFR_RESPONSE_a44308ff-3ce2-4dad-aea7-326cad78ecc7,"""Allora cerchi il tipo sbagliato di straordinarietà. Certe meraviglie sussurrano.""\n\n\n\n""Ho ho! Una volta mi sono spinto un po' troppo lontano e mi sono ritrovato vicino a un'assemblea della gente della foresta. Per puro caso, naturalmente. Nessuno si era accorto del vecchio Befr, e la curiosità è una capretta testarda, così sono rimasto ad ascoltare. Pareva una questione di disciplina, e chi c'era al centro? La nostra cara Myrll. Aveva protestato perché Ceres permetteva di cacciare un maggior numero di piccole prede. Immagina, amico mio. Una driade che si oppone alla volontà di Ceres. Davvero curioso."""
NPC_BEFR_RESPONSE_a53f4586-1e90-4d18-9d0e-b62de550e5f3,"""Oho! Allora prendi almeno questo: chi non si ferma mai a guardare i fiori dimentica perché la strada conta."""
NPC_BEFR_RESPONSE_a58f9b2f-e31b-4514-8779-ab6c9ebf54e1,"""Ho ho! Allora mettiamoci all'opera, amico mio. Il buon lavoro aspetta mani volenterose."""
NPC_BEFR_RESPONSE_a8e5ef1c-8f49-49e6-a7b7-61fc0fa3f633,"""Oh, sì! Ecco, vedi, amico mio, pare che abbia lasciato fuori posto alcuni dei miei attrezzi più cari. Sono indispensabili per il mio mestiere."""
NPC_BEFR_RESPONSE_a99cb744-65bc-4f36-8011-aec5a95afe5b,"""Ho ho! Myrll è un'anima cara. Parla piano, sì, ed è timida come una foglia giovane sotto le intemperie, ma ha calore dentro di sé. Mi fa piacere che sia venuta con noi, amico mio. Un cuore buono è un'aggiunta tutt'altro che trascurabile."""
NPC_BEFR_RESPONSE_abb0e7ae-5a38-4b18-9131-d387436f2a9b,"""Ho ho! Imprudente? No. Fortunato.""\n\n*Befr alza una mano, con fermezza ma senza durezza.*\n\n""È fuggito con la pelle intatta, e non è una vittoria da poco.""\n\n\n\n""I goblin l'hanno trascinato oltre il limitare della foresta, se il racconto è vero.""\n\n*Befr si raddrizza e ritrova la sua vivacità, quasi avesse deciso quale piega dare alla giornata.*\n\n""Significa che abbiamo del lavoro da fare, amico mio.""\n\n*Batte due dita l'una contro l'altra, contando passaggi che soltanto lui vede.*\n\n""Recuperiamo il fertilizzante, quel carico rubato, e rimettiamo le cose a posto per Basilton."""
NPC_BEFR_RESPONSE_aeb14790-2342-4fd7-89a6-78db90e5cc16,"""Ma posso unirmi alla tua piccola compagnia. Posso raggiungerti a casa tua, al Santuario!"""
NPC_BEFR_RESPONSE_b01a12e8-1b06-48e9-8de0-22a1161a1a74,"""Ah, amico mio... chi fabbrica attrezzi lo impara presto.""\n\n*La sua voce rimane gentile, ma non cede.*\n\n""Certi lavori sono noiosi, ma necessari. Basilton non dovrebbe soffrire per la nostra impazienza."""
NPC_BEFR_RESPONSE_b29534e5-b8d6-44fa-98bd-4d55153b2107,"""Voglio che tu costruisca, amico mio! Muri solidi e un vero tetto sopra la testa. Basta dormire in tenda con il vecchio Befr a vegliare su di te.""\n\n\n\n*Befr posa le mani sulla bisaccia e guarda il tuo accampamento con quieta soddisfazione.*\n\n""Avanti allora, amico mio, costruisciti una vera casa. Se ti manca il legno, dovrai tornare nelle terre selvagge a raccoglierne. Nessun problema per te, mio abilissimo compagno. Quando hai finito non occorre tornare a riferirmelo. Ammirerò il tuo bel lavoro dal mio umile carro e sorriderò fra me."""
NPC_BEFR_RESPONSE_b2f3178c-934e-4f11-82cf-1a2216503e9d,"""Magnifico! Un cuore in sintonia con il ritmo dei tempi lunghi. Più raro di quanto si pensi."""
NPC_BEFR_RESPONSE_b30a3865-62e5-4d10-a67e-099b532cd81c,"""Oho, non precipitiamo i giudizi. Un ramo può piegarsi e restare saldo. Le driadi non sono deboli soltanto perché non sferragliano come un'armatura.""\n\n\n\n""Myrll è speciale, sai. In modo discreto, bada bene, senza arrivare in marcia fra stendardi e fanfare. È più vicina a noi della maggior parte delle driadi. Molte della sua specie sembrano così lontane che potrebbero già avere un piede nel regno di Lumen."""
NPC_BEFR_RESPONSE_b3595b77-471a-436d-ac3c-b7a36c9e35a2,"""Una triste verità, amico mio. La corruzione ha reso pericoloso avvicinarle, ma anche in tempi più miti le driadi tendevano raramente la mano ai mortali.""\n\n\n\n""Ho ho! Una volta mi sono spinto un po' troppo lontano e mi sono ritrovato vicino a un'assemblea della gente della foresta. Per puro caso, naturalmente. Nessuno si era accorto del vecchio Befr, e la curiosità è una capretta testarda, così sono rimasto ad ascoltare. Pareva una questione di disciplina, e chi c'era al centro? La nostra cara Myrll. Aveva protestato perché Ceres permetteva di cacciare un maggior numero di piccole prede. Immagina, amico mio. Una driade che si oppone alla volontà di Ceres. Davvero curioso."""
NPC_BEFR_RESPONSE_ba11cf6c-db0c-4bab-91c5-b1fda849e436,"""Ho ho! Grazie, amico mio. Un simile entusiasmo fa bene a un cuore vecchio!""\n\n\n\n*Befr chiude gli occhi e inspira lentamente, con affetto, come se stesse per narrare una vecchia storia prediletta.*\n\n""Non è affatto per me, amico mio! È per qualcuno di molto più meritevole. Appena fuori dal paese c'è un pastore fiducioso, uno degli ultimi che ci restano, a vegliare sul suo prezioso gregge. Oh, ma ha i recinti rotti e le pecore sparse per i campi. Mi duole vederlo così... e ne soffre anche il villaggio, perché quelle pecore tengono al caldo i nostri rifugiati nelle notti fredde."""
NPC_BEFR_RESPONSE_bbd89735-8960-4855-9cdf-888331169dd2,"""Ho ho! Necessità, dovere, destino: chiama l'incudine come vuoi. Se il lavoro è ben fatto, loderò comunque la mano che l'ha compiuto.""\n\n\n\n""Forse non ne vedi ancora l'intero disegno. Eppure hai fatto più di quanto pensi. Fidati del vecchio Befr. Questi occhi hanno visto molte strade, e sanno ancora riconoscere un viandante che valga la pena seguire. Quando ti ho visto la prima volta, ho scorto una promessa. Ma non mi aspettavo che la mantenessi così presto. Ecco perché ti ho raggiunto al Santuario. Earlwood era in buone mani."""
NPC_BEFR_RESPONSE_c1eb73b8-f8c9-4ed3-97f0-62fc9703b544,"""Bello, vero? Una parola gentile è un piccolo seme, ma può mettere radici profonde."""
NPC_BEFR_RESPONSE_c3c13920-fa5c-4e27-b030-f2be754e130f,"""Ho ho! Un gran bel divertimento, vero? Costruire mi rallegra sempre la giornata. Buona fortuna!"""
NPC_BEFR_RESPONSE_c78b2c97-ef07-48d4-92bc-daf802f9d5c9,"""Ho ho! Pericolo? Non per il vecchio Befr! Ma se gli alberi sussurrano il mio nome e gli scoiattoli mi devono dei favori!""\n\n""Ma ultimamente c'è un'ombra sotto le foglie. I miei amici non cantano più come una volta.""\n\n""Molto tempo fa udii un racconto: questa foresta sarebbe il respiro di Ceres fatto verde, governato da nobili re nascosti nella corteccia e nelle radici.""\n\n""Ma ora qualcosa ha perso la via. È come se avessero dimenticato chi erano. Come foglie prese nella tempesta, che si rivoltano contro il vento...""\n\n*Abbassa gli occhi, pensieroso; poi, all'improvviso, gli scintillano e il largo sorriso ritorna.*\n\n""Ora basta malinconia! Una bella storia finisce sempre con un dono. Prendi queste pozioni, e che ti siano utili.""\n\n""Non sparire, mi raccomando! Al mio banco ti aspettano sempre un racconto caloroso e un tè ancora più caldo."""
NPC_BEFR_RESPONSE_cc0f1f86-0bea-4885-80df-e8dbbc5f6371,"""Il vecchio Sylbos vuole riscrivere il mondo con il proprio inchiostro. Ma l'inchiostro cola, amico, e le pagine si voltano.""\n\n\n\n*Sfiora un sonaglio a vento appeso alla tenda e lo guarda oscillare.*\n\n""Ho ho! I tempi possono essere buoni o cattivi. Ma finché ci sarà chi vuole perseguire il Bene, i tempi tenderanno sempre a migliorare, con abbastanza anni a disposizione. Quando hai vissuto quanto me, scorgi il disegno in tutto questo. I Principi Primi, che ci guidano avanti in silenzio."""
NPC_BEFR_RESPONSE_d1084584-9e44-4b5f-aa06-170a1206a8c9,"""E lo fai bene. C'è chi mena colpi alla cieca contro i guai. Tu, amico mio, hai cominciato a colpire dove conta.""\n\n\n\n""Forse non ne vedi ancora l'intero disegno. Eppure hai fatto più di quanto pensi. Fidati del vecchio Befr. Questi occhi hanno visto molte strade, e sanno ancora riconoscere un viandante che valga la pena seguire. Quando ti ho visto la prima volta, ho scorto una promessa. Ma non mi aspettavo che la mantenessi così presto. Ecco perché ti ho raggiunto al Santuario. Earlwood era in buone mani."""
NPC_BEFR_RESPONSE_d191720f-dba3-4b7c-b6a6-75b4b4b45e44,"""Ho ho! Oh, il ragazzo cerca soltanto di essere all'altezza dell'uomo che sogna di diventare. Non è splendido?""\n\n""Ma dovremmo andare a prenderlo. È passato un po' di tempo, e sua madre ne ha avuto abbastanza per calmarsi.""\n\n""Se sei in giro per la foresta e lo vedi, mandalo a casa."""
NPC_BEFR_RESPONSE_d62c145a-95e0-4a57-9621-abed478fa6d3,"""Si diffonde, sì. Ma certe tempeste annegano la foresta, altre si limitano ad annaffiare le radici.""\n\n\n\n*Sfiora un sonaglio a vento appeso alla tenda e lo guarda oscillare.*\n\n""Ho ho! I tempi possono essere buoni o cattivi. Ma finché ci sarà chi vuole perseguire il Bene, i tempi tenderanno sempre a migliorare, con abbastanza anni a disposizione. Quando hai vissuto quanto me, scorgi il disegno in tutto questo. I Principi Primi, che ci guidano avanti in silenzio."""
NPC_BEFR_RESPONSE_d74d93e3-02d2-47f3-8699-5f10d0c9b181,"""Oho, non è cosa da poco. La gente della foresta è legata strettamente a Ceres. Sentirne la volontà e avere comunque il coraggio di opporvisi? Richiede più forza di quanto molti immaginino."""
NPC_BEFR_RESPONSE_ddedde27-60ef-473a-83e5-3373079b6767,"""Semplicissimo. Apri il tuo bel menu di costruzione, vai a Strutture e seleziona una fondazione. I muri devono essere collegati alle fondamenta, quindi costruisci prima quelle. Dopo, il mondo è tuo!"""
NPC_BEFR_RESPONSE_e0161d95-8915-4792-96ee-879305bdb806,"""Ho ho! Splendido, amico mio! Vai da lui, poi torna quando avrai finito e parleremo ancora."""
NPC_BEFR_RESPONSE_e3ab8df8-573f-4caf-b10d-8ed971832a91,"""Te, amico mio. Me. Tutti noi. Ci vogliono asserviti, con i loro desideri al posto della nostra volontà. Attraverso di noi, questo mondo meraviglioso sarà tutto loro."""
NPC_BEFR_RESPONSE_e3de17ab-cb4d-4431-8007-2f4c1a57441e,"""Ah, lo vedi anche tu. C'è in lui una saldezza che dà stabilità a tutta una stanza, anche quando canta.""\n\n\n\n*Si liscia le punte della barba e canticchia piano qualche battuta di una melodia nanica.*\n\n""Di rado incontrerai un uomo migliore: il suo cuore tende alla Verità, alla Bellezza e al Bene. Meglio andare incontro agli altri con la mano aperta, dico sempre."""
NPC_BEFR_RESPONSE_e44d7c2a-6df6-4a6a-9b19-99e1d867b9d9,"*Befr scoppia in una risata fragorosa.*\n\n""Ho ho! Che splendida notizia, amico mio. Non vedo l'ora di sentire i racconti del giovanotto."""
NPC_BEFR_RESPONSE_e74ee320-9eb1-486c-bd86-f22a0cb40408,"""Ho ho! Le montagne sono soltanto vecchi giganti che hanno imparato a stare seduti. Quassù c'è ancora molto che valga la pena ascoltare nel vento.""\n\n\n\n*Volge il viso al vento, con gli occhi socchiusi.*\n\n""Sento la magia scorrere nell'aria, qui, e proprio accanto abbiamo delle enigmatiche strutture degli Antichi. Che meraviglia! Faustas adorerebbe questo posto."""
NPC_BEFR_RESPONSE_e8e76f6e-41e3-4bec-b8f2-e55453c2c7da,"""Certo, certo! Per ciascuno di noi la strada curva a modo suo."""
NPC_BEFR_RESPONSE_e9434b8f-c096-4578-a111-efd6a47b51ad,"""Ah, un numero perduto nella polvere della strada. Risparmiamo sia la mia età sia la sua, eh? Ho ho!""\n\n\n\n""Lascia che ti racconti una storia, amico mio. Ho conosciuto Basilton negli anni dei miei vagabondaggi, quando la barba era più corta e i miei stivali due volte più sciocchi. Ero appena stato in visita dagli elfi, se la memoria non m'inganna, quando l'aria della foresta si fece dolce. Fiori, capisci. Non comuni corolle sul ciglio della strada. Qualcosa di intenso e insolito. Seguii il profumo, come ogni sciocco assennato, e trovai un giardino così bello da dimenticare del tutto la strada. Poi il terreno si mosse, un'aiuola si sollevò e Basilton si alzò accanto a me. Lodai il suo giardino. Lui mi ascoltò con gentilezza. E fu tutto: un'amicizia piantata con un complimento sincero."""
NPC_BEFR_RESPONSE_eb7b9d30-d3d5-4914-b397-4960295f85bf,"""Era quasi arrivato nei pressi di Earlwood, amico mio.""\n\n*Fa un gesto verso l'esterno, tracciando una linea invisibile come se fosse una strada.*\n\n\n\n""I goblin l'hanno trascinato oltre il limitare della foresta, se il racconto è vero.""\n\n*Befr si raddrizza e ritrova la sua vivacità, quasi avesse deciso quale piega dare alla giornata.*\n\n""Significa che abbiamo del lavoro da fare, amico mio.""\n\n*Batte due dita l'una contro l'altra, contando passaggi che soltanto lui vede.*\n\n""Recuperiamo il fertilizzante, quel carico rubato, e rimettiamo le cose a posto per Basilton."""
NPC_BEFR_RESPONSE_ec4a1669-ee15-4f41-94af-61f212a8cf71,"""Oh, non saprei nemmeno dirlo! Sono tutti così arrabbiati, non vogliono più nemmeno prendere il tè. Non riesco a immaginare cosa abbia fatto per irritarli tanto."""
NPC_BEFR_RESPONSE_ecb950b7-b0e6-4a86-871a-8965447fd7a2,"""Magnifico! Le hai dato un posto in cui stare, ed è una cosa davvero bella.""\n\n\n\n""Myrll è speciale, sai. In modo discreto, bada bene, senza arrivare in marcia fra stendardi e fanfare. È più vicina a noi della maggior parte delle driadi. Molte della sua specie sembrano così lontane che potrebbero già avere un piede nel regno di Lumen."""
NPC_BEFR_RESPONSE_f60cf99a-18a2-4bc4-8db8-58867b0a2872,"""Ogni cosa fiorisce a suo tempo, come l'alba che avanza lenta sulle colline di Mirkea."""
NPC_BEFR_RESPONSE_fb5532df-636f-4228-9a3a-3d8709fce572,"""Sì! Proprio così, amico mio.""\n\n\n\n*Befr allarga le mani, disegnando nell'aria fra voi i contorni del compito.*\n\n""Aiutalo a riparare il recinto e a riportarci dentro le pecore. Mostra un po' di carità a quell'anima fiduciosa, amico mio, e avrai tutta la mia gratitudine."""
NPC_BEFR_RESPONSE_fbd78655-22ef-4285-bf7e-5e4fc3f5730b,"""Mi ferisci, amico. Devo ai nani molte delle mie ore migliori, e non parlo soltanto di bevute.""\n\n\n\n*Srotola una mappa segnata dall'uso e picchietta su un sentiero tracciato con inchiostro sbiadito.*\n\n""Lo conosco da molti anni. L'ho incontrato la prima volta che è venuto a Earlwood, e per un periodo abbiamo viaggiato insieme. Oh, quanto amo le sue canzoni. I nani sono compagni di viaggio davvero rinvigorenti, non trovi?"""
NPC_BEFR_RESPONSE_fe9e703f-264a-40c4-855a-7e45a3553512,"""Ho ho! Allora nel mondo c'è una luce in più. È un conforto."""
NPC_BEFR_TITLE,Il Mercante Itinerante
NPC_CORIN_GREETING_4be66cde-e2c8-4311-9ff4-a433db3f4bb5,"*Davanti a te c'è un giovane dai capelli neri, da cui emana un'intensità trattenuta.*\n\n""Pare che siano finalmente riusciti ad attraversare il ponte. Te però non ti ho mai visto."""
NPC_CORIN_GREETING_55a82a29-086a-4ebe-944c-b969de5115d4,"*Corin non si volta quando ti avvicini; muove soltanto gli occhi.*\n\n""Di nuovo qui. Che c'è?"""
NPC_CORIN_GREETING_ea809f13-8b0c-4241-a7e3-40b18c367f7b,"*Corin ti lancia un'occhiata fredda, valutandoti, prima di voltarsi del tutto verso di te.*\n\n""Ce l’hai fatta. E hai portato a termine tutto. Mh. Non me l'aspettavo da te così presto."""
NPC_CORIN_GREETING_fc7ba3c5-03fd-4e4a-84ba-c4b2704744c2,"*Corin ti osserva con la coda dell'occhio mentre ti avvicini.*\n\n""Hmpf. Guarda chi si rivede."""
NPC_CORIN_NAME,Corin
NPC_CORIN_PLAYER_044bccdd-7e7a-43df-bc9a-e24bed064b50_HEROIC,Tu devi essere Corin. Sono qui per gli avventurieri.
NPC_CORIN_PLAYER_044bccdd-7e7a-43df-bc9a-e24bed064b50_JOKER,"Corin, immagino. Sono qui per i tuoi avventurieri."
NPC_CORIN_PLAYER_044bccdd-7e7a-43df-bc9a-e24bed064b50_SCHOLAR,Dunque sei Corin. È per gli avventurieri che mi trovo qui.
NPC_CORIN_PLAYER_044bccdd-7e7a-43df-bc9a-e24bed064b50_STOIC,Sono qui per recuperare gli avventurieri. Tu devi essere Corin.
NPC_CORIN_PLAYER_069ff844-33e7-4570-8d40-3a6b2d8eadc7_HEROIC,La tua opinione conta ben poco per me.
NPC_CORIN_PLAYER_069ff844-33e7-4570-8d40-3a6b2d8eadc7_JOKER,Quel che pensi non mi farà perdere il sonno.
NPC_CORIN_PLAYER_069ff844-33e7-4570-8d40-3a6b2d8eadc7_SCHOLAR,La tua opinione non è una moneta a cui attribuisca valore.
NPC_CORIN_PLAYER_069ff844-33e7-4570-8d40-3a6b2d8eadc7_STOIC,Quel che pensi non mi riguarda.
NPC_CORIN_PLAYER_0782e644-0041-41b8-90dd-4228468434ef_HEROIC,Hai agito in fretta. Cos'è accaduto dopo il tuo rapido intervento?
NPC_CORIN_PLAYER_0782e644-0041-41b8-90dd-4228468434ef_JOKER,Ti sei mosso in fretta. E poi il mondo è riuscito a starti dietro?
NPC_CORIN_PLAYER_0782e644-0041-41b8-90dd-4228468434ef_SCHOLAR,Hai reagito rapidamente. E dopo? L'ordine degli eventi conta.
NPC_CORIN_PLAYER_0782e644-0041-41b8-90dd-4228468434ef_STOIC,Hai reagito in fretta. Cos'è successo dopo?
NPC_CORIN_PLAYER_0b0415d5-6e63-4bad-a662-7eafb062e819_HEROIC,Hai dimostrato vero coraggio salvando i tuoi.
NPC_CORIN_PLAYER_0b0415d5-6e63-4bad-a662-7eafb062e819_JOKER,Hai proprio tirato fuori i tuoi dal fuoco.
NPC_CORIN_PLAYER_0b0415d5-6e63-4bad-a662-7eafb062e819_SCHOLAR,I tuoi sono vivi perché sei intervenuto. Questo dicono i fatti.
NPC_CORIN_PLAYER_0b0415d5-6e63-4bad-a662-7eafb062e819_STOIC,Hai fatto bene a salvare i tuoi.
NPC_CORIN_PLAYER_0b914387-763a-466b-af60-4e526905ed61_BASE,E dopo?
NPC_CORIN_PLAYER_0dd3412a-5740-4d70-9317-5f7860d1ee1e_BASE,«Come stanno gli altri avventurieri?»
NPC_CORIN_PLAYER_0e0f8db9-f014-4ed5-86d7-29a2e2a07d03_HEROIC,È stato un ostacolo da poco. La bestia non aveva alcuna speranza di vincere.
NPC_CORIN_PLAYER_0e0f8db9-f014-4ed5-86d7-29a2e2a07d03_JOKER,La bestia ha scelto il giorno sbagliato per farsi vedere.
NPC_CORIN_PLAYER_0e0f8db9-f014-4ed5-86d7-29a2e2a07d03_SCHOLAR,Nulla di difficile. La bestia era in svantaggio fin dal primo colpo.
NPC_CORIN_PLAYER_0e0f8db9-f014-4ed5-86d7-29a2e2a07d03_STOIC,Niente di che. La bestia non aveva speranze.
NPC_CORIN_PLAYER_0ea353a6-91af-4764-aa91-abbcb95b788c_HEROIC,Hai affrontato quel momento con la guardia abbassata.
NPC_CORIN_PLAYER_0ea353a6-91af-4764-aa91-abbcb95b788c_JOKER,Ti hanno beccato a dormire proprio sul più bello.
NPC_CORIN_PLAYER_0ea353a6-91af-4764-aa91-abbcb95b788c_SCHOLAR,Impreparato. Questa è la lettura più semplice.
NPC_CORIN_PLAYER_0ea353a6-91af-4764-aa91-abbcb95b788c_STOIC,Ti hanno colto impreparato.
NPC_CORIN_PLAYER_11d596a4-1158-40c4-953c-a4920ef905a9_HEROIC,"Bada al tuo cammino, Corin. Solo chi manca di forza rischia la morte."
NPC_CORIN_PLAYER_11d596a4-1158-40c4-953c-a4920ef905a9_JOKER,"Tieni gli occhi sui tuoi guai, Corin. A incontrare la morte ci finiscono solo i deboli."
NPC_CORIN_PLAYER_11d596a4-1158-40c4-953c-a4920ef905a9_SCHOLAR,"Bada a te stesso, Corin. La morte predilige i deboli, e io non rientro nella categoria."
NPC_CORIN_PLAYER_11d596a4-1158-40c4-953c-a4920ef905a9_STOIC,"Preoccupati per te, Corin. Solo i deboli rischiano di morire."
NPC_CORIN_PLAYER_18fb8e85-a4d0-4a94-916a-9d664d2a6ef9_HEROIC,Sei vivo. Bene. Alaric ti vuole di nuovo alla Gilda.
NPC_CORIN_PLAYER_18fb8e85-a4d0-4a94-916a-9d664d2a6ef9_JOKER,"Tutto intero, vedo. Alaric ti vuole di nuovo alla Gilda."
NPC_CORIN_PLAYER_18fb8e85-a4d0-4a94-916a-9d664d2a6ef9_SCHOLAR,È una fortuna che tu sia illeso. Alaric vorrebbe che tornassi alla Gilda a fare rapporto.
NPC_CORIN_PLAYER_18fb8e85-a4d0-4a94-916a-9d664d2a6ef9_STOIC,Bene che tu sia illeso. Alaric ti vuole alla Gilda per il rapporto.
NPC_CORIN_PLAYER_1f634bcf-401b-4c28-a085-1b4737d71a07_HEROIC,Che cosa li ha condotti a quella sorte?
NPC_CORIN_PLAYER_1f634bcf-401b-4c28-a085-1b4737d71a07_JOKER,"E loro che storia hanno, allora?"
NPC_CORIN_PLAYER_1f634bcf-401b-4c28-a085-1b4737d71a07_SCHOLAR,"Che cosa è accaduto loro, alla fine?"
NPC_CORIN_PLAYER_1f634bcf-401b-4c28-a085-1b4737d71a07_STOIC,Cos'è successo a loro?
NPC_CORIN_PLAYER_239bb83a-6810-454e-be46-008e7b1424f9_HEROIC,Un compito semplice. È stato un piacere dare il mio sostegno.
NPC_CORIN_PLAYER_239bb83a-6810-454e-be46-008e7b1424f9_JOKER,Facile. Dare una mano fa sempre piacere.
NPC_CORIN_PLAYER_239bb83a-6810-454e-be46-008e7b1424f9_SCHOLAR,Un lavoro semplice. La soddisfazione sta nell'averlo concluso con ordine.
NPC_CORIN_PLAYER_239bb83a-6810-454e-be46-008e7b1424f9_STOIC,Compito semplice. Un piacere aiutare.
NPC_CORIN_PLAYER_2ad1b7d9-0817-4b5c-92d7-d38b8650f81d_BASE,Cosa puoi dirmi del Re?
NPC_CORIN_PLAYER_2d68e74f-06a6-41bf-a654-39660ad5ea27_HEROIC,Là fuori avresti potuto morire. Una parola di ringraziamento non guasterebbe.
NPC_CORIN_PLAYER_2d68e74f-06a6-41bf-a654-39660ad5ea27_JOKER,Un po' di gratitudine ti starebbe bene. Senza di me forse non ce l'avresti fatta.
NPC_CORIN_PLAYER_2d68e74f-06a6-41bf-a654-39660ad5ea27_SCHOLAR,"Stando ai miei calcoli, mi devi un ringraziamento e forse la vita."
NPC_CORIN_PLAYER_2d68e74f-06a6-41bf-a654-39660ad5ea27_STOIC,Dovresti ringraziarmi. Senza di me forse non ce l'avresti fatta.
NPC_CORIN_PLAYER_356575fb-dbb5-410f-9d7f-72e07a9707ae_BASE,Tamsin ci ha dato una bomba?
NPC_CORIN_PLAYER_3b90fefd-584c-4a7c-8924-5620d7f5e31a_BASE,A cosa servono questi segnalatori?
NPC_CORIN_PLAYER_4b4a199a-0bb8-4de0-a50e-62728f4ffdd1_HEROIC,È peggio di quanto dici. Alaric deve saperlo.
NPC_CORIN_PLAYER_4b4a199a-0bb8-4de0-a50e-62728f4ffdd1_JOKER,Qui va peggio di come la racconti. Alaric dovrebbe sentirlo.
NPC_CORIN_PLAYER_4b4a199a-0bb8-4de0-a50e-62728f4ffdd1_SCHOLAR,La situazione è peggiore di quanto ammetti. Alaric dovrebbe esserne informato chiaramente.
NPC_CORIN_PLAYER_4b4a199a-0bb8-4de0-a50e-62728f4ffdd1_STOIC,Sembra peggio di quanto ammetti. Fa' rapporto ad Alaric.
NPC_CORIN_PLAYER_570e10a5-2949-45d3-9434-da96fd2a4406_HEROIC,Sei troppo stanco per occupartene da solo?
NPC_CORIN_PLAYER_570e10a5-2949-45d3-9434-da96fd2a4406_JOKER,Troppo stanco per muovere un dito di persona?
NPC_CORIN_PLAYER_570e10a5-2949-45d3-9434-da96fd2a4406_SCHOLAR,"Delegare è una scelta tattica, qui, o semplice stanchezza?"
NPC_CORIN_PLAYER_570e10a5-2949-45d3-9434-da96fd2a4406_STOIC,Troppo pigro per farlo da solo?
NPC_CORIN_PLAYER_57207d8f-8ec4-402a-9629-9bc065c7f8d1_BASE,Devi essere un grande combattente per agire da solo.
NPC_CORIN_PLAYER_597724eb-0d2a-4a25-bd7a-fa88c219d673_HEROIC,"È stato facile, e mi fa piacere aver dato una mano."
NPC_CORIN_PLAYER_597724eb-0d2a-4a25-bd7a-fa88c219d673_JOKER,Facile come promesso. Dare una mano fa piacere.
NPC_CORIN_PLAYER_597724eb-0d2a-4a25-bd7a-fa88c219d673_SCHOLAR,"Facile, per gli standard di queste imprese, e svolto volentieri."
NPC_CORIN_PLAYER_597724eb-0d2a-4a25-bd7a-fa88c219d673_STOIC,Facile. Un piacere essere d'aiuto.
NPC_CORIN_PLAYER_5d01bef9-d923-4427-9004-2a8573ad83ed_BASE,Hai mai affrontato un Re Goblin?
NPC_CORIN_PLAYER_5f1a9c3d-7b2e-8d4a-0c6f-1e7b9a2c4d3f_BASE,Alaric mi ha mandato a dare una mano con…
NPC_CORIN_PLAYER_5fe5094c-e4ba-4fa7-94d4-a73744c2651b_BASE,"""Puoi dirmi di più sugli avamposti?"""
NPC_CORIN_PLAYER_60bdfd50-2607-4bd6-a0e0-5bfec1d48dcb_HEROIC,"Sembra davvero promettente. Continua, ti prego."
NPC_CORIN_PLAYER_60bdfd50-2607-4bd6-a0e0-5bfec1d48dcb_JOKER,Direi che hai la mia attenzione. E poi?
NPC_CORIN_PLAYER_60bdfd50-2607-4bd6-a0e0-5bfec1d48dcb_SCHOLAR,Interessante. Potresti approfondire?
NPC_CORIN_PLAYER_60bdfd50-2607-4bd6-a0e0-5bfec1d48dcb_STOIC,Interessante. Continua.
NPC_CORIN_PLAYER_64a23dca-c542-4aa0-bf28-e5fd0fcc2b1e_BASE,Cosa sai delle fattorie qui vicino?
NPC_CORIN_PLAYER_6baf1303-e144-459d-b229-fa9cf55ed8b5_HEROIC,Confido che la guerra finisca presto.
NPC_CORIN_PLAYER_6baf1303-e144-459d-b229-fa9cf55ed8b5_JOKER,Speriamo che la guerra finisca prima che mi si consumino gli stivali.
NPC_CORIN_PLAYER_6baf1303-e144-459d-b229-fa9cf55ed8b5_SCHOLAR,Che la guerra finisca presto. Qui il logoramento non giova a nessuno dei due schieramenti.
NPC_CORIN_PLAYER_6baf1303-e144-459d-b229-fa9cf55ed8b5_STOIC,Spero che la guerra finisca presto.
NPC_CORIN_PLAYER_6f14226d-44df-4a5b-b192-5a974479001b_HEROIC,"Ucciderò il re, come impone il mio dovere. Non devi preoccuparti."
NPC_CORIN_PLAYER_6f14226d-44df-4a5b-b192-5a974479001b_JOKER,"Ammazzare il re tocca a me, allora. Tu non preoccuparti."
NPC_CORIN_PLAYER_6f14226d-44df-4a5b-b192-5a974479001b_SCHOLAR,"Mi occuperò del re. Preoccuparsi, qui, è uno spreco di energie."
NPC_CORIN_PLAYER_6f14226d-44df-4a5b-b192-5a974479001b_STOIC,Ucciderò il re. Non preoccuparti.
NPC_CORIN_PLAYER_6f8b3b1b-6005-489c-88d5-2c4b1ac0509f_HEROIC,Sono infiniti. Persino la mia lama dubita che tutto questo abbia una fine.
NPC_CORIN_PLAYER_6f8b3b1b-6005-489c-88d5-2c4b1ac0509f_JOKER,Sono così tanti che sembra si moltiplichino solo per farci dispetto.
NPC_CORIN_PLAYER_6f8b3b1b-6005-489c-88d5-2c4b1ac0509f_SCHOLAR,Il loro numero sfugge a ogni calcolo. Non riesco a scorgerne il limite.
NPC_CORIN_PLAYER_6f8b3b1b-6005-489c-88d5-2c4b1ac0509f_STOIC,Sono infiniti. Fermarli sembra improbabile.
NPC_CORIN_PLAYER_71e4b097-a149-4b79-9722-8cdc5fbd2087_HEROIC,"La prossima mossa, dunque, è colpire la tana?"
NPC_CORIN_PLAYER_71e4b097-a149-4b79-9722-8cdc5fbd2087_JOKER,Allora è ora di fare una visitina alla tana?
NPC_CORIN_PLAYER_71e4b097-a149-4b79-9722-8cdc5fbd2087_SCHOLAR,Dunque la tana è il prossimo obiettivo. Assalto frontale o c'è un modo più ingegnoso?
NPC_CORIN_PLAYER_71e4b097-a149-4b79-9722-8cdc5fbd2087_STOIC,Il prossimo passo è assaltare la tana?
NPC_CORIN_PLAYER_749902b1-20e7-49e3-bbbc-cce9e5c481ce_HEROIC,Vuoi raccontarmi cos'è accaduto il giorno in cui è crollato il ponte?
NPC_CORIN_PLAYER_749902b1-20e7-49e3-bbbc-cce9e5c481ce_JOKER,Qual è la storia del giorno in cui è venuto giù il ponte?
NPC_CORIN_PLAYER_749902b1-20e7-49e3-bbbc-cce9e5c481ce_SCHOLAR,Potresti ricostruire gli eventi del giorno in cui è crollato il ponte?
NPC_CORIN_PLAYER_749902b1-20e7-49e3-bbbc-cce9e5c481ce_STOIC,Puoi raccontarmi del giorno in cui è crollato il ponte?
NPC_CORIN_PLAYER_7a6807d7-4bf9-41ca-9e53-dc8a4e0b32a4_HEROIC,Sono morti molti combattenti. Si poteva fare di più per loro.
NPC_CORIN_PLAYER_7a6807d7-4bf9-41ca-9e53-dc8a4e0b32a4_JOKER,"Un bel po' di combattenti persi. A conti fatti, si poteva fare di più."
NPC_CORIN_PLAYER_7a6807d7-4bf9-41ca-9e53-dc8a4e0b32a4_SCHOLAR,"Le perdite sono state pesanti. Più di quanto la situazione imponesse, sospetto."
NPC_CORIN_PLAYER_7a6807d7-4bf9-41ca-9e53-dc8a4e0b32a4_STOIC,Hai perso molti combattenti. Si poteva fare di più.
NPC_CORIN_PLAYER_8597530b-2822-4662-bd65-060e836995f8_HEROIC,Cosa spinge un capitano ad accollarsi il lavoro di fatica?
NPC_CORIN_PLAYER_8597530b-2822-4662-bd65-060e836995f8_JOKER,"Il lavoro di fatica tocca anche al capitano, allora?"
NPC_CORIN_PLAYER_8597530b-2822-4662-bd65-060e836995f8_SCHOLAR,Perché il ruolo di capitano comprende anche i lavori di fatica?
NPC_CORIN_PLAYER_8597530b-2822-4662-bd65-060e836995f8_STOIC,Perché un capitano fa il lavoro di fatica?
NPC_CORIN_PLAYER_89dbb9d6-b672-45f7-8c7c-065a6e35d9b8_HEROIC,"Volevo vedere come stai, per assicurarmi che fosse tutto a posto."
NPC_CORIN_PLAYER_89dbb9d6-b672-45f7-8c7c-065a6e35d9b8_JOKER,"Volevo vedere come stai. Premura puramente professionale, ovvio."
NPC_CORIN_PLAYER_89dbb9d6-b672-45f7-8c7c-065a6e35d9b8_SCHOLAR,Ho ritenuto prudente accertarmi delle tue condizioni.
NPC_CORIN_PLAYER_89dbb9d6-b672-45f7-8c7c-065a6e35d9b8_STOIC,Volevo vedere come stai.
NPC_CORIN_PLAYER_8abd44f5-9c5f-40ea-b19b-8d91b531c928_HEROIC,"Grazie, piazzerò i segnalatori. Che la fortuna ti accompagni."
NPC_CORIN_PLAYER_8abd44f5-9c5f-40ea-b19b-8d91b531c928_JOKER,"Grazie, sistemo io quei segnalatori. La fortuna è dalla tua, usala bene."
NPC_CORIN_PLAYER_8abd44f5-9c5f-40ea-b19b-8d91b531c928_SCHOLAR,Ti ringrazio. I segnalatori saranno collocati esattamente dove occorrono. Buona fortuna.
NPC_CORIN_PLAYER_8abd44f5-9c5f-40ea-b19b-8d91b531c928_STOIC,Grazie. Piazzerò i segnalatori. Buona fortuna.
NPC_CORIN_PLAYER_91a1d5c2-4bca-4394-bc38-fad3fa6a7cfb_HEROIC,"E la tana spetta a me, suppongo."
NPC_CORIN_PLAYER_91a1d5c2-4bca-4394-bc38-fad3fa6a7cfb_JOKER,E immagino che la fortuna di assaltare la tana tocchi a me.
NPC_CORIN_PLAYER_91a1d5c2-4bca-4394-bc38-fad3fa6a7cfb_SCHOLAR,Dunque la tana spetta a me. Presumo che fosse il piano fin dall'inizio.
NPC_CORIN_PLAYER_91a1d5c2-4bca-4394-bc38-fad3fa6a7cfb_STOIC,E suppongo che vi serva qualcuno che assalti la tana. Io.
NPC_CORIN_PLAYER_960a68f1-cee1-4cd8-a141-1977ebf927e5_HEROIC,"Ora non c'è più nessuno di loro, vero?"
NPC_CORIN_PLAYER_960a68f1-cee1-4cd8-a141-1977ebf927e5_JOKER,"Sono arrivati tutti al capolinea, vero?"
NPC_CORIN_PLAYER_960a68f1-cee1-4cd8-a141-1977ebf927e5_SCHOLAR,Dunque nessuno di loro è sopravvissuto?
NPC_CORIN_PLAYER_960a68f1-cee1-4cd8-a141-1977ebf927e5_STOIC,"Sono tutti morti, vero?"
NPC_CORIN_PLAYER_968e80c3-3d13-4ab2-ad5c-0e68dfb6c1ab_BASE,Combatti ancora i Goblin dopo che abbiamo ucciso il re?
NPC_CORIN_PLAYER_9f397329-071d-4394-aa8b-6c35d340b4e5_HEROIC,Solo assumendo il pieno controllo della foresta potremo porre fine a questa guerra.
NPC_CORIN_PLAYER_9f397329-071d-4394-aa8b-6c35d340b4e5_JOKER,La guerra tira avanti finché la foresta non sarà tutta sotto il nostro tallone.
NPC_CORIN_PLAYER_9f397329-071d-4394-aa8b-6c35d340b4e5_SCHOLAR,Questa guerra finirà quando avremo il controllo dell'intera foresta. Non prima.
NPC_CORIN_PLAYER_9f397329-071d-4394-aa8b-6c35d340b4e5_STOIC,Per finire questa guerra serve il dominio completo della foresta.
NPC_CORIN_PLAYER_a2b88750-d25c-4a4a-9310-c89497952a3a_HEROIC,"Gli edifici hanno chiaramente visto giorni migliori, ma si può rimediare."
NPC_CORIN_PLAYER_a2b88750-d25c-4a4a-9310-c89497952a3a_JOKER,Gli edifici si sono saltati le ultime riparazioni.
NPC_CORIN_PLAYER_a2b88750-d25c-4a4a-9310-c89497952a3a_SCHOLAR,Gli edifici stanno cedendo. Incuria o qualcosa di più rapido?
NPC_CORIN_PLAYER_a2b88750-d25c-4a4a-9310-c89497952a3a_STOIC,Gli edifici ormai sono malridotti.
NPC_CORIN_PLAYER_a37a97d7-79df-43d4-8e5f-9842344c427d_BASE,Ho sconfitto il Re Goblin.
NPC_CORIN_PLAYER_a7a26a2f-76e1-4d8d-acd0-3e218d1acd4e_HEROIC,Cosa li ha spinti a costruirsi una vita qui fuori?
NPC_CORIN_PLAYER_a7a26a2f-76e1-4d8d-acd0-3e218d1acd4e_JOKER,Come gli è venuto in mente di vivere proprio qui?
NPC_CORIN_PLAYER_a7a26a2f-76e1-4d8d-acd0-3e218d1acd4e_SCHOLAR,Perché proprio qui? Le fattorie hanno bisogno di sicurezza ancor più che di terra.
NPC_CORIN_PLAYER_a7a26a2f-76e1-4d8d-acd0-3e218d1acd4e_STOIC,Perché si sono stabiliti qui fuori?
NPC_CORIN_PLAYER_a901d226-4158-422e-b208-0712e3dbd295_HEROIC,Le tue parole contano davvero molto per me.
NPC_CORIN_PLAYER_a901d226-4158-422e-b208-0712e3dbd295_JOKER,Conta più di quanto sarò disposto ad ammettere una seconda volta.
NPC_CORIN_PLAYER_a901d226-4158-422e-b208-0712e3dbd295_SCHOLAR,Ha un peso per me maggiore di quanto tu possa pensare.
NPC_CORIN_PLAYER_a901d226-4158-422e-b208-0712e3dbd295_STOIC,Per me conta.
NPC_CORIN_PLAYER_a9dc3dec-7cbd-49c7-8412-72cac4cb0cf1_HEROIC,Dimmi cosa ti serve e farò in modo che sia fatto.
NPC_CORIN_PLAYER_a9dc3dec-7cbd-49c7-8412-72cac4cb0cf1_JOKER,Dimmi cosa ti serve e cerca di non complicarla troppo.
NPC_CORIN_PLAYER_a9dc3dec-7cbd-49c7-8412-72cac4cb0cf1_SCHOLAR,"Dimmi cosa ti occorre, e in quale ordine di priorità."
NPC_CORIN_PLAYER_a9dc3dec-7cbd-49c7-8412-72cac4cb0cf1_STOIC,Dimmi cosa ti serve.
NPC_CORIN_PLAYER_b1c1086a-1f6b-4f18-a3d1-f0798349b144_HEROIC,Un altro mostro per Earlwood. Lo farò. Ricordati che l'ho fatto.
NPC_CORIN_PLAYER_b1c1086a-1f6b-4f18-a3d1-f0798349b144_JOKER,"Un altro mostro per Earlwood. Ma che sorpresa. Ci penso io, ma cerca di ricordartelo."
NPC_CORIN_PLAYER_b1c1086a-1f6b-4f18-a3d1-f0798349b144_SCHOLAR,"Un altro mostro sul conto di Earlwood. Andrò, ma il conto lo tengo."
NPC_CORIN_PLAYER_b1c1086a-1f6b-4f18-a3d1-f0798349b144_STOIC,Un altro mostro per Earlwood. Lo farò. Non dimenticarlo.
NPC_CORIN_PLAYER_b4ca01f7-47c5-4288-a19f-531b73e53f19_HEROIC,È un elogio che accetto volentieri.
NPC_CORIN_PLAYER_b4ca01f7-47c5-4288-a19f-531b73e53f19_JOKER,L'adulazione mi sta benissimo.
NPC_CORIN_PLAYER_b4ca01f7-47c5-4288-a19f-531b73e53f19_SCHOLAR,Lo interpreto come un encomio.
NPC_CORIN_PLAYER_b4ca01f7-47c5-4288-a19f-531b73e53f19_STOIC,"Un complimento, dunque."
NPC_CORIN_PLAYER_b6ca0482-8359-4eb2-bf9b-00c15e5d6437_HEROIC,Capito. Porterò a termine l'incarico.
NPC_CORIN_PLAYER_b6ca0482-8359-4eb2-bf9b-00c15e5d6437_JOKER,Capito. Faccio in modo di sistemare tutto.
NPC_CORIN_PLAYER_b6ca0482-8359-4eb2-bf9b-00c15e5d6437_SCHOLAR,"Capito. Sarà fatto, e fatto a dovere."
NPC_CORIN_PLAYER_b6ca0482-8359-4eb2-bf9b-00c15e5d6437_STOIC,Capito. Sarà fatto.
NPC_CORIN_PLAYER_c3ae5a0d-ca61-4dd6-bdf1-e780ab55e28b_HEROIC,"È questo che ci si guadagna a salvare qualcuno, qui?"
NPC_CORIN_PLAYER_c3ae5a0d-ca61-4dd6-bdf1-e780ab55e28b_JOKER,È questa la grande accoglienza riservata a un salvatore?
NPC_CORIN_PLAYER_c3ae5a0d-ca61-4dd6-bdf1-e780ab55e28b_SCHOLAR,È questo il saluto consueto per un salvatore?
NPC_CORIN_PLAYER_c3ae5a0d-ca61-4dd6-bdf1-e780ab55e28b_STOIC,È così che saluti il tuo salvatore?
NPC_CORIN_PLAYER_c53118df-32e8-4c7e-8a97-17651507378e_HEROIC,Solo la fortuna vi ha tenuti in vita qui fuori.
NPC_CORIN_PLAYER_c53118df-32e8-4c7e-8a97-17651507378e_JOKER,"La sorte deve avervi in simpatia. Bloccati qui fuori, di solito non si dura molto."
NPC_CORIN_PLAYER_c53118df-32e8-4c7e-8a97-17651507378e_SCHOLAR,È soprattutto la fortuna a tenervi in vita qui fuori.
NPC_CORIN_PLAYER_c53118df-32e8-4c7e-8a97-17651507378e_STOIC,"Siete tutti fortunati a essere vivi, bloccati qui fuori."
NPC_CORIN_PLAYER_c8d8eb57-81b7-469b-a014-6f9fa8b31ffc_HEROIC,Capito. Porterò a termine il compito e tornerò.
NPC_CORIN_PLAYER_c8d8eb57-81b7-469b-a014-6f9fa8b31ffc_JOKER,Capito. Mi rivedrai quando sarà tutto sistemato.
NPC_CORIN_PLAYER_c8d8eb57-81b7-469b-a014-6f9fa8b31ffc_SCHOLAR,Capito. Mi vedrai al termine dell'incarico.
NPC_CORIN_PLAYER_c8d8eb57-81b7-469b-a014-6f9fa8b31ffc_STOIC,Capito. Torno a lavoro finito.
NPC_CORIN_PLAYER_ccd995c6-a39f-4ac0-9490-f74c5759b96e_HEROIC,È stato avventato da parte loro stabilirsi là fuori.
NPC_CORIN_PLAYER_ccd995c6-a39f-4ac0-9490-f74c5759b96e_JOKER,"Coraggiosi, o poco a posto con la testa, a farsi una casa là fuori."
NPC_CORIN_PLAYER_ccd995c6-a39f-4ac0-9490-f74c5759b96e_SCHOLAR,Vivere là fuori era una scommessa con scarse probabilità di successo.
NPC_CORIN_PLAYER_ccd995c6-a39f-4ac0-9490-f74c5759b96e_STOIC,Imprudente restare là fuori.
NPC_CORIN_PLAYER_cfd7e260-e784-470c-8232-f51d9bd787d5_HEROIC,"Sono solo di passaggio, niente di più."
NPC_CORIN_PLAYER_cfd7e260-e784-470c-8232-f51d9bd787d5_JOKER,"Passavo di qui, non volevo fare scena."
NPC_CORIN_PLAYER_cfd7e260-e784-470c-8232-f51d9bd787d5_SCHOLAR,"Soltanto di passaggio, senza altri intenti."
NPC_CORIN_PLAYER_cfd7e260-e784-470c-8232-f51d9bd787d5_STOIC,Solo di passaggio.
NPC_CORIN_PLAYER_d9c3e56c-1a58-4fc2-aabd-f86b94bce0c5_BASE,"""Con chi dovrei parlare per le scorte?"""
NPC_CORIN_PLAYER_dd2bcdb9-c28e-4f7a-84fd-c13b0ddd0da5_HEROIC,"Valuterò la tua richiesta. Descrivimi la situazione, così potrò agire."
NPC_CORIN_PLAYER_dd2bcdb9-c28e-4f7a-84fd-c13b0ddd0da5_JOKER,"Lasciami rimuginare. Raccontami la situazione, se proprio insisti."
NPC_CORIN_PLAYER_dd2bcdb9-c28e-4f7a-84fd-c13b0ddd0da5_SCHOLAR,"Deciderò dopo aver esaminato i fatti. Esponimi la situazione, per intero."
NPC_CORIN_PLAYER_dd2bcdb9-c28e-4f7a-84fd-c13b0ddd0da5_STOIC,Ci penserò. Dimmi la situazione.
NPC_CORIN_PLAYER_df670ce0-946a-482f-995e-5c3989f3694c_HEROIC,"Valuterò il compito, ma non posso garantire nulla."
NPC_CORIN_PLAYER_df670ce0-946a-482f-995e-5c3989f3694c_JOKER,"Ci penserò, ma non trattenere il fiato."
NPC_CORIN_PLAYER_df670ce0-946a-482f-995e-5c3989f3694c_SCHOLAR,"Rifletterò sulla questione, benché al momento non abbia certezze."
NPC_CORIN_PLAYER_df670ce0-946a-482f-995e-5c3989f3694c_STOIC,Valuterò. Non prometto nulla.
NPC_CORIN_PLAYER_e0cffee3-fdb2-497c-8c4d-3444a8ca8dba_HEROIC,Non è stata una battaglia facile. Quella bestia era davvero mostruosa.
NPC_CORIN_PLAYER_e0cffee3-fdb2-497c-8c4d-3444a8ca8dba_JOKER,Facile. Quello scontro era tutto tranne che facile. Una bestia mostruosa.
NPC_CORIN_PLAYER_e0cffee3-fdb2-497c-8c4d-3444a8ca8dba_SCHOLAR,Uno scontro tutt'altro che semplice. Le dimensioni della bestia superavano ogni descrizione.
NPC_CORIN_PLAYER_e0cffee3-fdb2-497c-8c4d-3444a8ca8dba_STOIC,Non uno scontro facile. Bestia mostruosa.
NPC_CORIN_PLAYER_e4k9m2q7-a5c1-r8d3-b6f0-z1x7n4p2v9t5_BASE,La rete è stabile.
NPC_CORIN_PLAYER_e5516d55-cf3e-4694-abf3-fb3d5b977b4a_HEROIC,Dove sono andati ora?
NPC_CORIN_PLAYER_e5516d55-cf3e-4694-abf3-fb3d5b977b4a_JOKER,Dove sono andati a cacciarsi stavolta?
NPC_CORIN_PLAYER_e5516d55-cf3e-4694-abf3-fb3d5b977b4a_SCHOLAR,E ora dove si trovano? Qualcuno dovrà pur saperlo.
NPC_CORIN_PLAYER_e5516d55-cf3e-4694-abf3-fb3d5b977b4a_STOIC,Dove sono ora?
NPC_CORIN_PLAYER_f30f29db-d6c2-436d-8c38-27a807d729ba_BASE,Cosa puoi dirmi del campo avanzato?
NPC_CORIN_PLAYER_fb4107b1-72f3-4ba2-9b60-30941f11c459_BASE,"""Come trovo la base dei Goblin?"""
NPC_CORIN_PLAYER_febbbc53-febb-4535-b022-c13da7d03f30_HEROIC,Che cosa viene dopo?
NPC_CORIN_PLAYER_febbbc53-febb-4535-b022-c13da7d03f30_JOKER,E dopo? O l'avventura finisce lì?
NPC_CORIN_PLAYER_febbbc53-febb-4535-b022-c13da7d03f30_SCHOLAR,Che cosa occorre fare in seguito?
NPC_CORIN_PLAYER_febbbc53-febb-4535-b022-c13da7d03f30_STOIC,E poi?
NPC_CORIN_PLAYER_ff9ee80b-966c-4e5c-a913-e8e0c3a65b68_BASE,Esci
NPC_CORIN_RESPONSE_044535cc-02fa-43ff-8722-eeb5cf2fd7a1,"""Se è necessario, lo facciamo. Ma non confondiamo la necessità con la brama."""
NPC_CORIN_RESPONSE_099179e1-ba0a-4e05-bc4c-9ddebc009eea,"""Bene. Al lavoro."""
NPC_CORIN_RESPONSE_0a5b29b0-51f6-4e11-b04e-29e29fa7b137,"""Fortuna è il nome che la gente dà alla disciplina dopo esserne uscita viva.""\n\n\n\n""Quando il ponte crollò, lo sentimmo dall'altra parte di Wildwood. Sapevo cos'era prima che gli esploratori lo confermassero.\n\nDa quel momento era una corsa contro il tempo. Qualcosa sarebbe venuto a prenderci. Prima la gente della foresta, forse. I Goblin dopo il tramonto, una volta preso coraggio.\n\nOrdinai agli esploratori di raccogliere legna per le barricate, mentre io andavo a prendere gli altri. Ero il più veloce. Nessun mistero.""\n\n*L'espressione resta impassibile, ma il ricordo gli tende la pelle intorno agli occhi.*\n\n""Gli esploratori divennero costruttori. I cacciatori divennero guardie. Gli avventurieri divennero qualunque cosa servisse a tenere la linea."""
NPC_CORIN_RESPONSE_0a5cbdcd-634a-4dbf-a9b8-864b8bd631b8,"""Facile dirlo, da fuori la tomba.""\n\n\n\n""Scelsero la distanza. Alcuni volevano la foresta. Alcuni gli Antichi Dei. Altri volevano soltanto meno occhi sulle proprie vite.\n\nQuesto posso rispettarlo.""\n\n*Fa una pausa, quasi riluttante a concedere altro spazio a quel pensiero.*\n\n""Quando esploravo questi sentieri, prima che cominciassero i guai, era un posto tranquillo. Non sicuro. Tranquillo. C'è differenza.\n\nAvevano vite più dure degli abitanti del villaggio. E mani più dure."""
NPC_CORIN_RESPONSE_17ea46ea-c257-4ea7-b421-de401202c98f,"""Fai collezione di brutte storie, eh?""\n\n\n\n""Quando il ponte crollò, lo sentimmo dall'altra parte di Wildwood. Sapevo cos'era prima che gli esploratori lo confermassero.\n\nDa quel momento era una corsa contro il tempo. Qualcosa sarebbe venuto a prenderci. Prima la gente della foresta, forse. I Goblin dopo il tramonto, una volta preso coraggio.\n\nOrdinai agli esploratori di raccogliere legna per le barricate, mentre io andavo a prendere gli altri. Ero il più veloce. Nessun mistero.""\n\n*L'espressione resta impassibile, ma il ricordo gli tende la pelle intorno agli occhi.*\n\n""Gli esploratori divennero costruttori. I cacciatori divennero guardie. Gli avventurieri divennero qualunque cosa servisse a tenere la linea."""
NPC_CORIN_RESPONSE_1b9d4f7a-6c2e-8f3a-5d0b-7e1c9a4f2d6a,"""Se faccio tutto io, i miei uomini muoiono. Se non lo capisci, sei più un rischio che un aiuto. Fa' la tua parte e tieni a freno la lingua.""\n\n\n\n*Corin rimette le mani sotto il mantello e si incammina, parlando senza voltarsi.*\n\n""Torno al campo avanzato. Quel punto regge o l'incursione fallisce, e serve qualcuno di competente per tenerlo in piedi. Forse arriverai fin lì, se prima non muori per il sangue perso."""
NPC_CORIN_RESPONSE_1dc95c89-f80e-4406-9975-a0a002a12f23,"""Salvatore? Un punto di vista interessante.""\n\n\n\n*Il giovane accoglie la tua osservazione con uno sbuffo sprezzante, poi prosegue.*\n\n""Mi chiamo Corin e non abbiamo bisogno di essere salvati. Le scorte scarseggiano un po', ma sappiamo cavarcela. Dev'essere stato Alaric a mandarti oltre il ponte, il che significa che è stato ricostruito. Bene riavere le linee di rifornimento. Accelererà le cose."""
NPC_CORIN_RESPONSE_2141ed76-d838-48be-978d-fd2b7f984b88,"""Dovresti. È costato caro."""
NPC_CORIN_RESPONSE_3be2d1aa-b2af-40fe-9372-0c97eb17677a,"""Preferirei una linea di esploratori al completo. Non ce l'ho. Quindi ho te.""\n\n\n\n*Questa volta Corin si volta completamente verso di te, gli occhi freddi, la voce piatta.*\n\n""Il tuo lavoro agli avamposti ha aperto una breccia. I Goblin non l'hanno ancora richiusa. I nostri esploratori sono tutti morti, quindi a dare la caccia al Re ci vai tu. Ho sentito che hai ucciso un Treant corrotto. Notevole. Questa creatura te lo farà sembrare un riscaldamento."""
NPC_CORIN_RESPONSE_3c0ccfbb-60bf-4812-92da-9ef8e34cb8c9,"*Corin sembra irritato per un istante, poi l'espressione torna impassibile e controllata.*\n\n""Sono tutti morti."""
NPC_CORIN_RESPONSE_3e7a1c9f-5d2b-8a4e-0c6f-9b1d7a3c2e4f,"""Dopo? Aspetti che ci muoviamo. Il tuo compito è semplice: segna il percorso e non morire prima che lo usiamo.""\n\n\n\n*Corin rimette le mani sotto il mantello e si incammina, parlando senza voltarsi.*\n\n""Torno al campo avanzato. Quel punto regge o l'incursione fallisce, e serve qualcuno di competente per tenerlo in piedi. Forse arriverai fin lì, se prima non muori per il sangue perso."""
NPC_CORIN_RESPONSE_41cd2cd6-261c-476f-bdc2-da4bba888d9d,"*La sua espressione si immobilizza.*\n\n""Si poteva sempre fare di più. Non significa che tu l'avresti fatto.""\n\n\n\n""Questo campo regge perché i miei combattenti sapevano cosa fare quando le comodità sono finite.\n\nQuesta è capacità di resistere. Non discorsi. Non fortuna. Lavoro.""\n\n*Lancia uno sguardo al limitare degli alberi.*\n\n""Reggerà come base operativa finché ogni Goblin non sarà scacciato da questi sentieri e la foresta non ricorderà come si fa a tacere."""
NPC_CORIN_RESPONSE_424eadc9-dcf9-4739-9281-6125e01aaaef,"*Un'ombra appena percettibile di divertimento gli sfiora gli occhi.*\n\n""Bada. La curiosità fa ammazzare la gente.""\n\n""Comunque. Ti aggiorno.""\n\n\n\n*Corin si raddrizza e si volta verso di te, dedicandoti tutta la sua attenzione. Estrae una mappa con un gesto esperto.*\n\n""Troppo terreno e troppo poche braccia. Quindi tocca a me, e ora a te.\n\nBivio del Sentiero. Passaggio sul Fiume. Vecchio Ceppo.\n\nPrendi questi kit per i segnalatori. Elimina i Goblin. Piazza i segnalatori di protezione. Un lavoro semplice.""\n\n*Ripiega la mappa e ti fissa con lo sguardo valutativo di un capitano.*\n\n""Finché non lo facciamo, le carovane restano a rischio. Niente attraversa i sentieri principali senza incidenti.\n\nOccupatene. Poi ci ritroviamo qui."""
NPC_CORIN_RESPONSE_43427000-8722-4798-b48a-53e87cf0ca12,"""Capisci in fretta. Sì. Colpiamo la tana.""\n\n\n\n*Questa volta Corin si volta completamente verso di te, gli occhi freddi, la voce piatta.*\n\n""Il tuo lavoro agli avamposti ha aperto una breccia. I Goblin non l'hanno ancora richiusa. I nostri esploratori sono tutti morti, quindi a dare la caccia al Re ci vai tu. Ho sentito che hai ucciso un Treant corrotto. Notevole. Questa creatura te lo farà sembrare un riscaldamento."""
NPC_CORIN_RESPONSE_4e7a1c9d-6b2f-8a3e-5c0d-7f1b9a2c4d6e,"""Parli come chi non ha mai visto cedere una linea. Ai morti non importa quanto ti vantavi prima. Muoviti."""
NPC_CORIN_RESPONSE_50e54b4f-15e4-47ab-8ccd-234e8c34c63c,"""Se avessi bisogno di te per restare vivo, sarei già morto. Hai reso le cose più agevoli, non possibili. Impara la differenza.""\n\n\n\n*Corin estrae dal mantello una mappa ripiegata e la apre con disinvoltura esperta.*\n\n""Hai trovato l'ingresso della tana dei Goblin. Bene. Ho tracciato un percorso per attraversarla. Tamsin ha mandato cariche esplosive per aprire la via."""
NPC_CORIN_RESPONSE_52147e5c-d1c4-49fc-899c-da21618101f0,"""Bada. Le rovine restano tombe.""\n\n\n\n""Non è la prima volta che quelle fattorie vengono distrutte.\n\nSettant'anni fa, durante l'ultima Crisi dei Goblin, furono date alle fiamme. Quella volta i più sopravvissero. Ricostruirono. Tornarono. Gli stessi campi. Gli stessi tetti, o quasi.""\n\n*Le labbra di Corin si serrano appena.*\n\n""Erano sempre stati in pace con la foresta. O credevano di esserlo.\n\nCoraggiosi. Testardi. Scegli tu. Ormai non conta."""
NPC_CORIN_RESPONSE_5d83266a-216c-4b5d-8be8-9bec4590baa3,"""No. Mi hanno privato di quel piacere."""
NPC_CORIN_RESPONSE_61d7d606-15fc-4b1c-9aeb-7ab42d421f67,"""Di passaggio.""\n\n*Un'occhiata appena accennata, inespressiva.*\n\n""Certo. Riprova, senza la storiella.""\n\n\n\n""Hai scelto un momento opportuno.""\n\n*Corin sposta il peso, già pronto ad andarsene.*\n\n""Vado a ripulire quel che resta dei covi dei Goblin e a tracciare percorsi dei Cercavia. Vieni, oppure no. Il lavoro si fa comunque."""
NPC_CORIN_RESPONSE_6a2c9e1d-4f7b-8c3e-0d5a-1f9b4c7e2d3a,"""Segnano una linea attraverso la foresta, dal campo avanzato all'accesso. Wildwood mente. Muta e si richiude, soprattutto attorno ai gruppi numerosi. Con questi imponiamo un unico percorso certo. Anche se i Tessiradici torcono di nuovo i sentieri, avremo ancora una spina dorsale da seguire. Eldorian è già là fuori a sfoltire qualunque cosa creda di essere furba."""
NPC_CORIN_RESPONSE_6b58da2d-cd15-43e7-8370-9e150f37c922,"""Se vivi, me ne ricorderò. Se muori per metterti in mostra, sarai soltanto un altro nome su una pietra. Decidi cosa preferisci."""
NPC_CORIN_RESPONSE_7130cc8d-a96d-43c7-8d76-afce1a567ec8,"*Corin sembra vagamente divertito, anche se la cosa arriva a malapena agli occhi.*\n\n""Lo so. Mezzo campo lo sa.\n\n\n\nLe storie stanno già diventando stupide. Lame più grandi. Più sangue. Ormai qualcuno probabilmente racconta che l'hai ucciso con una mano sola.""\n\n*Ti studia per un istante.*\n\n""Eppure. Togli il rumore, e la verità è peggio delle storie. Hai affrontato un Re Goblin e hai vissuto abbastanza a lungo da ucciderlo.\n\n\n\nGli uomini cercano di farla sembrare un'impresa impossibile. Non capiscono che lo era già."""
NPC_CORIN_RESPONSE_75eb0d6f-c30b-43d0-b017-595b9e5290c5,"*Corin ti guarda di sbieco, per nulla colpito dall'ampiezza della domanda.*\n\n""Il campo avanzato?""\n\n*Lascia quel nome sospeso, come se dovesse spiegarsi da sé.*\n\n""L'abbiamo costruito dopo il crollo del ponte. Braccia avanzate, legname avanzato, tempo avanzato. Niente a sufficienza.\n\nMa è ancora in piedi. Questo conta."""
NPC_CORIN_RESPONSE_7c0dbb58-7aee-47de-a4cb-35a602fd4cda,"""Bada. L'orgoglio fa più rumore del buon senso, e di solito serve meno.""\n\n\n\n""Ti ho giudicato male al tuo arrivo.\n\n\n\nSembravi un altro avventuriero troppo sicuro di sé. Grandi promesse, vita breve. Ne passano.""\n\n*Il suo sguardo torna su di te, fermo e valutativo.*\n\n""Poi hai ucciso un Re Goblin.\n\n\n\nQuindi. Considera corretto il mio giudizio. Per ora."""
NPC_CORIN_RESPONSE_7c2a9f1e-5d6b-8c4a-0f3e-1b7d9c2a4e6f,"""La fortuna servirà più a te che a me. Cerca di non sprecare il lavoro che ho già fatto."""
NPC_CORIN_RESPONSE_7ed1e2bc-47a0-4868-b2d8-a1ac9490d41f,"*Gli occhi di Corin tornano su di te, asciutti e indecifrabili.*\n\n""Le lodi rendono la gente trascurata.""\n\n\n\n""Questo campo regge perché i miei combattenti sapevano cosa fare quando le comodità sono finite.\n\nQuesta è capacità di resistere. Non discorsi. Non fortuna. Lavoro.""\n\n*Lancia uno sguardo al limitare degli alberi.*\n\n""Reggerà come base operativa finché ogni Goblin non sarà scacciato da questi sentieri e la foresta non ricorderà come si fa a tacere."""
NPC_CORIN_RESPONSE_8c1f4a7d-2b9e-6d3a-5f0c-1e7b9a2d4c6f,"*Corin estrae dal mantello un fascio di segnalatori ben legati e te li preme tra le mani senza cerimonie.*\n\n""Ti è toccato il servizio dei Cercavia. Bene. Prendi questi. Li piazzerai nelle zone indicate e ci illuminerai il percorso. Ti segno la mappa. Non conosci i tragitti come me."""
NPC_CORIN_RESPONSE_8eeb26b1-6118-4686-8b7d-82ddc893b35c,"""Non fa solo stendardi e libri degli incantesimi. Strumenti incantati, esplosivi, qualunque cosa ci serva costruire. Sono pericolosi. Li usiamo solo quando non c'è un'alternativa meno rischiosa."""
NPC_CORIN_RESPONSE_908c2857-b990-45b7-9166-71dcab143ba4,"""Come previsto, non ci si può fidare di chi viene da fuori. Ma al momento ho solo te, quindi mi arrangio.""\n\n\n\n""Per prima cosa puoi tornare da Alaric a fare rapporto per me e spiegargli la situazione. Digli che possiamo proseguire e che nessuno di noi vuole tornare indietro adesso. Andremo fino in fondo e proteggeremo il villaggio.\n\nPer continuare ci servono altre scorte da Earlwood. Fa' in modo che la Gilda le consegni.\n\n\n\nQuanto agli obiettivi, credo che abbiamo trovato la fonte della Corruzione. Non possiamo intervenire finché i Goblin qui non saranno sottomessi. Quassù ci sono meno spiriti e più Goblin. Può significare solo che il covo della loro orda è da qualche parte in questa regione. Seguili. Trova la loro base.\n\n\n\nInfine, abbiamo allestito diversi avamposti nella regione. Nessuna notizia da una settimana. Controlla e torna a riferire: vivi o morti."""
NPC_CORIN_RESPONSE_936ffa99-6ded-4ae1-b769-cfc3c45ed6f9,"*Corin espira una volta dal naso.*\n\n""Ovvio.""\n\n""Uccidere il re è il primo passo. Poi si disperdono in branchi e mordono qualunque cosa si muova.""\n\n""Li eliminiamo prima che si trincerino di nuovo."""
NPC_CORIN_RESPONSE_94ccb17d-2504-4800-a444-980ebedc0238,"""Uccidendoli. Uno a uno.""\n\n""C'è ancora lavoro. Lasciamelo fare."""
NPC_CORIN_RESPONSE_9a10fc27-da1e-46e6-bbe0-c50c93aa3222,"""Hanno tenuto duro perché valeva la pena salvarli. Io li ho soltanto raggiunti prima che la foresta finisse il lavoro.""\n\n\n\n""Questo campo regge perché i miei combattenti sapevano cosa fare quando le comodità sono finite.\n\nQuesta è capacità di resistere. Non discorsi. Non fortuna. Lavoro.""\n\n*Lancia uno sguardo al limitare degli alberi.*\n\n""Reggerà come base operativa finché ogni Goblin non sarà scacciato da questi sentieri e la foresta non ricorderà come si fa a tacere."""
NPC_CORIN_RESPONSE_9f4b1c7e-2d6a-8e3f-5c0b-7a1d9e4c2f6b,"""Dopo? Ancora lo stesso. Anche se estirpiamo la fonte, il danno è fatto. Le bestie restano rabbiose, gli spiriti restano in squilibrio, la gente continua a fare scelte stupide. Terremo insieme la foresta per anni, finché non ricorderà come si fa a rinsavire."""
NPC_CORIN_RESPONSE_a7e2cca4-ae98-45ea-9aba-27e3f695e3ec,"""Faresti meglio a chiudere la bocca. Siamo avventurieri di Earlwood. Non ci si batte così facilmente.""\n\n\n\n*Ti squadra severamente. Ti valuta come un istruttore, emanando autorità nonostante la giovane età.*\n\n""Bene. Ti ha mandato Alaric e hai trovato la strada fin quaggiù. Qualcosa saprai fare. Questa è la situazione. Siamo a corto di cibo. Mancano degli uomini. Restano due obiettivi. Se puoi aiutarci con tutto questo, potresti guadagnarti il mio rispetto come compagno d'armi."""
NPC_CORIN_RESPONSE_aab0915a-a9e5-4bdd-9b11-1d98c5caeb82,"""Bene. L'approvazione rammollisce.""\n\n""Conserva la parte in cui uccidi i nostri nemici."""
NPC_CORIN_RESPONSE_ab69df60-c5b8-491c-9d61-af15971596a3,"""È grosso e vecchio, ingozzato dei suoi simili. È questo che lo rende forte e duro da abbattere. È lento, ma tu non lo sarai, o muori. Non lasciarti accerchiare dai suoi Goblin, non smettere di muoverti e, quando attacchi, finiscilo. Lo riconoscerai appena lo vedi. Tutto il resto gli starà scappando via."""
NPC_CORIN_RESPONSE_b0968164-44be-44a0-93ce-5a4806407729,"""Cerca Saqi, se non l'hai già conosciuta. È sempre la nana più rumorosa e gentile della stanza."""
NPC_CORIN_RESPONSE_b4246e1a-e1a4-442a-b6c7-01e9867b7d1c,"""Il tuo aiuto è servito. Di nuovo.""\n\n""C'è ancora lavoro. Lasciamelo fare."""
NPC_CORIN_RESPONSE_b61aee13-6d7f-46a4-84c4-9fd06f07f628,"""Non sei la prima persona a chiederselo.""\n\n\n\n""Scelsero la distanza. Alcuni volevano la foresta. Alcuni gli Antichi Dei. Altri volevano soltanto meno occhi sulle proprie vite.\n\nQuesto posso rispettarlo.""\n\n*Fa una pausa, quasi riluttante a concedere altro spazio a quel pensiero.*\n\n""Quando esploravo questi sentieri, prima che cominciassero i guai, era un posto tranquillo. Non sicuro. Tranquillo. C'è differenza.\n\nAvevano vite più dure degli abitanti del villaggio. E mani più dure."""
NPC_CORIN_RESPONSE_b6a9e8d7-b809-4745-be88-dbeab5be9a00,"""Non abbastanza in fretta. La velocità serve solo se anticipa la prima vittima.""\n\n\n\n""Mi mossi verso i punti di ritrovo. In fretta. Da solo. Era l'unico modo di raggiungerli prima della foresta.\n\nAvevo ragione a metà. La gente della foresta si stava già muovendo. I lupi colpirono per primi, poi il resto arrivò fiutando la pista.""\n\n*Serra la mascella per un istante.*\n\n""Raggiunsi gli altri, ma non senza perdite. Bravi combattenti. Migliori di alcuni che sono sopravvissuti.\n\nUna volta riuniti, il pericolo cominciò a diminuire. Quando arrivammo al campo, gli altri avevano tirato su qualcosa di difendibile con degli scarti. Fecero il loro lavoro. Non li insulterò fingendo il contrario."""
NPC_CORIN_RESPONSE_bac523c5-3f95-4df7-8477-06f8cb9f0908,"""Se per te è stato «facile», bene. Me ne ricorderò quando deciderò contro cosa scagliarti la prossima volta.""\n\n\n\n*Corin estrae dal mantello una mappa ripiegata e la apre con disinvoltura esperta.*\n\n""Hai trovato l'ingresso della tana dei Goblin. Bene. Ho tracciato un percorso per attraversarla. Tamsin ha mandato cariche esplosive per aprire la via."""
NPC_CORIN_RESPONSE_bb67033a-95df-4619-80f0-635430ad046e,"*Corin chiude brevemente gli occhi, non tanto per il dolore quanto per riprendere il controllo.*\n\n""Allora gli animali sono morti. Bene.""\n\n*Riapre gli occhi, freddi e sicuri.*\n\n""Non do ai Goblin nomi migliori di quelli che si sono guadagnati."""
NPC_CORIN_RESPONSE_bf0887f7-5a24-46ad-99ee-0f7c8f6e90db,"*Corin ti rivolge una breve occhiata, come per decidere se la domanda meriti risposta, poi distoglie di nuovo gli occhi.*\n\n""Vecchie fattorie. Contadini e cacciatori. Famiglie di Earlwood che non hanno mai sopportato le mura.\n\nVivevano qui fuori per scelta. Tetti e campi propri, persino servi propri. Più distanza che buon senso, forse.\n\nComunque. Erano dei nostri. Venivano a Earlwood. Conoscevamo i loro nomi."""
NPC_CORIN_RESPONSE_c3ef7f2e-dba6-4a7a-a82e-2f6524e49829,"“Un po' malconci. Assalti continui dei Goblin da un lato, degli spiriti della foresta dall'altro. Ne abbiamo persi alcuni. Altri, mandati più a fondo nella foresta, non sono tornati.”"
NPC_CORIN_RESPONSE_cb4ef7df-ff63-4eec-a11a-a76dae0a32bc,"""Lo sai già. Vuoi solo sentirmelo dire.""\n\n\n\n""Non è la prima volta che quelle fattorie vengono distrutte.\n\nSettant'anni fa, durante l'ultima Crisi dei Goblin, furono date alle fiamme. Quella volta i più sopravvissero. Ricostruirono. Tornarono. Gli stessi campi. Gli stessi tetti, o quasi.""\n\n*Le labbra di Corin si serrano appena.*\n\n""Erano sempre stati in pace con la foresta. O credevano di esserlo.\n\nCoraggiosi. Testardi. Scegli tu. Ormai non conta."""
NPC_CORIN_RESPONSE_ccdf5334-7794-4e2e-80b1-68ca023a69c2,"""Non andiamo da nessuna parte. Abbiamo ancora lavoro da fare.""\n\n\n\n*Ti squadra severamente. Ti valuta come un istruttore, emanando autorità nonostante la giovane età.*\n\n""Bene. Ti ha mandato Alaric e hai trovato la strada fin quaggiù. Qualcosa saprai fare. Questa è la situazione. Siamo a corto di cibo. Mancano degli uomini. Restano due obiettivi. Se puoi aiutarci con tutto questo, potresti guadagnarti il mio rispetto come compagno d'armi."""
NPC_CORIN_RESPONSE_cdd334bf-6b2d-41ca-b970-48e80cc8cc53,"""È difficile seguirne le tracce. Il trucco è seguire quello che si lasciano dietro. Quelle maledette bestiacce lasciano sempre un disastro. Cerca una pista."""
NPC_CORIN_RESPONSE_ce0379d6-4dce-4755-974b-218b96bda488,"""Non del tutto. Avevamo scorte. Avevamo un piano. I piani si fanno solo più brutti quando diventano realtà.""\n\n\n\n""Mi mossi verso i punti di ritrovo. In fretta. Da solo. Era l'unico modo di raggiungerli prima della foresta.\n\nAvevo ragione a metà. La gente della foresta si stava già muovendo. I lupi colpirono per primi, poi il resto arrivò fiutando la pista.""\n\n*Serra la mascella per un istante.*\n\n""Raggiunsi gli altri, ma non senza perdite. Bravi combattenti. Migliori di alcuni che sono sopravvissuti.\n\nUna volta riuniti, il pericolo cominciò a diminuire. Quando arrivammo al campo, gli altri avevano tirato su qualcosa di difendibile con degli scarti. Fecero il loro lavoro. Non li insulterò fingendo il contrario."""
NPC_CORIN_RESPONSE_cf34534a-c8be-4f92-bfa5-3115f0cf0f68,"""Ho segnato le posizioni sulla tua mappa. Sono sparsi nella parte settentrionale della foresta. Li feci allestire prima che crollasse il ponte. Allora era più sicuro."""
NPC_CORIN_RESPONSE_cf43930f-d001-4abd-8392-aca7a705f300,"""Mh. Apprezzo.""\n\n\n\n""Per prima cosa puoi tornare da Alaric a fare rapporto per me e spiegargli la situazione. Digli che possiamo proseguire e che nessuno di noi vuole tornare indietro adesso. Andremo fino in fondo e proteggeremo il villaggio.\n\nPer continuare ci servono altre scorte da Earlwood. Fa' in modo che la Gilda le consegni.\n\n\n\nQuanto agli obiettivi, credo che abbiamo trovato la fonte della Corruzione. Non possiamo intervenire finché i Goblin qui non saranno sottomessi. Quassù ci sono meno spiriti e più Goblin. Può significare solo che il covo della loro orda è da qualche parte in questa regione. Seguili. Trova la loro base.\n\n\n\nInfine, abbiamo allestito diversi avamposti nella regione. Nessuna notizia da una settimana. Controlla e torna a riferire: vivi o morti."""
NPC_CORIN_RESPONSE_df00c8cc-2357-4aa6-b06f-64dba93a4f41,"""Bene. Muoviti."""
NPC_CORIN_RESPONSE_e3918e73-4109-41e3-82ac-f4c64f35cda0,"""Vedere come sto. Generoso.""\n\n*Lo sguardo indugia per un istante, per nulla colpito.*\n\n""Se sei qui, renditi utile.""\n\n\n\n""Hai scelto un momento opportuno.""\n\n*Corin sposta il peso, già pronto ad andarsene.*\n\n""Vado a ripulire quel che resta dei covi dei Goblin e a tracciare percorsi dei Cercavia. Vieni, oppure no. Il lavoro si fa comunque."""
NPC_CORIN_RESPONSE_e4353429-5d34-4ec4-b058-cdf76d6f5b68,"*Corin si immobilizza per un istante, come se si aspettasse una risposta evasiva e ne avesse ricevuta una peggiore.*\n\n""Mh.""\n\n""Allora non sprecarlo."""
NPC_CORIN_RESPONSE_e4da2d2e-d8ec-49e0-b4df-af1a617b0aae,"*Corin chiude gli occhi per un momento.*\n\n""Sì."""
NPC_CORIN_RESPONSE_e68779a7-b4ca-4539-82b6-8c99e585f309,"""Bene. Se fosse stato facile, dubiterei del racconto.""\n\n\n\n""Ti ho giudicato male al tuo arrivo.\n\n\n\nSembravi un altro avventuriero troppo sicuro di sé. Grandi promesse, vita breve. Ne passano.""\n\n*Il suo sguardo torna su di te, fermo e valutativo.*\n\n""Poi hai ucciso un Re Goblin.\n\n\n\nQuindi. Considera corretto il mio giudizio. Per ora."""
NPC_CORIN_RESPONSE_ef26f919-d1d7-442d-b376-fbd8eb1661ac,"""Le guerre finiscono quando qualcuno le costringe a finire."""
NPC_CORIN_RESPONSE_f4ccd910-a5c4-4958-8e04-c47bfec6251d,"*Ti squadra come se ispezionasse un attrezzo difettoso.*\n\n""Se lo chiami lavoro di fatica, non vedi la linea.""\n\n""È questo che la tiene in piedi.""\n\n\n\n*Corin si raddrizza e si volta verso di te, dedicandoti tutta la sua attenzione. Estrae una mappa con un gesto esperto.*\n\n""Troppo terreno e troppo poche braccia. Quindi tocca a me, e ora a te.\n\nBivio del Sentiero. Passaggio sul Fiume. Vecchio Ceppo.\n\nPrendi questi kit per i segnalatori. Elimina i Goblin. Piazza i segnalatori di protezione. Un lavoro semplice.""\n\n*Ripiega la mappa e ti fissa con lo sguardo valutativo di un capitano.*\n\n""Finché non lo facciamo, le carovane restano a rischio. Niente attraversa i sentieri principali senza incidenti.\n\nOccupatene. Poi ci ritroviamo qui."""
NPC_CORIN_RESPONSE_f9cdc70c-6400-4ae8-8f8e-a4f14e948d6e,"""Ti sembra che abbiamo bisogno di essere recuperati?""\n\n\n\n*Il giovane accoglie la tua osservazione con uno sbuffo sprezzante, poi prosegue.*\n\n""Mi chiamo Corin e non abbiamo bisogno di essere salvati. Le scorte scarseggiano un po', ma sappiamo cavarcela. Dev'essere stato Alaric a mandarti oltre il ponte, il che significa che è stato ricostruito. Bene riavere le linee di rifornimento. Accelererà le cose."""
NPC_CORIN_RESPONSE_fa0dbe4b-4703-4d42-b2d1-547b175c4f3b,"""Chi dice così o torna coperto di sangue, o non torna affatto. Cerca di appartenere al primo gruppo."""
NPC_CORIN_RESPONSE_fb0ef6d0-a48e-4992-8ad1-b3ef7247df8c,"""Valutare non tiene la linea.""\n\n""Prendi un impegno, o fatti da parte."""
NPC_CORIN_TITLE,Il capitano degli avventurieri
NPC_ELDORIAN_GREETING_1e54d7f4-ea25-4a09-bb70-c3a228dbdd68,"""Mi fa piacere che tu sia qui. Posso aiutarti in qualcosa?"""
NPC_ELDORIAN_GREETING_3a9612c5-9d4e-4ec8-a4c3-30e74cf372a2,"*Il giovane Elfo quasi saltella quando ti vede, gli occhi spalancati per l'entusiasmo e un sorriso già sul volto prima ancora che tu parli.*\n\n""Ehilà! Sono Eldorian. A Wildwood le cose sono un po' tese, al momento. Meglio restare vicino alle mura del villaggio."""
NPC_ELDORIAN_GREETING_51f69adb-71c9-4e8b-8689-6f8a97626e1b,"*Il sorriso di Eldorian si illumina mentre ti avvicini.*\n\n""Ciao di nuovo. Mi fa piacere che tu sia qui. Ho trovato qualcosa nella foresta. Un nodo di potere oscuro, credo. Se lo eliminiamo, Earlwood potrà respirare meglio. Vieni con me?"""
NPC_ELDORIAN_GREETING_80975854-76a0-4030-a018-d778ad8e7dda,"*Eldorian ti vede e il suo sorriso si allarga; si raddrizza, pieno di energia improvvisa.*\n\n""Ce l'hai fatta a tornare! Ci speravo davvero. Abbiamo sentito tutti l'urlo di morte del Re Goblin da qui. A Saqi è quasi caduto un intero vassoio di boccali. Earlwood ti deve ben più di un giro da bere, sai."""
NPC_ELDORIAN_GREETING_81be06df-d5eb-4580-9de6-4c6582628014,"*Eldorian siede appoggiato a un albero, ferito ma fuori pericolo grazie al tuo rapido intervento. Comincia a parlare, interrotto dalla tosse.*\n\n""Be'… sembra che sapessero del mio arrivo."" *tossisce* ""Bestie furbe."""
NPC_ELDORIAN_GREETING_a824f866-e214-4939-901c-820eaa995286,"""Ciao di nuovo. Hai un momento? Vorrei che venissi con me in ricognizione."""
NPC_ELDORIAN_GREETING_b6e2c9a4-1f7d-8c3e-5a0b-9d4f2e7c1a6b,"""Non preoccuparti, amico. Sono pur sempre un Elfo. Un passo fra gli alberi e nessuno mi vedrà né mi sentirà. Ci vediamo presto. Spero."""
NPC_ELDORIAN_GREETING_df51426b-8283-4e99-9409-4014240d126f,"*Mentre ti avvicini, Eldorian non ti ha ancora notato e sul suo volto non c'è traccia della consueta allegria. Quando ti vede, torna il sorriso.*\n\n""Eccoti. Problemi lungo la strada?"""
NPC_ELDORIAN_NAME,Eldorian
NPC_ELDORIAN_PLAYER_02de7872-7956-4a81-9696-610bd11fba95_HEROIC,"Andrò. Tieni alta la guardia, Eldorian."
NPC_ELDORIAN_PLAYER_02de7872-7956-4a81-9696-610bd11fba95_JOKER,"Allora vado. Cerca di restare tutto intero, Eldorian."
NPC_ELDORIAN_PLAYER_02de7872-7956-4a81-9696-610bd11fba95_SCHOLAR,"Prendo congedo. Non essere imprudente, Eldorian."
NPC_ELDORIAN_PLAYER_02de7872-7956-4a81-9696-610bd11fba95_STOIC,"Allora vado. Sta' al sicuro, Eldorian."
NPC_ELDORIAN_PLAYER_07be5bb0-27c1-4c4d-a327-805504325ca5_HEROIC,Un simile risultato merita riconoscimento.
NPC_ELDORIAN_PLAYER_07be5bb0-27c1-4c4d-a327-805504325ca5_JOKER,"Notevole. Tanto di cappello, se la strada me ne avesse lasciato uno."
NPC_ELDORIAN_PLAYER_07be5bb0-27c1-4c4d-a327-805504325ca5_SCHOLAR,"Notevole, e verificabile, che conta di più."
NPC_ELDORIAN_PLAYER_07be5bb0-27c1-4c4d-a327-805504325ca5_STOIC,Davvero notevole.
NPC_ELDORIAN_PLAYER_0a1e7c70-d0e2-4a0d-9ed5-0e1ec1f9c0db_BASE,"""Non sei come loro, Eldorian. Ricorda che puoi fare le tue scelte"""
NPC_ELDORIAN_PLAYER_0d5d62e2-80ad-48fb-a928-2df52bd5d523_HEROIC,Il Re della Foresta è stato sconfitto.
NPC_ELDORIAN_PLAYER_0d5d62e2-80ad-48fb-a928-2df52bd5d523_JOKER,Pare che il Re della Foresta abbia appena perso la corona.
NPC_ELDORIAN_PLAYER_0d5d62e2-80ad-48fb-a928-2df52bd5d523_SCHOLAR,La sconfitta del Re della Foresta è ormai un fatto.
NPC_ELDORIAN_PLAYER_0d5d62e2-80ad-48fb-a928-2df52bd5d523_STOIC,Ho sconfitto il Re della Foresta.
NPC_ELDORIAN_PLAYER_1180fc8a-84f2-4b7e-b39f-b46a6a6d83ce_BASE,"""Ho trovato un antico testo elfico alla Pozza del Ricordo. Ne sai qualcosa?"""
NPC_ELDORIAN_PLAYER_1870f850-f3e3-460a-a8ee-c733c45f2122_HEROIC,"Confido che non si ripeta l'ultima volta, Eldorian."
NPC_ELDORIAN_PLAYER_1870f850-f3e3-460a-a8ee-c733c45f2122_JOKER,"Speriamo che vada meglio dell'ultima volta, Eldorian."
NPC_ELDORIAN_PLAYER_1870f850-f3e3-460a-a8ee-c733c45f2122_SCHOLAR,"Dati i precedenti, Eldorian, la cosa mi induce alla cautela."
NPC_ELDORIAN_PLAYER_1870f850-f3e3-460a-a8ee-c733c45f2122_STOIC,"Spero non sia come l'ultima volta, Eldorian."
NPC_ELDORIAN_PLAYER_19c3b051-f96d-4f14-baae-1bc017c26564_HEROIC,Racconta. Preferisco ascoltarle da chi ci crede davvero.
NPC_ELDORIAN_PLAYER_19c3b051-f96d-4f14-baae-1bc017c26564_JOKER,"Avanti, allora. Tanto stai scoppiando dalla voglia di raccontarle."
NPC_ELDORIAN_PLAYER_19c3b051-f96d-4f14-baae-1bc017c26564_SCHOLAR,Racconta. Una storia si ascolta meglio dal suo custode più devoto.
NPC_ELDORIAN_PLAYER_19c3b051-f96d-4f14-baae-1bc017c26564_STOIC,Racconta. Da te mi piacerebbe sentirle.
NPC_ELDORIAN_PLAYER_1c54e1d1-68a5-40ff-bc88-e83119063b10_BASE,Esci
NPC_ELDORIAN_PLAYER_1e2c3df7-f00f-4dc1-b936-26bd26fb4153_HEROIC,"Sei un abile combattente, Eldorian. Devi usare maggiore cautela."
NPC_ELDORIAN_PLAYER_1e2c3df7-f00f-4dc1-b936-26bd26fb4153_JOKER,"Sai il fatto tuo in battaglia, Eldorian. Ma devi guardare dove metti i piedi."
NPC_ELDORIAN_PLAYER_1e2c3df7-f00f-4dc1-b936-26bd26fb4153_SCHOLAR,"Combatti bene, Eldorian. Ora impara a combattere con prudenza."
NPC_ELDORIAN_PLAYER_1e2c3df7-f00f-4dc1-b936-26bd26fb4153_STOIC,"Sei un combattente capace, Eldorian. Serve più cautela."
NPC_ELDORIAN_PLAYER_1ea52cf2-c51d-4c06-9d7d-1a9f2dba446f_HEROIC,"Ce la farai, Eldorian. Ho fiducia in te."
NPC_ELDORIAN_PLAYER_1ea52cf2-c51d-4c06-9d7d-1a9f2dba446f_JOKER,"Avanti, Eldorian, fagli vedere cosa può fare un po' di fiducia."
NPC_ELDORIAN_PLAYER_1ea52cf2-c51d-4c06-9d7d-1a9f2dba446f_SCHOLAR,"Hai le doti necessarie, Eldorian. Credo che ci riuscirai."
NPC_ELDORIAN_PLAYER_1ea52cf2-c51d-4c06-9d7d-1a9f2dba446f_STOIC,"Ci riuscirai, Eldorian. Credo in te."
NPC_ELDORIAN_PLAYER_20fbbc59-141a-49f3-af09-2a2d4cbf7a30_HEROIC,"Eldorian, non indugiare su ciò che è perduto. Il passato non si può recuperare."
NPC_ELDORIAN_PLAYER_20fbbc59-141a-49f3-af09-2a2d4cbf7a30_JOKER,"Inutile rimuginare sul passato, Eldorian. Ormai è andato."
NPC_ELDORIAN_PLAYER_20fbbc59-141a-49f3-af09-2a2d4cbf7a30_SCHOLAR,"Eldorian, indugiare sul passato serve a poco, una volta che è svanito."
NPC_ELDORIAN_PLAYER_20fbbc59-141a-49f3-af09-2a2d4cbf7a30_STOIC,"È finito, Eldorian. Non soffermarti sul passato."
NPC_ELDORIAN_PLAYER_21a2e8b2-f42e-493e-9144-417e7e8ec56c_HEROIC,È stata una vicenda cupa. Non c'è da festeggiare.
NPC_ELDORIAN_PLAYER_21a2e8b2-f42e-493e-9144-417e7e8ec56c_JOKER,"Le cose cupe di rado chiamano una festa, sai."
NPC_ELDORIAN_PLAYER_21a2e8b2-f42e-493e-9144-417e7e8ec56c_SCHOLAR,Una vicenda cupa. Celebrarla significherebbe fraintendere ciò che è accaduto.
NPC_ELDORIAN_PLAYER_21a2e8b2-f42e-493e-9144-417e7e8ec56c_STOIC,È stata una cosa terribile. Non c'è nulla da celebrare.
NPC_ELDORIAN_PLAYER_241e335c-959c-41dc-9b0d-2105f3de2be6_HEROIC,Sembra promettente. Fammi strada.
NPC_ELDORIAN_PLAYER_241e335c-959c-41dc-9b0d-2105f3de2be6_JOKER,"Mi sta bene, basta che mi indichi la direzione prima che me ne vada a zonzo."
NPC_ELDORIAN_PLAYER_241e335c-959c-41dc-9b0d-2105f3de2be6_SCHOLAR,"Bene. Mostrami il percorso, svolta per svolta."
NPC_ELDORIAN_PLAYER_241e335c-959c-41dc-9b0d-2105f3de2be6_STOIC,Va bene. Mostrami dove andare.
NPC_ELDORIAN_PLAYER_24deccf0-add8-443a-ab91-0925ed5f2e12_HEROIC,Dove si possono trovare gli Haylor adesso?
NPC_ELDORIAN_PLAYER_24deccf0-add8-443a-ab91-0925ed5f2e12_JOKER,"Allora, dove sono finiti gli Haylor?"
NPC_ELDORIAN_PLAYER_24deccf0-add8-443a-ab91-0925ed5f2e12_SCHOLAR,Dove si trovano attualmente gli Haylor?
NPC_ELDORIAN_PLAYER_24deccf0-add8-443a-ab91-0925ed5f2e12_STOIC,Dove sono gli Haylor ora?
NPC_ELDORIAN_PLAYER_27ef257b-cdd8-4024-b947-cd1c59ec273e_HEROIC,Cosa rivelano queste storie sul suo conto?
NPC_ELDORIAN_PLAYER_27ef257b-cdd8-4024-b947-cd1c59ec273e_JOKER,"Quali storie assurde si inventano su di lui, stavolta?"
NPC_ELDORIAN_PLAYER_27ef257b-cdd8-4024-b947-cd1c59ec273e_SCHOLAR,Cosa dicono esattamente le storie sul suo conto?
NPC_ELDORIAN_PLAYER_27ef257b-cdd8-4024-b947-cd1c59ec273e_STOIC,Cosa raccontano di lui queste storie?
NPC_ELDORIAN_PLAYER_2841b149-ede3-47ec-b4d1-12b761fb4dfb_HEROIC,"Dopo averti salvato la vita, ti aspetti ancora la mia compassione?"
NPC_ELDORIAN_PLAYER_2841b149-ede3-47ec-b4d1-12b761fb4dfb_JOKER,"Dopo averti salvato la vita, vuoi pure il premio di consolazione?"
NPC_ELDORIAN_PLAYER_2841b149-ede3-47ec-b4d1-12b761fb4dfb_SCHOLAR,"Dopo averti salvato la vita, mi chiedi nuovamente pietà?"
NPC_ELDORIAN_PLAYER_2841b149-ede3-47ec-b4d1-12b761fb4dfb_STOIC,Ti ho salvato la vita. Vuoi ancora che ti compatisca?
NPC_ELDORIAN_PLAYER_290e0065-7b2f-4024-9d5e-85c99d9e8a17_BASE,Che tipo di scontro mi aspetta?
NPC_ELDORIAN_PLAYER_2a177f1a-67d8-4de2-aff6-363209d64744_HEROIC,Cosa sai dirmi dei loro punti di forza?
NPC_ELDORIAN_PLAYER_2a177f1a-67d8-4de2-aff6-363209d64744_JOKER,"Allora, che assi hanno nella manica?"
NPC_ELDORIAN_PLAYER_2a177f1a-67d8-4de2-aff6-363209d64744_SCHOLAR,Cosa si conosce delle loro capacità?
NPC_ELDORIAN_PLAYER_2a177f1a-67d8-4de2-aff6-363209d64744_STOIC,E le loro abilità?
NPC_ELDORIAN_PLAYER_2a6f49a8-3b7d-4cf6-940d-6c2f4d34fbb7_HEROIC,Sei tu l'esploratore? Bene. Ti stavo cercando.
NPC_ELDORIAN_PLAYER_2a6f49a8-3b7d-4cf6-940d-6c2f4d34fbb7_JOKER,"L'esploratore di Alaric, immagino? Mi ha detto di cercarti."
NPC_ELDORIAN_PLAYER_2a6f49a8-3b7d-4cf6-940d-6c2f4d34fbb7_SCHOLAR,L'esploratore di Alaric? Allora la mia ricerca ha dato l'esito previsto.
NPC_ELDORIAN_PLAYER_2a6f49a8-3b7d-4cf6-940d-6c2f4d34fbb7_STOIC,Sei l'esploratore di Alaric? Mi ha chiesto di trovarti.
NPC_ELDORIAN_PLAYER_2ac13577-fe53-4b34-a58d-7ac44e8f6092_HEROIC,"Fidati di Alaric. Fidati di noi. Supereremo tutto questo, Eldorian."
NPC_ELDORIAN_PLAYER_2ac13577-fe53-4b34-a58d-7ac44e8f6092_JOKER,"Se ti fidi di Alaric, puoi fidarti di noi. Vedrai che andrà bene, Eldorian."
NPC_ELDORIAN_PLAYER_2ac13577-fe53-4b34-a58d-7ac44e8f6092_SCHOLAR,"Fidati di Alaric, e di noi. Le probabilità sono migliori di quanto appaiano, Eldorian."
NPC_ELDORIAN_PLAYER_2ac13577-fe53-4b34-a58d-7ac44e8f6092_STOIC,"Abbi fiducia in Alaric. E in noi. Andrà tutto bene, Eldorian."
NPC_ELDORIAN_PLAYER_2ebe133f-6157-4da4-aacf-adf151effe54_HEROIC,"Volontà degli dèi o no, lottiamo per sopravvivere. Non c'è altra strada."
NPC_ELDORIAN_PLAYER_2ebe133f-6157-4da4-aacf-adf151effe54_JOKER,"Volontà degli dèi o no, ora il lavoro è sopravvivere. La paga è misera."
NPC_ELDORIAN_PLAYER_2ebe133f-6157-4da4-aacf-adf151effe54_SCHOLAR,"Volontà degli dèi o no, sopravvivere richiede di combattere. La logica si ferma qui."
NPC_ELDORIAN_PLAYER_2ebe133f-6157-4da4-aacf-adf151effe54_STOIC,"Volontà degli dèi o no, combattiamo per sopravvivere. È l'unica scelta."
NPC_ELDORIAN_PLAYER_301965d6-1dee-45fd-a655-558ef65faa76_HEROIC,Sembra che ce ne sia più di uno.
NPC_ELDORIAN_PLAYER_301965d6-1dee-45fd-a655-558ef65faa76_JOKER,A quanto pare c'è più di uno della combriccola.
NPC_ELDORIAN_PLAYER_301965d6-1dee-45fd-a655-558ef65faa76_SCHOLAR,Evidentemente non si tratta di un unico esemplare.
NPC_ELDORIAN_PLAYER_301965d6-1dee-45fd-a655-558ef65faa76_STOIC,Ce n'è più di uno.
NPC_ELDORIAN_PLAYER_3394e755-e781-4bf8-88a7-a3fbc368dbe0_HEROIC,Dà l'impressione di essere indisciplinato e distante.
NPC_ELDORIAN_PLAYER_3394e755-e781-4bf8-88a7-a3fbc368dbe0_JOKER,Emana tutto il calore di uno stivale gelato e più o meno lo stesso autocontrollo.
NPC_ELDORIAN_PLAYER_3394e755-e781-4bf8-88a7-a3fbc368dbe0_SCHOLAR,"Indisciplinato e freddo, da come lo descrivi. Una combinazione difficile."
NPC_ELDORIAN_PLAYER_3394e755-e781-4bf8-88a7-a3fbc368dbe0_STOIC,Sembra indisciplinato e freddo.
NPC_ELDORIAN_PLAYER_3648e46d-af21-46f4-8df6-47719ffd8532_BASE,Cosa ti è successo?
NPC_ELDORIAN_PLAYER_388108d1-ddf2-4788-b535-ebd4fbf61242_HEROIC,Le storie si ingigantiscono a raccontarle. Cos'ha fatto?
NPC_ELDORIAN_PLAYER_388108d1-ddf2-4788-b535-ebd4fbf61242_JOKER,"Le storie crescono come i Goblin, al buio e in gran numero. Cos'è successo davvero?"
NPC_ELDORIAN_PLAYER_388108d1-ddf2-4788-b535-ebd4fbf61242_SCHOLAR,Ogni racconto aggiunge un Goblin. Torniamo ai fatti: cos'ha fatto?
NPC_ELDORIAN_PLAYER_388108d1-ddf2-4788-b535-ebd4fbf61242_STOIC,Le storie crescono. Cos'ha fatto?
NPC_ELDORIAN_PLAYER_3acb7c27-8830-4546-b328-bba66529e8b9_BASE,Cosa pensi della foresta che lascia il posto ai campi?
NPC_ELDORIAN_PLAYER_3af6768c-cde5-4eae-8f64-f857389df377_BASE,"""Cosa fai qui?"""
NPC_ELDORIAN_PLAYER_455a3616-86c9-4272-adbb-55091105998e_HEROIC,Vuoi dunque che partecipi a questa ricognizione disciplinare?
NPC_ELDORIAN_PLAYER_455a3616-86c9-4272-adbb-55091105998e_JOKER,Quindi ti serve una spalla per la tua ricognizione disciplinare?
NPC_ELDORIAN_PLAYER_455a3616-86c9-4272-adbb-55091105998e_SCHOLAR,La mia presenza alla tua ricognizione disciplinare? Mi interessa la logica.
NPC_ELDORIAN_PLAYER_455a3616-86c9-4272-adbb-55091105998e_STOIC,Mi vuoi alla tua ricognizione disciplinare?
NPC_ELDORIAN_PLAYER_478b32bc-d20e-4974-93ff-9c412e991044_HEROIC,Lanciarti all'attacco senza di me è stato avventato.
NPC_ELDORIAN_PLAYER_478b32bc-d20e-4974-93ff-9c412e991044_JOKER,"Coraggioso, attaccare briga senza il tuo aiuto migliore."
NPC_ELDORIAN_PLAYER_478b32bc-d20e-4974-93ff-9c412e991044_SCHOLAR,Combattere senza di me è stato un errore di valutazione. Le tue ferite ne sono la prova.
NPC_ELDORIAN_PLAYER_478b32bc-d20e-4974-93ff-9c412e991044_STOIC,È stato sciocco combattere senza di me.
NPC_ELDORIAN_PLAYER_479657c3-1da1-455e-a5c4-678931327660_HEROIC,Quella storia non mi suona vera.
NPC_ELDORIAN_PLAYER_479657c3-1da1-455e-a5c4-678931327660_JOKER,Quella storia puzza d'invenzione.
NPC_ELDORIAN_PLAYER_479657c3-1da1-455e-a5c4-678931327660_SCHOLAR,Questo resoconto mi sembra artefatto.
NPC_ELDORIAN_PLAYER_479657c3-1da1-455e-a5c4-678931327660_STOIC,Mi sembra una storia inventata.
NPC_ELDORIAN_PLAYER_4f989019-4340-484b-bc20-0f19f3de9f66_HEROIC,Va bene. Dovremmo cominciare senza indugio.
NPC_ELDORIAN_PLAYER_4f989019-4340-484b-bc20-0f19f3de9f66_JOKER,"Mi sta bene, inutile trascinare i piedi."
NPC_ELDORIAN_PLAYER_4f989019-4340-484b-bc20-0f19f3de9f66_SCHOLAR,Mi sembra opportuno. Meglio cominciare prima che cambi la luce.
NPC_ELDORIAN_PLAYER_4f989019-4340-484b-bc20-0f19f3de9f66_STOIC,Va bene. Mettiamoci al lavoro.
NPC_ELDORIAN_PLAYER_4fbe29b7-9c61-4af6-ac46-aa298500d22c_HEROIC,Sei ancora ferito. Lascia che venga con te per proteggerti.
NPC_ELDORIAN_PLAYER_4fbe29b7-9c61-4af6-ac46-aa298500d22c_JOKER,Sei ancora ferito. Qualcuno dovrà pur tenerti d'occhio.
NPC_ELDORIAN_PLAYER_4fbe29b7-9c61-4af6-ac46-aa298500d22c_SCHOLAR,Sei ancora ferito. La prudenza suggerisce di non camminare ancora da solo.
NPC_ELDORIAN_PLAYER_4fbe29b7-9c61-4af6-ac46-aa298500d22c_STOIC,Sei ancora ferito. Dovrei venire con te.
NPC_ELDORIAN_PLAYER_52d2f17c-f88b-48b3-813e-fd230c39288d_HEROIC,"Se lo incontrerò, provvederò a risolvere la questione come si deve."
NPC_ELDORIAN_PLAYER_52d2f17c-f88b-48b3-813e-fd230c39288d_JOKER,"Se ci inciampo, me ne occupo. Anche se dubito che mi ringrazierà."
NPC_ELDORIAN_PLAYER_52d2f17c-f88b-48b3-813e-fd230c39288d_SCHOLAR,"Se incrocerà il mio cammino, me ne occuperò in quel momento."
NPC_ELDORIAN_PLAYER_52d2f17c-f88b-48b3-813e-fd230c39288d_STOIC,"Se lo incontro, ci penso io."
NPC_ELDORIAN_PLAYER_54a306b2-72e5-4f4a-bc5f-c645cf81be0d_BASE,"""Ho incontrato un Treant corrotto a Wildwood"""
NPC_ELDORIAN_PLAYER_5572f7b2-1a40-4d08-9e8e-537ce9f86bed_HEROIC,"Vai avanti. Se attraverserò la zona, ti raggiungerò al punto finale."
NPC_ELDORIAN_PLAYER_5572f7b2-1a40-4d08-9e8e-537ce9f86bed_JOKER,"Vai pure. Se riesco a superare la zona, mi trascinerò fino al punto finale."
NPC_ELDORIAN_PLAYER_5572f7b2-1a40-4d08-9e8e-537ce9f86bed_SCHOLAR,"Procedi. Se il mio itinerario attraverserà la zona, raggiungerò il punto finale."
NPC_ELDORIAN_PLAYER_5572f7b2-1a40-4d08-9e8e-537ce9f86bed_STOIC,Puoi andare. Ti vedrò al punto finale se passerò per la zona.
NPC_ELDORIAN_PLAYER_57aa374f-9a29-4800-a22b-efb3f7db9fdd_BASE,"""A volte dobbiamo fare cose difficili ma necessarie per il bene comune."""
NPC_ELDORIAN_PLAYER_5a4612fd-7e4f-466f-8c5e-23691b74bd3d_HEROIC,"Ho tutto ciò che mi serve. Non correre rischi là fuori, Eldorian."
NPC_ELDORIAN_PLAYER_5a4612fd-7e4f-466f-8c5e-23691b74bd3d_JOKER,"Mi basta così. Cerca di non cacciarti nei guai, Eldorian."
NPC_ELDORIAN_PLAYER_5a4612fd-7e4f-466f-8c5e-23691b74bd3d_SCHOLAR,"È tutto ciò che mi occorre. Bada alla tua incolumità, Eldorian."
NPC_ELDORIAN_PLAYER_5a4612fd-7e4f-466f-8c5e-23691b74bd3d_STOIC,"Mi basta. Sta' al sicuro, Eldorian."
NPC_ELDORIAN_PLAYER_5a85fbe2-82e6-4bcd-9061-97e6d800a928_HEROIC,"Il posto brulica di Goblin, ma ho combattuto per aprirmi un varco e uscirne."
NPC_ELDORIAN_PLAYER_5a85fbe2-82e6-4bcd-9061-97e6d800a928_JOKER,Il posto brulica di Goblin. Per poco non diventavo il loro prossimo pasto.
NPC_ELDORIAN_PLAYER_5a85fbe2-82e6-4bcd-9061-97e6d800a928_SCHOLAR,Il luogo è invaso dai Goblin. Sopravvivere era tutt'altro che certo.
NPC_ELDORIAN_PLAYER_5a85fbe2-82e6-4bcd-9061-97e6d800a928_STOIC,Il posto brulica di Goblin. Me la sono cavata a stento.
NPC_ELDORIAN_PLAYER_5c10d0b6-938f-41d6-ac21-b6729407dd8f_HEROIC,Una cella renderebbe più giustizia. Invece ti affidano compiti.
NPC_ELDORIAN_PLAYER_5c10d0b6-938f-41d6-ac21-b6729407dd8f_JOKER,"Invece di una cella, ti toccano le faccende. Che fortuna."
NPC_ELDORIAN_PLAYER_5c10d0b6-938f-41d6-ac21-b6729407dd8f_SCHOLAR,Una cella insegnerebbe più in fretta di un altro compito.
NPC_ELDORIAN_PLAYER_5c10d0b6-938f-41d6-ac21-b6729407dd8f_STOIC,"Dovrebbero rinchiuderti, non darti un altro compito."
NPC_ELDORIAN_PLAYER_5cd8f68b-d45b-4223-9d11-1b8bafde205b_BASE,"""In ogni caso, è una cosa orribile. Hai tutta la mia comprensione, Eldorian."""
NPC_ELDORIAN_PLAYER_5e1fe874-2170-411d-8c52-1bf8ff5c2db8_HEROIC,Quale legame hai con gli Haylor?
NPC_ELDORIAN_PLAYER_5e1fe874-2170-411d-8c52-1bf8ff5c2db8_JOKER,"Allora, cosa c'entri tu con gli Haylor?"
NPC_ELDORIAN_PLAYER_5e1fe874-2170-411d-8c52-1bf8ff5c2db8_SCHOLAR,"Gli Haylor. Cosa erano per te, esattamente?"
NPC_ELDORIAN_PLAYER_5e1fe874-2170-411d-8c52-1bf8ff5c2db8_STOIC,Che rapporto hai con gli Haylor?
NPC_ELDORIAN_PLAYER_5efd69d8-838c-452a-9ce7-2fed0937ad56_HEROIC,La ferita sta guarendo bene?
NPC_ELDORIAN_PLAYER_5efd69d8-838c-452a-9ce7-2fed0937ad56_JOKER,Quella ferita ti tratta bene?
NPC_ELDORIAN_PLAYER_5efd69d8-838c-452a-9ce7-2fed0937ad56_SCHOLAR,La ferita. Guarisce senza problemi o ti dà ancora noie?
NPC_ELDORIAN_PLAYER_5efd69d8-838c-452a-9ce7-2fed0937ad56_STOIC,Come va la ferita?
NPC_ELDORIAN_PLAYER_5f10d024-925c-4df8-a6e7-0267ab8484c8_HEROIC,"Non voglio perderti, non adesso che ci conosciamo appena."
NPC_ELDORIAN_PLAYER_5f10d024-925c-4df8-a6e7-0267ab8484c8_JOKER,"Non voglio perderti, soprattutto subito dopo averti conosciuto."
NPC_ELDORIAN_PLAYER_5f10d024-925c-4df8-a6e7-0267ab8484c8_SCHOLAR,"Non desidero perderti, considerando soprattutto quanto sia recente il nostro incontro."
NPC_ELDORIAN_PLAYER_5f10d024-925c-4df8-a6e7-0267ab8484c8_STOIC,Non voglio perderti. Ci conosciamo da così poco.
NPC_ELDORIAN_PLAYER_69d56d53-36da-4a87-a5de-466be2367976_HEROIC,Un'altra famiglia ricca che prospera mentre gli abitanti lavorano per il suo profitto.
NPC_ELDORIAN_PLAYER_69d56d53-36da-4a87-a5de-466be2367976_JOKER,Un'altra famiglia ricca che banchetta mentre il villaggio coltiva il banchetto.
NPC_ELDORIAN_PLAYER_69d56d53-36da-4a87-a5de-466be2367976_SCHOLAR,"Un'altra famiglia ricca, dunque. La sua ricchezza è cresciuta grazie alle mani altrui."
NPC_ELDORIAN_PLAYER_69d56d53-36da-4a87-a5de-466be2367976_STOIC,Un'altra famiglia ricca che ingrassa sulla terra e sulla fatica degli abitanti.
NPC_ELDORIAN_PLAYER_6b91accf-f1f1-49a9-8eea-0a766a492c1c_HEROIC,Capisco. E contribuirò a ridargli la sua integrità.
NPC_ELDORIAN_PLAYER_6b91accf-f1f1-49a9-8eea-0a766a492c1c_JOKER,Capisco perché ti senti così. Mi piacerebbe vederlo splendere come una volta.
NPC_ELDORIAN_PLAYER_6b91accf-f1f1-49a9-8eea-0a766a492c1c_SCHOLAR,Ne comprendo il motivo. Vorrei vederlo tornare se stesso.
NPC_ELDORIAN_PLAYER_6b91accf-f1f1-49a9-8eea-0a766a492c1c_STOIC,Capisco il motivo. Lo voglio com'era un tempo.
NPC_ELDORIAN_PLAYER_6d206085-7050-47c1-b94d-966faea6d354_HEROIC,"Esercitazioni e addestramento ti preparano, ma non bastano davanti a un vero combattimento."
NPC_ELDORIAN_PLAYER_6d206085-7050-47c1-b94d-966faea6d354_JOKER,"Esercitazioni e addestramento faranno bella figura nel cortile, ma il vero combattimento ride per ultimo."
NPC_ELDORIAN_PLAYER_6d206085-7050-47c1-b94d-966faea6d354_SCHOLAR,Le esercitazioni insegnano la forma. Il combattimento insegna tutto il resto.
NPC_ELDORIAN_PLAYER_6d206085-7050-47c1-b94d-966faea6d354_STOIC,Esercitazioni e addestramento non sostituiscono il vero combattimento.
NPC_ELDORIAN_PLAYER_6dc824e2-d1f5-4474-ba5b-b2259215c89b_HEROIC,Le sue doti devono nascere dalla sua determinazione.
NPC_ELDORIAN_PLAYER_6dc824e2-d1f5-4474-ba5b-b2259215c89b_JOKER,Le sue capacità devono venire dritte dritte dalla pura testardaggine.
NPC_ELDORIAN_PLAYER_6dc824e2-d1f5-4474-ba5b-b2259215c89b_SCHOLAR,Le sue capacità devono derivare dalla forza della sua volontà.
NPC_ELDORIAN_PLAYER_6dc824e2-d1f5-4474-ba5b-b2259215c89b_STOIC,Le sue doti devono essere frutto della volontà.
NPC_ELDORIAN_PLAYER_6fcebe1a-af1e-487b-9c80-9769fd391d97_HEROIC,Come hai contribuito alla sua formazione?
NPC_ELDORIAN_PLAYER_6fcebe1a-af1e-487b-9c80-9769fd391d97_JOKER,Che parte hai avuto nel crescerlo?
NPC_ELDORIAN_PLAYER_6fcebe1a-af1e-487b-9c80-9769fd391d97_SCHOLAR,E il tuo contributo alla sua educazione? Quanto è stato rilevante?
NPC_ELDORIAN_PLAYER_6fcebe1a-af1e-487b-9c80-9769fd391d97_STOIC,Qual è stato il tuo ruolo nella sua crescita?
NPC_ELDORIAN_PLAYER_72099644-96a0-44a1-bc86-3c90e3cf0c29_HEROIC,Aiutare gli altri è sempre un onore.
NPC_ELDORIAN_PLAYER_72099644-96a0-44a1-bc86-3c90e3cf0c29_JOKER,"Una mano la do volentieri, e magari ci scappa anche un sorriso."
NPC_ELDORIAN_PLAYER_72099644-96a0-44a1-bc86-3c90e3cf0c29_SCHOLAR,Volentieri. Aiutare è di rado uno sforzo vano.
NPC_ELDORIAN_PLAYER_72099644-96a0-44a1-bc86-3c90e3cf0c29_STOIC,Sempre un piacere aiutare.
NPC_ELDORIAN_PLAYER_756e5c3b-078c-4427-be56-c5a0ee317019_HEROIC,Sembra solo un altro luogo perduto in questo inferno.
NPC_ELDORIAN_PLAYER_756e5c3b-078c-4427-be56-c5a0ee317019_JOKER,"Alla faccia del cambio di panorama, in questo inferno."
NPC_ELDORIAN_PLAYER_756e5c3b-078c-4427-be56-c5a0ee317019_SCHOLAR,"Per quanto vedo, è indistinguibile dal resto di questo inferno."
NPC_ELDORIAN_PLAYER_756e5c3b-078c-4427-be56-c5a0ee317019_STOIC,Sembra un posto come tanti in questo inferno.
NPC_ELDORIAN_PLAYER_78cfdb29-1dc6-45f7-8031-fb5f4d896ff4_BASE,"""Non fare il passo più lungo della gamba, giovane Elfo. Ti farai ammazzare."""
NPC_ELDORIAN_PLAYER_796b220b-86ee-481b-ac76-62f62ffb5a32_HEROIC,"Magia elfica, sempre protesa verso ciò che è perduto, eppure legata a un passato che potrebbe non tornare mai."
NPC_ELDORIAN_PLAYER_796b220b-86ee-481b-ac76-62f62ffb5a32_JOKER,"Magia elfica, aggrappata a un passato che forse non tornerà mai. La nostalgia è un incantesimo tutto suo."
NPC_ELDORIAN_PLAYER_796b220b-86ee-481b-ac76-62f62ffb5a32_SCHOLAR,"Magia elfica, dunque. Un'arte ancorata a qualcosa che non c'è più."
NPC_ELDORIAN_PLAYER_796b220b-86ee-481b-ac76-62f62ffb5a32_STOIC,Magia elfica. Indugia su un passato che forse non tornerà mai.
NPC_ELDORIAN_PLAYER_7c9c0c11-b073-4cb7-a956-cdfd61932fbb_HEROIC,Che splendore.
NPC_ELDORIAN_PLAYER_7c9c0c11-b073-4cb7-a956-cdfd61932fbb_JOKER,"Un bel vedere, quello."
NPC_ELDORIAN_PLAYER_7c9c0c11-b073-4cb7-a956-cdfd61932fbb_SCHOLAR,Una visione notevole.
NPC_ELDORIAN_PLAYER_7c9c0c11-b073-4cb7-a956-cdfd61932fbb_STOIC,Suggestivo.
NPC_ELDORIAN_PLAYER_7fef2b3a-cad0-4376-83a6-9b20c1d9a8f8_HEROIC,"Parla chiaro, qual è il problema? Non ho tempo da perdere."
NPC_ELDORIAN_PLAYER_7fef2b3a-cad0-4376-83a6-9b20c1d9a8f8_JOKER,"Se c'è un punto, arriviamoci. Il mio tempo non è infinito."
NPC_ELDORIAN_PLAYER_7fef2b3a-cad0-4376-83a6-9b20c1d9a8f8_SCHOLAR,Ti prego di essere diretto. Qual è il problema? Il mio tempo è limitato.
NPC_ELDORIAN_PLAYER_7fef2b3a-cad0-4376-83a6-9b20c1d9a8f8_STOIC,Vieni al punto. Che succede? Non ho tempo per questo.
NPC_ELDORIAN_PLAYER_81157a3f-459f-4e53-9820-d051f0ac7288_HEROIC,Le chiacchiere ora non servono. Sono qui per liberare l'accesso alla foresta.
NPC_ELDORIAN_PLAYER_81157a3f-459f-4e53-9820-d051f0ac7288_JOKER,"Chiacchierare sarà anche allettante, ma non libera l'accesso alla foresta."
NPC_ELDORIAN_PLAYER_81157a3f-459f-4e53-9820-d051f0ac7288_SCHOLAR,Parlare costa tempo. Il compito attuale è liberare l'accesso alla foresta.
NPC_ELDORIAN_PLAYER_81157a3f-459f-4e53-9820-d051f0ac7288_STOIC,Niente chiacchiere. Sono qui per liberare l'accesso alla foresta.
NPC_ELDORIAN_PLAYER_838f4f75-8e44-4624-8ca6-d1475a734823_HEROIC,"Ci sarò, per combattere al tuo fianco."
NPC_ELDORIAN_PLAYER_838f4f75-8e44-4624-8ca6-d1475a734823_JOKER,Pare che abbia un appuntamento da rispettare.
NPC_ELDORIAN_PLAYER_838f4f75-8e44-4624-8ca6-d1475a734823_SCHOLAR,Inteso. Ti raggiungerò lì come concordato.
NPC_ELDORIAN_PLAYER_838f4f75-8e44-4624-8ca6-d1475a734823_STOIC,Ci vediamo lì.
NPC_ELDORIAN_PLAYER_84d36813-9ba8-4acb-a747-430074884879_BASE,Quali sono i tuoi compiti abituali?
NPC_ELDORIAN_PLAYER_870730e5-4e50-4a13-9585-0ea4180aed76_HEROIC,Alaric ha ragione. La tua imprevidenza e la tua stoltezza mettono molto a rischio.
NPC_ELDORIAN_PLAYER_870730e5-4e50-4a13-9585-0ea4180aed76_JOKER,"Alaric ha ragione. Imprevidente e sciocco, proprio una bella accoppiata."
NPC_ELDORIAN_PLAYER_870730e5-4e50-4a13-9585-0ea4180aed76_SCHOLAR,Alaric ha ragione. Le tue azioni rivelano un comportamento ricorrente di imprevidenza e stoltezza.
NPC_ELDORIAN_PLAYER_870730e5-4e50-4a13-9585-0ea4180aed76_STOIC,Alaric ha ragione. Sei imprevidente e sciocco.
NPC_ELDORIAN_PLAYER_881228b7-a57a-4b60-af9f-c30cea5c01cc_BASE,Cosa sai del grande mulino abbandonato?
NPC_ELDORIAN_PLAYER_8c3eec67-2e03-4c84-bab4-8f04b6b3381b_HEROIC,Cosa può averli spinti a una simile decisione?
NPC_ELDORIAN_PLAYER_8c3eec67-2e03-4c84-bab4-8f04b6b3381b_JOKER,Cosa gli è saltato in testa per fare una cosa del genere?
NPC_ELDORIAN_PLAYER_8c3eec67-2e03-4c84-bab4-8f04b6b3381b_SCHOLAR,Quale ragionamento li ha condotti a questo? Deve pur essercene stato uno.
NPC_ELDORIAN_PLAYER_8c3eec67-2e03-4c84-bab4-8f04b6b3381b_STOIC,Perché hanno fatto una cosa simile?
NPC_ELDORIAN_PLAYER_8e72ddbf-6449-4152-997c-bfc75e0b82ec_BASE,Come pensi che reagirà Alaric?
NPC_ELDORIAN_PLAYER_8eecdabd-0465-447c-a2ef-bea7c95ac015_BASE,E i Goblin?
NPC_ELDORIAN_PLAYER_9062aeb3-1823-4578-a58c-110fc912e283_BASE,Sei sicuro di riuscire a tornare senza problemi?
NPC_ELDORIAN_PLAYER_9090353a-32fa-45e8-8529-b2b9cc807668_BASE,Sei nato a Earlwood?
NPC_ELDORIAN_PLAYER_932af6f8-c44d-4ede-aab9-82a4b4836772_HEROIC,Prenditi il tempo che serve. Voglio capire cosa è stato fatto al tuo popolo.
NPC_ELDORIAN_PLAYER_932af6f8-c44d-4ede-aab9-82a4b4836772_JOKER,Nessuna fretta. I vecchi dolori sanno aspettare; è l'unica cosa che sanno fare bene.
NPC_ELDORIAN_PLAYER_932af6f8-c44d-4ede-aab9-82a4b4836772_SCHOLAR,"Prenditi il tuo tempo. Se c'era una ragione, vorrei sentirla come la racconta il tuo popolo."
NPC_ELDORIAN_PLAYER_932af6f8-c44d-4ede-aab9-82a4b4836772_STOIC,"Prenditi il tuo tempo. Vorrei capire, se riesci a raccontarlo."
NPC_ELDORIAN_PLAYER_93f63141-a440-42d8-a230-6834979b919e_HEROIC,"La guerra si prende ogni cosa, ma se la sua forza resiste, potrebbe tornare ancora."
NPC_ELDORIAN_PLAYER_93f63141-a440-42d8-a230-6834979b919e_JOKER,"La guerra arraffa tutto. Se ha la testa abbastanza dura, magari torna strisciando."
NPC_ELDORIAN_PLAYER_93f63141-a440-42d8-a230-6834979b919e_SCHOLAR,La guerra consuma tutto. Ciò che le sopravvive con sufficiente forza può tornare.
NPC_ELDORIAN_PLAYER_93f63141-a440-42d8-a230-6834979b919e_STOIC,"La guerra prende tutto. Potrebbe tornare, se ha la forza di sopravvivere."
NPC_ELDORIAN_PLAYER_96da6333-f257-4877-8304-bf242cb9dff6_HEROIC,"Tornerà com'era un tempo, e insieme faremo sì che accada."
NPC_ELDORIAN_PLAYER_96da6333-f257-4877-8304-bf242cb9dff6_JOKER,Tornerà com'era un tempo. Guarda come lo facciamo succedere.
NPC_ELDORIAN_PLAYER_96da6333-f257-4877-8304-bf242cb9dff6_SCHOLAR,Verrà ripristinato. L'unica variabile è quanto tempo impiegheremo.
NPC_ELDORIAN_PLAYER_96da6333-f257-4877-8304-bf242cb9dff6_STOIC,Tornerà com'era un tempo. Ce ne assicureremo.
NPC_ELDORIAN_PLAYER_9932fa3c-fb32-439c-97c7-67f1e53fa5e2_BASE,"""Un atto malvagio resta tale, qualunque sia l'esito."""
NPC_ELDORIAN_PLAYER_9b57096d-b932-4cba-9813-6f72a61cf578_HEROIC,"Grazie, è stata una battaglia durissima. Alaric mi ha chiesto di assicurarmi che l'accesso alla foresta resti sicuro."
NPC_ELDORIAN_PLAYER_9b57096d-b932-4cba-9813-6f72a61cf578_JOKER,"Grazie, quello scontro mordeva. Alaric mi ha chiesto di tenere libero l'accesso alla foresta."
NPC_ELDORIAN_PLAYER_9b57096d-b932-4cba-9813-6f72a61cf578_SCHOLAR,Ti ringrazio. Uno scontro difficile. Ho l'incarico di Alaric di mantenere libero l'accesso alla foresta.
NPC_ELDORIAN_PLAYER_9b57096d-b932-4cba-9813-6f72a61cf578_STOIC,Grazie. Una bella battaglia. Alaric mi ha chiesto di aiutare a tenere libero l'accesso alla foresta.
NPC_ELDORIAN_PLAYER_9b8f4323-c96a-41eb-a4d7-42caab27aaa1_HEROIC,Non mi serve altro. Fatti da parte.
NPC_ELDORIAN_PLAYER_9b8f4323-c96a-41eb-a4d7-42caab27aaa1_JOKER,A posto così. Che ne dici di liberare il passaggio?
NPC_ELDORIAN_PLAYER_9b8f4323-c96a-41eb-a4d7-42caab27aaa1_SCHOLAR,"Nient'altro. Il passaggio, se permetti."
NPC_ELDORIAN_PLAYER_9b8f4323-c96a-41eb-a4d7-42caab27aaa1_STOIC,Non mi serve altro. Togliti di mezzo.
NPC_ELDORIAN_PLAYER_9c00a383-6ffd-4687-b58c-f17c618a9523_HEROIC,Alaric spreca il suo tempo con te. Hai orecchie e non le usi.
NPC_ELDORIAN_PLAYER_9c00a383-6ffd-4687-b58c-f17c618a9523_JOKER,Alaric spreca il suo tempo con te. Tanto vale far lezione agli alberi.
NPC_ELDORIAN_PLAYER_9c00a383-6ffd-4687-b58c-f17c618a9523_SCHOLAR,"Alaric impiega male il suo tempo, qui. Nulla di ciò che dice ti raggiunge."
NPC_ELDORIAN_PLAYER_9c00a383-6ffd-4687-b58c-f17c618a9523_STOIC,Alaric spreca tempo con te. Non vuoi ascoltare.
NPC_ELDORIAN_PLAYER_9defb905-8be3-4e0f-9b6f-f32ecb5199c3_HEROIC,Allora prendo congedo. Addio.
NPC_ELDORIAN_PLAYER_9defb905-8be3-4e0f-9b6f-f32ecb5199c3_JOKER,Allora levo le tende. Ciao.
NPC_ELDORIAN_PLAYER_9defb905-8be3-4e0f-9b6f-f32ecb5199c3_SCHOLAR,Allora mi congedo. Arrivederci.
NPC_ELDORIAN_PLAYER_9defb905-8be3-4e0f-9b6f-f32ecb5199c3_STOIC,Allora vado. Arrivederci.
NPC_ELDORIAN_PLAYER_9fd11022-eb8a-4540-a9ca-c795ea82f965_HEROIC,"È un bel posto, ma il suo vero valore non mi è ancora chiaro."
NPC_ELDORIAN_PLAYER_9fd11022-eb8a-4540-a9ca-c795ea82f965_JOKER,"È un posto piacevole, ma mi sfugge l'ingrediente segreto."
NPC_ELDORIAN_PLAYER_9fd11022-eb8a-4540-a9ca-c795ea82f965_SCHOLAR,"È un luogo gradevole, ma non ne colgo il carattere distintivo."
NPC_ELDORIAN_PLAYER_9fd11022-eb8a-4540-a9ca-c795ea82f965_STOIC,"È un bel posto, ma non vedo cosa abbia di speciale."
NPC_ELDORIAN_PLAYER_a003d8e5-559e-42d2-82c3-c038faaec8e2_HEROIC,Devi essere più prudente. Trattieni l'impulso di lanciarti all'attacco.
NPC_ELDORIAN_PLAYER_a003d8e5-559e-42d2-82c3-c038faaec8e2_JOKER,Devi stare più attento. Lascia ai fiumi il compito di buttarsi a capofitto.
NPC_ELDORIAN_PLAYER_a003d8e5-559e-42d2-82c3-c038faaec8e2_SCHOLAR,Devi essere più prudente. È così che muoiono gli esploratori: gettandosi nella mischia.
NPC_ELDORIAN_PLAYER_a003d8e5-559e-42d2-82c3-c038faaec8e2_STOIC,Serve più cautela. Basta gettarti a capofitto.
NPC_ELDORIAN_PLAYER_a07bd6de-75ef-4ada-9f79-a8b7de7c638d_HEROIC,Qual è il tuo giudizio su Corin?
NPC_ELDORIAN_PLAYER_a07bd6de-75ef-4ada-9f79-a8b7de7c638d_JOKER,"Allora, come lo vedi Corin?"
NPC_ELDORIAN_PLAYER_a07bd6de-75ef-4ada-9f79-a8b7de7c638d_SCHOLAR,Come valuteresti Corin?
NPC_ELDORIAN_PLAYER_a07bd6de-75ef-4ada-9f79-a8b7de7c638d_STOIC,Cosa pensi di Corin?
NPC_ELDORIAN_PLAYER_a09e31c0-3e28-4b1e-bef7-37be155b7bd0_BASE,"""È troppo perché possa giudicare. Lascio un simile giudizio agli dèi."""
NPC_ELDORIAN_PLAYER_a0b30f2c-eba7-4614-9980-de4ac85e39d8_HEROIC,"Gli hai insegnato bene, e si vede dalle sue azioni."
NPC_ELDORIAN_PLAYER_a0b30f2c-eba7-4614-9980-de4ac85e39d8_JOKER,Gli hai insegnato bene. Almeno qualcuno ascoltava.
NPC_ELDORIAN_PLAYER_a0b30f2c-eba7-4614-9980-de4ac85e39d8_SCHOLAR,Il risultato dimostra la bontà del tuo insegnamento.
NPC_ELDORIAN_PLAYER_a0b30f2c-eba7-4614-9980-de4ac85e39d8_STOIC,Gli hai insegnato bene.
NPC_ELDORIAN_PLAYER_a0f2b382-7ce5-4989-a44b-83202e7a27c3_HEROIC,Quindi ti affidano un'altra ricognizione come parte della punizione?
NPC_ELDORIAN_PLAYER_a0f2b382-7ce5-4989-a44b-83202e7a27c3_JOKER,"Quindi un'altra ricognizione, gentilmente offerta dal servizio punitivo?"
NPC_ELDORIAN_PLAYER_a0f2b382-7ce5-4989-a44b-83202e7a27c3_SCHOLAR,La punizione consiste dunque in un'altra ricognizione. Chi ha questa idea della disciplina?
NPC_ELDORIAN_PLAYER_a0f2b382-7ce5-4989-a44b-83202e7a27c3_STOIC,Quindi ti mandano in un'altra ricognizione per punizione?
NPC_ELDORIAN_PLAYER_a1f609c1-757c-40e7-9f69-64850d7a4430_HEROIC,Certamente. Avanziamo insieme.
NPC_ELDORIAN_PLAYER_a1f609c1-757c-40e7-9f69-64850d7a4430_JOKER,Certo. È ora di sgranchirsi le gambe.
NPC_ELDORIAN_PLAYER_a1f609c1-757c-40e7-9f69-64850d7a4430_SCHOLAR,Certamente. Procediamo.
NPC_ELDORIAN_PLAYER_a1f609c1-757c-40e7-9f69-64850d7a4430_STOIC,Certo. Avanti.
NPC_ELDORIAN_PLAYER_a614dab3-6fd1-4183-8a1c-7174ccc97536_HEROIC,Non vedo altro che distruzione.
NPC_ELDORIAN_PLAYER_a614dab3-6fd1-4183-8a1c-7174ccc97536_JOKER,A quanto pare espongono solo rovine.
NPC_ELDORIAN_PLAYER_a614dab3-6fd1-4183-8a1c-7174ccc97536_SCHOLAR,"Vedo soltanto distruzione. Se c'è altro, insegnami a vederlo."
NPC_ELDORIAN_PLAYER_a614dab3-6fd1-4183-8a1c-7174ccc97536_STOIC,Vedo solo distruzione.
NPC_ELDORIAN_PLAYER_a66efb22-44e1-48fb-a9de-7db8d90aa7ee_HEROIC,"Va bene, Eldorian. Impara la lezione una volta, e sarà tua per sempre."
NPC_ELDORIAN_PLAYER_a66efb22-44e1-48fb-a9de-7db8d90aa7ee_JOKER,"Anche i migliori inciampano, Eldorian. È così che ci si fa furbi."
NPC_ELDORIAN_PLAYER_a66efb22-44e1-48fb-a9de-7db8d90aa7ee_SCHOLAR,"Va bene, Eldorian. Gli errori sono il prezzo dell'apprendimento. Hai pagato, ora impara."
NPC_ELDORIAN_PLAYER_a66efb22-44e1-48fb-a9de-7db8d90aa7ee_STOIC,"Va bene, Eldorian. Gli errori insegnano."
NPC_ELDORIAN_PLAYER_aa94b160-2e7e-4a5b-ac28-7cca120739c7_BASE,Mi stai invitando a fare una passeggiata tranquilla? Sembra un appuntamento.
NPC_ELDORIAN_PLAYER_ac619f9e-ee1b-4605-8ce2-3d3211c79a17_BASE,Sono ordini di Alaric?
NPC_ELDORIAN_PLAYER_acce8184-6fc7-4c17-bd02-68235f997144_HEROIC,"Vai, e porta con te questa lezione."
NPC_ELDORIAN_PLAYER_acce8184-6fc7-4c17-bd02-68235f997144_JOKER,"Vai, e cerca di non inciampare due volte negli stessi errori."
NPC_ELDORIAN_PLAYER_acce8184-6fc7-4c17-bd02-68235f997144_SCHOLAR,"Vai, e analizza bene i tuoi errori. Meritano attenzione."
NPC_ELDORIAN_PLAYER_acce8184-6fc7-4c17-bd02-68235f997144_STOIC,Va' e rifletti sui tuoi errori.
NPC_ELDORIAN_PLAYER_af950dea-bc5a-4a84-ab67-aedfb1b1b0ca_BASE,Sembra che Alaric ti faccia spesso da mentore.
NPC_ELDORIAN_PLAYER_afbd31fd-38e1-403a-b9b2-09b8ae7ef5e5_BASE,"""Cosa pensi di Alaric?"""
NPC_ELDORIAN_PLAYER_b197157e-d862-4150-8505-ae7ee2fa71d6_HEROIC,Non pensarci. Siamo soldati. Mi rifiuto di veder cadere un combattente.
NPC_ELDORIAN_PLAYER_b197157e-d862-4150-8505-ae7ee2fa71d6_JOKER,Figurati. Siamo soldati. Preferirei non doverne seppellire uno.
NPC_ELDORIAN_PLAYER_b197157e-d862-4150-8505-ae7ee2fa71d6_SCHOLAR,Non pensarci. I soldati tengono in vita altri soldati. La regola è tutta qui.
NPC_ELDORIAN_PLAYER_b197157e-d862-4150-8505-ae7ee2fa71d6_STOIC,Non pensarci. Siamo soldati. Non voglio perdere un combattente.
NPC_ELDORIAN_PLAYER_b403a343-982a-4153-971d-7e8376cecfc4_BASE,Anche le mie provviste scarseggiano. Ti è rimasto qualcosa che puoi darmi?
NPC_ELDORIAN_PLAYER_b4d3e317-ec10-4346-a416-05994814359e_BASE,"""Ehi, su col morale, Elfo. Non abbiamo tempo per dubitare di noi stessi."""
NPC_ELDORIAN_PLAYER_b93a4d9e-ea47-4e01-b5df-f42977db7bc1_HEROIC,Cosa ti turba? Forse posso offrirti aiuto.
NPC_ELDORIAN_PLAYER_b93a4d9e-ea47-4e01-b5df-f42977db7bc1_JOKER,Qual è il guaio stavolta? Magari posso darti una mano.
NPC_ELDORIAN_PLAYER_b93a4d9e-ea47-4e01-b5df-f42977db7bc1_SCHOLAR,"Descrivi il problema. Se è risolvibile, potrei risolverlo."
NPC_ELDORIAN_PLAYER_b93a4d9e-ea47-4e01-b5df-f42977db7bc1_STOIC,Qual è il problema? Forse posso aiutare.
NPC_ELDORIAN_PLAYER_ba76ea75-18ca-4815-b50c-053452028713_HEROIC,Non darti pena. Simili cose hanno poco significato per me.
NPC_ELDORIAN_PLAYER_ba76ea75-18ca-4815-b50c-053452028713_JOKER,Non preoccuparti. Il significato tende a passarmi accanto senza fermarsi.
NPC_ELDORIAN_PLAYER_ba76ea75-18ca-4815-b50c-053452028713_SCHOLAR,"Non darti pena. Il significato richiede un legame, e io qui non ne ho."
NPC_ELDORIAN_PLAYER_ba76ea75-18ca-4815-b50c-053452028713_STOIC,Non preoccuparti. Per me non avrebbe significato.
NPC_ELDORIAN_PLAYER_c22e994c-4a32-42fb-b23b-72726f47fa73_HEROIC,Dubito che sia una scelta saggia.
NPC_ELDORIAN_PLAYER_c22e994c-4a32-42fb-b23b-72726f47fa73_JOKER,Mi sembra un guaio che aspetta solo di succedere.
NPC_ELDORIAN_PLAYER_c22e994c-4a32-42fb-b23b-72726f47fa73_SCHOLAR,Dubito che sia consigliabile.
NPC_ELDORIAN_PLAYER_c22e994c-4a32-42fb-b23b-72726f47fa73_STOIC,Non so se sia una buona idea.
NPC_ELDORIAN_PLAYER_c308d076-32a4-43eb-ad0a-ded31caff4d3_HEROIC,"Con un cuore bello come il tuo, Eldorian, restituire alla tua casa l'antico splendore è una causa degna di essere perseguita."
NPC_ELDORIAN_PLAYER_c308d076-32a4-43eb-ad0a-ded31caff4d3_JOKER,"Be', Eldorian, con un cuore bello come il tuo, persino la tua casa potrebbe arrossire quando ritroverà il suo splendore."
NPC_ELDORIAN_PLAYER_c308d076-32a4-43eb-ad0a-ded31caff4d3_SCHOLAR,"Eldorian, la bellezza del tuo cuore ispira un sincero desiderio di vedere la tua casa restituita all'antico splendore."
NPC_ELDORIAN_PLAYER_c308d076-32a4-43eb-ad0a-ded31caff4d3_STOIC,"Il tuo bel cuore, Eldorian, merita di vedere la tua casa di nuovo integra."
NPC_ELDORIAN_PLAYER_c458e9ee-e069-48f3-9da7-ddc5d47fc4a2_BASE,Alaric almeno lo sa?
NPC_ELDORIAN_PLAYER_cd286897-0dba-4413-990d-f79c599ba3f9_BASE,Cosa intende Alaric con questo?
NPC_ELDORIAN_PLAYER_cd63b208-5f07-40c0-88e9-be13a9c42db5_HEROIC,Un altro appuntamento. Accolgo volentieri l'occasione.
NPC_ELDORIAN_PLAYER_cd63b208-5f07-40c0-88e9-be13a9c42db5_JOKER,Un altro appuntamento. Sai che non so resistere.
NPC_ELDORIAN_PLAYER_cd63b208-5f07-40c0-88e9-be13a9c42db5_SCHOLAR,Un altro appuntamento. La cosa mi interessa senz'altro.
NPC_ELDORIAN_PLAYER_cd63b208-5f07-40c0-88e9-be13a9c42db5_STOIC,Un altro appuntamento. Contaci.
NPC_ELDORIAN_PLAYER_cdf79bb0-0d91-4d1a-9a93-50dbf3c5f9c2_BASE,"""Come stai?"""
NPC_ELDORIAN_PLAYER_d18de2c2-590e-4720-bbaa-4678747e5140_HEROIC,Quali principi governano la foresta?
NPC_ELDORIAN_PLAYER_d18de2c2-590e-4720-bbaa-4678747e5140_JOKER,"Allora, quali regole tengono in riga la foresta?"
NPC_ELDORIAN_PLAYER_d18de2c2-590e-4720-bbaa-4678747e5140_SCHOLAR,Quali leggi definiscono l'ordine della foresta?
NPC_ELDORIAN_PLAYER_d18de2c2-590e-4720-bbaa-4678747e5140_STOIC,Quali sono le leggi della foresta?
NPC_ELDORIAN_PLAYER_d1e7f983-64c5-4b38-803d-1f2b3c8e7a67_HEROIC,Al Villaggio di Earlwood attendono il tuo ritorno.
NPC_ELDORIAN_PLAYER_d1e7f983-64c5-4b38-803d-1f2b3c8e7a67_JOKER,Al Villaggio di Earlwood ti tengono il posto in caldo.
NPC_ELDORIAN_PLAYER_d1e7f983-64c5-4b38-803d-1f2b3c8e7a67_SCHOLAR,Ti attendono al Villaggio di Earlwood. Non li farei aspettare a lungo.
NPC_ELDORIAN_PLAYER_d1e7f983-64c5-4b38-803d-1f2b3c8e7a67_STOIC,Ti aspettano al Villaggio di Earlwood.
NPC_ELDORIAN_PLAYER_d4c686dc-ed04-47fe-aebd-4a1f09ca7db8_HEROIC,Riporre fiducia in chiunque detenga tanto potere è un grave errore.
NPC_ELDORIAN_PLAYER_d4c686dc-ed04-47fe-aebd-4a1f09ca7db8_JOKER,"Affidare tanto potere a qualcuno. Audace, se ti piacciono le delusioni."
NPC_ELDORIAN_PLAYER_d4c686dc-ed04-47fe-aebd-4a1f09ca7db8_SCHOLAR,Fiducia sommata a tanto potere: una pessima equazione. Dovresti saperlo.
NPC_ELDORIAN_PLAYER_d4c686dc-ed04-47fe-aebd-4a1f09ca7db8_STOIC,Fidarsi di chi ha tanto potere è sciocco.
NPC_ELDORIAN_PLAYER_db4f42ee-f7bc-429b-b838-6b5a0b4308c5_HEROIC,Certamente. Puoi contare sul mio aiuto. Questa volta procediamo con cautela.
NPC_ELDORIAN_PLAYER_db4f42ee-f7bc-429b-b838-6b5a0b4308c5_JOKER,"Certo. Una mano la do volentieri, di nuovo. Magari stavolta ci emozioniamo un po' meno."
NPC_ELDORIAN_PLAYER_db4f42ee-f7bc-429b-b838-6b5a0b4308c5_SCHOLAR,Certamente. Ma questa volta pianifichiamo prima di lanciarci.
NPC_ELDORIAN_PLAYER_db4f42ee-f7bc-429b-b838-6b5a0b4308c5_STOIC,Certo. Aiuto volentieri. Stavolta facciamo attenzione.
NPC_ELDORIAN_PLAYER_dd797233-fc3e-4efc-8b6f-dc3c494c967d_HEROIC,So che sarà una meraviglia.
NPC_ELDORIAN_PLAYER_dd797233-fc3e-4efc-8b6f-dc3c494c967d_JOKER,"La bellezza trova sempre il modo di farsi viva, prima o poi."
NPC_ELDORIAN_PLAYER_dd797233-fc3e-4efc-8b6f-dc3c494c967d_SCHOLAR,"Sarà bello, senza dubbio. La crescita di solito lo è."
NPC_ELDORIAN_PLAYER_dd797233-fc3e-4efc-8b6f-dc3c494c967d_STOIC,Sarà bellissimo.
NPC_ELDORIAN_PLAYER_dfggbbnn-e781-4bf8-88a7-a3fbc368dbe0_HEROIC,Sembra che un pensiero ti pesi. È così?
NPC_ELDORIAN_PLAYER_dfggbbnn-e781-4bf8-88a7-a3fbc368dbe0_JOKER,"Sembra che tu stia facendo a pugni con un pensiero, lassù?"
NPC_ELDORIAN_PLAYER_dfggbbnn-e781-4bf8-88a7-a3fbc368dbe0_SCHOLAR,Sembra che un pensiero occupi la tua mente?
NPC_ELDORIAN_PLAYER_dfggbbnn-e781-4bf8-88a7-a3fbc368dbe0_STOIC,Hai qualcosa per la testa?
NPC_ELDORIAN_PLAYER_e029f496-e4e2-439e-8789-7899fbad9c03_HEROIC,Tanto dolore. Per quale ragione vuoi mostrarmelo?
NPC_ELDORIAN_PLAYER_e029f496-e4e2-439e-8789-7899fbad9c03_JOKER,Tanto dolore. Era proprio questo che volevi mostrarmi?
NPC_ELDORIAN_PLAYER_e029f496-e4e2-439e-8789-7899fbad9c03_SCHOLAR,Tanto dolore. Perché mostrarlo proprio a me?
NPC_ELDORIAN_PLAYER_e029f496-e4e2-439e-8789-7899fbad9c03_STOIC,Tanto dolore. Perché volevi farmelo vedere?
NPC_ELDORIAN_PLAYER_e18bc5e1-0a85-46f9-b6f9-b3ed00c9619f_HEROIC,"Forse ci sarà un'altra occasione, un'altra volta."
NPC_ELDORIAN_PLAYER_e18bc5e1-0a85-46f9-b6f9-b3ed00c9619f_JOKER,"Magari un'altra volta, se il destino non ha altri programmi."
NPC_ELDORIAN_PLAYER_e18bc5e1-0a85-46f9-b6f9-b3ed00c9619f_SCHOLAR,Forse un altro momento sarebbe più adatto.
NPC_ELDORIAN_PLAYER_e18bc5e1-0a85-46f9-b6f9-b3ed00c9619f_STOIC,Magari un'altra volta.
NPC_ELDORIAN_PLAYER_e5f208c1-b39b-4cb3-b87b-46d5ce47b289_BASE,"""Prescelto della foresta? Cosa significa"""
NPC_ELDORIAN_PLAYER_e8b05cb3-c9d9-41ec-b576-2c37f7b617a2_HEROIC,Puoi contare su di me per occuparmi del lupo.
NPC_ELDORIAN_PLAYER_e8b05cb3-c9d9-41ec-b576-2c37f7b617a2_JOKER,Il lupo ha scelto la strada sbagliata. Ci penso io.
NPC_ELDORIAN_PLAYER_e8b05cb3-c9d9-41ec-b576-2c37f7b617a2_SCHOLAR,Il lupo è un problema risolvibile. Consideralo di mia competenza.
NPC_ELDORIAN_PLAYER_e8b05cb3-c9d9-41ec-b576-2c37f7b617a2_STOIC,Posso occuparmi del lupo per te.
NPC_ELDORIAN_PLAYER_ebb35e2d-6774-419d-82c6-1063e7f08d28_HEROIC,"L'avventatezza accorcerà soltanto il tuo cammino, e il futuro che speri ti sfuggirà."
NPC_ELDORIAN_PLAYER_ebb35e2d-6774-419d-82c6-1063e7f08d28_JOKER,Continua a buttarti così e il tuo futuro sarà solo una voce di corridoio.
NPC_ELDORIAN_PLAYER_ebb35e2d-6774-419d-82c6-1063e7f08d28_SCHOLAR,L'avventatezza accorcia il futuro. Il tuo merita che si facciano due conti.
NPC_ELDORIAN_PLAYER_ebb35e2d-6774-419d-82c6-1063e7f08d28_STOIC,Continua ad agire senza cautela e non vedrai il tuo futuro.
NPC_ELDORIAN_PLAYER_f0918831-4846-40f6-a5e7-dc95b9445dad_HEROIC,Cosa puoi dirmi del Re della Foresta di Wildwood?
NPC_ELDORIAN_PLAYER_f0918831-4846-40f6-a5e7-dc95b9445dad_JOKER,Qual è la storia del Re della Foresta di Wildwood?
NPC_ELDORIAN_PLAYER_f0918831-4846-40f6-a5e7-dc95b9445dad_SCHOLAR,Cosa si conosce del Re della Foresta di Wildwood?
NPC_ELDORIAN_PLAYER_f0918831-4846-40f6-a5e7-dc95b9445dad_STOIC,E il Re della Foresta di Wildwood?
NPC_ELDORIAN_PLAYER_f1ef37fb-ab7d-4726-8f81-699a59428ae0_HEROIC,"Resta fermo, Eldorian. Approfittane per recuperare le forze."
NPC_ELDORIAN_PLAYER_f1ef37fb-ab7d-4726-8f81-699a59428ae0_JOKER,"Resta fermo, Eldorian. Anche gli eroi meritano una pausa, ogni tanto."
NPC_ELDORIAN_PLAYER_f1ef37fb-ab7d-4726-8f81-699a59428ae0_SCHOLAR,"Resta fermo, Eldorian. La guarigione richiede immobilità prima di tutto."
NPC_ELDORIAN_PLAYER_f1ef37fb-ab7d-4726-8f81-699a59428ae0_STOIC,"Resta fermo, Eldorian. Riposa un momento."
NPC_ELDORIAN_PLAYER_f40e4aac-c4fc-4cbc-8bcb-25df58e1717f_BASE,Come vanno le ferite?
NPC_ELDORIAN_PLAYER_f5dfa984-6664-4b82-af8c-61bc90b36b9b_HEROIC,"Conoscerli così a lungo, e vederli crescere. È qualcosa di prezioso."
NPC_ELDORIAN_PLAYER_f5dfa984-6664-4b82-af8c-61bc90b36b9b_JOKER,Hai visto crescere un'intera famiglia. E poi dicono che gli Elfi sono pazienti.
NPC_ELDORIAN_PLAYER_f5dfa984-6664-4b82-af8c-61bc90b36b9b_SCHOLAR,Li hai conosciuti dall'infanzia all'età adulta. Pochi assistono all'intero arco.
NPC_ELDORIAN_PLAYER_f5dfa984-6664-4b82-af8c-61bc90b36b9b_STOIC,Li conosci da molto e li hai visti crescere.
NPC_ELDORIAN_PLAYER_f66d8542-00dc-4225-a0d0-754fea3f9479_HEROIC,Sprechi le tue energie come sempre. Mostrami il disastro e lo sistemerò.
NPC_ELDORIAN_PLAYER_f66d8542-00dc-4225-a0d0-754fea3f9479_JOKER,"Bruci di nuovo tutte le energie. Indicami il pasticcio, ci penso io."
NPC_ELDORIAN_PLAYER_f66d8542-00dc-4225-a0d0-754fea3f9479_SCHOLAR,Di nuovo imprudente con le tue energie. Indicami il luogo e rimedierò al danno.
NPC_ELDORIAN_PLAYER_f66d8542-00dc-4225-a0d0-754fea3f9479_STOIC,"Come sempre sprechi le tue energie. Dimmi dove, e ripulirò il tuo pasticcio."
NPC_ELDORIAN_PLAYER_f6faed0e-5c05-4ee7-be06-27b6f1523495_HEROIC,Nessun problema. Ogni passo era sicuro e qui nulla rappresenta una minaccia.
NPC_ELDORIAN_PLAYER_f6faed0e-5c05-4ee7-be06-27b6f1523495_JOKER,"Nessun problema. A meno di contare la brezza, qui non c'è nulla di pericoloso."
NPC_ELDORIAN_PLAYER_f6faed0e-5c05-4ee7-be06-27b6f1523495_SCHOLAR,Nessuno. Non ho trovato nulla che meritasse il nome di minaccia.
NPC_ELDORIAN_PLAYER_f6faed0e-5c05-4ee7-be06-27b6f1523495_STOIC,Nessun problema. Qui nulla è una minaccia.
NPC_ELDORIAN_PLAYER_fab975fc-864e-46e7-8e87-20bdd06694af_HEROIC,"Un altro devoto di Alaric, come te."
NPC_ELDORIAN_PLAYER_fab975fc-864e-46e7-8e87-20bdd06694af_JOKER,"Un altro fanatico di Alaric, allora. Attorno a te si moltiplicano."
NPC_ELDORIAN_PLAYER_fab975fc-864e-46e7-8e87-20bdd06694af_SCHOLAR,"Sembra un altro fanatico di Alaric, molto simile a te."
NPC_ELDORIAN_PLAYER_fab975fc-864e-46e7-8e87-20bdd06694af_STOIC,Un altro fanatico di Alaric. Proprio come te.
NPC_ELDORIAN_PLAYER_fb566ad1-f206-4191-b0c3-60be75efdb46_HEROIC,Lo credo anch'io. Sarebbe qualcosa che vale la pena vedere.
NPC_ELDORIAN_PLAYER_fb566ad1-f206-4191-b0c3-60be75efdb46_JOKER,Per una volta la speranza è dalla nostra parte. Mi piacerebbe.
NPC_ELDORIAN_PLAYER_fb566ad1-f206-4191-b0c3-60be75efdb46_SCHOLAR,Condivido questa speranza. Sarebbe un esito gradito.
NPC_ELDORIAN_PLAYER_fb566ad1-f206-4191-b0c3-60be75efdb46_STOIC,Lo spero anch'io. Mi piacerebbe.
NPC_ELDORIAN_PLAYER_ff2e6a32-3e19-4e64-9436-7fb3cf5bf137_HEROIC,"Questa strada è avventata. Se insisti, prosegui da solo."
NPC_ELDORIAN_PLAYER_ff2e6a32-3e19-4e64-9436-7fb3cf5bf137_JOKER,Piano audace. Allora puoi marciare da solo.
NPC_ELDORIAN_PLAYER_ff2e6a32-3e19-4e64-9436-7fb3cf5bf137_SCHOLAR,"Una simile fretta fallisce più spesso di quanto riesca. Va' da solo, dunque."
NPC_ELDORIAN_PLAYER_ff2e6a32-3e19-4e64-9436-7fb3cf5bf137_STOIC,È una decisione avventata. Puoi andare per conto tuo.
NPC_ELDORIAN_RESPONSE_0358bce4-294e-4315-aea0-730adf24f094,"""È un modo di vederla.""\n\n""Comunque, ti sono grato.""\n\n""Vieni. È ora di tornare alla Sede della Gilda."""
NPC_ELDORIAN_RESPONSE_06dc3530-9224-4ae8-b345-d8af3af7bc33,"""Sopravvivrò. Le pozioni rimarginano in fretta i tagli profondi, e ne ho portate parecchie."""
NPC_ELDORIAN_RESPONSE_0d89bbfd-400b-41ef-b614-284e2d95a395,"""Mi fa piacere che la pensi così.""\n\n\n\n*Eldorian si siede lentamente a terra e ti fa cenno di raggiungerlo. Osserva l'eco scintillante per qualche respiro, poi parla a voce più bassa.*\n\n""Nessun altro può evocarla. Nessun altro può nemmeno vederla, se non sono io a mostrargliela.""\n\n""Nasce da qualcosa di particolare. Il mio legame con questo posto. La mia natura elfica. I miei ricordi di ciò che questa terra era, e la mia speranza di ciò che potrebbe tornare a essere.""\n\n""Forse è la verità più profonda sulla magia. È legata all'identità, nella forma e nell'esperienza.""\n\n""Ciò che sei plasma il suo aspetto. Ciò che hai vissuto plasma ciò che può racchiudere.""\n\n""Ecco perché lo stesso incantesimo può significare qualcosa di completamente diverso nelle mani di un'altra persona.""\n\n*Ti lancia un'occhiata e sorride, un po' timido.*\n\n""Volevo portarti qui, dopo la nostra ultima chiacchierata.""\n\n""Volevo che vedessi ciò che vedo io quando dico che vale la pena salvare questa terra.""\n\n""Mi aiuta a ritrovare l'equilibrio. E mi fa venire voglia di migliorare."""
NPC_ELDORIAN_RESPONSE_105da1ff-43ab-41c3-9346-1ba9a1c7fd45,"""Come sempre."" *una lieve smorfia di dolore* ""Un volto severo, parole ancora più severe."""
NPC_ELDORIAN_RESPONSE_13ab9fb6-3014-476a-b38e-89520ab68827,"""Oh, giusto, l'accesso alla foresta! Scusa, mi sono lasciato trasportare un momento.""\n\n\n\n*Eldorian si raddrizza, cercando di darsi un contegno mentre indica il limitare degli alberi.*\n\n""Dunque. Quando l'accesso si aprirà, tutti cominceranno ad avanzare. Ho ripulito quasi tutti i punti da cui si potrebbero tendere imboscate alla Gilda. Ne restano alcuni dove non ho finito il lavoro. Ho poche provviste e Alaric mi farebbe la pelle se andassi oltre. Se potessi occuparti di questi ultimi posti, sarebbe un grande aiuto."""
NPC_ELDORIAN_RESPONSE_1482a376-9d8f-47dc-9c14-b29beccad4d9,"""Lo è davvero! Un giorno sarò grande come lui, un eroe alla guida del mio popolo.""\n\n""Ti serviva altro?"""
NPC_ELDORIAN_RESPONSE_160cb85c-df02-43e0-9b2a-e229e988bc35,"*sbatte le palpebre* ""Rinchiudermi? No. Rahaner e Alaric non lo farebbero. Questo lavoro è diverso dalle mie solite ricognizioni.""\n\n\n\n*deglutisce*\n\n""Rahaner mi ha assegnato un giro del perimetro. Campi e margine del bosco, poi le vecchie postazioni degli esploratori. Devo rifare i segnali. È un compito da recluta. Capisco perché oggi tocchi a me."""
NPC_ELDORIAN_RESPONSE_17bb5d6f-54e0-4094-90fd-43b91d4dc05f,"""Oh! Devo aver perso di nuovo la cognizione del tempo. Ma prima c'è una cosa di cui devo occuparmi. Non posso tornare finché non l'ho sistemata!"""
NPC_ELDORIAN_RESPONSE_1a184f5a-79d9-4e49-a2da-76e059055486,"""Anche tu. Che Ceres guidi la tua lama, là fuori."""
NPC_ELDORIAN_RESPONSE_1c7e9060-3b62-4af7-8f3d-551c1719f033,"""Io ascolto. È solo che… a volte non ci riesco.""\n\n\n\n*Prova a reggersi in piedi, poi annuisce fra sé.*\n\n""Be'… ora c'è più calma. E sto guarendo in fretta."" ""Tornerò indietro. E… dovrei fare rapporto ad Alaric."""
NPC_ELDORIAN_RESPONSE_1e7399f6-4d92-4ec9-953c-c9519310b3a0,"*Eldorian sorride appena.*\n\n""Sì. Avevo il sospetto che avresti detto così. Avvicinati. C'è altro da vedere.""\n\n\n\n*Eldorian va sul bordo del rialzo e scruta il panorama sotto la luna. Dopo un momento alza una mano e ti fa cenno di avvicinarti.*\n\n""Ora lo vedi?""\n\n*I campi si stendono davanti a te, tutti in rovina, con sagome di Goblin che corrono lungo l'orizzonte.*"
NPC_ELDORIAN_RESPONSE_21c3488c-3127-4bd6-a167-3137adb3eaf5,"""Arrivederci. Non correre rischi, là fuori."""
NPC_ELDORIAN_RESPONSE_24fd2e2f-00db-4e09-b6bc-498ec0116c4e,"""Benissimo! Il villaggio è un po' nei guai, ma ci prendiamo cura l'uno dell'altro. E che occasione per dimostrare quanto valgo! Ogni eroe ha bisogno di una crisi che lo metta alla prova."""
NPC_ELDORIAN_RESPONSE_276170ff-18d3-4f12-a9ff-253f32f3bd8d,"""Oh. Va bene. Un'altra notte, allora.""\n\n\n\n""È questo il posto.""\n\n""Volevo portarti qui come si deve.""\n\n""L'altra volta ci siamo passati accanto. È il mio posto preferito in tutta la campagna."""
NPC_ELDORIAN_RESPONSE_27a5d857-eefc-41ec-9408-8759e703cd15,"""Sarà così. Sì. Hai già fatto tanto perché diventi vero.""\n\n\n\n""Un giorno… spero che tu possa vedere questi campi com'erano. Spero di essere io a mostrarteli."""
NPC_ELDORIAN_RESPONSE_286a4e34-2a80-44b6-b293-d38372e28ed0,"""Di solito mi spingo più a fondo nella foresta. Tracce, vento, foglie spezzate. Devo vedere i guai prima che loro vedano noi."""
NPC_ELDORIAN_RESPONSE_2b66d9f4-5a45-4392-bbc8-6a7d6b9b1650,"""È tutto vero, lo giuro!""\n\n""Spero di essere anch'io un eroe, un giorno, qualcuno a cui il mio popolo possa guardare.""\n\n""Ti serviva altro?"""
NPC_ELDORIAN_RESPONSE_2bf03ac7-dcd4-445b-ab87-c5c57df144e6,"""Sto bene, grazie a te. Una pozione al volo e sarò di nuovo in piedi.""\n\n\n\n*Si alza appoggiandosi all'albero, raddrizzandosi lentamente mentre recupera le forze.*\n\n""Un altro minuto e sarei stato cibo per lupi. Quindi… grazie."" *espira, cercando stabilità* ""Alaric mi dice sempre che sono avventato. Che sono… incredibilmente imprevidente, per un Elfo. Forse stavolta ha ragione."""
NPC_ELDORIAN_RESPONSE_2d830dce-f101-4fd3-a4b7-a96425bae7e0,"""Mi lasceresti fare da solo. Io… va bene. Allora vado. Ci vediamo in giro."""
NPC_ELDORIAN_RESPONSE_2f65733d-db5e-45d5-acd5-af3dd1d2b96f,"""Sì. È proprio così.""\n\n""La sua volontà è feroce. Quasi da far paura.""\n\n""Forse è l'unica volontà che ho visto avvicinarsi a quella di Alaric, ma è nata da un fuoco molto diverso.""\n\n\n\n""Ricordo la sua prima vera missione. Ero il suo compagno.""\n\n""Doveva essere un semplice percorso di ricognizione. Solo noi due. Non rimase semplice a lungo.""\n\n""Ci imbattemmo in una piccola banda di Goblin. Cercai di guidarlo fra gli alberi per evitarli.""\n\n""Corin corse dritto verso di loro.""\n\n""Si portava dentro tutta quella rabbia per ciò che avevano fatto alla sua famiglia. Quando li vide, non contò più nient'altro.""\n\n""Mi voltai per aiutarlo, ma prima che potessi raggiungerlo era già in mezzo a loro.""\n\n""Un lampo d'acciaio. Una figura di morte vorticante.""\n\n""In pochi istanti i Goblin più piccoli erano a terra. Restava solo un bruto più grosso, più grande dei Picchiatori che vediamo qui adesso.""\n\n""Quando sferrò un colpo, Corin gli corse su per le braccia, aprendogli squarci a ogni passo, e gli staccò la testa di netto.""\n\n""Il sangue gli si lavò via di dosso abbastanza facilmente.""\n\n""Ma non dagli occhi.""\n\n""Mi ci volle tempo per capire che il sangue nei suoi occhi era lì da molto prima di quel giorno."""
NPC_ELDORIAN_RESPONSE_39662601-b183-4d2e-b70f-045ccd0715f3,"""Lo farò. Ci rifletterò, e cambierò. Lo giuro."""
NPC_ELDORIAN_RESPONSE_3a7f36d6-c1a7-42e4-a296-a84f19a84a7b,"""Sì. Stavolta sarà diverso. Te lo prometto.""\n\n\n\n""Questi sono... ehm, gli ordini di Rahaner. Parte della mia punizione per essermene andato da solo l'altra volta, senza dirlo a nessuno."""
NPC_ELDORIAN_RESPONSE_3af4fa26-b700-46ba-846d-5ba8724ce7e9,"""Lo sarà. Sogno di rivederlo integro.""\n\n\n\n""Se non c'è altro, puoi tornare al villaggio. Credo che resterò qui ancora un po'. Solo… un momento di quiete per me."""
NPC_ELDORIAN_RESPONSE_3b80a936-03ad-4be4-9a1c-039cd3f82fcc,"""Be'… ora che me lo dici, sì. Speravo che venissi con me per un'altra guardia notturna. Mi farebbe comodo un po' di compagnia."""
NPC_ELDORIAN_RESPONSE_3cda8fe3-360f-43f1-87eb-9bcdb936c6a9,"""Te li segno sulla mappa! Ecco, questi cerchi. Occhio ai crinali. Gli piace appostarsi lì.""\n\n\n\n*Eldorian solleva lo zaino con una piccola smorfia di dolore e sistema le cinghie, preparandosi a partire.*\n\n""Dovrei andare. Mi piacerebbe restare a guardarti combattere, ma queste ultime scaramucce mi hanno sfinito e ho preso qualche colpo di troppo. Alaric continua a dirmi di essere più prudente e aspettare il momento giusto. Per una volta sto cercando di ascoltarlo. Ti serve altro prima che torni indietro?"""
NPC_ELDORIAN_RESPONSE_3f4bc19f-9224-462d-9749-cf59794c2d1b,"""Non preoccuparti, amico. Sono pur sempre un Elfo. Un passo fra gli alberi e nessuno mi vedrà né mi sentirà. Ci vediamo presto. Spero."""
NPC_ELDORIAN_RESPONSE_3fff7b22-d766-4414-9c3d-84bd4e6955a4,"""Anch'io provo lo stesso.""\n\n""Non voglio perdere nemmeno io te, né l'occasione di conoscerti meglio.""\n\n""Starò più attento.""\n\n""Vieni. È ora di tornare alla Sede della Gilda."""
NPC_ELDORIAN_RESPONSE_43533727-3c8e-4ae3-88b2-a4a5bad00c8c,"""Io… forse hai ragione."" *distoglie lo sguardo* ""Basta buttarmi a capofitto. Lo giuro.""\n\n\n\n*Eldorian prende fiato e imita una cadenza più ferma.*\n\n""Lo dice sempre allo stesso modo."" ""Il pensiero prima dell'azione. L'intuito è pensiero addestrato a diventare istinto. Informazioni. Valutazione. Decisione. Poi azione rapida. È questo… l'ordine."""
NPC_ELDORIAN_RESPONSE_43e1cbe2-cf3c-4e89-8590-f02d80c6e0fd,"*Il dubbio prende il sopravvento sul volto di Eldorian; i suoi occhi, scintillanti di magia temporale, tornano a fissare il terreno.*\n\n""Io… voglio crederci. Davvero. Ma non ne sono certo."""
NPC_ELDORIAN_RESPONSE_44f7ebfd-ddb2-4344-8d00-e9d5012e12f1,"""No. Non ancora. Mi dice di pensare con la mia testa. E quando torneremo con le prove… resterà colpito."""
NPC_ELDORIAN_RESPONSE_453f8eef-6015-44c1-a639-6b91a3188df3,"""Oh, li conosco da parecchio tempo.""\n\n\n\n""Li incontrai quando arrivai a Earlwood. Cinquant'anni fa, forse.""\n\n""Il signor Haylor era solo un bambino, allora. Non aveva più di dieci anni.""\n\n""Gli insegnai a usare l'arco, a cacciare un po', a muoversi nella foresta senza annunciare ogni passo.""\n\n""Il vecchio Haylor detestava quelle uscite.""\n\n""Il ragazzo le adorava.""\n\n""Poi crebbe, ebbe dei figli suoi, e in qualche modo c'ero ancora anch'io.""\n\n""Alcuni abitanti ce l'hanno con la famiglia per la sua ricchezza. Ma non sono come il sindaco. Pratici, sì. A volte duri. Ma di buon cuore."""
NPC_ELDORIAN_RESPONSE_463c99cd-4323-4c74-b6d3-8be4a8dd0e33,"""Sì. E no."" *un sorriso piccolo, a disagio* ""Io chiedo. Lui risponde quando può. Spesso si limita a… guardarmi, e io dovrei capire."""
NPC_ELDORIAN_RESPONSE_4664d339-556f-4035-9fbe-b84ee25b22af,"""Non serve fingere di aver rischiato la vita. Ho visto come combatti. Non sono mai stati un pericolo per te.""\n\n\n\n*Il suo sguardo vaga sui campi.*\n\n""Mi fa male al cuore vedere i campi sfregiati e bruciati.""\n\n""Be'. Il compito è finito. Era da tanto che non riuscivo a fermarmi a guardare davvero questi campi. Un tempo erano belli, e lo era anche la gente che li lavorava."""
NPC_ELDORIAN_RESPONSE_47f0ae3c-a1d1-4747-ad64-52c3a3a40bb3,"""Ah, non preoccuparti.""\n\n""È già guarita abbastanza.""\n\n""Presto tornerò a combattere.""\n\n\n\n""Lo devo a te.""\n\n""Senza di te, quel giorno avrebbe potuto essere l'ultimo."""
NPC_ELDORIAN_RESPONSE_48e1523a-cba9-41fb-b48f-e65834e21d05,"""L'ho addestrato un po', quando Alaric e Rahaner avevano altri doveri.""\n\n\n\n""Corin è un combattente straordinario. Sarà anche giovane, ma c'è vera grandezza in lui.""\n\n""Se continua su questa strada, un giorno potrebbe essere all'altezza di Alaric.""\n\n""Quando era ancora un ragazzo e gli facevo fare le esercitazioni, la sua velocità era sorprendente. Anche il gioco di gambe. Umani o Elfi, ne avevo visti ben pochi muoversi così."""
NPC_ELDORIAN_RESPONSE_4b9b243c-f217-4426-9603-5d431b7c7d12,"*Eldorian abbassa gli occhi, come se qualcosa gli avesse ricordato ciò che avrebbe voluto dimenticare.*\n\n""Ah… la tavoletta di pietra. Sì, è… difficile per noi parlarne.""\n\n""Racconta della Veylenth Vordae, l'Era dell'Atrocità Elfica.""\n\n""Il nostro stesso imperatore, i nostri re… si rivoltarono contro il nostro popolo. Nove su dieci perirono."""
NPC_ELDORIAN_RESPONSE_4be1229f-277e-48f7-b6f3-571569f8561e,"""Mi rattrista sentirlo. Cos'è la vita, se non sappiamo imparare a vederne la bellezza?""\n\n\n\n""Se non c'è altro, puoi tornare al villaggio. Credo che resterò qui ancora un po'. Solo… un momento di quiete per me."""
NPC_ELDORIAN_RESPONSE_4e8a6b74-5c5e-4cd1-a128-85e7393c792f,"""Sai che noi Elfi possiamo vedere nel futuro… anche se ora soltanto pochi istanti più avanti.""\n\n""Molto tempo fa, i più forti fra noi vedevano molto più lontano: anni, secoli, persino millenni.""\n\n""Scelsero di decimare la nostra stirpe… credendo che avrebbe evitato un disastro più grande.""\n\n""Ancora oggi ci chiediamo: era giusto? Era necessario?""\n\n""Tu cosa credi?"""
NPC_ELDORIAN_RESPONSE_4fa5f7f5-29dd-41ce-be5d-016c8e7fd722,"""Capisco. Farò il mio giro e aspetterò all'ultimo punto. Solo... non correre rischi là fuori."""
NPC_ELDORIAN_RESPONSE_592e4de8-25cd-4f82-a3fc-cec4b10c7c80,"""È il Mulino di Haylor.""\n\n""Appartiene alla famiglia Haylor, e sfama anche buona parte di Earlwood.""\n\n""Prima di tutto questo, il villaggio andava fiero dei suoi raccolti. Commercio, grano, terra buona. È per questo che arrivarono le famiglie fondatrici."""
NPC_ELDORIAN_RESPONSE_5a90c9e5-8aeb-49cc-a736-21c55747be06,"""Ho conosciuto tre generazioni di Haylor.""\n\n""Non mi hanno mai dato motivo di dubitare di loro. Neanche una volta."""
NPC_ELDORIAN_RESPONSE_5e00c9a4-3796-4e63-8034-5cf2c3dd6301,"*Eldorian alza gli occhi verso di te e sul suo volto torna l'esuberanza giovanile.*\n\n""Grazie. Ricorderò le tue parole.""\n\n""E adesso, rimettiamoci al lavoro. Alla prossima!"""
NPC_ELDORIAN_RESPONSE_60a504c9-c212-482e-a548-34d94c062d51,"""No. Non indugiare.""\n\n""Ricordare.""\n\n""C'è differenza.""\n\n\n\n""Un'altra stranezza dell'essere un Elfo…""\n\n""Non sempre sai con certezza se una visione appartiene al passato o al futuro.""\n\n""A volte il peso sta nel decidere quale dei due sia.""\n\n*Mentre parla, il tuo sguardo scivola sulla sua ferita, ancora fasciata e in via di guarigione. Eldorian nota che i tuoi occhi vi si soffermano un momento.*"
NPC_ELDORIAN_RESPONSE_6541ed65-292e-4f1a-8730-ea35f1227e97,"""No. Questa è una mia idea. Ho visto dei segni durante una ricognizione. Sembrava una pista che chiedeva solo di essere seguita."""
NPC_ELDORIAN_RESPONSE_66523a7f-f499-4463-94e8-5e01979f31ab,"""Lo è, vero? È uno degli strani doni dell'essere un Elfo fra gli Umani.""\n\n""Crescono, cambiano, muoiono e lasciano nuova vita dietro di sé.""\n\n""E tu resti quasi uguale."""
NPC_ELDORIAN_RESPONSE_6a11f3a1-648d-4eb0-bc0e-f465825b158a,"""Lo so, lo so.""\n\n""Tu, Alaric, Saqi… dite tutti la stessa cosa.""\n\n""Solo Corin no.""\n\n""Vieni. È ora di tornare alla Sede della Gilda."""
NPC_ELDORIAN_RESPONSE_6f8c0768-cb29-4798-8b88-6b3ffd166943,"""Bene. Vieni, allora. So dove andare.""\n\n\n\n""È questo il posto.""\n\n""Volevo portarti qui come si deve.""\n\n""L'altra volta ci siamo passati accanto. È il mio posto preferito in tutta la campagna."""
NPC_ELDORIAN_RESPONSE_6fdf4e9f-8a4c-45a4-8885-027d914d03a5,"""Non le conosci? Sono incredibili. Nell'ultima Crisi dei Goblin ha salvato il villaggio.""\n\n""Dicono che abbia respinto ondate e ondate di Goblin, tutto solo, senza mai arretrare!""\n\n""Centinaia di Goblin annientati. Ha affrontato il Re Goblin e ha vinto. Dicono che non abbia mangiato né dormito per settimane.""\n\n""Ha salvato il villaggio; ha salvato la foresta. È così che è diventato una leggenda.""\n\n""I Goblin e persino la foresta stessa non lanceranno un assalto in piena forza finché lui resta qui. È anche per questo che non lascia il villaggio."""
NPC_ELDORIAN_RESPONSE_707d1390-d63d-45df-9de1-b94179f2016a,"""È vero. Siamo sentimentali.""\n\n""È perché viviamo così vicini al tempo.""\n\n\n\n*Eldorian si siede lentamente a terra e ti fa cenno di raggiungerlo. Osserva l'eco scintillante per qualche respiro, poi parla a voce più bassa.*\n\n""Nessun altro può evocarla. Nessun altro può nemmeno vederla, se non sono io a mostrargliela.""\n\n""Nasce da qualcosa di particolare. Il mio legame con questo posto. La mia natura elfica. I miei ricordi di ciò che questa terra era, e la mia speranza di ciò che potrebbe tornare a essere.""\n\n""Forse è la verità più profonda sulla magia. È legata all'identità, nella forma e nell'esperienza.""\n\n""Ciò che sei plasma il suo aspetto. Ciò che hai vissuto plasma ciò che può racchiudere.""\n\n""Ecco perché lo stesso incantesimo può significare qualcosa di completamente diverso nelle mani di un'altra persona.""\n\n*Ti lancia un'occhiata e sorride, un po' timido.*\n\n""Volevo portarti qui, dopo la nostra ultima chiacchierata.""\n\n""Volevo che vedessi ciò che vedo io quando dico che vale la pena salvare questa terra.""\n\n""Mi aiuta a ritrovare l'equilibrio. E mi fa venire voglia di migliorare."""
NPC_ELDORIAN_RESPONSE_720b2a3f-e7ba-4689-a45f-905198262292,"""Sì. Disciplina. Passi lenti, occhi attenti. In due si fa prima.""\n\n\n\n*alza gli occhi, più cauto del solito*\n\n""È un lavoro semplice. Rifacciamo i segnali sbiaditi, poi finiamo qui, all'ultimo punto. Senza fretta. Senza sparire. Se ci separiamo, restiamo in vista."""
NPC_ELDORIAN_RESPONSE_72e4df13-1c08-41b5-9eeb-1a8b4f31b18f,"*Ti guarda un momento, poi distoglie lo sguardo.*\n\n""Sì… hai ragione. Non posso soffermarmi su questo.""\n\n""Torniamo al nostro compito."""
NPC_ELDORIAN_RESPONSE_80975854-76a0-4030-a018-d778ad8e7dda,"*Eldorian ti vede e il suo sorriso si allarga; si raddrizza, pieno di energia improvvisa.*\n\n""Ce l'hai fatta a tornare! Ci speravo davvero. Abbiamo sentito tutti l'urlo di morte del Re Goblin da qui. A Saqi è quasi caduto un intero vassoio di boccali. Earlwood ti deve ben più di un giro da bere, sai."""
NPC_ELDORIAN_RESPONSE_810da062-a72b-4d75-a14c-aeb0ff18b850,"""Sì. Alaric si è guadagnato quella fiducia.""\n\n""E anche tu.""\n\n""Devo tenermelo stretto, o finirò per perdermi nelle domande."""
NPC_ELDORIAN_RESPONSE_82bf800a-d34f-4bee-9868-c8aea077266f,"""Ah. Hai di nuovo ragione.""\n\n""Non preoccuparti. Starò più attento.""\n\n""Mi piace pensare di aver imparato quella lezione.""\n\n\n\n""Lo devo a te.""\n\n""Senza di te, quel giorno avrebbe potuto essere l'ultimo."""
NPC_ELDORIAN_RESPONSE_82fcedc7-4ef7-4c4e-b785-4630b6e4dc23,"""Il Prescelto della Foresta deve guidarla nelle sue prove più dure.""\n\n""Ne viene nominato uno a ogni era; per noi Elfi è sacro. Il Prescelto ci guida verso una nuova era.""\n\n""E Alaric è il primo Umano mai scelto.""\n\n""Gli Elfi devono essersi infuriati: un Umano!""\n\n""Ma quando il Cavaliere Verde giunge a cavallo con la volontà di Ceres e lo nomina, nessuno può negarlo."""
NPC_ELDORIAN_RESPONSE_83b813f9-0d8d-43da-b515-c2dfe9d44829,"""Sono sovrani dell'intera foresta. Non di nome. Davvero.""\n\n""Crescita. Movimento. Predazione. Silenzio. Sentieri.""\n\n""Quando un Re della Foresta comanda, il bosco vivo obbedisce. Quindi… aspettati di tutto."""
NPC_ELDORIAN_RESPONSE_8bd31ad0-3980-4ff3-8f9f-ec0ff78964f6,"""Se restiamo sul percorso di ricognizione e lontani dal terreno peggiore, dovremmo essere al sicuro. Li hai combattuti. L'ho visto. I Goblin non sono una minaccia se manteniamo la calma."""
NPC_ELDORIAN_RESPONSE_8d4718ef-1261-4701-baba-3f6fa7bb4168,"""Sono andato in ricognizione alla fonte. I lupi mi sono saltati addosso appena ho messo piede lì. Non ho letto i segnali abbastanza in fretta. Un Elfo, preso in un'imboscata nella sua stessa foresta. Imbarazzante."""
NPC_ELDORIAN_RESPONSE_8f30ae9b-79a5-4877-b164-66845e1ab82e,"""Io… scusa, hai ragione. Ho esagerato di nuovo. Ecco, ti segno i punti. Solo… cerca di tornare senza un graffio, va bene?""\n\n\n\n*Eldorian solleva lo zaino con una piccola smorfia di dolore e sistema le cinghie, preparandosi a partire.*\n\n""Dovrei andare. Mi piacerebbe restare a guardarti combattere, ma queste ultime scaramucce mi hanno sfinito e ho preso qualche colpo di troppo. Alaric continua a dirmi di essere più prudente e aspettare il momento giusto. Per una volta sto cercando di ascoltarlo. Ti serve altro prima che torni indietro?"""
NPC_ELDORIAN_RESPONSE_8fd4ea61-e837-4ae2-82e6-08d4c77a7a25,“Grazie. I Fangra non sono lupi normali; sono più veloci e più intelligenti. E anche più cattivi. Non farti cogliere alla sprovvista.”\n\n“Tornerò al villaggio. Spero che ci rivedremo presto.”
NPC_ELDORIAN_RESPONSE_901751de-a48f-4637-8f80-de41be474949,"""Ah. Forse. Però direi che entrambi lo ammiravamo per una buona ragione.""\n\n\n\n""Corin è un combattente straordinario. Sarà anche giovane, ma c'è vera grandezza in lui.""\n\n""Se continua su questa strada, un giorno potrebbe essere all'altezza di Alaric.""\n\n""Quando era ancora un ragazzo e gli facevo fare le esercitazioni, la sua velocità era sorprendente. Anche il gioco di gambe. Umani o Elfi, ne avevo visti ben pochi muoversi così."""
NPC_ELDORIAN_RESPONSE_9385889f-384c-4f06-a158-9f9c2a3fc059,"*Sul volto di Eldorian si accende l'allegria, con un sorriso da un orecchio all'altro.*\n\n""Allora è vero! Ne parlano tutti. Hai sconfitto quella creatura?""\n\n""È da una vita che nessuno compie un'impresa simile, dai tempi di Alaric.""\n\n""Devi essere un vero eroe. Spero di riuscirci anch'io, un giorno."""
NPC_ELDORIAN_RESPONSE_980aefb6-3067-420e-92c8-3893b3405d33,"""Forse a prima vista. Avvicinati. Guarda ancora.""\n\n\n\n*Eldorian va sul bordo del rialzo e scruta il panorama sotto la luna. Dopo un momento alza una mano e ti fa cenno di avvicinarti.*\n\n""Ora lo vedi?""\n\n*I campi si stendono davanti a te, tutti in rovina, con sagome di Goblin che corrono lungo l'orizzonte.*"
NPC_ELDORIAN_RESPONSE_99c3e210-0e96-4e27-96f7-073fb4f9bc25,"*Eldorian ha l'aria sconvolta di un cervo che ha appena visto una Palla di fuoco arrivargli addosso.*\n\n""Ah… sì, certo. Scusa; ho corso troppo."""
NPC_ELDORIAN_RESPONSE_99ff10d0-146c-4a1b-876a-3e4000381d83,"""Forse.""\n\n""La sopravvivenza non chiede se i nostri cuori siano pronti.""\n\n""Eppure… mi sembra ancora di alzare la mano contro una parte di ciò che mi ha reso quello che sono."""
NPC_ELDORIAN_RESPONSE_9acf7989-87c1-4d2e-887f-c8a6b737f9bc,"""Oh. Sai…"" *una risata fiacca* ""Noi Elfi possiamo vedere nel futuro, un po'. Non abbastanza da salvarmi da questo, immagino… ah. Ah."""
NPC_ELDORIAN_RESPONSE_9b4f7652-003e-4745-b580-c57d6b1df7fa,"“C'è un lupo, un Fangra, che si aggira troppo vicino alla strada. È un rischio per chiunque passi. Di solito non si spingono tanto da questa parte.”\n\n“Dovevo tornare, ma non posso lasciare le cose così. Se te ne occupassi tu, potrei tornare da Alaric.”"
NPC_ELDORIAN_RESPONSE_9c753fad-c97c-462a-a67a-d11190f8ccc7,"""Anche tu, amico. Mi piacerebbe riparlare presto con te."""
NPC_ELDORIAN_RESPONSE_a2269bcb-e52c-4ced-85d2-aa57f85b2bd7,"""Hai sconfitto il Re della Foresta? Davvero? Wow.""\n\n""A casa mia ci insegnano dei Re della Foresta e delle leggi del bosco.""\n\n""Si dice che siano emissari di Ceres: la sua parola e la sua volontà, che prendono forma.""\n\n""Ognuno ha un regno. Ognuno ha la propria forma."""
NPC_ELDORIAN_RESPONSE_a3432062-1eba-4ef7-ab23-3deb072bcfcb,"""Soprattutto spiriti della foresta. Ai Goblin questa zona non piace molto. I Treant li schiaccerebbero se osassero troppo. Quindi aspettati parecchia gente degli alberi e Driadi, veloci e agili."""
NPC_ELDORIAN_RESPONSE_a57b728a-a24e-4fa4-8669-233ba53a30c8,"""Sa essere affettuoso. Davvero.""\n\n""Spero che un giorno tu possa vedere quel lato di lui."""
NPC_ELDORIAN_RESPONSE_a7c8de79-ff24-496d-81ff-19917cf84c0c,"""Alaric? Non è il migliore?""\n\n""L'eroe di Earlwood, il Prescelto della Foresta! Sai, le storie su di lui arrivano fino alla mia città natale e anche oltre!""\n\n""È per lui che ho fatto il viaggio fino a Earlwood, per allenarmi sotto la sua guida e osservarlo.""\n\n""Un giorno sarò come lui."""
NPC_ELDORIAN_RESPONSE_ab41ebe7-9298-4796-9e65-a9e4af49423c,"""Proprio come pensavo. Era da tanto che a Earlwood non si vedeva combattere qualcuno come te.""\n\n\n\n*Il suo sguardo vaga sui campi.*\n\n""Mi fa male al cuore vedere i campi sfregiati e bruciati.""\n\n""Be'. Il compito è finito. Era da tanto che non riuscivo a fermarmi a guardare davvero questi campi. Un tempo erano belli, e lo era anche la gente che li lavorava."""
NPC_ELDORIAN_RESPONSE_abfafc39-a17f-46aa-ac65-61f8744e097d,"""No. Sono nato nella Foresta Eterna, come la maggior parte degli Elfi. Ma quando ho sentito le storie, sono venuto. Earlwood è diventata casa. Più per la gente che per il posto."""
NPC_ELDORIAN_RESPONSE_aefb3335-6135-4b74-b584-696b55d0b217,"""Non preoccuparti. La foresta è ancora casa mia, anche quando è arrabbiata. So sparire fra gli alberi e leggere le foglie abbastanza bene da ritrovare la via del ritorno."""
NPC_ELDORIAN_RESPONSE_b0a80bd9-a689-4594-955b-8dd8819a1fe7,"""Hm… non molto. Fammi controllare. Ah, ecco, mi sono rimaste alcune pozioni. Prendile. Mi farà sentire meno in colpa per la corsa a casa a riposare."""
NPC_ELDORIAN_RESPONSE_b13a6c7d-f671-434c-8b6d-bc2d8e40794a,"""Io? Be', sono uno dei migliori avventurieri e allievi di Alaric! Mi ha affidato la Bacheca degli incarichi. È qui che gli abitanti affiggono le loro richieste d'aiuto."""
NPC_ELDORIAN_RESPONSE_b68204a6-2008-4060-9f38-f354c7e61a08,"""Non è una buona idea? Perché no? Se la lasciamo stare, cresce. Cresce sempre.""\n\n\n\n*Eldorian si avvicina e sussurra.*\n\n""Raggiungimi nella foresta, in questo punto. Ti aspetterò. Insieme estirperemo questa Corruzione alla radice."""
NPC_ELDORIAN_RESPONSE_b7101e53-e646-420c-acef-705992d9d93d,"""Un bel cuore…""\n\n""Forse non sai quanto significhi per me.""\n\n""Ci aspettano giorni duri. Ma sono felice che tu sia qui ad affrontarli.""\n\n\n\n""Un'altra stranezza dell'essere un Elfo…""\n\n""Non sempre sai con certezza se una visione appartiene al passato o al futuro.""\n\n""A volte il peso sta nel decidere quale dei due sia.""\n\n*Mentre parla, il tuo sguardo scivola sulla sua ferita, ancora fasciata e in via di guarigione. Eldorian nota che i tuoi occhi vi si soffermano un momento.*"
NPC_ELDORIAN_RESPONSE_b79f2775-ee2a-4eaf-82f2-782df88d52de,"*arrossisce vistosamente* ""Un appuntamento. Io, io non volevo... insinuare niente. Ma mi farebbe piacere la tua compagnia.""\n\n\n\n*alza gli occhi, più cauto del solito*\n\n""È un lavoro semplice. Rifacciamo i segnali sbiaditi, poi finiamo qui, all'ultimo punto. Senza fretta. Senza sparire. Se ci separiamo, restiamo in vista."""
NPC_ELDORIAN_RESPONSE_ba601ea9-dbca-4dc0-8ec3-6e28023d6e4b,"""Posso onorare entrambi. La foresta ha la sua bellezza. Ciò che le persone costruiscono con l'ingegno e la fatica ne ha un'altra, altrettanto grande a modo suo. Ogni vero seguace di Ceres lo sa."""
NPC_ELDORIAN_RESPONSE_bc5996ce-e2f3-45ba-85c5-a4ed400f04b4,"""Esatto.""\n\n""È questo che vedono i tuoi occhi.""\n\n""I miei no.""\n\n\n\n*Eldorian fa un passo indietro e inspira lentamente. Alza gli occhi alla luna e la luce al loro interno si fa più intensa, splendente di magia temporale. Poi solleva una mano e lascia che l'incantesimo raccolto si disperda nell'aria davanti a te.*\n\n*La magia si raccoglie in una lente tremolante. Attraverso di essa, i campi appaiono com'erano non molto tempo fa: grano al chiaro di luna che ondeggia nel vento, luci calde nelle fattorie e uccelli notturni che attraversano il cielo aperto.*\n\n""Non posso mostrarti i campi com'erano davvero. Non ancora.""\n\n""Ma posso mostrarti questo.""\n\n""Un'eco. Ciò che vedo io."""
NPC_ELDORIAN_RESPONSE_bf17aa13-1cf3-4a52-bc63-3baf1cba2b04,"""Bene. Grazie. Facciamolo come si deve."""
NPC_ELDORIAN_RESPONSE_bfcae91e-0fb9-4220-9a89-ef2afefed6fd,"""Ah... sì. Ma è diverso dalle mie solite ricognizioni.""\n\n\n\n*deglutisce*\n\n""Rahaner mi ha assegnato un giro del perimetro. Campi e margine del bosco, poi le vecchie postazioni degli esploratori. Devo rifare i segnali. È un compito da recluta. Capisco perché oggi tocchi a me."""
NPC_ELDORIAN_RESPONSE_c286883d-a7a6-4d9d-9370-528e6868bec1,"""Ah. Anche a me piace pensarla così. Vieni, allora. Conosco il posto giusto.""\n\n\n\n""È questo il posto.""\n\n""Volevo portarti qui come si deve.""\n\n""L'altra volta ci siamo passati accanto. È il mio posto preferito in tutta la campagna."""
NPC_ELDORIAN_RESPONSE_c519b3fe-99f4-4fc3-8a34-f185b828dc1a,"""Mi fa piacere che lo veda anche tu.""\n\n""Mi dà speranza.""\n\n""Ci aspettano giorni duri, ma credo che possiamo farcela.""\n\n\n\n""Un'altra stranezza dell'essere un Elfo…""\n\n""Non sempre sai con certezza se una visione appartiene al passato o al futuro.""\n\n""A volte il peso sta nel decidere quale dei due sia.""\n\n*Mentre parla, il tuo sguardo scivola sulla sua ferita, ancora fasciata e in via di guarigione. Eldorian nota che i tuoi occhi vi si soffermano un momento.*"
NPC_ELDORIAN_RESPONSE_c72f0b19-f9b0-419a-b5ee-2893c2bb29c3,"""No. Non come l'ultima volta. Lo giuro.""\n\n\n\n""Questi sono... ehm, gli ordini di Rahaner. Parte della mia punizione per essermene andato da solo l'altra volta, senza dirlo a nessuno."""
NPC_ELDORIAN_RESPONSE_c88369bf-d9c3-40e2-b7f1-d93e560bc236,"""Sono i precetti di Ceres, trasmessi ai Re della Foresta attraverso la comunione con lei.""\n\n""Stabiliscono gli equilibri: quanto alti possano crescere gli alberi, quanto in fretta, quanto possano predare i lupi, quanto possano pascolare i cervi.""\n\n""E toccano anche la vita mortale: quanta caccia è tollerata, quanti alberi si possono abbattere. Tutto."""
NPC_ELDORIAN_RESPONSE_cd595f86-b6a7-4a44-a055-b80ffc67f68a,"""Ti ho già detto che spero di mostrarti un giorno questi campi com'erano.""\n\n""Non posso farlo. Non ancora.""\n\n""Ma posso mostrarti qualcos'altro. Ciò che vedo io.""\n\n\n\n*Eldorian fa un passo indietro e inspira lentamente. Alza gli occhi alla luna e la luce al loro interno si fa più intensa, splendente di magia temporale. Poi solleva una mano e lascia che l'incantesimo raccolto si disperda nell'aria davanti a te.*\n\n*La magia si raccoglie in una lente tremolante. Attraverso di essa, i campi appaiono com'erano non molto tempo fa: grano al chiaro di luna che ondeggia nel vento, luci calde nelle fattorie e uccelli notturni che attraversano il cielo aperto.*\n\n""Non posso mostrarti i campi com'erano davvero. Non ancora.""\n\n""Ma posso mostrarti questo.""\n\n""Un'eco. Ciò che vedo io."""
NPC_ELDORIAN_RESPONSE_cf63eb72-19ed-4dd3-a656-9653f1c3b06e,"""Ci credo, avrei voluto vederla, ma… oh! Giusto, l'accesso alla foresta!""\n\n\n\n*Eldorian si raddrizza, cercando di darsi un contegno mentre indica il limitare degli alberi.*\n\n""Dunque. Quando l'accesso si aprirà, tutti cominceranno ad avanzare. Ho ripulito quasi tutti i punti da cui si potrebbero tendere imboscate alla Gilda. Ne restano alcuni dove non ho finito il lavoro. Ho poche provviste e Alaric mi farebbe la pelle se andassi oltre. Se potessi occuparti di questi ultimi posti, sarebbe un grande aiuto."""
NPC_ELDORIAN_RESPONSE_cfb034fe-6565-410f-9987-41149e109374,"""Certo. La Foresta Eterna è un mondo a sé.""\n\n""Ogni regno della foresta ha il suo Re, come le nostre regioni hanno i loro sovrani.""\n\n""Il mio popolo crede che le gerarchie mortali rispecchino l'ordine degli dèi, pallidi riflessi di ciò che la foresta già è."""
NPC_ELDORIAN_RESPONSE_d1f9e643-437b-46b2-bc59-7c020fb8f6cd,"*Il dubbio prende il sopravvento sul volto di Eldorian; i suoi occhi, scintillanti di magia temporale, tornano a fissare il terreno.*\n\n""Forse… hai ragione. Io… non lo so con certezza."""
NPC_ELDORIAN_RESPONSE_d404bb2e-f0b2-4f1f-bc5b-117701c0d76a,"""Allora è una promessa. Un giorno cammineremo di nuovo fra i campi, ricostruiti e splendenti com'erano un tempo.""\n\n\n\n""Se non c'è altro, puoi tornare al villaggio. Credo che resterò qui ancora un po'. Solo… un momento di quiete per me."""
NPC_ELDORIAN_RESPONSE_d4dded82-ff9e-447d-9d0f-fe652cf2b679,"""Ah… forse sì."" *tossisce* ""Comunque. Vederti combattere… è stato impressionante.""\n\n\n\n*Si alza appoggiandosi all'albero, raddrizzandosi lentamente mentre recupera le forze.*\n\n""Un altro minuto e sarei stato cibo per lupi. Quindi… grazie."" *espira, cercando stabilità* ""Alaric mi dice sempre che sono avventato. Che sono… incredibilmente imprevidente, per un Elfo. Forse stavolta ha ragione."""
NPC_ELDORIAN_RESPONSE_d5b938fe-ff58-4731-a144-7eadde52cd2d,"""Ah. C'è chi sarebbe d'accordo con te.""\n\n""Ma no, non credo che sia ciò che sono davvero.""\n\n\n\n""Li incontrai quando arrivai a Earlwood. Cinquant'anni fa, forse.""\n\n""Il signor Haylor era solo un bambino, allora. Non aveva più di dieci anni.""\n\n""Gli insegnai a usare l'arco, a cacciare un po', a muoversi nella foresta senza annunciare ogni passo.""\n\n""Il vecchio Haylor detestava quelle uscite.""\n\n""Il ragazzo le adorava.""\n\n""Poi crebbe, ebbe dei figli suoi, e in qualche modo c'ero ancora anch'io.""\n\n""Alcuni abitanti ce l'hanno con la famiglia per la sua ricchezza. Ma non sono come il sindaco. Pratici, sì. A volte duri. Ma di buon cuore."""
NPC_ELDORIAN_RESPONSE_d612c543-3a03-4382-abf0-a6e8bf7cbfe2,"""Oh… giusto. Capito. Be', allora… ci vediamo quando sarà finita."""
NPC_ELDORIAN_RESPONSE_d706424f-96c1-4564-87f4-f1f712607521,"""Ah. Tutti gli abbiamo insegnato qualcosa, in un modo o nell'altro.""\n\n""Ma no, non credo che sia merito mio.""\n\n""Lo muove qualcosa di profondo, e da fratello maggiore… temo ciò che quella spinta potrebbe fare di lui."""
NPC_ELDORIAN_RESPONSE_d884dc27-50f0-4c6e-b50a-2df9f3a95b90,"""Grazie, le tue parole mi danno forza.""\n\n""Un giorno sarò un grande eroe, come Alaric e come te."""
NPC_ELDORIAN_RESPONSE_dc6a2bee-8c7e-46ec-a74c-9efb035307e2,"""No, non lo sostituiscono.""\n\n""Ma l'addestramento rivela ciò che c'è già, e Corin aveva qualcosa di raro fin dall'inizio.""\n\n\n\n""Ricordo la sua prima vera missione. Ero il suo compagno.""\n\n""Doveva essere un semplice percorso di ricognizione. Solo noi due. Non rimase semplice a lungo.""\n\n""Ci imbattemmo in una piccola banda di Goblin. Cercai di guidarlo fra gli alberi per evitarli.""\n\n""Corin corse dritto verso di loro.""\n\n""Si portava dentro tutta quella rabbia per ciò che avevano fatto alla sua famiglia. Quando li vide, non contò più nient'altro.""\n\n""Mi voltai per aiutarlo, ma prima che potessi raggiungerlo era già in mezzo a loro.""\n\n""Un lampo d'acciaio. Una figura di morte vorticante.""\n\n""In pochi istanti i Goblin più piccoli erano a terra. Restava solo un bruto più grosso, più grande dei Picchiatori che vediamo qui adesso.""\n\n""Quando sferrò un colpo, Corin gli corse su per le braccia, aprendogli squarci a ogni passo, e gli staccò la testa di netto.""\n\n""Il sangue gli si lavò via di dosso abbastanza facilmente.""\n\n""Ma non dagli occhi.""\n\n""Mi ci volle tempo per capire che il sangue nei suoi occhi era lì da molto prima di quel giorno."""
NPC_ELDORIAN_RESPONSE_e8b50c6f-3890-416d-9227-cd8a0e281fb1,"""Allora avrei dovuto imparare più di quanto abbia fatto.""\n\n\n\n*Prova a reggersi in piedi, poi annuisce fra sé.*\n\n""Be'… ora c'è più calma. E sto guarendo in fretta."" ""Tornerò indietro. E… dovrei fare rapporto ad Alaric."""
NPC_ELDORIAN_RESPONSE_ee8a1fc6-a720-472b-b64b-56c677cfda50,"""Parole dure. Ma hai ragione. Se ha abbastanza forza, resiste. Lo so.""\n\n\n\n""Un giorno… spero che tu possa vedere questi campi com'erano. Spero di essere io a mostrarteli."""
NPC_ELDORIAN_RESPONSE_f057542d-f76d-4405-abe7-496729b6a2f6,"""Bene. Che Ceres guidi le nostre lame."""
NPC_ELDORIAN_RESPONSE_f4f8b9f1-eeb6-465c-b99c-7d37a32766dc,"""Non voglio pietà. Ti sono grato. Volevo solo... passare del tempo con te, senza il pericolo addosso.""\n\n\n\n*alza gli occhi, più cauto del solito*\n\n""È un lavoro semplice. Rifacciamo i segnali sbiaditi, poi finiamo qui, all'ultimo punto. Senza fretta. Senza sparire. Se ci separiamo, restiamo in vista."""
NPC_ELDORIAN_RESPONSE_f621a57d-44e6-439e-b612-3d26706274c4,"""Non sono cresciuto qui, quindi so meno di lui che dei Re di casa mia.""\n\n""Ma credo che un tempo gli Elfi e i Fae di qui lo chiamassero Aelwynor.""\n\n""Forse hai visto il suo volto nelle antiche rovine elfiche, nel folto della foresta.""\n\n""Gli abitanti lo venerano, anche se dubito che i più lo abbiano mai visto davvero.""\n\n""Dicono che in mille anni si sia mostrato a un solo mortale: Alaric, quando fu nominato Prescelto della Foresta.""\n\n\n\n*Il volto di Eldorian si oscura e per un momento non riesce a incontrare il tuo sguardo.*\n\n""Moltissimi al villaggio pensano che questa guerra sia il giudizio di Ceres.""\n\n""Che la foresta si rivolti contro di noi perché ce lo siamo meritato.""\n\n""Vorrei dire che è una sciocchezza. Davvero. Ma…""\n\n""Se i Re della Foresta sono davvero estensioni della sua volontà, come può uno di loro rivoltarsi contro l'ordine che lei ha creato? Non dovrebbe essere possibile.""\n\n""Quindi, se non è la sua volontà, dev'essere la Corruzione. E se è la Corruzione… perché il mio cuore dubita ancora?"""
NPC_ELDORIAN_RESPONSE_f6c06318-f796-4c90-a3ee-21180562b698,"""Sapevo che l'avresti fatto. Davvero. Grazie.""\n\n\n\n*Eldorian si avvicina e sussurra.*\n\n""Raggiungimi nella foresta, in questo punto. Ti aspetterò. Insieme estirperemo questa Corruzione alla radice."""
NPC_ELDORIAN_RESPONSE_fb7670dc-bdec-41fc-acca-4d03fe7ff69f,"""Hai ragione… lo giuro. Basta buttarmi a capofitto.""\n\n\n\n*Eldorian prende fiato e imita una cadenza più ferma.*\n\n""Lo dice sempre allo stesso modo."" ""Il pensiero prima dell'azione. L'intuito è pensiero addestrato a diventare istinto. Informazioni. Valutazione. Decisione. Poi azione rapida. È questo… l'ordine."""
NPC_ELDORIAN_RESPONSE_ff3ffcef-8d20-4698-9b1d-abb92013b961,"""Corin? Ah, è il mio fratellino.""\n\n""Be'… non di sangue. Ma quasi.""\n\n""Era un ragazzo quando arrivò qui. I Goblin gli avevano sterminato la famiglia.""\n\n""La Gilda lo accolse dopo di allora. Seguiva Alaric come un cucciolo, solo con quel piccolo cipiglio duro che ha ancora."""
NPC_ELDORIAN_RESPONSE_ff573725-cb95-434d-822f-eb301694e4f5,"""Al sicuro nella parte centrale del villaggio.""\n\n""Sono sopravvissuti agli attacchi, per fortuna. Altri no.""\n\n""Quando i combattimenti finiranno, ci sarà molto da ricucire."""
NPC_ELDORIAN_TITLE,L'esploratore di Earlwood
NPC_FAUSTAS_GREETING_92bb22f0-30ca-4f02-b1e3-ccbbe4028feb,"*Una proiezione scintillante prende la forma di un mago anziano con un cappello storto, sospeso a pochi centimetri da terra. È rivolto nella direzione sbagliata, anche se di poco.*\n\n\n\n“Bene, bene. Finalmente.”\n\n“Un momento, l'immagine è ancora… ecco. Meglio. Ci è voluto più di quanto sperassi. Una tempesta di magia devastata è un pessimo posto per trovare qualcuno. Ti cerco in tutta Mirkea da quando il mio incantesimo ti ha fatto arrivare nel posto sbagliato, ed eccoti qui.”\n\n“E quel maledetto Droop prosciugava tutta la magia. Era quasi impossibile far passare una proiezione decente, finché non hai risolto la faccenda. Davvero un ottimo lavoro, a proposito. L'aria si sta assestando di nuovo.”\n\n*Finalmente ti mette bene a fuoco.*\n\n“Faustas. Mago. L'incantesimo che ti ha fatto arrivare nel posto sbagliato era mio, quindi spetta a me rispondere alle domande che stai per porre. Chiedi.”"
NPC_FAUSTAS_GREETING_bea1ec6b-8e1d-4aaf-b8e3-d93377088edb,"*La proiezione di Faustas è già qui, rivolta nella direzione sbagliata, assorta in un pensiero che non si è ancora accorto di te.*\n\n""Ah, rieccoti!"""
NPC_FAUSTAS_GREETING_c6567454-3c0c-4aee-9873-354a6201f72b,"*Il Varco si desta mentre ti avvicini, la sua antica pietra si riempie di una luce pallida. La proiezione di Faustas è già lì, protesa nel chiarore più di quanto un corpo potrebbe sopportare. Non alza lo sguardo.*\n\n""Ti ha risposto.""\n\n*La proiezione si volta un poco verso di te. Gli occhi restano sulla pietra.*\n\n""Speravo che accadesse. La speranza è un misero sostituto della certezza; questa è certezza. La magia del rituale spezzato di Sylbos ha attecchito in te.""\n\n*Ora ti guarda, e dimentica il Varco.*\n\n""Furono gli Antichi a creare questo Varco. Le loro opere non si destano per chiunque. Una parte del loro potere ora ti riconosce."""
NPC_FAUSTAS_NAME,Faustas
NPC_FAUSTAS_PLAYER_0fd21c71-44ee-4c38-8ee1-7606056e4410_HEROIC,"""Nel posto sbagliato."" Mi hai trascinato tu in questa storia. Devi spiegarmi."
NPC_FAUSTAS_PLAYER_0fd21c71-44ee-4c38-8ee1-7606056e4410_JOKER,"""Nel posto sbagliato."" Un modo delicato di dirlo. Comincia a spiegare."
NPC_FAUSTAS_PLAYER_0fd21c71-44ee-4c38-8ee1-7606056e4410_SCHOLAR,"""Nel posto sbagliato."" Un termine indulgente. Mi hai trascinato tu in questa vicenda; rendine conto."
NPC_FAUSTAS_PLAYER_0fd21c71-44ee-4c38-8ee1-7606056e4410_STOIC,"""Nel posto sbagliato."" Mi hai trascinato tu in questa storia. Inizia a spiegare."
NPC_FAUSTAS_PLAYER_12f78c24-e277-480f-b39b-f6f604563c8d_BASE,Ripetimi. Dove devo andare?
NPC_FAUSTAS_PLAYER_168dfece-cede-42b0-85b0-782e5080d628_BASE,Perché io?
NPC_FAUSTAS_PLAYER_251ec0ff-84f0-4108-a587-098ef64afb67_HEROIC,Dunque mi ritrovo in una guerra che non ho causato.
NPC_FAUSTAS_PLAYER_251ec0ff-84f0-4108-a587-098ef64afb67_JOKER,Quindi eccomi in una guerra a cui non avevo chiesto di partecipare.
NPC_FAUSTAS_PLAYER_251ec0ff-84f0-4108-a587-098ef64afb67_SCHOLAR,Dunque mi ritrovo in una guerra che non ho scelto.
NPC_FAUSTAS_PLAYER_251ec0ff-84f0-4108-a587-098ef64afb67_STOIC,Quindi questa guerra mi tiene in trappola. Non l’ho scelta.
NPC_FAUSTAS_PLAYER_2894e59a-bf74-46a4-844e-b37df3457ef8_BASE,Che posto è questo?
NPC_FAUSTAS_PLAYER_2dcc9f7f-cbf8-40b5-b5e6-74c7bb433ef9_HEROIC,"Allora dimmi cosa porto dentro, e a chi apparteneva."
NPC_FAUSTAS_PLAYER_2dcc9f7f-cbf8-40b5-b5e6-74c7bb433ef9_JOKER,"Allora dimmi cosa mi porto dietro, visto che nessuno mi ha chiesto di tenerlo."
NPC_FAUSTAS_PLAYER_2dcc9f7f-cbf8-40b5-b5e6-74c7bb433ef9_SCHOLAR,"Allora dimmi, con precisione, che cosa ha attecchito in me."
NPC_FAUSTAS_PLAYER_2dcc9f7f-cbf8-40b5-b5e6-74c7bb433ef9_STOIC,Allora dimmi cosa porto dentro.
NPC_FAUSTAS_PLAYER_4c48af04-122a-47ab-8b21-223635b2e422_BASE,Cos'è un Varco?
NPC_FAUSTAS_PLAYER_540d3f11-90fd-4bf6-84d5-544deeebb4c6_HEROIC,"Una tenda e un fuoco. Ho costruito di peggio con meno, in luoghi peggiori."
NPC_FAUSTAS_PLAYER_540d3f11-90fd-4bf6-84d5-544deeebb4c6_JOKER,"Una tenda e un fuoco. Ho costruito di peggio con meno, e ci ho pure dormito."
NPC_FAUSTAS_PLAYER_540d3f11-90fd-4bf6-84d5-544deeebb4c6_SCHOLAR,Una tenda e un fuoco. Ho assemblato strutture peggiori con meno materiali.
NPC_FAUSTAS_PLAYER_540d3f11-90fd-4bf6-84d5-544deeebb4c6_STOIC,Una tenda e un fuoco. Ho costruito di peggio con meno.
NPC_FAUSTAS_PLAYER_66aa2d6a-6640-4b86-b77d-ecc97033a747_HEROIC,"Earlwood, poi la torre. Non farmi attendere a lungo."
NPC_FAUSTAS_PLAYER_66aa2d6a-6640-4b86-b77d-ecc97033a747_JOKER,"Earlwood, poi la torre. Non farmi aspettare, o comincio a toccare tutto."
NPC_FAUSTAS_PLAYER_66aa2d6a-6640-4b86-b77d-ecc97033a747_SCHOLAR,"Earlwood, poi la torre. Mi aspetto puntualità."
NPC_FAUSTAS_PLAYER_66aa2d6a-6640-4b86-b77d-ecc97033a747_STOIC,"Earlwood, poi la torre. Non farmi aspettare troppo."
NPC_FAUSTAS_PLAYER_68ccfbff-a786-4142-8342-245af4690488_HEROIC,Hai visto il rischio e hai scelto comunque di mandarmi qui.
NPC_FAUSTAS_PLAYER_68ccfbff-a786-4142-8342-245af4690488_JOKER,Avevi intuito che poteva andare storto e mi hai spedito qui lo stesso.
NPC_FAUSTAS_PLAYER_68ccfbff-a786-4142-8342-245af4690488_SCHOLAR,"Avevi previsto questo esito, eppure hai deciso di inviarmi qui."
NPC_FAUSTAS_PLAYER_68ccfbff-a786-4142-8342-245af4690488_STOIC,Sapevi che poteva succedere e mi hai mandato qui lo stesso.
NPC_FAUSTAS_PLAYER_6b625a05-d137-4f14-8052-ae750359b12c_HEROIC,Il tuo errore mi è quasi costato la vita.
NPC_FAUSTAS_PLAYER_6b625a05-d137-4f14-8052-ae750359b12c_JOKER,Quindi la tua svista mi stava spedendo anzitempo nella tomba.
NPC_FAUSTAS_PLAYER_6b625a05-d137-4f14-8052-ae750359b12c_SCHOLAR,Il tuo errore di calcolo mi ha quasi ucciso. Prendine nota per il futuro.
NPC_FAUSTAS_PLAYER_6b625a05-d137-4f14-8052-ae750359b12c_STOIC,Il tuo errore mi ha quasi ucciso.
NPC_FAUSTAS_PLAYER_77bc9b27-5846-4a19-9d23-247c0737acef_BASE,Ripetimi. Cosa devo costruire esattamente?
NPC_FAUSTAS_PLAYER_7dd23630-6f93-4ec9-9bfa-1530a60b4a7d_HEROIC,"Tuo, dunque. Mi dovevi un avvertimento e non me l'hai dato."
NPC_FAUSTAS_PLAYER_7dd23630-6f93-4ec9-9bfa-1530a60b4a7d_JOKER,"Tuo, allora. Un avvertimento sarebbe stato una piacevole novità."
NPC_FAUSTAS_PLAYER_7dd23630-6f93-4ec9-9bfa-1530a60b4a7d_SCHOLAR,"Tuo, dunque. Un preavviso sarebbe stato assai istruttivo."
NPC_FAUSTAS_PLAYER_7dd23630-6f93-4ec9-9bfa-1530a60b4a7d_STOIC,"Tuo, allora. Un avvertimento avrebbe fatto comodo."
NPC_FAUSTAS_PLAYER_904350d3-b7bf-409e-866e-6aaf4da2661f_BASE,Cos'era quella cosa?
NPC_FAUSTAS_PLAYER_936b7b7f-a246-4960-bc88-a7f72b5df325_HEROIC,"Non mi fido ancora di te, ma devo trovare una via di fuga."
NPC_FAUSTAS_PLAYER_936b7b7f-a246-4960-bc88-a7f72b5df325_JOKER,"La fiducia scarseggia, ma una via d'uscita mi serve comunque."
NPC_FAUSTAS_PLAYER_936b7b7f-a246-4960-bc88-a7f72b5df325_SCHOLAR,"La fiducia continua a mancare. Una via d'uscita, tuttavia, è indispensabile."
NPC_FAUSTAS_PLAYER_936b7b7f-a246-4960-bc88-a7f72b5df325_STOIC,"Non mi fido di te, ma mi serve un'uscita."
NPC_FAUSTAS_PLAYER_94e2d39d-1909-47ca-9d52-b72b33e4d5c5_BASE,"Ricordami, cos'è un Varco?"
NPC_FAUSTAS_PLAYER_9bbad45c-61cf-4d3c-bb38-94503ddc0a69_HEROIC,Allora devo restare in vita. Dimmi cosa occorre fare.
NPC_FAUSTAS_PLAYER_9bbad45c-61cf-4d3c-bb38-94503ddc0a69_JOKER,"Allora devo restare in vita. Qualche consiglio, o il piano finisce qui?"
NPC_FAUSTAS_PLAYER_9bbad45c-61cf-4d3c-bb38-94503ddc0a69_SCHOLAR,Dunque la sopravvivenza è l'obiettivo immediato. Specifica il metodo.
NPC_FAUSTAS_PLAYER_9bbad45c-61cf-4d3c-bb38-94503ddc0a69_STOIC,Allora resto in vita. Dimmi come.
NPC_FAUSTAS_PLAYER_d45450e0-dc8f-47c5-871e-f9c3bd743bad_HEROIC,Allora ciò che voleva è dentro di me. Possiamo rivolgerglielo contro.
NPC_FAUSTAS_PLAYER_d45450e0-dc8f-47c5-871e-f9c3bd743bad_JOKER,Allora quello che voleva ce l'ho dentro. Servirà pur a qualcosa contro di lui.
NPC_FAUSTAS_PLAYER_d45450e0-dc8f-47c5-871e-f9c3bd743bad_SCHOLAR,Dunque ciò che cercava risiede in me. È possibile usarlo contro di lui.
NPC_FAUSTAS_PLAYER_d45450e0-dc8f-47c5-871e-f9c3bd743bad_STOIC,Allora ciò che voleva è in me. Possiamo usarlo contro di lui.
NPC_FAUSTAS_PLAYER_d7338422-658a-456f-90d5-3cf81c6f15be_BASE,"""Ho finito di costruire il campo."""
NPC_FAUSTAS_PLAYER_d89a723a-8b81-435e-8f51-b8a0a88b7ba0_HEROIC,Solo ora sei riuscito a ricordare la via d'uscita?
NPC_FAUSTAS_PLAYER_d89a723a-8b81-435e-8f51-b8a0a88b7ba0_JOKER,"La via d'uscita ti è saltata in mente proprio adesso, eh?"
NPC_FAUSTAS_PLAYER_d89a723a-8b81-435e-8f51-b8a0a88b7ba0_SCHOLAR,Hai recuperato soltanto ora il ricordo della via d'uscita?
NPC_FAUSTAS_PLAYER_d89a723a-8b81-435e-8f51-b8a0a88b7ba0_STOIC,La via d'uscita te la ricordi solo adesso?
NPC_FAUSTAS_PLAYER_f036b78d-4939-453d-b37f-72b8acc5c9fb_HEROIC,Magnifico. Mi trascini qui e ora devo anche fare il lavoro di fatica.
NPC_FAUSTAS_PLAYER_f036b78d-4939-453d-b37f-72b8acc5c9fb_JOKER,Magnifico. Mi trascini qui e ora faccio pure la manovalanza. Mi paghi almeno?
NPC_FAUSTAS_PLAYER_f036b78d-4939-453d-b37f-72b8acc5c9fb_SCHOLAR,"Notevole. Dopo avermi trascinato qui, mi richiedi anche la manodopera."
NPC_FAUSTAS_PLAYER_f036b78d-4939-453d-b37f-72b8acc5c9fb_STOIC,Magnifico. Mi trascini qui e ora tocca a me lavorare.
NPC_FAUSTAS_PLAYER_faa0a075-f8c8-49cc-9b71-4e7d314fb151_HEROIC,A nord. Sarò lì prima di te.
NPC_FAUSTAS_PLAYER_faa0a075-f8c8-49cc-9b71-4e7d314fb151_JOKER,"A nord. Arrivo prima io, e tu non devi neanche camminare."
NPC_FAUSTAS_PLAYER_faa0a075-f8c8-49cc-9b71-4e7d314fb151_SCHOLAR,A nord. Prevedo di arrivare prima di te.
NPC_FAUSTAS_PLAYER_faa0a075-f8c8-49cc-9b71-4e7d314fb151_STOIC,Nord. Ti precederò.
NPC_FAUSTAS_PLAYER_qwefty_BASE,Esci
NPC_FAUSTAS_RESPONSE_03d6ed3e-85b5-4355-89c2-b21a70754365,"""Lo sospettavo. Non lo sapevo.""\n\n\n\n*La luce del Varco gli illumina il viso, sul quale non resta più traccia di divertimento.*\n\n""Sylbos. Il Signore Oscuro di Dolmarok.\n\nRaduna eserciti, mostri e Corruzione sotto un'unica volontà. Non vuole un regno. Vuole il dominio sulla vita stessa.\n\nIl suo rituale doveva renderlo immortale. L'ho spezzato prima che potesse impadronirsi del potere. Una parte di quel potere ha trovato te."""
NPC_FAUSTAS_RESPONSE_254c54e4-6460-4390-9a5d-deee27717cef,"""Una guerra. Sì. Non ti insulterò usando una parola più piccola.\n\nNé l'ha scelta alcun'altra cosa che lui abbia toccato. È l'ultimo dei Maghi Ogre. C'è un motivo se quel titolo viene pronunciato sottovoce.""\n\n\n\n*Si avvicina. Il chiarore del Varco non lo segue; per un momento è soltanto una voce.*\n\n“Usa il Varco. Dovrebbe portarti a Earlwood. Da lì, raggiungi la mia torre oltre Wildwood, senza indugiare. Lui si sta muovendo e non ignorerà chi porta in sé ciò di cui voleva impadronirsi.\n\nIl Varco può anche riportarti indietro. Ora il tuo campo è qui; considera tua questa montagna.”"
NPC_FAUSTAS_RESPONSE_48072096-fc47-49f8-8b2f-77441151c654,"""Smonta il vecchio campo per recuperarne le risorse, costruisciti una tenda e un falò. Quando avrai finito, torna da me."""
NPC_FAUSTAS_RESPONSE_4c545f92-efc4-437b-83d6-9b176857a681,"""Un passaggio degli Antichi. Non proprio una porta. Un luogo in cui la distanza diventa negoziabile. Prima trovalo. Sarà più facile spiegarlo quando lo avrai davanti."""
NPC_FAUSTAS_RESPONSE_5c3d8666-5b15-4aaa-aa03-f341c4ba2fc9,"""Ragionevole. Non si dovrebbe concedere fiducia soltanto perché un mago compare avvolto nella luce. Il Santuario è comunque tuo; tornaci quando ne avrai bisogno.""\n\n*La proiezione svanisce mentre parla, come se la questione fosse già risolta.*"
NPC_FAUSTAS_RESPONSE_671cba9c-6027-420e-b4cd-c685f07a6b05,"""Bene. Allora sopravvivi alla prossima ora. Le grandi questioni possono aspettare che tu abbia un tetto.""\n\n\n\n*Ti volta le spalle per rivolgersi al campo in rovina, come se fosse stato quello a fare la domanda.*\n\n""Smonta ciò che resta di questo campo, prendi tutto ciò che è ancora utilizzabile e costruisciti una tenda e un fuoco qui nel Santuario. Confido che tu ne sia capace. Tienimi da parte gli eventuali funghi interessanti. Io cercherò di ricordare la via d'uscita."""
NPC_FAUSTAS_RESPONSE_717c4f5c-fee4-44c4-b14d-64901b597423,"""Eccellente. Prima il recupero, poi il riparo.""\n\n*La proiezione sta già perdendo interesse per la conversazione, insieme a parte della sua luce.*"
NPC_FAUSTAS_RESPONSE_9318c039-83c5-4875-bed6-b41268bd8114,"""A mia discolpa, però, ricordare prima o poi è meglio che non ricordare affatto.""\n\n*Sta già svanendo prima che tu possa rispondere.*"
NPC_FAUSTAS_RESPONSE_9333b5c3-38a8-4e97-b774-b14653b36be8,"""Bene. Prima Earlwood, poi la torre. Ti aspetterò. E il Santuario è tuo; tornaci quando ne avrai bisogno.""\n\n*La luce abbandona il Varco, e con esso anche lui.*"
NPC_FAUSTAS_RESPONSE_96b234db-3e6c-4ef6-80c6-d2f3a5285fb8,"""Purtroppo sì. Le scuse non ti terranno al caldo.""\n\n*I contorni della proiezione si stanno già assottigliando, come se l'argomento fosse chiuso.*"
NPC_FAUSTAS_RESPONSE_9b86e808-b64a-4a58-bad5-de60d104842d,"""Un Droop. Di solito innocuo. Alto quanto una caviglia e umidiccio, senza altra ambizione che stare tra i piedi. Questo si nutriva da anni di magia dispersa. Una dieta terribile. Molto istruttiva."""
NPC_FAUSTAS_RESPONSE_a55517f7-2e81-4e2e-b6e6-b34677d8b874,"""«Trascinare» è una brutta parola. Non del tutto inesatta.""\n\n\n\n*La proiezione si stabilizza, ogni tremolio scompare.*\n\n“Ho cercato di portarti alla mia torre. Avevo appena spezzato un rituale di Sylbos e il suo contraccolpo ha investito il mio incantesimo. Miravo a casa. L'incantesimo ha scelto il Santuario. Quell'errore è mio. Il disastro più grande è suo.\n\nTi troverò una via d'uscita. Fino ad allora, restare in vita è compito tuo, e una proiezione non può farlo al posto tuo.”"
NPC_FAUSTAS_RESPONSE_ab7676c9-b8bb-42ad-bddd-6c3857496dfe,"""Una possibilità. Esigua, e l'unica che abbiamo.\n\nComprendi bene che cosa ti attende all'altro capo. È l'ultimo dei Maghi Ogre. C'è un motivo se quel titolo viene pronunciato sottovoce.""\n\n\n\n*Si avvicina. Il chiarore del Varco non lo segue; per un momento è soltanto una voce.*\n\n“Usa il Varco. Dovrebbe portarti a Earlwood. Da lì, raggiungi la mia torre oltre Wildwood, senza indugiare. Lui si sta muovendo e non ignorerà chi porta in sé ciò di cui voleva impadronirsi.\n\nIl Varco può anche riportarti indietro. Ora il tuo campo è qui; considera tua questa montagna.”"
NPC_FAUSTAS_RESPONSE_baf00db4-ab37-4e5f-9c30-90bfca6dfc82,"""Un Varco. Un passaggio degli Antichi che piega la distanza anziché attraversarla. Se ti accetta, può portarti lontano dal Santuario, in luoghi ben oltre questa montagna, e poi riportarti qui."""
NPC_FAUSTAS_RESPONSE_c8ce4e07-7d73-4608-8883-ef5f2665875c,"""Sì. Hai guadagnato il diritto alla verità, o almeno a quanta posso rivelarne senza pericolo.""\n\n\n\n*La luce del Varco gli illumina il viso, sul quale non resta più traccia di divertimento.*\n\n""Sylbos. Il Signore Oscuro di Dolmarok.\n\nRaduna eserciti, mostri e Corruzione sotto un'unica volontà. Non vuole un regno. Vuole il dominio sulla vita stessa.\n\nIl suo rituale doveva renderlo immortale. L'ho spezzato prima che potesse impadronirsi del potere. Una parte di quel potere ha trovato te."""
NPC_FAUSTAS_RESPONSE_d3096ba9-c00c-4731-8858-ae09b3e475ba,"""Eccellente. A nord, attraverso il passaggio. Ci vedremo al Varco.""\n\n*Si sta già voltando a nord, e la luce lo segue.*"
NPC_FAUSTAS_RESPONSE_d5867822-a6d2-4d22-ba94-87a8a32e2c30,"""Sì. Preferirei però che entrambi restassimo in vita abbastanza a lungo da rendere utile il mio senso di colpa.""\n\n\n\n*Ti volta le spalle per rivolgersi al campo in rovina, come se fosse stato quello a fare la domanda.*\n\n""Smonta ciò che resta di questo campo, prendi tutto ciò che è ancora utilizzabile e costruisciti una tenda e un fuoco qui nel Santuario. Confido che tu ne sia capace. Tienimi da parte gli eventuali funghi interessanti. Io cercherò di ricordare la via d'uscita."""
NPC_FAUSTAS_RESPONSE_e28edcf2-904e-4008-ba36-298d055aed0d,"""Il Santuario. Un luogo degli Antichi, o qualcosa di molto simile.\n\n\n\nSorge su un altopiano montano, ma il problema è trovare la montagna. Una magia antica nasconde questo luogo alle mappe. Per ora è abbastanza sicuro. Non confondere antico con innocuo."""
NPC_FAUSTAS_RESPONSE_f11d5d5e-5e22-4440-b429-b8aebc1990c6,"""Non lo so. Il rituale si è spezzato con violenza. Il potere cerca ricettacoli, vie, ferite, occasioni. Per qualche ragione ha trovato te e non ti ha più lasciato."""
NPC_FAUSTAS_RESPONSE_f16164de-4bf7-4c73-aecd-4cf303242ce0,"""Usa il Varco per lasciare il Santuario. Dovrebbe portarti a Earlwood; da lì raggiungi la mia torre oltre Wildwood. Il Varco ti riporterà al tuo campo ogni volta che ne avrai bisogno."""
NPC_FAUSTAS_RESPONSE_f5258df9-e256-4614-8e36-a8804d8ae956,"""Bene. E ora che hai un tetto, mi accorgo di aver ricordato la via d'uscita.""\n\n*Sta già guardando a nord, oltre te.*\n\n""C'è un Varco da quella parte. Dovrebbe condurre fuori dal Santuario. Trovalo e ti raggiungerò lì."""
NPC_FAUSTAS_RESPONSE_f90fdd2a-681f-41b3-8ebe-052ad2d4b101,"""Avvertirti? Sì. Col senno di poi, sarebbe stato cortese, sensato e assai meno emozionante. Due di queste sono virtù.""\n\n\n\n*La proiezione si stabilizza, ogni tremolio scompare.*\n\n“Ho cercato di portarti alla mia torre. Avevo appena spezzato un rituale di Sylbos e il suo contraccolpo ha investito il mio incantesimo. Miravo a casa. L'incantesimo ha scelto il Santuario. Quell'errore è mio. Il disastro più grande è suo.\n\nTi troverò una via d'uscita. Fino ad allora, restare in vita è compito tuo, e una proiezione non può farlo al posto tuo.”"
NPC_FAUSTAS_TITLE,Il venerabile mago
NPC_GUARD_GREETING_a4d9c2f7-1b6e-8a3c-5d0f-7e2b1c9a6d3f,"""Grazie ancora… per averci risparmiati."""
NPC_GUARD_GREETING_d6c4b593-9239-4637-be20-42f07a436069,"*La guardia ti vede avvicinarti e si blocca per un istante.*\n\n""Sei… sei tu. Ehm… come posso aiutarti, avventuriero?"""
NPC_GUARD_NAME,Guardia
NPC_GUARD_PLAYER_36c104a2-4e9c-4813-9ab5-088dfba4f429_HEROIC,Parlate chiaro e potrete ancora andarvene. Chi l'ha ordinato?
NPC_GUARD_PLAYER_36c104a2-4e9c-4813-9ab5-088dfba4f429_JOKER,Parlate e magari continuate a respirare. Chi ha ordinato questo bel pasticcio?
NPC_GUARD_PLAYER_36c104a2-4e9c-4813-9ab5-088dfba4f429_SCHOLAR,L'onestà vi compra la vita. Chi ha impartito l'ordine?
NPC_GUARD_PLAYER_36c104a2-4e9c-4813-9ab5-088dfba4f429_STOIC,Dite la verità e potrete andarvene vivi. Chi vi ha ordinato di farlo?
NPC_GUARD_PLAYER_38e538cb-5c59-4ab4-bbc0-b940d2cfc1f8_HEROIC,Esatto. Hai capito a chi ti stai rivolgendo.
NPC_GUARD_PLAYER_38e538cb-5c59-4ab4-bbc0-b940d2cfc1f8_JOKER,"Proprio così, ti ricordi con chi stai parlando."
NPC_GUARD_PLAYER_38e538cb-5c59-4ab4-bbc0-b940d2cfc1f8_SCHOLAR,Esatto. Sai precisamente a chi ti rivolgi.
NPC_GUARD_PLAYER_38e538cb-5c59-4ab4-bbc0-b940d2cfc1f8_STOIC,Esatto. Sai con chi parli.
NPC_GUARD_PLAYER_4a32ee69-74eb-4084-87f4-c271e5cd7caa_BASE,Perché il villaggio non riceve carichi via mare?
NPC_GUARD_PLAYER_5549820c-ef94-4535-96d2-c2657b790dd4_HEROIC,"Lasciate Earlwood per sempre. Se vi avvicinate di nuovo, incontrerete la morte."
NPC_GUARD_PLAYER_5549820c-ef94-4535-96d2-c2657b790dd4_JOKER,"Via da Earlwood, per sempre. Un'altra passeggiata da queste parti e sarà l'ultima."
NPC_GUARD_PLAYER_5549820c-ef94-4535-96d2-c2657b790dd4_SCHOLAR,"Lasciate Earlwood definitivamente. Se vi avvicinerete ancora, la questione si chiuderà con la vostra morte."
NPC_GUARD_PLAYER_5549820c-ef94-4535-96d2-c2657b790dd4_STOIC,"Lasciate Earlwood. Se vi rivedo nei paraggi, sarà il vostro ultimo giorno."
NPC_GUARD_PLAYER_71d55f7b-3e34-45ac-8a74-2a9c87651178_HEROIC,Mi riconosci?
NPC_GUARD_PLAYER_71d55f7b-3e34-45ac-8a74-2a9c87651178_JOKER,"La mia fama mi precede, eh?"
NPC_GUARD_PLAYER_71d55f7b-3e34-45ac-8a74-2a9c87651178_SCHOLAR,Hai già notizia di me?
NPC_GUARD_PLAYER_71d55f7b-3e34-45ac-8a74-2a9c87651178_STOIC,Mi conosci?
NPC_GUARD_PLAYER_7ed3e205-1269-497a-ae5e-3b97c081018a_BASE,Esci
NPC_GUARD_PLAYER_95b60d6c-6d5a-43c2-8c98-eee22efcaacd_HEROIC,Dunque siete voi a spogliare i morti. Ho visto abbastanza.
NPC_GUARD_PLAYER_95b60d6c-6d5a-43c2-8c98-eee22efcaacd_JOKER,"Quindi siete voi a frugare in quello che gli avventurieri si sono lasciati dietro, vedo."
NPC_GUARD_PLAYER_95b60d6c-6d5a-43c2-8c98-eee22efcaacd_SCHOLAR,"Predoni di cadaveri, dunque. Questo spiega ciò che manca agli avventurieri."
NPC_GUARD_PLAYER_95b60d6c-6d5a-43c2-8c98-eee22efcaacd_STOIC,Dunque siete voi a saccheggiare i cadaveri degli avventurieri. Capisco.
NPC_GUARD_PLAYER_b748273d-dcb3-418c-9d41-1e4424275093_HEROIC,Ora la verità. Ordini del Sindaco o una vostra idea?
NPC_GUARD_PLAYER_b748273d-dcb3-418c-9d41-1e4424275093_JOKER,Erano ordini del Sindaco o una vostra brillante idea?
NPC_GUARD_PLAYER_b748273d-dcb3-418c-9d41-1e4424275093_SCHOLAR,"Per chiarezza, avete agito su ordine del Sindaco o di vostra iniziativa?"
NPC_GUARD_PLAYER_b748273d-dcb3-418c-9d41-1e4424275093_STOIC,Ditemi la verità. Ordini del Sindaco o iniziativa vostra?
NPC_GUARD_PLAYER_ce8ddbb2-0bba-4711-b8f3-b36f163d805c_HEROIC,"Potete andarvene, ma assicuratevi che non accada più."
NPC_GUARD_PLAYER_ce8ddbb2-0bba-4711-b8f3-b36f163d805c_JOKER,"Filate, allora. Cercate di non farci l'abitudine."
NPC_GUARD_PLAYER_ce8ddbb2-0bba-4711-b8f3-b36f163d805c_SCHOLAR,Potete andare. L'unica condizione è che non si ripeta mai più.
NPC_GUARD_PLAYER_ce8ddbb2-0bba-4711-b8f3-b36f163d805c_STOIC,Andate. Non rifatelo.
NPC_GUARD_PLAYER_d61d4b2b-06e1-4d69-bf39-d4802fc50ded_HEROIC,Costituitevi e accettate la punizione. Solo allora si spegneranno le voci sul Sindaco.
NPC_GUARD_PLAYER_d61d4b2b-06e1-4d69-bf39-d4802fc50ded_JOKER,Costituitevi e beccatevi la punizione. Magari così la smettono con le voci sul Sindaco.
NPC_GUARD_PLAYER_d61d4b2b-06e1-4d69-bf39-d4802fc50ded_SCHOLAR,Costituitevi e sottoponetevi alla punizione. Così cesseranno le voci sugli ordini del Sindaco.
NPC_GUARD_PLAYER_d61d4b2b-06e1-4d69-bf39-d4802fc50ded_STOIC,Costituitevi al villaggio. Scontate la punizione. Finiranno le voci sugli ordini del Sindaco.
NPC_GUARD_PLAYER_fff27f3d-3ff4-4b30-a0fd-0d074087097a_HEROIC,"Vi cercavo, sciacalli che derubate i caduti e spogliate gli avventurieri impedendo loro di combattere."
NPC_GUARD_PLAYER_fff27f3d-3ff4-4b30-a0fd-0d074087097a_JOKER,"Vi cercavo, avvoltoi che spolpate i morti e fate in modo che gli avventurieri non possano combattere."
NPC_GUARD_PLAYER_fff27f3d-3ff4-4b30-a0fd-0d074087097a_SCHOLAR,"Vi cercavo. Profanatori di tombe, che non armate nessuno all'infuori di voi stessi."
NPC_GUARD_PLAYER_fff27f3d-3ff4-4b30-a0fd-0d074087097a_STOIC,"Vi cercavo. Avvoltoi, derubate i morti e lasciate gli avventurieri incapaci di combattere."
NPC_GUARD_RESPONSE_09d3252e-a4ba-4d2a-852a-e899a5e1a3a8,"""I pirati, non lo sai? Quelli di Sylbos soffocano il mare tra qui e Aldoria. Abbiamo perso gli ultimi quattro carichi. Non so nemmeno se il paese possa permettersi di riprovarci…"""
NPC_GUARD_RESPONSE_245e41e4-0f25-4f47-8e01-2543b94b4624,"""Certo. Sei il grande avventuriero che ha affrontato il Treant corrotto, il Re Goblin e quel mostro di Re della Foresta…""\n\n\n\n*La guardia lancia un'occhiata al mucchio di attrezzatura alle proprie spalle e si sposta per nasconderlo alla vista.*\n\n""Allora… ehm, cosa posso fare per te? Niente grandi bestie da uccidere qui, solo questi Goblin. Non serve qualcuno come te qui fuori… a meno che tu non voglia affrontarli. Così potremo proseguire."""
NPC_GUARD_RESPONSE_5f86ab76-9f9f-4bff-9129-4de74516e6a2,"""Non ce l'ha ordinato nessuno. È stata una nostra idea, tutto quanto. Lo giuro sul mio posto di guardia.""\n\n\n\n*La guardia deglutisce a fatica, stringendo la lancia come un'ancora di salvezza.*\n\n""Ti prego… valoroso avventuriero, lasciaci andare. Non lo faremo più. Lo giuriamo."""
NPC_GUARD_RESPONSE_74b2ed44-8b35-470f-902d-aac74b7a94ba,"""Abbiamo fatto tutto noi, lo giuro. Il Sindaco non sa niente. Metà delle volte sa a malapena cosa succede fuori dalla sua villa.""\n\n\n\n*La guardia deglutisce a fatica, stringendo la lancia come un'ancora di salvezza.*\n\n""Ti prego… valoroso avventuriero, lasciaci andare. Non lo faremo più. Lo giuriamo."""
NPC_GUARD_RESPONSE_86a9ff45-ad30-4a30-bd34-b8f7caeda43b,"""Sei tu che hai affrontato il Treant corrotto… e il Re Goblin… e quella cosa che chiamano Re della Foresta…""\n\n\n\n*La guardia lancia un'occhiata al mucchio di attrezzatura alle proprie spalle e si sposta per nasconderlo alla vista.*\n\n""Allora… ehm, cosa posso fare per te? Niente grandi bestie da uccidere qui, solo questi Goblin. Non serve qualcuno come te qui fuori… a meno che tu non voglia affrontarli. Così potremo proseguire."""
NPC_GUARD_RESPONSE_b9583f4b-1dc9-4245-92b3-324791949dc8,"""Eh… no, non è… noi volevamo solo… ah, maledizione.""\n\n\n\n*La guardia si affloscia, le spalle si abbassano e le parole escono a fiotti.*\n\n""È solo che… al villaggio ci sono rimaste così poche armi decenti. Non ci danno niente di nuovo da settimane. Dovevamo procurarcele da soli e siamo riusciti a trovare soltanto queste. Ti prego… abbi pietà. La smetteremo. Gli avventurieri possono riavere tutto."""
NPC_GUARD_RESPONSE_c3f2b30e-142f-4eb4-beec-05a84f0e1731,"""Non ci avvicineremo più a Earlwood, lo prometto. Prenderemo il sentiero di Wildwood e spariremo. Grazie… per averci risparmiati."""
NPC_GUARD_RESPONSE_c893c82c-18eb-4d2c-8e80-8853622c4bd3,"""Grazie, davvero. Torneremo a fare le guardie come si deve, lo giuro."""
NPC_GUARD_RESPONSE_d3ec1cfb-7d30-4887-b1b5-94b23fe842df,"""No! Non volevamo fare niente di male, lo giuro. Non è come sembra.""\n\n\n\n*La guardia si affloscia, le spalle si abbassano e le parole escono a fiotti.*\n\n""È solo che… al villaggio ci sono rimaste così poche armi decenti. Non ci danno niente di nuovo da settimane. Dovevamo procurarcele da soli e siamo riusciti a trovare soltanto queste. Ti prego… abbi pietà. La smetteremo. Gli avventurieri possono riavere tutto."""
NPC_GUARD_RESPONSE_e33a528c-2072-4cbb-9057-81fe2f5d41eb,"""Io… immagino sia meglio che morire qui fuori. Ci costituiremo. Andiamo subito. Grazie per la pietà."""
NPC_GUARD_TITLE,Uno degli sciacalli
NPC_HEIMENTHALDRIK_GREETING_1153ff1b-94a1-4891-8b30-b7626a9e7a69,"""Ah. Eccoti qua. Bel posto che hai, amico. Quieto quanto basta per pensare, solido quanto basta per i guai. Un buon rifugio, direi."""
NPC_HEIMENTHALDRIK_GREETING_3db15d7f-bdac-4f33-831a-783af4c99f4f,"*Heimen si illumina mentre ti avvicini.*\n\n""Eh sì, rieccoti. Come va?"""
NPC_HEIMENTHALDRIK_GREETING_45064d29-ef0c-4fff-8384-64d1c6c501da,"*Heimen lascia uscire un lungo respiro; la tensione gli abbandona le spalle, anche se il cuore continua a martellare.*\n\n""Per la pietra e il canto, c'è mancato poco. Hai tenuto duro. Mi aspettavo guai, non un bruto del genere. La corruzione ha sentito il rito e ha risposto coi denti."""
NPC_HEIMENTHALDRIK_GREETING_52e9818e-7490-4b8b-bdbf-4ad42a5dc519,"*Heimen fissa il tronco in silenzio, con la fronte aggrottata, assorto nei pensieri.*"
NPC_HEIMENTHALDRIK_GREETING_9bb2be67-4786-48fa-bbd6-38206ba506da,"""Ah. Finalmente qua. Ho letto tutte le tavolette, piano e con cura. C'è una pista, netta come un segno di scalpello."""
NPC_HEIMENTHALDRIK_GREETING_c3f8b9c1-23a7-41b2-bdf7-97fa7c2ea3f9,"*Sorride apertamente, a braccia conserte, come un bardo che saluta un vecchio amico.*\n\n“Salute a te, straniero! Un po' lontani dalla pietra sicura, eh? Che storia ti porta a vagar per boschi maledetti?”"
NPC_HEIMENTHALDRIK_GREETING_f2e134e0-2071-4d90-9076-c307bcda4661,"*Heimen è assorto nei pensieri mentre ti avvicini; poi ti nota e il viso gli si apre in un sorriso ampio e luminoso.*\n\n""Ah. Di nuovo qua, amico. Ho un favore da chiederti. Continuo a rigirar nella testa questa corruzione, ma è una vena difficile da leggere. Se vogliamo combatterla, dobbiamo conoscerne l'origine e la natura. Chiare come parole sulla pagina."""
NPC_HEIMENTHALDRIK_NAME,Heimen Thaldrik
NPC_HEIMENTHALDRIK_PLAYER_0056fc6b-fc5b-4e86-8cac-1dc4a504406f_BASE,Perché credi che gli spiriti della foresta difendano le rovine?
NPC_HEIMENTHALDRIK_PLAYER_01e38dda-5378-4e85-bca0-7dd5a8d59480_HEROIC,"Sono d'accordo, dobbiamo capire di più. Tu cosa ne pensi?"
NPC_HEIMENTHALDRIK_PLAYER_01e38dda-5378-4e85-bca0-7dd5a8d59480_JOKER,"D'accordo, dobbiamo capirci di più. Qualche idea brillante?"
NPC_HEIMENTHALDRIK_PLAYER_01e38dda-5378-4e85-bca0-7dd5a8d59480_SCHOLAR,"Concordo, occorre approfondire. Quali elementi puoi offrirci?"
NPC_HEIMENTHALDRIK_PLAYER_01e38dda-5378-4e85-bca0-7dd5a8d59480_STOIC,D'accordo. Dobbiamo capire di più. Idee?
NPC_HEIMENTHALDRIK_PLAYER_04de1d7a-8afb-4615-8239-20f49f53ec7b_HEROIC,La storia si arrangi. Io sono qui per la vittoria.
NPC_HEIMENTHALDRIK_PLAYER_04de1d7a-8afb-4615-8239-20f49f53ec7b_JOKER,La storia si tenga pure la gloria. A me interessa la vittoria.
NPC_HEIMENTHALDRIK_PLAYER_04de1d7a-8afb-4615-8239-20f49f53ec7b_SCHOLAR,La storia è un registro da compilare più avanti. La voce che mi interessa è la vittoria.
NPC_HEIMENTHALDRIK_PLAYER_04de1d7a-8afb-4615-8239-20f49f53ec7b_STOIC,Mi interessa la vittoria. Non la storia.
NPC_HEIMENTHALDRIK_PLAYER_0a861f61-c2e6-4ef9-a437-f6d3cc7a6fa4_BASE,"""È questo l'albero?"""
NPC_HEIMENTHALDRIK_PLAYER_0a8fdc8a-563d-4f50-a0a5-b4d82ff274d5_HEROIC,Si scende laggiù per il tesoro. Non per motivi più nobili.
NPC_HEIMENTHALDRIK_PLAYER_0a8fdc8a-563d-4f50-a0a5-b4d82ff274d5_JOKER,Il tesoro è l'unico motivo per cui qualcuno si prende la briga di andarci.
NPC_HEIMENTHALDRIK_PLAYER_0a8fdc8a-563d-4f50-a0a5-b4d82ff274d5_SCHOLAR,Il tesoro rimane l'unica ragione per cui si esplorano luoghi simili.
NPC_HEIMENTHALDRIK_PLAYER_0a8fdc8a-563d-4f50-a0a5-b4d82ff274d5_STOIC,Si esplorano posti simili solo per il tesoro.
NPC_HEIMENTHALDRIK_PLAYER_0d16f0b3-292b-46a4-bf5e-9eae25d24acc_HEROIC,Spero di dimostrarmi all'altezza dei degni.
NPC_HEIMENTHALDRIK_PLAYER_0d16f0b3-292b-46a4-bf5e-9eae25d24acc_JOKER,Speriamo che prima o poi mi mettano in lista fra i degni.
NPC_HEIMENTHALDRIK_PLAYER_0d16f0b3-292b-46a4-bf5e-9eae25d24acc_SCHOLAR,"Degno, secondo il suo criterio. Vorrei capire che cosa richiede."
NPC_HEIMENTHALDRIK_PLAYER_0d16f0b3-292b-46a4-bf5e-9eae25d24acc_STOIC,Spero di diventare uno dei degni.
NPC_HEIMENTHALDRIK_PLAYER_0d84b468-6da0-41da-9691-34a1795859e2_HEROIC,Belle parole. La ricerca è conclusa?
NPC_HEIMENTHALDRIK_PLAYER_0d84b468-6da0-41da-9691-34a1795859e2_JOKER,"Belle parole. Posso smettere di contare gli alberi, adesso?"
NPC_HEIMENTHALDRIK_PLAYER_0d84b468-6da0-41da-9691-34a1795859e2_SCHOLAR,"Una conclusione, dunque. Segna anche il termine della ricerca?"
NPC_HEIMENTHALDRIK_PLAYER_0d84b468-6da0-41da-9691-34a1795859e2_STOIC,Belle parole. È finita?
NPC_HEIMENTHALDRIK_PLAYER_0e3bbf45-54a9-4165-b1ae-65b6a672a38d_HEROIC,"La tua offerta è generosa, ma cosa ti spinge a unirti a me?"
NPC_HEIMENTHALDRIK_PLAYER_0e3bbf45-54a9-4165-b1ae-65b6a672a38d_JOKER,"L'offerta mi tenta, ma perché vuoi attaccare il tuo carro al mio?"
NPC_HEIMENTHALDRIK_PLAYER_0e3bbf45-54a9-4165-b1ae-65b6a672a38d_SCHOLAR,Un'offerta gradita. Ma che vantaggio ricavi dall'unirti a me?
NPC_HEIMENTHALDRIK_PLAYER_0e3bbf45-54a9-4165-b1ae-65b6a672a38d_STOIC,Accetto volentieri l'offerta. Ma perché vuoi unirti a me?
NPC_HEIMENTHALDRIK_PLAYER_0e47803e-2df3-4175-8808-43a8f97018b6_HEROIC,Ho dovuto dare tutto per sopravvivere.
NPC_HEIMENTHALDRIK_PLAYER_0e47803e-2df3-4175-8808-43a8f97018b6_JOKER,C'è mancato un pelo che ci lasciassi la pelle.
NPC_HEIMENTHALDRIK_PLAYER_0e47803e-2df3-4175-8808-43a8f97018b6_SCHOLAR,La sopravvivenza è rimasta incerta fino all'ultimo istante.
NPC_HEIMENTHALDRIK_PLAYER_0e47803e-2df3-4175-8808-43a8f97018b6_STOIC,Ho salvato la pelle per un soffio.
NPC_HEIMENTHALDRIK_PLAYER_135c4df5-5923-4247-86f1-336a01fb0025_HEROIC,A me sembra scontrosa. Dico ciò che vedo.
NPC_HEIMENTHALDRIK_PLAYER_135c4df5-5923-4247-86f1-336a01fb0025_JOKER,"Ruvida, dici? Potrebbe levigare un'asse solo parlandole."
NPC_HEIMENTHALDRIK_PLAYER_135c4df5-5923-4247-86f1-336a01fb0025_SCHOLAR,La definirei scontrosa. Sospetto che lo sia deliberatamente.
NPC_HEIMENTHALDRIK_PLAYER_135c4df5-5923-4247-86f1-336a01fb0025_STOIC,Mi sembra scontrosa.
NPC_HEIMENTHALDRIK_PLAYER_14169791-1879-48c5-a8fb-7d4084071d1d_HEROIC,Ha una determinazione ammirevole. Come si sono incrociate le vostre strade?
NPC_HEIMENTHALDRIK_PLAYER_14169791-1879-48c5-a8fb-7d4084071d1d_JOKER,Ha una volontà di ferro. Come vi siete ritrovati fra i piedi l'uno dell'altra?
NPC_HEIMENTHALDRIK_PLAYER_14169791-1879-48c5-a8fb-7d4084071d1d_SCHOLAR,È indubbiamente risoluta. Come vi siete conosciuti?
NPC_HEIMENTHALDRIK_PLAYER_14169791-1879-48c5-a8fb-7d4084071d1d_STOIC,Ha una volontà forte. Come vi siete incontrati?
NPC_HEIMENTHALDRIK_PLAYER_168f9ea7-7bd0-4d3f-bb92-e14b68d2f6f1_HEROIC,Aiutare era la cosa giusta da fare.
NPC_HEIMENTHALDRIK_PLAYER_168f9ea7-7bd0-4d3f-bb92-e14b68d2f6f1_JOKER,Felice di aiutare. Ne è uscita una storia migliore di tante giornate.
NPC_HEIMENTHALDRIK_PLAYER_168f9ea7-7bd0-4d3f-bb92-e14b68d2f6f1_SCHOLAR,Ne è valsa la pena. Anche per ciò che ho imparato.
NPC_HEIMENTHALDRIK_PLAYER_168f9ea7-7bd0-4d3f-bb92-e14b68d2f6f1_STOIC,Aiuto volentieri.
NPC_HEIMENTHALDRIK_PLAYER_1cd1533a-f5a4-4184-8bd1-047a194f410e_HEROIC,Creare un uovo gigante non sembra affatto saggio.
NPC_HEIMENTHALDRIK_PLAYER_1cd1533a-f5a4-4184-8bd1-047a194f410e_JOKER,"Un uovo gigante. Qualcuno ci credeva davvero, in quella strana idea."
NPC_HEIMENTHALDRIK_PLAYER_1cd1533a-f5a4-4184-8bd1-047a194f410e_SCHOLAR,Un gigantesco uovo di pietra. Mi sfugge la logica del progetto.
NPC_HEIMENTHALDRIK_PLAYER_1cd1533a-f5a4-4184-8bd1-047a194f410e_STOIC,Creare un uovo gigante sembra piuttosto sciocco.
NPC_HEIMENTHALDRIK_PLAYER_1ded470a-1eae-4783-85de-515cf3d29fa4_BASE,Perché rinunciare ai tuoi viaggi?
NPC_HEIMENTHALDRIK_PLAYER_1ef1a160-1b3f-4801-9776-0ad5d3bcbd21_HEROIC,Nulla ha potuto sbarrarmi la strada.
NPC_HEIMENTHALDRIK_PLAYER_1ef1a160-1b3f-4801-9776-0ad5d3bcbd21_JOKER,Si è a malapena degnato di opporre resistenza.
NPC_HEIMENTHALDRIK_PLAYER_1ef1a160-1b3f-4801-9776-0ad5d3bcbd21_SCHOLAR,Nessuna grande difficoltà. Le rovine erano più vuote di quanto suggerisse la loro fama.
NPC_HEIMENTHALDRIK_PLAYER_1ef1a160-1b3f-4801-9776-0ad5d3bcbd21_STOIC,Nulla che non potessi affrontare.
NPC_HEIMENTHALDRIK_PLAYER_21066fae-cee9-40e1-b183-2c2333bfabed_HEROIC,Andiamo avanti e superiamo insieme questa prova.
NPC_HEIMENTHALDRIK_PLAYER_21066fae-cee9-40e1-b183-2c2333bfabed_JOKER,"Avanti, allora. Vediamo in quale rompicapo inciampiamo stavolta."
NPC_HEIMENTHALDRIK_PLAYER_21066fae-cee9-40e1-b183-2c2333bfabed_SCHOLAR,"Continuiamo ad avanzare, poi risolviamo il problema. In quest'ordine."
NPC_HEIMENTHALDRIK_PLAYER_21066fae-cee9-40e1-b183-2c2333bfabed_STOIC,Avanziamo e risolviamo.
NPC_HEIMENTHALDRIK_PLAYER_2336a4c2-7acf-4ad0-b8eb-c7fbbfa84708_HEROIC,Di certo gli dei desiderano il meglio per tutti noi.
NPC_HEIMENTHALDRIK_PLAYER_2336a4c2-7acf-4ad0-b8eb-c7fbbfa84708_JOKER,"Se gli dei vogliono il nostro bene, i loro metodi sono da rivedere."
NPC_HEIMENTHALDRIK_PLAYER_2336a4c2-7acf-4ad0-b8eb-c7fbbfa84708_SCHOLAR,"Gli dei intendono procurarci il bene. Questo, almeno, è il ragionamento."
NPC_HEIMENTHALDRIK_PLAYER_2336a4c2-7acf-4ad0-b8eb-c7fbbfa84708_STOIC,"Credo che, in fondo, gli dei vogliano il nostro bene."
NPC_HEIMENTHALDRIK_PLAYER_24102898-2714-4d5c-bc3f-66c80b20ae3a_BASE,Che aiuto potresti offrire?
NPC_HEIMENTHALDRIK_PLAYER_2553e01f-541a-496c-9c50-30975cc6ccbf_BASE,Il Re della Foresta è stato ucciso.
NPC_HEIMENTHALDRIK_PLAYER_25d76511-f9b0-456b-bf85-86d987b71844_HEROIC,"Hai fallito il tuo compito e ora chiedi il mio aiuto. Risponderò, come il dovere impone."
NPC_HEIMENTHALDRIK_PLAYER_25d76511-f9b0-456b-bf85-86d987b71844_JOKER,"Tu inciampi, io raccolgo i cocci. Il solito accordo. Ci penserò."
NPC_HEIMENTHALDRIK_PLAYER_25d76511-f9b0-456b-bf85-86d987b71844_SCHOLAR,"Hai fallito, e ora il problema è mio. Valuterò se valga la pena risolverlo."
NPC_HEIMENTHALDRIK_PLAYER_25d76511-f9b0-456b-bf85-86d987b71844_STOIC,Hai fallito e ora chiedi aiuto a me. Tipico. Ci penserò.
NPC_HEIMENTHALDRIK_PLAYER_2bf0d2b9-9410-4ffa-8456-e9a2db71ece1_BASE,Come sai che gli elfi combattevano la corruzione?
NPC_HEIMENTHALDRIK_PLAYER_2c99f912-e92e-433d-9f20-7e7029b943aa_HEROIC,"Rimani in un luogo sicuro fino al mio ritorno, anche se dovesse volerci tempo."
NPC_HEIMENTHALDRIK_PLAYER_2c99f912-e92e-433d-9f20-7e7029b943aa_JOKER,Scegli un posto sicuro e cerca di non passare tutta la mia assenza a russare.
NPC_HEIMENTHALDRIK_PLAYER_2c99f912-e92e-433d-9f20-7e7029b943aa_SCHOLAR,Trova una posizione difendibile e attendi. Non posso garantire un ritorno rapido.
NPC_HEIMENTHALDRIK_PLAYER_2c99f912-e92e-433d-9f20-7e7029b943aa_STOIC,Aspettami in un posto sicuro. Potrei metterci un po'.
NPC_HEIMENTHALDRIK_PLAYER_2e379ed1-7a73-4272-b209-a3616e6a8419_HEROIC,"Leggila, Heimen. Ad alta voce."
NPC_HEIMENTHALDRIK_PLAYER_2e379ed1-7a73-4272-b209-a3616e6a8419_JOKER,"Leggila, Heimen. Il poeta sei tu; io portavo solo l'ascia."
NPC_HEIMENTHALDRIK_PLAYER_2e379ed1-7a73-4272-b209-a3616e6a8419_SCHOLAR,"Leggila, Heimen. Ogni parola: la formulazione avrà importanza."
NPC_HEIMENTHALDRIK_PLAYER_2e379ed1-7a73-4272-b209-a3616e6a8419_STOIC,Leggila. Con la tua voce.
NPC_HEIMENTHALDRIK_PLAYER_310967d3-2093-4a2a-8f9b-11fd24806da8_HEROIC,Ne ho viste alcune. Ognuna è davvero affascinante.
NPC_HEIMENTHALDRIK_PLAYER_310967d3-2093-4a2a-8f9b-11fd24806da8_JOKER,"Ne ho viste un paio anch'io. Affascinanti, questo glielo concedo."
NPC_HEIMENTHALDRIK_PLAYER_310967d3-2093-4a2a-8f9b-11fd24806da8_SCHOLAR,Ne ho viste alcune. Ognuna suscita più domande di quante ne risolva.
NPC_HEIMENTHALDRIK_PLAYER_310967d3-2093-4a2a-8f9b-11fd24806da8_STOIC,Ne ho viste un paio. Sono affascinanti.
NPC_HEIMENTHALDRIK_PLAYER_36c89bd5-ea04-465e-8827-3a653426f8b5_BASE,Cosa ti aspetti di trovare in quegli scritti?
NPC_HEIMENTHALDRIK_PLAYER_376cf781-c26b-4a07-a0c1-5a0a637a87ef_BASE,L'hai mai incontrato?
NPC_HEIMENTHALDRIK_PLAYER_37e5a18d-e9ed-43ac-9067-949f3ceaccf5_HEROIC,Ti aiuterò a rintracciare quest'ultimo albero.
NPC_HEIMENTHALDRIK_PLAYER_37e5a18d-e9ed-43ac-9067-949f3ceaccf5_JOKER,Un ultimo albero. Cerchiamo di non farlo diventare una foresta.
NPC_HEIMENTHALDRIK_PLAYER_37e5a18d-e9ed-43ac-9067-949f3ceaccf5_SCHOLAR,"Molto bene. Ne resta uno, dunque. Restringiamo il campo della ricerca."
NPC_HEIMENTHALDRIK_PLAYER_37e5a18d-e9ed-43ac-9067-949f3ceaccf5_STOIC,Va bene. Ti aiuterò a trovare l'ultimo albero.
NPC_HEIMENTHALDRIK_PLAYER_40c21728-c1d9-4e52-abde-88e47aca9bcb_HEROIC,A me continuano a sembrare supposizioni.
NPC_HEIMENTHALDRIK_PLAYER_40c21728-c1d9-4e52-abde-88e47aca9bcb_JOKER,"Sempre ipotesi, allora. La canzone sembra ancora da finire."
NPC_HEIMENTHALDRIK_PLAYER_40c21728-c1d9-4e52-abde-88e47aca9bcb_SCHOLAR,"Stai ancora formulando congetture, e le congetture hanno dei limiti."
NPC_HEIMENTHALDRIK_PLAYER_40c21728-c1d9-4e52-abde-88e47aca9bcb_STOIC,Mi pare che tu stia ancora tirando a indovinare.
NPC_HEIMENTHALDRIK_PLAYER_43687947-05d4-4201-b2ea-287029b8bdf6_BASE,Esci
NPC_HEIMENTHALDRIK_PLAYER_43edd568-3535-4f2a-bfb9-55cebd42b1bf_BASE,Sei entrato nelle caverne occupate dai goblin?
NPC_HEIMENTHALDRIK_PLAYER_45459e06-7487-46b4-a897-a8817e2509be_HEROIC,Accetto la tua offerta. Raggiungimi al Santuario: ti concederò l'accesso attraverso il Varco.
NPC_HEIMENTHALDRIK_PLAYER_45459e06-7487-46b4-a897-a8817e2509be_JOKER,"Ci sto. Ci vediamo al Santuario, e ti apro pure il Varco."
NPC_HEIMENTHALDRIK_PLAYER_45459e06-7487-46b4-a897-a8817e2509be_SCHOLAR,Accetto. Vieni al Santuario. Aprirò il Varco al tuo passaggio.
NPC_HEIMENTHALDRIK_PLAYER_45459e06-7487-46b4-a897-a8817e2509be_STOIC,Accetto l'offerta. Raggiungimi al Santuario. Puoi entrare dal Varco.
NPC_HEIMENTHALDRIK_PLAYER_4816b624-f9b9-4c80-b5f9-c29287e41f94_HEROIC,Vorresti che dedicassi il mio tempo a setacciare rovine per questa causa?
NPC_HEIMENTHALDRIK_PLAYER_4816b624-f9b9-4c80-b5f9-c29287e41f94_JOKER,Quindi il gran piano è farmi perdere tempo a frugare fra vecchie rovine?
NPC_HEIMENTHALDRIK_PLAYER_4816b624-f9b9-4c80-b5f9-c29287e41f94_SCHOLAR,Mi proponi di sprecare tempo passando al setaccio delle rovine?
NPC_HEIMENTHALDRIK_PLAYER_4816b624-f9b9-4c80-b5f9-c29287e41f94_STOIC,Vuoi farmi perdere tempo a setacciare rovine?
NPC_HEIMENTHALDRIK_PLAYER_487bc869-3873-425c-ab6f-e5050524f7cd_HEROIC,Anche tu hai guadagnato la mia fiducia e la mia amicizia.
NPC_HEIMENTHALDRIK_PLAYER_487bc869-3873-425c-ab6f-e5050524f7cd_JOKER,Mi fido anch'io di te. Non farmene pentire.
NPC_HEIMENTHALDRIK_PLAYER_487bc869-3873-425c-ab6f-e5050524f7cd_SCHOLAR,La fiducia è reciproca. Ti considero un amico.
NPC_HEIMENTHALDRIK_PLAYER_487bc869-3873-425c-ab6f-e5050524f7cd_STOIC,Anche tu sei un amico fidato.
NPC_HEIMENTHALDRIK_PLAYER_4ce546e2-89fd-4e70-8cb6-719f684a79c1_HEROIC,Ho aiutato per curiosità. Nient'altro.
NPC_HEIMENTHALDRIK_PLAYER_4ce546e2-89fd-4e70-8cb6-719f684a79c1_JOKER,È stata la curiosità a dare una mano. Io l'ho solo seguita fin qui.
NPC_HEIMENTHALDRIK_PLAYER_4ce546e2-89fd-4e70-8cb6-719f684a79c1_SCHOLAR,"Curiosità, nulla di più nobile. Come quasi sempre."
NPC_HEIMENTHALDRIK_PLAYER_4ce546e2-89fd-4e70-8cb6-719f684a79c1_STOIC,Ho aiutato solo per curiosità.
NPC_HEIMENTHALDRIK_PLAYER_5094ad8e-051e-4b0b-bf2b-194ca81bf35e_HEROIC,Fa' come se fossi a casa tua. Quale scopo ti porta qui?
NPC_HEIMENTHALDRIK_PLAYER_5094ad8e-051e-4b0b-bf2b-194ca81bf35e_JOKER,Fa' come se fossi a casa tua. E quali guai combinerai qui?
NPC_HEIMENTHALDRIK_PLAYER_5094ad8e-051e-4b0b-bf2b-194ca81bf35e_SCHOLAR,Considerala casa tua. Che cosa intendi costruire qui?
NPC_HEIMENTHALDRIK_PLAYER_5094ad8e-051e-4b0b-bf2b-194ca81bf35e_STOIC,Fa' come se fossi a casa tua. Che intenzioni hai?
NPC_HEIMENTHALDRIK_PLAYER_520a9bc0-5d27-4610-a9b1-64e75b1dbdb1_HEROIC,"Restiamo uniti, entrambi pronti ad affrontare il lungo cammino che ci attende."
NPC_HEIMENTHALDRIK_PLAYER_520a9bc0-5d27-4610-a9b1-64e75b1dbdb1_JOKER,Una lunga strada per tutti e due. Spero che il tuo liuto viaggi bene.
NPC_HEIMENTHALDRIK_PLAYER_520a9bc0-5d27-4610-a9b1-64e75b1dbdb1_SCHOLAR,"Lo spero. Un lungo cammino, e nessuno di noi sa dove finirà."
NPC_HEIMENTHALDRIK_PLAYER_520a9bc0-5d27-4610-a9b1-64e75b1dbdb1_STOIC,Ci aspetta un lungo viaggio. Tutti e due.
NPC_HEIMENTHALDRIK_PLAYER_5548ca10-dad2-4380-a5b0-d490bf1fcbb6_HEROIC,"È una tragedia, ma non le permetterò di decidere ciò che verrà dopo."
NPC_HEIMENTHALDRIK_PLAYER_5548ca10-dad2-4380-a5b0-d490bf1fcbb6_JOKER,La tragedia ama tenersi occupata. Peccato che abbia scelto oggi.
NPC_HEIMENTHALDRIK_PLAYER_5548ca10-dad2-4380-a5b0-d490bf1fcbb6_SCHOLAR,"È una tragedia. Un esito deplorevole, benché forse inevitabile."
NPC_HEIMENTHALDRIK_PLAYER_5548ca10-dad2-4380-a5b0-d490bf1fcbb6_STOIC,È una tragedia. Mi pesa che sia finita così.
NPC_HEIMENTHALDRIK_PLAYER_580cd75c-e3f6-4ff4-83e5-4c4f8a7b61fd_HEROIC,Abbattere gli alberi è stato sbagliato. Non ne avevano il diritto.
NPC_HEIMENTHALDRIK_PLAYER_580cd75c-e3f6-4ff4-83e5-4c4f8a7b61fd_JOKER,Tagliare alberi era la loro idea di giustizia. I diritti non erano in programma.
NPC_HEIMENTHALDRIK_PLAYER_580cd75c-e3f6-4ff4-83e5-4c4f8a7b61fd_SCHOLAR,"Non ne avevano il diritto. La necessità spiega l'abbattimento, non lo giustifica."
NPC_HEIMENTHALDRIK_PLAYER_580cd75c-e3f6-4ff4-83e5-4c4f8a7b61fd_STOIC,Non dovevano tagliare gli alberi. Non ne avevano il diritto.
NPC_HEIMENTHALDRIK_PLAYER_58f6f784-7f7c-4c67-9d46-f1d18ba3d4a8_BASE,"Qualunque cosa troverai, spero di essere con te quando accadrà."
NPC_HEIMENTHALDRIK_PLAYER_5aab727b-631d-47d2-8ab7-92e4efe8efeb_HEROIC,Cosa proteggeva Wildwood in passato?
NPC_HEIMENTHALDRIK_PLAYER_5aab727b-631d-47d2-8ab7-92e4efe8efeb_JOKER,Cosa ha tenuto al sicuro Wildwood per tutto quel tempo?
NPC_HEIMENTHALDRIK_PLAYER_5aab727b-631d-47d2-8ab7-92e4efe8efeb_SCHOLAR,Con quali mezzi veniva protetta Wildwood in precedenza?
NPC_HEIMENTHALDRIK_PLAYER_5aab727b-631d-47d2-8ab7-92e4efe8efeb_STOIC,Perché prima Wildwood era protetta?
NPC_HEIMENTHALDRIK_PLAYER_5d1c033a-1f36-4992-9d46-7fd0ca830735_HEROIC,Perché dovrebbe contare che luogo fosse o cosa vi sia accaduto?
NPC_HEIMENTHALDRIK_PLAYER_5d1c033a-1f36-4992-9d46-7fd0ca830735_JOKER,Perché fare tante storie su cos'era quel posto e cosa ci è successo?
NPC_HEIMENTHALDRIK_PLAYER_5d1c033a-1f36-4992-9d46-7fd0ca830735_SCHOLAR,"Quale rilevanza dovrebbero avere, ora, quel luogo e la sua storia?"
NPC_HEIMENTHALDRIK_PLAYER_5d1c033a-1f36-4992-9d46-7fd0ca830735_STOIC,Cosa importa di com'era il posto o di cosa è successo?
NPC_HEIMENTHALDRIK_PLAYER_5e4e8916-2c48-4223-876f-24d5c07f3763_HEROIC,Un luogo tanto bello merita rispetto.
NPC_HEIMENTHALDRIK_PLAYER_5e4e8916-2c48-4223-876f-24d5c07f3763_JOKER,Un bel posto. Di quelli su cui si scrivono canzoni.
NPC_HEIMENTHALDRIK_PLAYER_5e4e8916-2c48-4223-876f-24d5c07f3763_SCHOLAR,"Bello, e costruito perché lo fosse. C'è un'intenzione precisa."
NPC_HEIMENTHALDRIK_PLAYER_5e4e8916-2c48-4223-876f-24d5c07f3763_STOIC,Bel posto.
NPC_HEIMENTHALDRIK_PLAYER_5fdbe017-8ec7-48d6-b3fc-1c65370f9138_HEROIC,È il momento di andare avanti. Cosa farai adesso?
NPC_HEIMENTHALDRIK_PLAYER_5fdbe017-8ec7-48d6-b3fc-1c65370f9138_JOKER,E adesso? Sarà più sicuro dell'ultima trovata?
NPC_HEIMENTHALDRIK_PLAYER_5fdbe017-8ec7-48d6-b3fc-1c65370f9138_SCHOLAR,"Quale sarà il passo successivo, per te nello specifico?"
NPC_HEIMENTHALDRIK_PLAYER_5fdbe017-8ec7-48d6-b3fc-1c65370f9138_STOIC,Cosa farai ora?
NPC_HEIMENTHALDRIK_PLAYER_609e5177-a0a1-4714-a3e4-a1c372e2a11b_HEROIC,Dimmi ciò che sai del rito.
NPC_HEIMENTHALDRIK_PLAYER_609e5177-a0a1-4714-a3e4-a1c372e2a11b_JOKER,"Qual è la storia di questo rito, allora?"
NPC_HEIMENTHALDRIK_PLAYER_609e5177-a0a1-4714-a3e4-a1c372e2a11b_SCHOLAR,Potresti descrivere il rito più in dettaglio?
NPC_HEIMENTHALDRIK_PLAYER_609e5177-a0a1-4714-a3e4-a1c372e2a11b_STOIC,Parlami del rito.
NPC_HEIMENTHALDRIK_PLAYER_610fa4ca-6452-4937-a207-05361cc4a4e0_HEROIC,"Dimostra la tua forza, e forse prevarremo."
NPC_HEIMENTHALDRIK_PLAYER_610fa4ca-6452-4937-a207-05361cc4a4e0_JOKER,Dimostra che non sei solo chiacchiere. Magari evitiamo di cascare a faccia in giù.
NPC_HEIMENTHALDRIK_PLAYER_610fa4ca-6452-4937-a207-05361cc4a4e0_SCHOLAR,Dimostra ciò che sai fare. Il successo tende a seguire le prove concrete.
NPC_HEIMENTHALDRIK_PLAYER_610fa4ca-6452-4937-a207-05361cc4a4e0_STOIC,Dimostra il tuo valore. Forse riusciremo.
NPC_HEIMENTHALDRIK_PLAYER_63fd9a6a-2c90-4d9d-a6fc-4dc88fd974e0_HEROIC,Ho controllato gli alberi. Non ho trovato nulla.
NPC_HEIMENTHALDRIK_PLAYER_63fd9a6a-2c90-4d9d-a6fc-4dc88fd974e0_JOKER,Gli alberi sono vuoti quanto la mia borsa. Niente di niente.
NPC_HEIMENTHALDRIK_PLAYER_63fd9a6a-2c90-4d9d-a6fc-4dc88fd974e0_SCHOLAR,"Ho esaminato ogni albero. Qualunque cosa ci fosse scritta è scomparsa, oppure non c'è mai stata."
NPC_HEIMENTHALDRIK_PLAYER_63fd9a6a-2c90-4d9d-a6fc-4dc88fd974e0_STOIC,Alberi controllati. Niente.
NPC_HEIMENTHALDRIK_PLAYER_67ef6576-9177-4949-bac6-db980939633d_HEROIC,"Ti lascio tornare alla lettura, allora. Fanne buon uso."
NPC_HEIMENTHALDRIK_PLAYER_67ef6576-9177-4949-bac6-db980939633d_JOKER,Ti lascio alla lettura. Cerca di non divorare tutto in un boccone.
NPC_HEIMENTHALDRIK_PLAYER_67ef6576-9177-4949-bac6-db980939633d_SCHOLAR,Ti lascio al lavoro. Leggi con attenzione: i dettagli conteranno.
NPC_HEIMENTHALDRIK_PLAYER_67ef6576-9177-4949-bac6-db980939633d_STOIC,"Ti lascio leggere, allora."
NPC_HEIMENTHALDRIK_PLAYER_6a24e083-3121-493e-8a5b-147882a59e0a_BASE,"""Perché avrebbe scritto una poesia sotto la corteccia?"""
NPC_HEIMENTHALDRIK_PLAYER_6be84f9b-a485-424f-9282-a247e7375d8a_HEROIC,Parla chiaro. Di cosa hai bisogno?
NPC_HEIMENTHALDRIK_PLAYER_6be84f9b-a485-424f-9282-a247e7375d8a_JOKER,"""Una compagnia insolita."" Che carino. Che cosa vuoi?"
NPC_HEIMENTHALDRIK_PLAYER_6be84f9b-a485-424f-9282-a247e7375d8a_SCHOLAR,"Insolita, forse. Ma veniamo al punto: di cosa si tratta?"
NPC_HEIMENTHALDRIK_PLAYER_6be84f9b-a485-424f-9282-a247e7375d8a_STOIC,Parla chiaro. Che c'è?
NPC_HEIMENTHALDRIK_PLAYER_6cf4c217-232f-4a40-9b9f-61ffdaf62749_HEROIC,"Mi rifiuto di rimuginarci. Continuo ad avanzare, senza fermarmi."
NPC_HEIMENTHALDRIK_PLAYER_6cf4c217-232f-4a40-9b9f-61ffdaf62749_JOKER,Pensare mi rallenta. Il trucco è continuare a muoversi.
NPC_HEIMENTHALDRIK_PLAYER_6cf4c217-232f-4a40-9b9f-61ffdaf62749_SCHOLAR,La riflessione può attendere. L'azione è l'unica risposta di cui mi fidi.
NPC_HEIMENTHALDRIK_PLAYER_6cf4c217-232f-4a40-9b9f-61ffdaf62749_STOIC,Non ci penso. Continuo a muovermi.
NPC_HEIMENTHALDRIK_PLAYER_6dc652d7-de5e-4b35-9f24-f511e8697b89_HEROIC,"Ti raggiungerò, Heimen. Puoi contarci."
NPC_HEIMENTHALDRIK_PLAYER_6dc652d7-de5e-4b35-9f24-f511e8697b89_JOKER,"Non fare tardi, Heimen. Ci vediamo lì."
NPC_HEIMENTHALDRIK_PLAYER_6dc652d7-de5e-4b35-9f24-f511e8697b89_SCHOLAR,"Sarò lì, Heimen, con tempo sufficiente per le domande."
NPC_HEIMENTHALDRIK_PLAYER_6dc652d7-de5e-4b35-9f24-f511e8697b89_STOIC,"Ci vediamo lì, Heimen."
NPC_HEIMENTHALDRIK_PLAYER_722005f5-1699-445f-8059-6436984f30b7_BASE,Cosa pensi di Saqi?
NPC_HEIMENTHALDRIK_PLAYER_733e6bbe-fe52-4361-81b3-d3587a4709b4_BASE,Quali pericoli devo aspettarmi?
NPC_HEIMENTHALDRIK_PLAYER_7474d6e1-fdbd-416f-8556-c9df3990b4ff_BASE,Cos'è l'era imperiale elfica?
NPC_HEIMENTHALDRIK_PLAYER_74b9261b-9ffe-49eb-b564-06826e25792d_HEROIC,Devono esservi accaduti eventi dolorosi.
NPC_HEIMENTHALDRIK_PLAYER_74b9261b-9ffe-49eb-b564-06826e25792d_JOKER,"Lì è successo qualcosa di brutto, e le pietre si tengono la bocca chiusa."
NPC_HEIMENTHALDRIK_PLAYER_74b9261b-9ffe-49eb-b564-06826e25792d_SCHOLAR,"Una tragedia, quasi certamente. I luoghi conservano quel genere di memoria."
NPC_HEIMENTHALDRIK_PLAYER_74b9261b-9ffe-49eb-b564-06826e25792d_STOIC,Dev'essere successo qualcosa di tragico.
NPC_HEIMENTHALDRIK_PLAYER_78d8a604-8a94-4ae9-9c71-5add38928fc6_HEROIC,"Spinge tutti a parlare, ma c'è chi desidera essere lasciato in pace."
NPC_HEIMENTHALDRIK_PLAYER_78d8a604-8a94-4ae9-9c71-5add38928fc6_JOKER,"Fa chiacchierare chiunque, anche chi vorrebbe starsene per conto suo."
NPC_HEIMENTHALDRIK_PLAYER_78d8a604-8a94-4ae9-9c71-5add38928fc6_SCHOLAR,Induce tutti a conversare. Ma certe porte preferiscono restare chiuse.
NPC_HEIMENTHALDRIK_PLAYER_78d8a604-8a94-4ae9-9c71-5add38928fc6_STOIC,Costringe tutti a parlare. Alcuni vogliono stare soli.
NPC_HEIMENTHALDRIK_PLAYER_7942bb7d-0b9b-4759-b6e3-e45b3a484651_HEROIC,"Credo che gli dei siano duri, e forse in fondo importa loro ben poco di noi."
NPC_HEIMENTHALDRIK_PLAYER_7942bb7d-0b9b-4759-b6e3-e45b3a484651_JOKER,Gli dei hanno un talento per la crudeltà. Oppure non si prendono nemmeno il disturbo di guardarci.
NPC_HEIMENTHALDRIK_PLAYER_7942bb7d-0b9b-4759-b6e3-e45b3a484651_SCHOLAR,"Gli dei sono crudeli, oppure indifferenti. In entrambi i casi, siamo soli."
NPC_HEIMENTHALDRIK_PLAYER_7942bb7d-0b9b-4759-b6e3-e45b3a484651_STOIC,Gli dei sono crudeli. O semplicemente indifferenti.
NPC_HEIMENTHALDRIK_PLAYER_79f07a96-2c83-41ca-af44-fe39c5cf0acb_BASE,Hai trovato qualcos'altro di interessante nelle tavolette elfiche?
NPC_HEIMENTHALDRIK_PLAYER_7b2e9c1d-4f6a-8d3e-0c5f-1a9b4d7c2e6f_BASE,Ho trovato degli antichi testi fra le rovine.
NPC_HEIMENTHALDRIK_PLAYER_7c816937-a720-42ce-9c58-92faa6fb7f9a_HEROIC,"Insegui ombre, e le ombre non si stancano."
NPC_HEIMENTHALDRIK_PLAYER_7c816937-a720-42ce-9c58-92faa6fb7f9a_JOKER,Inseguire ombre è un ottimo modo per sprecare la luce del giorno.
NPC_HEIMENTHALDRIK_PLAYER_7c816937-a720-42ce-9c58-92faa6fb7f9a_SCHOLAR,"Insegui ombre, e le ombre non hanno fine."
NPC_HEIMENTHALDRIK_PLAYER_7c816937-a720-42ce-9c58-92faa6fb7f9a_STOIC,Insegui ombre. Senza una fine in vista.
NPC_HEIMENTHALDRIK_PLAYER_83792b87-bb12-4a14-a6d1-83eacdc8ae84_HEROIC,Forse la perdita della poesia è il messaggio che ci ha lasciato.
NPC_HEIMENTHALDRIK_PLAYER_83792b87-bb12-4a14-a6d1-83eacdc8ae84_JOKER,Forse il punto era proprio perdere la poesia. Una battuta piuttosto macabra.
NPC_HEIMENTHALDRIK_PLAYER_83792b87-bb12-4a14-a6d1-83eacdc8ae84_SCHOLAR,Allora la perdita stessa era il messaggio che voleva farci leggere.
NPC_HEIMENTHALDRIK_PLAYER_83792b87-bb12-4a14-a6d1-83eacdc8ae84_STOIC,"Forse il suo messaggio per te, per noi, era la tragedia di perdere la poesia."
NPC_HEIMENTHALDRIK_PLAYER_84b37c9c-687a-43e9-8d7d-e410f24e8a91_BASE,Sembra che tu sappia molto degli antichi elfi.
NPC_HEIMENTHALDRIK_PLAYER_865d8043-4dcd-4314-8807-6e842bfd4a95_HEROIC,Oggi ho poca gentilezza da offrire. Dimmi il compito.
NPC_HEIMENTHALDRIK_PLAYER_865d8043-4dcd-4314-8807-6e842bfd4a95_JOKER,La gentilezza si paga a parte. Qual è il lavoro?
NPC_HEIMENTHALDRIK_PLAYER_865d8043-4dcd-4314-8807-6e842bfd4a95_SCHOLAR,"Lasciamo da parte la gentilezza. Qual è il compito, esattamente?"
NPC_HEIMENTHALDRIK_PLAYER_865d8043-4dcd-4314-8807-6e842bfd4a95_STOIC,La gentilezza scarseggia. Qual è il lavoro?
NPC_HEIMENTHALDRIK_PLAYER_89324c22-ecda-4531-b9d2-f00d6d631987_HEROIC,"Non posso dirlo con certezza, ma la speranza rimane."
NPC_HEIMENTHALDRIK_PLAYER_89324c22-ecda-4531-b9d2-f00d6d631987_JOKER,Difficile dirlo. La speranza zoppica avanti lo stesso.
NPC_HEIMENTHALDRIK_PLAYER_89324c22-ecda-4531-b9d2-f00d6d631987_SCHOLAR,Da qui non possiamo saperlo. Ma lo spero.
NPC_HEIMENTHALDRIK_PLAYER_89324c22-ecda-4531-b9d2-f00d6d631987_STOIC,Non so dirlo. Lo spero.
NPC_HEIMENTHALDRIK_PLAYER_93a49df2-4de3-48fa-a4cc-0e5d49911e7e_BASE,"""Perché gli abitanti del villaggio hanno abbattuto l'albero?"""
NPC_HEIMENTHALDRIK_PLAYER_9c5d745a-ee16-442a-b62b-17dc631d956b_HEROIC,Siamo noi a decidere cosa diventa la storia. La scrivono le nostre mani.
NPC_HEIMENTHALDRIK_PLAYER_9c5d745a-ee16-442a-b62b-17dc631d956b_JOKER,"La storia è quello che decidiamo di scarabocchiare, nel bene e nel male."
NPC_HEIMENTHALDRIK_PLAYER_9c5d745a-ee16-442a-b62b-17dc631d956b_SCHOLAR,La storia è ciò che i sopravvissuti concordano di mettere per iscritto.
NPC_HEIMENTHALDRIK_PLAYER_9c5d745a-ee16-442a-b62b-17dc631d956b_STOIC,La storia è ciò che scegliamo di farne.
NPC_HEIMENTHALDRIK_PLAYER_9f320364-4e5f-49c1-93f7-dd8fce9834e4_HEROIC,Consigli e canzoni. Bene. Il Varco ti condurrà al Santuario; ti aprirò il passaggio.
NPC_HEIMENTHALDRIK_PLAYER_9f320364-4e5f-49c1-93f7-dd8fce9834e4_JOKER,Consigli e motivetti. Ho assunto di peggio. Il Varco è tuo; cerca di non cantarci dentro.
NPC_HEIMENTHALDRIK_PLAYER_9f320364-4e5f-49c1-93f7-dd8fce9834e4_SCHOLAR,I libri degli incantesimi sono l'elemento decisivo. Il Santuario si trova oltre un Varco; ti sintonizzerò con esso.
NPC_HEIMENTHALDRIK_PLAYER_9f320364-4e5f-49c1-93f7-dd8fce9834e4_STOIC,Bene. Al Santuario si arriva tramite un Varco. Ti darò accesso.
NPC_HEIMENTHALDRIK_PLAYER_9fb82df3-420d-493e-a677-6172bb40b8fc_HEROIC,Assicurati soltanto di fare la tua parte qui.
NPC_HEIMENTHALDRIK_PLAYER_9fb82df3-420d-493e-a677-6172bb40b8fc_JOKER,Basta che non ti presenti a mani vuote.
NPC_HEIMENTHALDRIK_PLAYER_9fb82df3-420d-493e-a677-6172bb40b8fc_SCHOLAR,Assicurati di offrire qualcosa che manchi al resto di noi.
NPC_HEIMENTHALDRIK_PLAYER_9fb82df3-420d-493e-a677-6172bb40b8fc_STOIC,Assicurati di avere qualcosa da dare.
NPC_HEIMENTHALDRIK_PLAYER_a14e2b86-f021-418d-916c-8340763771df_HEROIC,Avresti dovuto combattere al mio fianco.
NPC_HEIMENTHALDRIK_PLAYER_a14e2b86-f021-418d-916c-8340763771df_JOKER,Una manina durante lo scontro non avrebbe guastato.
NPC_HEIMENTHALDRIK_PLAYER_a14e2b86-f021-418d-916c-8340763771df_SCHOLAR,"Mi hai guardato combattere. C'erano altre due mani disponibili, rimaste inutilizzate."
NPC_HEIMENTHALDRIK_PLAYER_a14e2b86-f021-418d-916c-8340763771df_STOIC,Potevi aiutarmi a combattere.
NPC_HEIMENTHALDRIK_PLAYER_a14f65e4-8f52-40e4-b7d5-021a591933c1_HEROIC,Il mio scopo riguarda me. Ma cosa guida te?
NPC_HEIMENTHALDRIK_PLAYER_a14f65e4-8f52-40e4-b7d5-021a591933c1_JOKER,I miei scopi sono affar mio. E tu chi saresti?
NPC_HEIMENTHALDRIK_PLAYER_a14f65e4-8f52-40e4-b7d5-021a591933c1_SCHOLAR,"Il mio scopo è una questione personale. E tu, come ti chiami?"
NPC_HEIMENTHALDRIK_PLAYER_a14f65e4-8f52-40e4-b7d5-021a591933c1_STOIC,Il mio scopo riguarda me. Tu chi sei?
NPC_HEIMENTHALDRIK_PLAYER_a68a0dd2-1b27-4fc5-bf68-8d9265e2d0cb_BASE,"""Cos'è stata la Purga Elfica?"""
NPC_HEIMENTHALDRIK_PLAYER_a729770e-4ceb-4504-8af4-9a7a44cc04c5_HEROIC,"Le tue riflessioni non servono a nulla, qui. Esprimiti con chiarezza."
NPC_HEIMENTHALDRIK_PLAYER_a729770e-4ceb-4504-8af4-9a7a44cc04c5_JOKER,"Tanti pensieri, poca utilità. Dillo e basta."
NPC_HEIMENTHALDRIK_PLAYER_a729770e-4ceb-4504-8af4-9a7a44cc04c5_SCHOLAR,Le tue riflessioni non ci portano da nessuna parte. Esponi la versione semplice.
NPC_HEIMENTHALDRIK_PLAYER_a729770e-4ceb-4504-8af4-9a7a44cc04c5_STOIC,Le tue riflessioni non mi servono. Parla chiaro.
NPC_HEIMENTHALDRIK_PLAYER_a87b3b77-7c7e-4d75-a148-01e283b862fe_HEROIC,Credi davvero che qui possano bastare un liuto e qualche parola?
NPC_HEIMENTHALDRIK_PLAYER_a87b3b77-7c7e-4d75-a148-01e283b862fe_JOKER,Pensi di salvare la giornata con un liuto e due belle frasi?
NPC_HEIMENTHALDRIK_PLAYER_a87b3b77-7c7e-4d75-a148-01e283b862fe_SCHOLAR,Un liuto e delle parole. Quali risultati concreti possono ottenere qui?
NPC_HEIMENTHALDRIK_PLAYER_a87b3b77-7c7e-4d75-a148-01e283b862fe_STOIC,"Sarai utile, con solo un liuto e delle parole?"
NPC_HEIMENTHALDRIK_PLAYER_aa1e9ea5-d207-4156-84d0-c9ac0fa27966_BASE,A cosa stai pensando?
NPC_HEIMENTHALDRIK_PLAYER_aab47d97-bf0f-40a1-a2ce-93b68daf462c_HEROIC,"Mi aggrappo alla speranza, anche se la certezza mi sfugge."
NPC_HEIMENTHALDRIK_PLAYER_aab47d97-bf0f-40a1-a2ce-93b68daf462c_JOKER,Lo spero. Ma non ci scommetterei gli stivali.
NPC_HEIMENTHALDRIK_PLAYER_aab47d97-bf0f-40a1-a2ce-93b68daf462c_SCHOLAR,Lo spero. La certezza è un'altra questione.
NPC_HEIMENTHALDRIK_PLAYER_aab47d97-bf0f-40a1-a2ce-93b68daf462c_STOIC,Resta la speranza. Nessuna certezza.
NPC_HEIMENTHALDRIK_PLAYER_aafba81e-ca48-44d0-8c71-80337b1e1b45_HEROIC,"Credo che sia il nucleo, e che non possa essere sconfitto."
NPC_HEIMENTHALDRIK_PLAYER_aafba81e-ca48-44d0-8c71-80337b1e1b45_JOKER,È il nucleo. Nessuno batte il nucleo: è un po' questo il punto.
NPC_HEIMENTHALDRIK_PLAYER_aafba81e-ca48-44d0-8c71-80337b1e1b45_SCHOLAR,"Se è il nucleo, allora non può essere sconfitto in alcun modo."
NPC_HEIMENTHALDRIK_PLAYER_aafba81e-ca48-44d0-8c71-80337b1e1b45_STOIC,È il nucleo. Non può essere sconfitto.
NPC_HEIMENTHALDRIK_PLAYER_b086aaf4-590a-4081-8655-5b4163abedda_BASE,La corruzione esiste da così tanto tempo?
NPC_HEIMENTHALDRIK_PLAYER_b349c635-f140-4122-bf3e-107f7ae8fa97_HEROIC,Ciò che viene dopo dà significato all'azione.
NPC_HEIMENTHALDRIK_PLAYER_b349c635-f140-4122-bf3e-107f7ae8fa97_JOKER,"Buffo, la storia ricorda solo quel che viene dopo. Il disastro finisce sotto il tappeto."
NPC_HEIMENTHALDRIK_PLAYER_b349c635-f140-4122-bf3e-107f7ae8fa97_SCHOLAR,"La storia prende forma dalle conseguenze, mai dall'istante in sé."
NPC_HEIMENTHALDRIK_PLAYER_b349c635-f140-4122-bf3e-107f7ae8fa97_STOIC,La storia la plasma ciò che viene dopo.
NPC_HEIMENTHALDRIK_PLAYER_b37444ab-865a-4e64-a02c-2b85d74d5a89_BASE,Che musica sai suonare?
NPC_HEIMENTHALDRIK_PLAYER_b5c1666a-5ac8-4aa2-9cd6-ff73a8a3dcb1_HEROIC,"Qual è il problema, e come posso porvi fine?"
NPC_HEIMENTHALDRIK_PLAYER_b5c1666a-5ac8-4aa2-9cd6-ff73a8a3dcb1_JOKER,"Cosa c'è da fare, e quanto fango mi toccherà addosso?"
NPC_HEIMENTHALDRIK_PLAYER_b5c1666a-5ac8-4aa2-9cd6-ff73a8a3dcb1_SCHOLAR,"Qual è il compito, e cosa richiede da parte mia?"
NPC_HEIMENTHALDRIK_PLAYER_b5c1666a-5ac8-4aa2-9cd6-ff73a8a3dcb1_STOIC,In cosa ti serve aiuto?
NPC_HEIMENTHALDRIK_PLAYER_b81eeb17-5086-4592-90ff-a789713e5cdf_HEROIC,Hai dimostrato vera fermezza sotto pressione. Hai agito bene.
NPC_HEIMENTHALDRIK_PLAYER_b81eeb17-5086-4592-90ff-a789713e5cdf_JOKER,Niente male. Hai retto meglio di tanti altri.
NPC_HEIMENTHALDRIK_PLAYER_b81eeb17-5086-4592-90ff-a789713e5cdf_SCHOLAR,Hai mantenuto la calma quando contava. Non tutti ci riescono.
NPC_HEIMENTHALDRIK_PLAYER_b81eeb17-5086-4592-90ff-a789713e5cdf_STOIC,Hai fatto bene. Hai tenuto la testa sotto pressione.
NPC_HEIMENTHALDRIK_PLAYER_b92db85a-3d6f-4a5f-895b-b50b46d7540d_HEROIC,Una pratica simile va contrastata e cambiata.
NPC_HEIMENTHALDRIK_PLAYER_b92db85a-3d6f-4a5f-895b-b50b46d7540d_JOKER,Una pratica orribile. Perfino la pietra sembra vergognarsene.
NPC_HEIMENTHALDRIK_PLAYER_b92db85a-3d6f-4a5f-895b-b50b46d7540d_SCHOLAR,"Una pratica orribile, aggravata dal fatto di essere deliberata."
NPC_HEIMENTHALDRIK_PLAYER_b92db85a-3d6f-4a5f-895b-b50b46d7540d_STOIC,Una pratica sinistra.
NPC_HEIMENTHALDRIK_PLAYER_ba00f069-f4c3-4485-af02-b0fa09094b83_HEROIC,Eccellente. Che cosa hai scoperto?
NPC_HEIMENTHALDRIK_PLAYER_ba00f069-f4c3-4485-af02-b0fa09094b83_JOKER,Promette bene. Cos'hai tirato fuori?
NPC_HEIMENTHALDRIK_PLAYER_ba00f069-f4c3-4485-af02-b0fa09094b83_SCHOLAR,Splendido. Che cosa hanno rivelato i testi?
NPC_HEIMENTHALDRIK_PLAYER_ba00f069-f4c3-4485-af02-b0fa09094b83_STOIC,Bene. Cos'hai trovato?
NPC_HEIMENTHALDRIK_PLAYER_bab4ea36-2c9c-4f12-98a9-a40e2f9bf415_HEROIC,Perlustrerò le rovine e riporterò le tavolette.
NPC_HEIMENTHALDRIK_PLAYER_bab4ea36-2c9c-4f12-98a9-a40e2f9bf415_JOKER,È ora di vedere cosa nascondono le rovine. Le tavolette verranno a casa con me.
NPC_HEIMENTHALDRIK_PLAYER_bab4ea36-2c9c-4f12-98a9-a40e2f9bf415_SCHOLAR,"Esaminerò le rovine. Se vi si conservano delle tavolette, le avrai."
NPC_HEIMENTHALDRIK_PLAYER_bab4ea36-2c9c-4f12-98a9-a40e2f9bf415_STOIC,Cercherò fra le rovine e tornerò con le tavolette.
NPC_HEIMENTHALDRIK_PLAYER_bae4a1d5-8a4b-4759-8e73-a27e7f72ccc7_BASE,Da quanto tempo conosci Earlwood?
NPC_HEIMENTHALDRIK_PLAYER_bb1ea220-bf5a-47e9-a6c8-d95dd929d592_HEROIC,È strano trovare rovine laggiù. Ancora più strano lasciarle inesplorate.
NPC_HEIMENTHALDRIK_PLAYER_bb1ea220-bf5a-47e9-a6c8-d95dd929d592_JOKER,"Che stranezza, caverne piene di rovine. Qualcuno costruiva verso il basso con grande ottimismo."
NPC_HEIMENTHALDRIK_PLAYER_bb1ea220-bf5a-47e9-a6c8-d95dd929d592_SCHOLAR,Rimane insolito che le rovine occupino una parte tanto ampia delle caverne.
NPC_HEIMENTHALDRIK_PLAYER_bb1ea220-bf5a-47e9-a6c8-d95dd929d592_STOIC,Strano che le caverne siano piene di rovine.
NPC_HEIMENTHALDRIK_PLAYER_bc90616e-fdbf-4240-a898-6a034e2be517_HEROIC,"È un'opera davvero interessante, degna di rispetto."
NPC_HEIMENTHALDRIK_PLAYER_bc90616e-fdbf-4240-a898-6a034e2be517_JOKER,Un pezzo interessante. Decisamente non il solito sasso.
NPC_HEIMENTHALDRIK_PLAYER_bc90616e-fdbf-4240-a898-6a034e2be517_SCHOLAR,Un'opera interessante. La fattura solleva domande che meritano una risposta.
NPC_HEIMENTHALDRIK_PLAYER_bc90616e-fdbf-4240-a898-6a034e2be517_STOIC,Un'opera molto interessante.
NPC_HEIMENTHALDRIK_PLAYER_bd4ba6a6-427c-4085-83ab-4a20e8468247_HEROIC,Cosa ti dà fiducia nella riuscita di questo rito?
NPC_HEIMENTHALDRIK_PLAYER_bd4ba6a6-427c-4085-83ab-4a20e8468247_JOKER,Cosa ti fa puntare su questo rito invece che sulle altre cause perse?
NPC_HEIMENTHALDRIK_PLAYER_bd4ba6a6-427c-4085-83ab-4a20e8468247_SCHOLAR,Quali prove indicano che il rito funzionerà? I testi antichi esagerano.
NPC_HEIMENTHALDRIK_PLAYER_bd4ba6a6-427c-4085-83ab-4a20e8468247_STOIC,Cosa ti fa pensare che il rito funzionerà?
NPC_HEIMENTHALDRIK_PLAYER_bedb904d-8bd6-4830-a468-33f5d8de6d91_HEROIC,Capisco. Ti sei meritato il tuo posto nella squadra.
NPC_HEIMENTHALDRIK_PLAYER_bedb904d-8bd6-4830-a468-33f5d8de6d91_JOKER,Capito. Spero che la squadra sia pronta a un po' di movimento.
NPC_HEIMENTHALDRIK_PLAYER_bedb904d-8bd6-4830-a468-33f5d8de6d91_SCHOLAR,Capisco. Ti accolgo volentieri. Le tue competenze troveranno impiego qui.
NPC_HEIMENTHALDRIK_PLAYER_bedb904d-8bd6-4830-a468-33f5d8de6d91_STOIC,Capito. Benvenuto nella squadra.
NPC_HEIMENTHALDRIK_PLAYER_c1a03617-ded7-4be1-8171-322beb50e4df_HEROIC,"Ne resta poco, ma ciò che rimane conta ancora."
NPC_HEIMENTHALDRIK_PLAYER_c1a03617-ded7-4be1-8171-322beb50e4df_JOKER,Ne resta a malapena qualcosa. Il tempo contratta duro.
NPC_HEIMENTHALDRIK_PLAYER_c1a03617-ded7-4be1-8171-322beb50e4df_SCHOLAR,Ormai ne resta poco. Una rovina tanto completa richiede secoli.
NPC_HEIMENTHALDRIK_PLAYER_c1a03617-ded7-4be1-8171-322beb50e4df_STOIC,Non ne resta molto.
NPC_HEIMENTHALDRIK_PLAYER_c35ea0ed-644e-43a4-ac58-bb76ab8a6ca9_HEROIC,Che cosa farai concretamente per il villaggio?
NPC_HEIMENTHALDRIK_PLAYER_c35ea0ed-644e-43a4-ac58-bb76ab8a6ca9_JOKER,Qual è il piano per il villaggio? Qualcosa in versi?
NPC_HEIMENTHALDRIK_PLAYER_c35ea0ed-644e-43a4-ac58-bb76ab8a6ca9_SCHOLAR,"Che cosa intendi fare per il villaggio, nello specifico?"
NPC_HEIMENTHALDRIK_PLAYER_c35ea0ed-644e-43a4-ac58-bb76ab8a6ca9_STOIC,Cosa pensi di fare per il villaggio?
NPC_HEIMENTHALDRIK_PLAYER_c6f68531-449b-4fdf-88aa-57cb2833b690_BASE,Hai visto quelle rovine elfiche nel cuore della foresta?
NPC_HEIMENTHALDRIK_PLAYER_c9fd6c98-c942-4f38-9b84-79052d84450b_HEROIC,Per sopravvivere dovevano agire. Questo giustifica la loro scelta.
NPC_HEIMENTHALDRIK_PLAYER_c9fd6c98-c942-4f38-9b84-79052d84450b_JOKER,"Prima si sopravvive, poi si trovano le giustificazioni. Pare funzioni così."
NPC_HEIMENTHALDRIK_PLAYER_c9fd6c98-c942-4f38-9b84-79052d84450b_SCHOLAR,Hanno abbattuto per sopravvivere. La sopravvivenza costituisce di per sé un'autorizzazione.
NPC_HEIMENTHALDRIK_PLAYER_c9fd6c98-c942-4f38-9b84-79052d84450b_STOIC,L'hanno fatto per sopravvivere. È giustificato.
NPC_HEIMENTHALDRIK_PLAYER_cbacba2d-2cf5-4875-b954-9569fef26f44_BASE,Mi fa piacere che possiamo passare più tempo insieme.
NPC_HEIMENTHALDRIK_PLAYER_cc3b089d-2aec-4fd5-8667-8389b0ae1f13_HEROIC,Per quale scopo le rovine sono state nascoste sotto terra?
NPC_HEIMENTHALDRIK_PLAYER_cc3b089d-2aec-4fd5-8667-8389b0ae1f13_JOKER,Chi ha pensato che seppellire le rovine fosse una grande idea?
NPC_HEIMENTHALDRIK_PLAYER_cc3b089d-2aec-4fd5-8667-8389b0ae1f13_SCHOLAR,Perché costruire così in profondità? Non si seppellisce una città senza motivo.
NPC_HEIMENTHALDRIK_PLAYER_cc3b089d-2aec-4fd5-8667-8389b0ae1f13_STOIC,Perché le rovine sono sottoterra?
NPC_HEIMENTHALDRIK_PLAYER_cf912ff5-5f43-4fe9-9bda-a923ae40d41a_HEROIC,"Sì, è fra le persone più ospitali che abbia mai incontrato."
NPC_HEIMENTHALDRIK_PLAYER_cf912ff5-5f43-4fe9-9bda-a923ae40d41a_JOKER,"Sì, mai conosciuta un'anima più ospitale. Darebbe il benvenuto a un assedio."
NPC_HEIMENTHALDRIK_PLAYER_cf912ff5-5f43-4fe9-9bda-a923ae40d41a_SCHOLAR,Sì. Poche persone che ho incontrato sanno offrire un'accoglienza tanto completa.
NPC_HEIMENTHALDRIK_PLAYER_cf912ff5-5f43-4fe9-9bda-a923ae40d41a_STOIC,Sì. È una delle persone più ospitali che conosca.
NPC_HEIMENTHALDRIK_PLAYER_d06074cf-20fd-47b5-bbc9-ebd7cc0ddc1c_HEROIC,Porta le tue capacità. Fiducia e amicizia sono un peso in più.
NPC_HEIMENTHALDRIK_PLAYER_d06074cf-20fd-47b5-bbc9-ebd7cc0ddc1c_JOKER,Le capacità bastano. L'amicizia è un lusso di cui possiamo fare a meno.
NPC_HEIMENTHALDRIK_PLAYER_d06074cf-20fd-47b5-bbc9-ebd7cc0ddc1c_SCHOLAR,Questo accordo richiede competenze. Il resto è facoltativo.
NPC_HEIMENTHALDRIK_PLAYER_d06074cf-20fd-47b5-bbc9-ebd7cc0ddc1c_STOIC,Servono solo capacità. Non fiducia o amicizia.
NPC_HEIMENTHALDRIK_PLAYER_d2ae8ee4-5eb2-48cd-94b7-b6e365274973_HEROIC,Quale strada sceglierai adesso?
NPC_HEIMENTHALDRIK_PLAYER_d2ae8ee4-5eb2-48cd-94b7-b6e365274973_JOKER,"E adesso, un bis o un'uscita in punta di piedi?"
NPC_HEIMENTHALDRIK_PLAYER_d2ae8ee4-5eb2-48cd-94b7-b6e365274973_SCHOLAR,Quale azione intraprenderai ora?
NPC_HEIMENTHALDRIK_PLAYER_d2ae8ee4-5eb2-48cd-94b7-b6e365274973_STOIC,Cosa farai ora?
NPC_HEIMENTHALDRIK_PLAYER_d37a7403-9818-4872-92c9-5f2962e1b86b_HEROIC,Basta filosofia. Leggila.
NPC_HEIMENTHALDRIK_PLAYER_d37a7403-9818-4872-92c9-5f2962e1b86b_JOKER,"La filosofia dopo, quando c'è la birra. Leggi questa roba."
NPC_HEIMENTHALDRIK_PLAYER_d37a7403-9818-4872-92c9-5f2962e1b86b_SCHOLAR,La filosofia dopo le prove. Leggila.
NPC_HEIMENTHALDRIK_PLAYER_d37a7403-9818-4872-92c9-5f2962e1b86b_STOIC,Basta. Leggi.
NPC_HEIMENTHALDRIK_PLAYER_d48e4052-07a1-4fa2-a435-9a65c961b2a9_BASE,Raccontami qualcosa di più di te.
NPC_HEIMENTHALDRIK_PLAYER_d4f78b04-06a2-4133-8ac3-ab72c624a0ba_HEROIC,"Qualunque cosa fosse, il suo significato è morto con chi l'ha creata."
NPC_HEIMENTHALDRIK_PLAYER_d4f78b04-06a2-4133-8ac3-ab72c624a0ba_JOKER,"Qualunque cosa fosse, il significato è colato via un bel pezzo fa."
NPC_HEIMENTHALDRIK_PLAYER_d4f78b04-06a2-4133-8ac3-ab72c624a0ba_SCHOLAR,"Qualunque cosa fosse, il suo scopo ormai è privo di significato."
NPC_HEIMENTHALDRIK_PLAYER_d4f78b04-06a2-4133-8ac3-ab72c624a0ba_STOIC,"Qualunque cosa fosse, ora non significa nulla."
NPC_HEIMENTHALDRIK_PLAYER_d88058bc-291d-4e37-a1ad-1a8513c1872d_HEROIC,"Ancora uno, e poi basta alberi."
NPC_HEIMENTHALDRIK_PLAYER_d88058bc-291d-4e37-a1ad-1a8513c1872d_JOKER,Ancora un albero. Dopo comincio a farmi pagare a ghianda.
NPC_HEIMENTHALDRIK_PLAYER_d88058bc-291d-4e37-a1ad-1a8513c1872d_SCHOLAR,"Ancora uno, poi la ricerca si conclude, qualunque sia il risultato."
NPC_HEIMENTHALDRIK_PLAYER_d88058bc-291d-4e37-a1ad-1a8513c1872d_STOIC,Ancora uno. Poi ho finito.
NPC_HEIMENTHALDRIK_PLAYER_e2c81d11-6bd8-45a5-8302-3ff5342ba153_HEROIC,Il mistero può aspettare. Ora conta soprattutto sopravvivere.
NPC_HEIMENTHALDRIK_PLAYER_e2c81d11-6bd8-45a5-8302-3ff5342ba153_JOKER,Il mistero è sopravvalutato. L'unica ambizione è uscirne vivi.
NPC_HEIMENTHALDRIK_PLAYER_e2c81d11-6bd8-45a5-8302-3ff5342ba153_SCHOLAR,Le risposte possono attendere il proprio turno. La sopravvivenza no.
NPC_HEIMENTHALDRIK_PLAYER_e2c81d11-6bd8-45a5-8302-3ff5342ba153_STOIC,Misteri e risposte non contano. Prima sopravvivere.
NPC_HEIMENTHALDRIK_PLAYER_e4a905d6-d9a9-4943-a04b-8932fcd8c418_BASE,Che tipo di incantesimi sai creare?
NPC_HEIMENTHALDRIK_PLAYER_e5b5775c-1a83-47f9-bec4-0d6ab7e7fbfb_HEROIC,Quel che è fatto è fatto. Tieni la testa alta e guarda avanti.
NPC_HEIMENTHALDRIK_PLAYER_e5b5775c-1a83-47f9-bec4-0d6ab7e7fbfb_JOKER,Quel che è fatto è fatto. Inutile tirare i fili vecchi.
NPC_HEIMENTHALDRIK_PLAYER_e5b5775c-1a83-47f9-bec4-0d6ab7e7fbfb_SCHOLAR,Quel che è fatto è fatto. Rifletterci ora serve a poco.
NPC_HEIMENTHALDRIK_PLAYER_e5b5775c-1a83-47f9-bec4-0d6ab7e7fbfb_STOIC,Quel che è fatto è fatto. Non rimuginarci.
NPC_HEIMENTHALDRIK_PLAYER_e9a6c5f2-3b2d-49d0-8a94-e45be1d8c423_HEROIC,Combatto la corruzione e ne cerco l'origine. Chi sei?
NPC_HEIMENTHALDRIK_PLAYER_e9a6c5f2-3b2d-49d0-8a94-e45be1d8c423_JOKER,"Sono qui a dare la caccia alla corruzione, e invece trovo te. Chi sei?"
NPC_HEIMENTHALDRIK_PLAYER_e9a6c5f2-3b2d-49d0-8a94-e45be1d8c423_SCHOLAR,Sto risalendo alla fonte della corruzione. E tu saresti?
NPC_HEIMENTHALDRIK_PLAYER_e9a6c5f2-3b2d-49d0-8a94-e45be1d8c423_STOIC,Cerco l'origine della corruzione. Chi sei?
NPC_HEIMENTHALDRIK_PLAYER_eabb2061-dc7a-459a-b9fc-51a829d36881_HEROIC,È arrivata fino a te. Non è perduta.
NPC_HEIMENTHALDRIK_PLAYER_eabb2061-dc7a-459a-b9fc-51a829d36881_JOKER,"Perduta nell'eternità, dice. All'unico che l'ha trovata. Ah, i poeti."
NPC_HEIMENTHALDRIK_PLAYER_eabb2061-dc7a-459a-b9fc-51a829d36881_SCHOLAR,"La dichiara perduta, eppure ha trovato un lettore. L'affermazione si contraddice."
NPC_HEIMENTHALDRIK_PLAYER_eabb2061-dc7a-459a-b9fc-51a829d36881_STOIC,Ti ha raggiunto. Non è perduta.
NPC_HEIMENTHALDRIK_PLAYER_efcc149a-7481-4371-b143-21e6659292c7_HEROIC,Dunque non sai spiegare come la corruzione sia riuscita a entrare?
NPC_HEIMENTHALDRIK_PLAYER_efcc149a-7481-4371-b143-21e6659292c7_JOKER,Quindi la corruzione è sgusciata dentro e ti sei perso il suo ingresso?
NPC_HEIMENTHALDRIK_PLAYER_efcc149a-7481-4371-b143-21e6659292c7_SCHOLAR,Il punto d'ingresso della corruzione ti è dunque ancora ignoto?
NPC_HEIMENTHALDRIK_PLAYER_efcc149a-7481-4371-b143-21e6659292c7_STOIC,Quindi non sai come sia entrata la corruzione?
NPC_HEIMENTHALDRIK_PLAYER_f32604e5-c7dc-4dca-9010-f442f0010479_HEROIC,"Potevi avvertirmi che ci sarebbero voluti anni, ma porterò l'opera fino in fondo."
NPC_HEIMENTHALDRIK_PLAYER_f32604e5-c7dc-4dca-9010-f442f0010479_JOKER,Hai saltato la parte degli anni. Un dettaglio comodo da seppellire.
NPC_HEIMENTHALDRIK_PLAYER_f32604e5-c7dc-4dca-9010-f442f0010479_SCHOLAR,Hai omesso che l'effetto avrebbe richiesto anni per manifestarsi.
NPC_HEIMENTHALDRIK_PLAYER_f32604e5-c7dc-4dca-9010-f442f0010479_STOIC,Non avevi detto che ci sarebbero voluti anni.
NPC_HEIMENTHALDRIK_PLAYER_f41d4316-d40e-4521-9f60-a489abda84e9_HEROIC,Come posso mettere a disposizione la mia forza?
NPC_HEIMENTHALDRIK_PLAYER_f41d4316-d40e-4521-9f60-a489abda84e9_JOKER,Come posso dare una mano prima che la festa si animi troppo?
NPC_HEIMENTHALDRIK_PLAYER_f41d4316-d40e-4521-9f60-a489abda84e9_SCHOLAR,Dove sarebbero più utili altre due mani?
NPC_HEIMENTHALDRIK_PLAYER_f41d4316-d40e-4521-9f60-a489abda84e9_STOIC,Come posso aiutare?
NPC_HEIMENTHALDRIK_PLAYER_f47fc42a-4d4d-47e6-9562-8faf88ec07be_HEROIC,"Non mi serve la sua fiducia, né quella di altri, per percorrere la mia strada."
NPC_HEIMENTHALDRIK_PLAYER_f47fc42a-4d4d-47e6-9562-8faf88ec07be_JOKER,"Non mi serve la sua fiducia. Né quella di nessun altro, prima che tu chieda."
NPC_HEIMENTHALDRIK_PLAYER_f47fc42a-4d4d-47e6-9562-8faf88ec07be_SCHOLAR,La sua fiducia non è un requisito. Quella di nessuno lo è.
NPC_HEIMENTHALDRIK_PLAYER_f47fc42a-4d4d-47e6-9562-8faf88ec07be_STOIC,Non mi serve la sua fiducia. Né quella di altri.
NPC_HEIMENTHALDRIK_PLAYER_f5036706-bc65-47cc-a00b-c0defa79b0e2_BASE,Hai visto quel gigantesco uovo di pietra nella foresta?
NPC_HEIMENTHALDRIK_PLAYER_f57d5876-0163-4ea2-842a-a2cbc5715334_HEROIC,"Se è necessario, allora parla in fretta."
NPC_HEIMENTHALDRIK_PLAYER_f57d5876-0163-4ea2-842a-a2cbc5715334_JOKER,"Se ci tieni tanto, sputa il rospo alla svelta."
NPC_HEIMENTHALDRIK_PLAYER_f57d5876-0163-4ea2-842a-a2cbc5715334_SCHOLAR,Allora sii rapido e preciso.
NPC_HEIMENTHALDRIK_PLAYER_f57d5876-0163-4ea2-842a-a2cbc5715334_STOIC,"Parla in fretta, allora."
NPC_HEIMENTHALDRIK_PLAYER_f5f86195-33b1-46f5-b7d8-e144608df1d1_HEROIC,Dimmi il compito e me ne farò carico.
NPC_HEIMENTHALDRIK_PLAYER_f5f86195-33b1-46f5-b7d8-e144608df1d1_JOKER,"Mettimi al lavoro. Piano, però: mi vengono i lividi."
NPC_HEIMENTHALDRIK_PLAYER_f5f86195-33b1-46f5-b7d8-e144608df1d1_SCHOLAR,Qual è la prima esigenza della ricerca?
NPC_HEIMENTHALDRIK_PLAYER_f5f86195-33b1-46f5-b7d8-e144608df1d1_STOIC,Come posso aiutare?
NPC_HEIMENTHALDRIK_PLAYER_f8c902cc-753f-4c8d-8265-c4646aa3c180_HEROIC,Quale messaggio racchiude il brano?
NPC_HEIMENTHALDRIK_PLAYER_f8c902cc-753f-4c8d-8265-c4646aa3c180_JOKER,Che segreti ci sussurra questo brano?
NPC_HEIMENTHALDRIK_PLAYER_f8c902cc-753f-4c8d-8265-c4646aa3c180_SCHOLAR,Leggimelo. Parola per parola.
NPC_HEIMENTHALDRIK_PLAYER_f8c902cc-753f-4c8d-8265-c4646aa3c180_STOIC,Cosa dice il brano?
NPC_HEIMENTHALDRIK_PLAYER_f9c6b540-4b82-41ac-b116-fca5f0e208d6_HEROIC,Indicami gli alberi da controllare e provvederò.
NPC_HEIMENTHALDRIK_PLAYER_f9c6b540-4b82-41ac-b116-fca5f0e208d6_JOKER,Dove sono questi alberi che richiedono la mia sapiente ispezione?
NPC_HEIMENTHALDRIK_PLAYER_f9c6b540-4b82-41ac-b116-fca5f0e208d6_SCHOLAR,"Quali alberi, e cosa devo cercare su di essi?"
NPC_HEIMENTHALDRIK_PLAYER_f9c6b540-4b82-41ac-b116-fca5f0e208d6_STOIC,Quali alberi devo controllare?
NPC_HEIMENTHALDRIK_PLAYER_fb64f2a9-015f-4854-9219-46d2c5487978_BASE,Lo stesso vale per me. Mi fa piacere che il nostro legame sia cresciuto.
NPC_HEIMENTHALDRIK_PLAYER_fe07737d-43e3-4add-81b1-7008eaf75b31_HEROIC,Quale causa speri di servire unendoti a me?
NPC_HEIMENTHALDRIK_PLAYER_fe07737d-43e3-4add-81b1-7008eaf75b31_JOKER,"Cerchi uno scopo venendomi dietro, eh?"
NPC_HEIMENTHALDRIK_PLAYER_fe07737d-43e3-4add-81b1-7008eaf75b31_SCHOLAR,E a quale scopo concreto servirebbe unirti a me?
NPC_HEIMENTHALDRIK_PLAYER_fe07737d-43e3-4add-81b1-7008eaf75b31_STOIC,Che scopo avresti nell'unirti a me?
NPC_HEIMENTHALDRIK_RESPONSE_039c49c8-ce5a-4cb1-91c1-77c173f4568f,"""Proprio così. Giudicami dal lavoro. Ne rispondo io."""
NPC_HEIMENTHALDRIK_RESPONSE_03c71a36-5fa6-4ab5-8240-717ba83dd961,"""Ah. Eccoti qua. Passa le tavolette. Voglio sentir la storia finché è fresca. Come ti è andata là fuori?"""
NPC_HEIMENTHALDRIK_RESPONSE_040ad051-b551-4cc2-88f7-4adea39ca3f4,"""Eh sì. Avanti, allora. Che la strada mostri pure i denti."""
NPC_HEIMENTHALDRIK_RESPONSE_085f9f8d-05ae-4260-bbf7-0b0ac4df6c46,"""Portami canzoni e suonerò quel che so. Ne ho già qualcuna da parte, ma ogni buona sala si fa più ricca con un po' di musica in più."""
NPC_HEIMENTHALDRIK_RESPONSE_089f884e-4412-4a5a-af31-15b789a6a86d,"""Ah! Subito al libro dei conti, eh? Giusto così.""\n\n\n\n""Sono qui anzitutto come testimone e consigliere. Presto questo posto avrà bisogno di consigli chiari, e di qualcuno che non lasci scivolar la verità fra le pietre. Poi, con l'attrezzatura, posso creare libri degli incantesimi. E se il silenzio comincia a guastar l'aria, be', il liuto si guadagnerà il pane."""
NPC_HEIMENTHALDRIK_RESPONSE_0946dde6-f7b7-4319-b77b-3f48f7febc9e,"""Le Rovine di Wildwood a est, eh? Le conosco. Difficile starci senza sentirne il peso. Ci scommetterei moneta buona: era un tempio di Ceres, dell'era imperiale elfica."""
NPC_HEIMENTHALDRIK_RESPONSE_0b0fcdd3-f34f-48ea-ab4f-55b7d4230c6b,"""Ne ho letto, certo, nei miei viaggi per la Foresta Eterna. Non mi sono tirato indietro quando c'era da frugar tra le rovine. Lì sotto stanno sepolte tante belle verità."""
NPC_HEIMENTHALDRIK_RESPONSE_0d64d364-8984-4efe-83bd-c379d27e4be7,"""Sì. Non scorticarti per questo. Era la fine giusta, per quanto dura.""\n\n\n\n""Mi chiedo come la storia ricorderà questo giorno, e quelli che verranno. La morte di un Emissario non è cosa da poco. Hai mai notato come ciò che viene dopo un fatto cambia il modo in cui la gente lo ricorda? Non parlo di quella sciocchezza, 'la storia la scrivono i vincitori'. Parlo del rapporto del tempo con sé stesso: di come un'epoca risponde a quella prima e le dà forma."""
NPC_HEIMENTHALDRIK_RESPONSE_1b272e79-8c53-4fda-8e84-2a39d4430aed,"""Eh sì. Bellezza e dolore, scolpiti nella stessa pietra.""\n\n\n\n""L'ho trovato poco dopo esser giunto nella regione di Earlwood. Sapevo che qui avrei trovato pietra elfica, a cercar bene. Earlwood è piena della loro storia.\n\n\n\nRicordo quelle sale. Ci camminavo, leggevo le iscrizioni e sapevo che qualcuno mi osservava. Una driade, poi l'ho scoperto. Innocua, pensai. Magari non aveva mai visto un nano.\n\n\n\nPoi si avvicinò. Cosa rara, una driade che va da un mortale di sua volontà. Rimase di sasso perché sapevo leggere l'elfico antico. Le dissi che avevo imparato da solo. Quando le chiesi del posto, disse soltanto: 'È una storia che non ho più cuore di raccontare'. Poi sparì fra gli alberi."""
NPC_HEIMENTHALDRIK_RESPONSE_200feaf4-db90-4a48-b625-94eb934dbdf5,"""Proprio così. Salda come pietra. Non ho scordato il giorno che ci siamo conosciuti.""\n\n\n\n""L'ho incontrata il mio primo giorno a Earlwood, poco dopo aver lasciato Barakthrum. Avevo appena messo piede in paese e lei mi venne incontro, squillante come una campana. Tutta benvenuti e domande.\n\n\n\nAveva il posto così in pugno che quasi la presi per il sindaco. Quella sera mi portò alla sua taverna e mi presentò mezzo villaggio, nome per nome. Da allora Earlwood smise d'esser un segno lungo la strada. Divenne un posto dove tornare."""
NPC_HEIMENTHALDRIK_RESPONSE_2306010f-e5b7-4f8b-bdc5-53c4cd5c13f5,"“Sì, Heimen Thaldrik, figlio della pietra e d'inchiostro testardo. Poeta nel cuore, tessitore di sogni per mestiere.”\n\n“E visto che siamo una compagnia insolita, mi farebbe comodo una mano, se hai un po' di gentilezza che avanza.”"
NPC_HEIMENTHALDRIK_RESPONSE_24e39c87-5f6f-4393-a861-b3f0d0834300,"“Si dice che Erynor, l'ultimo poeta della Purga Elfica, abbia inciso i suoi ultimi versi sotto la corteccia d'un albero, nascosto proprio in questa foresta.”\n\n“Dicono che scrivesse mentre le ombre gli davano la caccia. Sapeva che sarebbe stata la sua ultima opera.”\n\n“Mi serve una mano a cercar su qualche vecchio albero, vicino all'ultimo posto in cui fu visto. Solo tre. Gli altri li controllo io.”"
NPC_HEIMENTHALDRIK_RESPONSE_268cfffc-507f-45aa-b120-12c103d81524,"""Ah. Fa proprio piacere aver qualcuno con tanta voglia d'aiutare.""\n\n\n\n*Heimen estrae dal cappotto una mappa ripiegata di Wildwood, la spiana e picchietta con un dito tozzo sui segni d'inchiostro.*\n\n""Bene, allora. Queste sono le rovine dove è più probabile trovar tavolette sulla corruzione. C'ero già andato a ficcare il naso, ma l'aria s'è fatta rovente e mi sono ritirato. So combattere, sì, ma non come te. Dove io ho fallito, tu avrai meno grane."""
NPC_HEIMENTHALDRIK_RESPONSE_2823faad-25aa-49d1-9ed6-b454f4cd2f2b,"""Sì, e se l'avessi detto prima avresti picchiato più forte? Anche il lavoro lungo conta. Abbiamo piantato un paletto.""\n\n\n\n*Heimen si ricompone; lo sguardo ora è saldo e l'ultima traccia di tensione gli abbandona il viso.*\n\n""Avanti col prossimo passo, allora. A noi nani piace parlar chiaro, quindi vado dritto al punto. Ti ho osservato, viandante. Sei nel cuore di ciò che sta arrivando, che tu l'abbia chiesto o no. Voglio vederlo coi miei occhi e metterlo per iscritto, com'è davvero. Mi unirei a te, se mi vuoi."""
NPC_HEIMENTHALDRIK_RESPONSE_288c2532-00ff-404b-8098-5d4272e0d4a6,"""Bene. Mani salde, cuore saldo.""\n\n\n\n""Ah. Queste sono meglio di quanto osassi sperare. Ci passerò un po' di tempo, piano e con cura. Torna più tardi e avrò una direzione che valga la pena seguire."""
NPC_HEIMENTHALDRIK_RESPONSE_2e0924a9-8808-4251-ac19-872437957e87,"""Eh sì. La tragedia pesava forte, lì. Tanti elfi sono morti in quel posto, come in tutta la foresta. Più di quanti una canzone abbia cuore di contare."""
NPC_HEIMENTHALDRIK_RESPONSE_2e72e875-566d-4b4e-be24-b8d65691b92f,"""Giusto così. Non tutte le anime son fatte per rimuginare. Parlerò chiaro.""\n\n\n\n""Gli antichi elfi combattevano la corruzione ai loro tempi. E incidevano sulle tavolette ciò che imparavano, come una testimonianza giurata. Molto è andato in pezzi nelle guerre, ma fra le rovine sparse per Wildwood dovrebbe restare una traccia."""
NPC_HEIMENTHALDRIK_RESPONSE_2e7b97a3-86f2-4ac2-85e7-ef3f4f98e678,"“I poeti elfici incidevano le loro opere nella carne degli alberi Everlast. La corteccia ci si richiudeva sopra e teneva le parole al sicuro, nascoste nella crescita.”\n\n“Solo occhi elfici potevano leggere lì sotto. Magia, quella.”\n\n“Ora quasi tutte quelle poesie dormono nei tronchi. Aspettano qualcuno che abbia la pazienza di cercare.”"
NPC_HEIMENTHALDRIK_RESPONSE_2eb97d96-753f-41c1-a837-2bb7e1cd4188,"*Ride piano fra sé, con gli occhi velati.*\n\n“Ah... quel vecchio elfo. Sapeva che questo giorno sarebbe arrivato.”\n\n“Dice: 'E oh, per concludere questa poesia, molto dopo la mia fine e la fine di quest'albero, scrivo a te, ultimo lettore, che ora vedo. Porterai la mia storia nel domani dell'eternità. La tua è una stirpe che vede soltanto il passato, eppure ha più futuro di quanto a me resti da vedere. Ti vedo alla fine della mia storia, alla fine di questa poesia, l'ultima poesia di Erynor, ora, infine, perduta nell'eternità.'”\n\n“Forse voleva che svanisse. O forse... sapeva che sarebbe successo, qualunque cosa facesse.”"
NPC_HEIMENTHALDRIK_RESPONSE_34a6adc1-9db2-4d29-abc1-ece6bbabea27,"""Saqi? Eh sì, quella è una nana degna d'una canzone. Una delle mie anime predilette a Earlwood. Volontà forte, mani generose. E quel genere di lavoro che la gente nota solo quando manca."""
NPC_HEIMENTHALDRIK_RESPONSE_34f80ca8-25ee-42a4-8c16-556de21ed461,"""Sì. Quello è una leggenda del posto, e a ragione. Opera degli Antichi, si vede bene. Pezzi più piccoli saltano fuori per tutta Mirkea, ma di così grandi se ne trovano pochi. Nemmeno oggi qualcuno sa dire a cosa servissero davvero. La verità è che degli Antichi sappiamo ben poco."""
NPC_HEIMENTHALDRIK_RESPONSE_36546b2e-1ae0-43ac-8391-225748d169ee,"""Più di quanto sperassi. Un brano, sopra tutti.""\n\n\n\n*Heimen espira dal naso, poi annuisce una volta, come per dare ragione a qualcosa che preferirebbe tacere.*\n\n""In queste incisioni c'è un rito. Un'antica protezione elfica, fatta per allentar la presa della corruzione su Wildwood. Ma non si può compiere al sicuro davanti al focolare. Va fatto nella foresta, e chi ci abita non lo accoglierà bene. Mentre lo eseguo, sono esposto. Tu mi terrai lontani i denti."""
NPC_HEIMENTHALDRIK_RESPONSE_389e4cd2-62f7-4276-9978-3220be5da619,"""Ah. A te la storia può non importare, ma tu alla storia interessi parecchio."""
NPC_HEIMENTHALDRIK_RESPONSE_3add20b0-f94b-4c69-97da-9b25c1cd650f,"""Proprio così. Ho visto più strade di tanti altri, e direi ancora lo stesso.""\n\n\n\n""Saqi cuce insieme la gente prima che arrivino i guai. Nomi ai volti, mani al lavoro, fiducia alla fiducia. Così, quando arrivano i giorni duri, il villaggio non si scuce. È il suo dono. Fa la trama abbastanza forte da tenere."""
NPC_HEIMENTHALDRIK_RESPONSE_3eb69f91-5313-402c-a6db-3e3e0b419f3a,"""Perché è il mio lavoro. Il mio dovere. Lo scopo che ho scelto, da poeta e testimone.""\n\n\n\n""Questa guerra contro Sylbos e le sue forze oscure darà forma ai prossimi mille anni. Che si vinca o si perda. Voglio viverla da vicino, così quando la metterò in versi sarà vera. Poi porterò quella verità in ogni sala disposta ad ascoltarla."""
NPC_HEIMENTHALDRIK_RESPONSE_3f1abeb1-ab3a-4033-9dfe-8d99d5c943db,"""Sì, il primo tentativo è andato a vuoto. Non c'è vergogna a chiamar gli alleati quando c'è un lavoro da fare."""
NPC_HEIMENTHALDRIK_RESPONSE_3f62d76f-4c01-4507-b9f6-36885c809a5e,"""Sì. La incorniciano entrambi: ciò che c'era prima e ciò che viene dopo.""\n\n\n\n""Secondo quel che verrà, la storia potrà chiamarlo l'inizio di una nuova era per la foresta... o l'ultimo chiodo nella bara del culto di Ceres, qui. Potrebbe essere la svolta della guerra, in un senso o nell'altro. Un'epoca buia, o un'epoca di pace.""\n\n*Heimen si raddrizza e alza gli occhi; sul viso gli affiora un piccolo sorriso risoluto.*\n\n""Io spero nella pace. E spero che la mia mano abbia una piccola parte nel raccontarla per come sarà."""
NPC_HEIMENTHALDRIK_RESPONSE_3ff21e5f-3a78-43bd-9eec-a726a799ee96,"""Eh sì. Ci sono entrato anni fa, prima che il posto si riempisse di puzzo di goblin e raschiar di stivali. Sotto la pietra ci sono rovine degli Antichi. Abbastanza comuni a Mirkea, se mai si può chiamar comune qualcosa degli Antichi."""
NPC_HEIMENTHALDRIK_RESPONSE_40702efe-03ac-450f-ad8c-c76d58bc90f7,"""Proprio quello voglio. Se è troppo per le tue belle dita, puoi portare altrove le tue fatiche.""\n\n\n\n*Heimen estrae dal cappotto una mappa ripiegata di Wildwood, la spiana e picchietta con un dito tozzo sui segni d'inchiostro.*\n\n""Bene, allora. Queste sono le rovine dove è più probabile trovar tavolette sulla corruzione. C'ero già andato a ficcare il naso, ma l'aria s'è fatta rovente e mi sono ritirato. So combattere, sì, ma non come te. Dove io ho fallito, tu avrai meno grane."""
NPC_HEIMENTHALDRIK_RESPONSE_43a5e961-06e6-47b2-8b9f-fc787da70f4b,"""Può essere. O forse sono l'unico disposto a inseguir ciò che gli altri non vedono. Se hai occhi più acuti, ti ascolto."""
NPC_HEIMENTHALDRIK_RESPONSE_45e174a5-9cf0-42fa-a56f-ee093f2807d5,"""Allora mi spiace che tu debba portar il peso di questa convinzione. Ci sono dei che ci vogliono in catene, sì. Ma altri ci hanno sollevati quando potevano voltarsi dall'altra parte.""\n\n\n\n""Io cerco di pensar oltre gli dei, se mai si può. Sylbos, i Principi, gli Antichi Dei. Ogni guerra, ogni ingiustizia, ogni atto di pietà. Tutto si muove. Tutto spinge la cosa successiva a nascere.\n\nE una domanda mi tiene i denti piantati addosso: che cosa diventa, tutto questo? La verità è più forte della rovina? La bontà è più d'un desiderio? La bellezza è nel midollo del mondo, o è tutta illusione, qualcosa che le menti mortali inventano per dare forma al buio?"""
NPC_HEIMENTHALDRIK_RESPONSE_4707c687-62f3-4eb2-8eaf-951b7a2c7c9e,"“Ecco, prendi. Ho segnato tre alberi promettenti. Devi solo darci un'occhiata. Gli altri li cerco io.”\n\n“Bada a dove metti i piedi. I boschi hanno i denti.”"
NPC_HEIMENTHALDRIK_RESPONSE_4710a288-3757-4094-ab5d-88921e5fe388,"""Eh sì. Me lo chiedevo anch'io.""\n\n\n\n*Heimen si ricompone; lo sguardo ora è saldo e l'ultima traccia di tensione gli abbandona il viso.*\n\n""Avanti col prossimo passo, allora. A noi nani piace parlar chiaro, quindi vado dritto al punto. Ti ho osservato, viandante. Sei nel cuore di ciò che sta arrivando, che tu l'abbia chiesto o no. Voglio vederlo coi miei occhi e metterlo per iscritto, com'è davvero. Mi unirei a te, se mi vuoi."""
NPC_HEIMENTHALDRIK_RESPONSE_4741c970-c1c1-4e70-a465-69c8af3e68e6,"*Heimen china il capo verso terra, con l'espressione di chi sa già.*\n\n""Sì. Le voci corrono. Tragico, senza dubbio."""
NPC_HEIMENTHALDRIK_RESPONSE_4803bbb7-9d95-4985-8aa8-a92a76d7f14e,"""Bene. Allora la fiducia va nei due sensi, come dev'essere.""\n\n\n\n*Le dita di Heimen si fermano; la consueta disinvoltura lascia il posto a un atteggiamento più cauto.*\n\n""Lascia che te lo chieda chiaro. Se guardi la storia, la vita, ogni scelta che fa andar avanti la gente, credi che tendano al bene? O facciamo soltanto canzoni per tener buono il buio?"""
NPC_HEIMENTHALDRIK_RESPONSE_4ad2997b-83ab-4af1-bb61-79f968ed4720,"""Sì, il tesoro chiama forte in posti così. Ma l'oro è un misero motivo per entrar nella storia a occhi chiusi."""
NPC_HEIMENTHALDRIK_RESPONSE_521989f3-4155-43b9-a6dc-646f1a3cbbeb,"""Ancora non so... Mi serve tempo per pensare. E per ringraziare.""\n\n""Ringraziar te, amico, per avermi aiutato a trovare tutto questo. Sul serio."""
NPC_HEIMENTHALDRIK_RESPONSE_53673358-8761-4411-95cf-7876d6823308,"""Sì. C'è del vero in questa risposta. Sperare senza certezze è forse la cosa più propria di noi mortali.""\n\n\n\n""Io cerco di pensar oltre gli dei, se mai si può. Sylbos, i Principi, gli Antichi Dei. Ogni guerra, ogni ingiustizia, ogni atto di pietà. Tutto si muove. Tutto spinge la cosa successiva a nascere.\n\nE una domanda mi tiene i denti piantati addosso: che cosa diventa, tutto questo? La verità è più forte della rovina? La bontà è più d'un desiderio? La bellezza è nel midollo del mondo, o è tutta illusione, qualcosa che le menti mortali inventano per dare forma al buio?"""
NPC_HEIMENTHALDRIK_RESPONSE_53c3ff79-0936-45e5-a67b-048007146c5f,"""Eh sì. E mentirei a dire che il pensiero non mi scalda.""\n\n\n\n*Le dita di Heimen si fermano; la consueta disinvoltura lascia il posto a un atteggiamento più cauto.*\n\n""Lascia che te lo chieda chiaro. Se guardi la storia, la vita, ogni scelta che fa andar avanti la gente, credi che tendano al bene? O facciamo soltanto canzoni per tener buono il buio?"""
NPC_HEIMENTHALDRIK_RESPONSE_577b1ec0-cc19-406c-9d82-e71e75fd1d41,"""Tante opere antiche sembrano sciocche quando se ne perde il perché. Il contesto è la metà sepolta della verità.""\n\n\n\n""Ci ho pensato spesso. La pietra è fatta come un sigillo, non come un tempietto. Lavoro degli Antichi: fatto per durare, per tener dentro il potere. Ed ecco il pensiero cupo: non credo che quelle uova custodissero cose morte. Credo tenessero prigionieri. Creature vive, rinchiuse nella pietra e nella magia. Quello grande? Qualunque cosa ci fosse dentro, non era un prigioniero da poco."""
NPC_HEIMENTHALDRIK_RESPONSE_5886d1c2-e218-4293-ab72-9a2fb58cb97f,"""Un Varco, eh? Ti ho visto usarli. Una fortuna rara. Ne farò buon uso e ti raggiungerò al Santuario."""
NPC_HEIMENTHALDRIK_RESPONSE_59dd5af6-62b0-434e-bf85-6c3420506c2b,"""Sì, la verità comincia da un'ipotesi. Tu tieni la posizione, io inseguirò l'enigma finché non dirà il suo nome."""
NPC_HEIMENTHALDRIK_RESPONSE_5b77f503-8804-46e6-8581-85081cf7bf6a,"""Sì, volentieri. E grazie dell'accoglienza.""\n\n\n\n""Sono qui anzitutto come testimone e consigliere. Presto questo posto avrà bisogno di consigli chiari, e di qualcuno che non lasci scivolar la verità fra le pietre. Poi, con l'attrezzatura, posso creare libri degli incantesimi. E se il silenzio comincia a guastar l'aria, be', il liuto si guadagnerà il pane."""
NPC_HEIMENTHALDRIK_RESPONSE_60cae554-65dc-468d-946d-3ea1e85f0d50,"""Più d'una canzone, amico. Consigli quando le scelte mordono. Libri degli incantesimi che ho scritto e raccolto. E quando il morale cede, un motivo che tenga su i cuori."""
NPC_HEIMENTHALDRIK_RESPONSE_61c00505-dcb4-4690-a0fa-33b281595f35,"""Eh sì. Più tempo per bere, cantare e parlar schietto davanti al fuoco. Non lo chiamerei un cattivo affare, amico.""\n\n\n\n""Sono qui anzitutto come testimone e consigliere. Presto questo posto avrà bisogno di consigli chiari, e di qualcuno che non lasci scivolar la verità fra le pietre. Poi, con l'attrezzatura, posso creare libri degli incantesimi. E se il silenzio comincia a guastar l'aria, be', il liuto si guadagnerà il pane."""
NPC_HEIMENTHALDRIK_RESPONSE_642a0872-647e-469a-a858-d0f7e7c4197d,"""Sì. Gente affascinante, se gente è la parola giusta. Però, lo confesso, le reliquie elfiche mi cantano più chiare."""
NPC_HEIMENTHALDRIK_RESPONSE_6776e723-3326-4641-8835-3a096cfa0318,"""Nella bisaccia ho più che corde e rime, amico. Un occhio acuto e una balestra fidata. E so trovar senso dove gli altri vedono follia.""\n\n\n\n*Scuote via dal mantello la polvere della foresta; la voce si abbassa, quasi un sussurro fra amici.*\n\n""La verità è che a Wildwood la corruzione non ha mai attecchito. Sì, ha tormentato il mondo in tante forme, ma qui no. Non fra questi alberi. La foresta ha leggi sue, più antiche d'ogni corona. E ora... qualcosa le ha spezzate."""
NPC_HEIMENTHALDRIK_RESPONSE_68410197-60e3-4de5-8f08-39759b529277,"""Perché so quel che leggo. Anni di studio, e abbastanza pratica da distinguer un vero incanto da una bella bugia.""\n\n\n\n*Heimen avvicina la tua mappa, poi segna un punto con mano rapida ed esperta.*\n\n""È un rito di protezione. Usiamo pietre del cammino per entrare in comunione con Ceres e chiederle di proteggere Wildwood. Gli elfi lo compivano regolarmente, con o senza corruzione, e ne annotarono l'effetto quando il marciume premeva sui confini. Lo respingeva. Conosco il posto giusto. Lo segno sulla mappa e ci vediamo là."""
NPC_HEIMENTHALDRIK_RESPONSE_68f104b0-50ad-4c32-8916-f7c02d9ea0bf,"""Capisco. Speranza e dubbio bevono spesso dalla stessa coppa.""\n\n\n\n""Eppure il tempo ci porta avanti, che lo capiamo o no. Verso la risposta, forse. O almeno verso la prossima sala buia. Ormai sei un alleato fidato, per la guerra che arriva e per le domande che non riesco a lasciar stare. Sarebbe una bella cosa continuar la ricerca con te."""
NPC_HEIMENTHALDRIK_RESPONSE_6e0d46cb-9c6f-4ac3-9b71-d0173b67e9c3,"""Eh sì... fra tutti i futuri che vedeva, ha scelto quello in cui la poesia arrivava a me.""\n\n""Ah, esser un elfo, vedere ogni strada che il domani potrebbe prendere e ancora non sapere cosa c'è alla fine.""\n\n""Sapeva che le sue parole avrebbero raggiunto qualcuno come me. Un altro artista, un'altra anima in cerca di senso. Ma non poteva sapere come le avrei interpretate, o cosa sarei diventato. Come lui, guardo avanti nella nebbia.""\n\n""Alla fine nessuno di noi vede la verità ultima. Siamo tutti al timone delle nostre barchette, a cercar la rotta fra le maree del tempo.""\n\n""È quello che faceva lui. Che facciamo noi. Che facevano perfino i vecchi imperatori elfici con la loro purga sanguinosa.""\n\n""Questo è il messaggio. Questa è la poesia."""
NPC_HEIMENTHALDRIK_RESPONSE_709fcb45-4d19-4f2a-b916-6a227b18e2a7,"“E lasciarsi macellare come bestiame? Sarebbe una tragedia anche quella.”\n\n“Hanno menato le asce per disperazione, non per odio. Eppure... la foresta risponde con la stessa furia.”\n\n""Qual è la via giusta? Forse la verità è che dobbiamo fare ciò che crediamo giusto, per sopravvivere e prosperare. E alla fine sarà giusto.""\n\n""Difficile dirlo."""
NPC_HEIMENTHALDRIK_RESPONSE_72026a75-d15a-4080-bf9e-dc353f78bcf3,"""Un tempo era casa loro. Le driadi erano elfi, nei tempi antichi. Hanno scordato la storia, ma non quel che si provava."""
NPC_HEIMENTHALDRIK_RESPONSE_74eb0940-ef39-412a-b35c-7a25ea78fb86,"""L'antico culmine del potere elfico. Quasi diecimila anni fa. Allora il loro impero copriva gran parte di Mirkea."""
NPC_HEIMENTHALDRIK_RESPONSE_755a3518-4712-492e-b1d1-cf3e3515b173,"""Bene. Ascolta con cura.""\n\n\n\n*Heimen espira dal naso, poi annuisce una volta, come per dare ragione a qualcosa che preferirebbe tacere.*\n\n""In queste incisioni c'è un rito. Un'antica protezione elfica, fatta per allentar la presa della corruzione su Wildwood. Ma non si può compiere al sicuro davanti al focolare. Va fatto nella foresta, e chi ci abita non lo accoglierà bene. Mentre lo eseguo, sono esposto. Tu mi terrai lontani i denti."""
NPC_HEIMENTHALDRIK_RESPONSE_766c00e0-e942-47e9-9229-dd8d0fdc0450,"""Con quel cuore, ci scommetterei."""
NPC_HEIMENTHALDRIK_RESPONSE_7a728d05-35d3-4044-9807-2a4a81737e10,"""Ah! Scontrosa, eh? Quello è calore nanico con gli spigoli ancora addosso.""\n\n\n\n""L'ho incontrata il mio primo giorno a Earlwood, poco dopo aver lasciato Barakthrum. Avevo appena messo piede in paese e lei mi venne incontro, squillante come una campana. Tutta benvenuti e domande.\n\n\n\nAveva il posto così in pugno che quasi la presi per il sindaco. Quella sera mi portò alla sua taverna e mi presentò mezzo villaggio, nome per nome. Da allora Earlwood smise d'esser un segno lungo la strada. Divenne un posto dove tornare."""
NPC_HEIMENTHALDRIK_RESPONSE_7d3c8f61-6f55-4df8-a104-feb76a43b63e,"""Eh sì. Non vedo l'ora di tornare sul campo con te."""
NPC_HEIMENTHALDRIK_RESPONSE_7decc159-43c2-47ff-961d-dae214e1aa9e,"“Cinquant'anni fa il villaggio per poco non bruciò. Goblin. Follia.”\n\n“Così costruirono mura, forti e alte. Ma ogni pietra e ogni legno che accatastavano si pagava in corteccia.”\n\n“Fecero quel che dovevano. Ma quel colpo d'ascia abbatté più che alberi. Svegliò l'ira della foresta.”"
NPC_HEIMENTHALDRIK_RESPONSE_7f8e454e-4315-40dd-b6da-1a8edee7036e,"""Sì. Che sia così. Ho abbastanza fede per sperarlo, ma non tanta arroganza da dire che capisco gli dei.""\n\n\n\n""Io cerco di pensar oltre gli dei, se mai si può. Sylbos, i Principi, gli Antichi Dei. Ogni guerra, ogni ingiustizia, ogni atto di pietà. Tutto si muove. Tutto spinge la cosa successiva a nascere.\n\nE una domanda mi tiene i denti piantati addosso: che cosa diventa, tutto questo? La verità è più forte della rovina? La bontà è più d'un desiderio? La bellezza è nel midollo del mondo, o è tutta illusione, qualcosa che le menti mortali inventano per dare forma al buio?"""
NPC_HEIMENTHALDRIK_RESPONSE_819c7354-cd54-4be7-b51a-b85323432ba4,"""Sono stato nei boschi, a guardar le foglie farsi strane. Alberi che mormorano storto, sentieri che scordano dove portano. Sono qui per risalir dal marciume alle radici.""\n\n\n\n*Scuote via dal mantello la polvere della foresta; la voce si abbassa, quasi un sussurro fra amici.*\n\n""La verità è che a Wildwood la corruzione non ha mai attecchito. Sì, ha tormentato il mondo in tante forme, ma qui no. Non fra questi alberi. La foresta ha leggi sue, più antiche d'ogni corona. E ora... qualcosa le ha spezzate."""
NPC_HEIMENTHALDRIK_RESPONSE_828a529f-7de4-4821-acf4-4204ac577b82,"""Sì, c'è chi vuole esser lasciato in pace. Ma pochi vogliono davvero la solitudine. Saqi conosce la differenza.""\n\n\n\n""Saqi cuce insieme la gente prima che arrivino i guai. Nomi ai volti, mani al lavoro, fiducia alla fiducia. Così, quando arrivano i giorni duri, il villaggio non si scuce. È il suo dono. Fa la trama abbastanza forte da tenere."""
NPC_HEIMENTHALDRIK_RESPONSE_8a63acf6-68e8-4946-ae4d-90d50fc40110,"""Le mie capacità sono tue. Ma capacità senza fiducia è una lama senza mano a impugnarla.""\n\n\n\n*Le dita di Heimen si fermano; la consueta disinvoltura lascia il posto a un atteggiamento più cauto.*\n\n""Lascia che te lo chieda chiaro. Se guardi la storia, la vita, ogni scelta che fa andar avanti la gente, credi che tendano al bene? O facciamo soltanto canzoni per tener buono il buio?"""
NPC_HEIMENTHALDRIK_RESPONSE_8a7bc0c2-39ac-45ba-93eb-809daa2fbcac,"""Ancora non so. Ma scommetterei moneta su un rito, una formula, qualche strumento che gli antichi elfi usavano contro la corruzione."""
NPC_HEIMENTHALDRIK_RESPONSE_8f99c35f-3965-4c81-bb0c-0d761efa8817,"""Abbastanza anni da chiamarla casa. Il resto può aspettare. Chiedimi del lavoro."""
NPC_HEIMENTHALDRIK_RESPONSE_92183d77-248b-4885-8140-10c20ff43ff9,"""Eh sì, parecchio. Sulla corruzione più niente, bada. Soprattutto il legame degli elfi con Ceres e i loro riti. Gli elfi e il popolo delle fate mettevano Ceres sopra tutti. Agir resta il Re degli Dei, ma per loro è una corona lontana. Compare anche Elaria, seconda in molte incisioni. Natura e magia, mano nella mano."""
NPC_HEIMENTHALDRIK_RESPONSE_930cf9e5-119f-4440-9dcb-c38b34f99020,"""Le mani le avevo legate al rito. Un passo falso e si spezza. E allora avremmo versato sangue per niente.""\n\n\n\n*Heimen ruota una spalla, mettendo alla prova l'articolazione dolorante, e ti rivolge un breve cenno cupo.*\n\n""Ha funzionato. Questa è la verità. Ma non fiorirà in una notte. Potrebbero volerci anni per vederne il segno nel bosco vivo. Però abbiamo spostato l'equilibrio. Dopo questo, niente gran trucchi. Solo tener indietro il marciume, giorno per giorno."""
NPC_HEIMENTHALDRIK_RESPONSE_94d0fd96-b281-4fd8-baee-6346da9cbb22,"""Le notizie di ciò che s'è insinuato in questi boschi mi hanno richiamato qui. Ora, qual è la prossima mossa?"""
NPC_HEIMENTHALDRIK_RESPONSE_94d1c30e-6aa2-4d1b-9d79-22606b33cd65,"“Una guerra civile, anche se non la chiamavano così. L'imperatore e i suoi re videro la sciagura nei sogni e si rivoltarono contro la loro stessa gente.”\n\n“Gli elfi fuggivano nelle foreste di confine, come questa, sperando in pietà. Quasi tutti trovarono l'acciaio.”\n\n“Dicevano che avrebbe evitato una disgrazia più grande, vista secoli prima nelle visioni... ma chi può pesar tanto sangue contro dei forse?”\n\n“Gli elfi ancora la piangono, in silenzio. E fanno bene.”"
NPC_HEIMENTHALDRIK_RESPONSE_9802343e-9de7-44ed-9a60-0f37a1947819,"""Comunque, hai il mio grazie, amico. Ho il sentore che ci incroceremo ancora. Magari a Earlwood, magari in una storia ancora da scrivere.""\n\n""Fino ad allora... buona giornata a te."""
NPC_HEIMENTHALDRIK_RESPONSE_9850cb72-aaa8-4825-9e50-eba76e3a74e1,"""Non ancora. Ho indizi ed echi, ma nessuna via chiara. Qualunque cosa sia passata, è furba. Nasconde le tracce come un'ombra si nasconde nell'ombra.""\n\n\n\n*Stringe le cinghie dello zaino e ne assesta il peso con un grugnito.*\n\n""Continuerò a scavar nel verde. La verità è lì, la sento sotto la corteccia, nascosta nel silenzio. Serve solo tempo per tirarla fuori."""
NPC_HEIMENTHALDRIK_RESPONSE_99a16aff-6b0f-4ce7-8406-2e2fc0ff3061,"""Sapevo di poter contar su di te. Vorrei soltanto poter venire anch'io. Torna quando hai le tavolette."""
NPC_HEIMENTHALDRIK_RESPONSE_9cfce4ec-cb8e-4028-8001-f219207bbd60,"*La consueta vivacità di Heimen si attenua e la sua voce perde parte della teatralità.*\n\n""Volevo parlar con te un momento. Per davvero, non solo fra mappe e guai. Ormai mi hai aiutato più d'una volta, e non l'ho scordato. In quelle rovine, soprattutto: senza di te al fianco l'avrei vista dura.\n\nAl primo incontro ti avevo preso per una persona capace. Ora ti considero un amico."""
NPC_HEIMENTHALDRIK_RESPONSE_9e35a66e-634b-4571-97c6-f44341a17ee0,"""Hm. Sopravvivere serve, sì. Ma la sopravvivenza da sola lascia freddo il focolare."""
NPC_HEIMENTHALDRIK_RESPONSE_a1c350b5-89e3-4651-8ff8-476e6957a854,"*Appoggia uno stivale su una botte e il solito sorriso gli increspa il viso.*\n\n""Ebbene, poeta, tessitore di sogni e matto per una causa: eccomi qua. Earlwood è un secondo focolare. Appena ho sentito che si agitavano guai, ho fatto fagotto e sono accorso."""
NPC_HEIMENTHALDRIK_RESPONSE_a264402f-f7a5-41c7-a57c-2e8d15801fd7,"""Eh sì. Lunga strada davanti, per tutti e due. Non vedo l'ora di mettermi in cammino."""
NPC_HEIMENTHALDRIK_RESPONSE_a6ee2253-1540-463a-b363-23dbdc4f6d12,"""Sì. Li studio. Le loro visioni, la loro storia, la profondità dei sentimenti. Gli antichi elfi erano più acuti di quelli d'oggi. Ho imparato la loro lingua per leggere le tavolette. Non è stato facile."""
NPC_HEIMENTHALDRIK_RESPONSE_ad0d584a-059d-42a8-8677-a92c39212113,"""Allora te le sei guadagnate due volte. Siedi e riprendi fiato.""\n\n\n\n""Ah. Queste sono meglio di quanto osassi sperare. Ci passerò un po' di tempo, piano e con cura. Torna più tardi e avrò una direzione che valga la pena seguire."""
NPC_HEIMENTHALDRIK_RESPONSE_ae03b010-ae3f-4766-a51f-8bae2330e8df,"""Non rimugino, amico. Prendo soltanto le misure.""\n\n\n\n""Mi chiedo come la storia ricorderà questo giorno, e quelli che verranno. La morte di un Emissario non è cosa da poco. Hai mai notato come ciò che viene dopo un fatto cambia il modo in cui la gente lo ricorda? Non parlo di quella sciocchezza, 'la storia la scrivono i vincitori'. Parlo del rapporto del tempo con sé stesso: di come un'epoca risponde a quella prima e le dà forma."""
NPC_HEIMENTHALDRIK_RESPONSE_afc20315-c892-4b2e-a816-a21e085ce094,"""Sì. C'è ferro in questa risposta. Spero che il mondo ti dia ragione.""\n\n\n\n""Eppure il tempo ci porta avanti, che lo capiamo o no. Verso la risposta, forse. O almeno verso la prossima sala buia. Ormai sei un alleato fidato, per la guerra che arriva e per le domande che non riesco a lasciar stare. Sarebbe una bella cosa continuar la ricerca con te."""
NPC_HEIMENTHALDRIK_RESPONSE_b0113714-befc-4897-9bbf-0e013c217d96,"""Sì. Allora spera di non aver mai bisogno della trama che ha tessuto."""
NPC_HEIMENTHALDRIK_RESPONSE_b130b515-ddba-4581-bb28-d10b55b4acc9,"""Continua ad aiutar Alaric a tenere insieme il villaggio. E sta' all'erta. Quando troverò la fonte, serviranno mani che non tremano."""
NPC_HEIMENTHALDRIK_RESPONSE_b23134dd-2339-40ce-adf8-a19666b2e475,"""Perché il passato è un maestro, amico. E non smette mai di dar lezioni, che ascoltiamo o no."""
NPC_HEIMENTHALDRIK_RESPONSE_b77553a2-2473-4e21-9f9f-14b953be0eca,"""Allora terrò stretto quel pensiero. C'è di peggio che sperare d'incontrar la verità con te al fianco."""
NPC_HEIMENTHALDRIK_RESPONSE_baa2ac3a-7635-4e97-8eb2-e19623f25eae,"""Ah. Puoi pensarla così. Una volontà forte può portarti lontano. Ma solo fino a un certo punto. Alla fine devi accordarti con la realtà, o la realtà ti spezza.""\n\n\n\n""Secondo quel che verrà, la storia potrà chiamarlo l'inizio di una nuova era per la foresta... o l'ultimo chiodo nella bara del culto di Ceres, qui. Potrebbe essere la svolta della guerra, in un senso o nell'altro. Un'epoca buia, o un'epoca di pace.""\n\n*Heimen si raddrizza e alza gli occhi; sul viso gli affiora un piccolo sorriso risoluto.*\n\n""Io spero nella pace. E spero che la mia mano abbia una piccola parte nel raccontarla per come sarà."""
NPC_HEIMENTHALDRIK_RESPONSE_c22ea12d-d061-4d45-9e6e-3378ac849e23,"""Eh sì. Accetto volentieri. Facciamo qualcosa che valga la pena ricordare."""
NPC_HEIMENTHALDRIK_RESPONSE_c64f6670-4ee6-4d36-9200-c4bc8eb8203a,"""Strano è la prima parola. Vasto è la seconda. Ed è vasto, quel che conta.""\n\n\n\n""Gli Antichi non stavano soltanto sotto Mirkea, o soltanto sopra. La attraversavano tutta. Intere città sotto la terraferma. Strade di pietra e gallerie senza fine, sale sotto altre sale. Quello che hai visto era un ingresso, niente più. Una porta verso rovine più profonde. Ormai quasi tutte queste porte sono chiuse dai crolli. Chi scava per passar oltre tende a diventare un monito."""
NPC_HEIMENTHALDRIK_RESPONSE_c6627980-252b-4664-a701-909fdfc980ff,"""Ah, su. Non far aspettare un nano."""
NPC_HEIMENTHALDRIK_RESPONSE_ccc9e3cb-2f70-4ea3-90d7-62b0fdc47d90,"“Eh sì... niente nemmeno dalla mia parte. Ma... c'è ancora un albero che non ho trovato. Dev'esser vicino.”\n\n“Mi aiuti a cercarlo? Dividendoci copriremo più terreno. Ma non perderti, eh?”"
NPC_HEIMENTHALDRIK_RESPONSE_cee4bc2a-8ea0-4152-ab28-66d09b1a1fd0,"""Sì, vecchia quanto il dolore. Ma mai tanto sfacciata. Wildwood ha retto per ere... fino a ora."""
NPC_HEIMENTHALDRIK_RESPONSE_d61488ef-8137-4d4b-b0b8-ad560a979e21,"""Sì. Interessante è la parola giusta. Ho passato più ore a pensar a quella pietra di quante voglia ammettere.""\n\n\n\n""Ci ho pensato spesso. La pietra è fatta come un sigillo, non come un tempietto. Lavoro degli Antichi: fatto per durare, per tener dentro il potere. Ed ecco il pensiero cupo: non credo che quelle uova custodissero cose morte. Credo tenessero prigionieri. Creature vive, rinchiuse nella pietra e nella magia. Quello grande? Qualunque cosa ci fosse dentro, non era un prigioniero da poco."""
NPC_HEIMENTHALDRIK_RESPONSE_e0dcea6e-43c6-4f17-808e-6ec1eb0518bf,"""Le vecchie storie dicono che la Foresta Eterna segue la legge di Ceres. Ordine divino nelle radici e nei rami. Wildwood rispettava quella legge... ma ultimamente è come se la foresta avesse scordato come si ascolta.""\n\n\n\n*Stringe le cinghie dello zaino e ne assesta il peso con un grugnito.*\n\n""Continuerò a scavar nel verde. La verità è lì, la sento sotto la corteccia, nascosta nel silenzio. Serve solo tempo per tirarla fuori."""
NPC_HEIMENTHALDRIK_RESPONSE_e1829253-0afb-4d4b-a60f-2855dc4e6851,"""Per testimoniare. È già uno scopo sufficiente.""\n\n\n\n""Questa guerra contro Sylbos e le sue forze oscure darà forma ai prossimi mille anni. Che si vinca o si perda. Voglio viverla da vicino, così quando la metterò in versi sarà vera. Poi porterò quella verità in ogni sala disposta ad ascoltarla."""
NPC_HEIMENTHALDRIK_RESPONSE_e52ccdc2-9f33-47a5-9ec7-d2064cf48ce2,"""No. Ma resta abbastanza da parlarci, se sai ascoltare.""\n\n\n\n""L'ho trovato poco dopo esser giunto nella regione di Earlwood. Sapevo che qui avrei trovato pietra elfica, a cercar bene. Earlwood è piena della loro storia.\n\n\n\nRicordo quelle sale. Ci camminavo, leggevo le iscrizioni e sapevo che qualcuno mi osservava. Una driade, poi l'ho scoperto. Innocua, pensai. Magari non aveva mai visto un nano.\n\n\n\nPoi si avvicinò. Cosa rara, una driade che va da un mortale di sua volontà. Rimase di sasso perché sapevo leggere l'elfico antico. Le dissi che avevo imparato da solo. Quando le chiesi del posto, disse soltanto: 'È una storia che non ho più cuore di raccontare'. Poi sparì fra gli alberi."""
NPC_HEIMENTHALDRIK_RESPONSE_e7860ad6-e365-44dc-a823-18333b942e8f,"""La calma viene dalla pratica. Un poeta impara presto, o lo divorano vivo. Le belve o il silenzio.""\n\n\n\n*Heimen ruota una spalla, mettendo alla prova l'articolazione dolorante, e ti rivolge un breve cenno cupo.*\n\n""Ha funzionato. Questa è la verità. Ma non fiorirà in una notte. Potrebbero volerci anni per vederne il segno nel bosco vivo. Però abbiamo spostato l'equilibrio. Dopo questo, niente gran trucchi. Solo tener indietro il marciume, giorno per giorno."""
NPC_HEIMENTHALDRIK_RESPONSE_ea7920ac-b9bd-48e5-925a-5d3a458cc333,"""Grazie, amico. Buon cammino. Che i Principi ti facciano luce."""
NPC_HEIMENTHALDRIK_RESPONSE_ea9882cc-6347-42d2-84a0-c4c5fccee292,"""Sì, può bastare a farti muover le gambe. Ma io? Io ho la maledizione delle domande.""\n\n\n\n""Eppure il tempo ci porta avanti, che lo capiamo o no. Verso la risposta, forse. O almeno verso la prossima sala buia. Ormai sei un alleato fidato, per la guerra che arriva e per le domande che non riesco a lasciar stare. Sarebbe una bella cosa continuar la ricerca con te."""
NPC_HEIMENTHALDRIK_RESPONSE_eccee348-3162-4aab-a72c-602f6feee262,"""Le solite belve e gli spiriti della foresta. Solo, di più. Occhi aperti."""
NPC_HEIMENTHALDRIK_RESPONSE_eccf45ed-9444-49e7-997b-570b129c1232,"""Eh sì. Una pratica crudele, se ho ragione. E temo d'averla."""
NPC_HEIMENTHALDRIK_RESPONSE_ed99f2c3-70e4-4972-a246-f1d94b35bd0a,“Grazie! Vediamo se l'ultimo verso canta ancora nella corteccia.”
NPC_HEIMENTHALDRIK_RESPONSE_edd590ec-0863-4a1a-84b8-0a4059af70eb,"""Ah. Hai battuto la testa, eh? Non importa. La faccio breve.""\n\n\n\n""Gli Antichi non stavano soltanto sotto Mirkea, o soltanto sopra. La attraversavano tutta. Intere città sotto la terraferma. Strade di pietra e gallerie senza fine, sale sotto altre sale. Quello che hai visto era un ingresso, niente più. Una porta verso rovine più profonde. Ormai quasi tutte queste porte sono chiuse dai crolli. Chi scava per passar oltre tende a diventare un monito."""
NPC_HEIMENTHALDRIK_RESPONSE_f57670cd-03b0-4817-8fa8-7b8bb9a07c8d,"""Arti magiche, soprattutto. Nei prodigi fisici non brillo. Ma non ti lascerò a mani vuote."""
NPC_HEIMENTHALDRIK_RESPONSE_f5c03060-c7ee-4b26-8d47-256545731a86,"""Senza significato? No. Una prigione conta ancora anche quando il prigioniero non c'è più. Ti dice che mani l'hanno costruita."""
NPC_HEIMENTHALDRIK_RESPONSE_f5f8fd72-b610-4c8a-8984-13da0eaf8b0a,"""Io? No. Sono un poeta, mortale e niente più. Gli Emissari degli dei non incrociano spesso strade come la mia."""
NPC_HEIMENTHALDRIK_RESPONSE_fbe11366-6365-4cdd-93ac-513a6d8d82c3,"""Sì. Fa piacere sentirti parlar con senno.""\n\n\n\n""Gli antichi elfi combattevano la corruzione ai loro tempi. E incidevano sulle tavolette ciò che imparavano, come una testimonianza giurata. Molto è andato in pezzi nelle guerre, ma fra le rovine sparse per Wildwood dovrebbe restare una traccia."""
NPC_HEIMENTHALDRIK_RESPONSE_fbe397b3-b6cb-42f1-8b13-e3f360a9375d,"“È questo, sì. O lo era.”\n\n“Pare che quelli del villaggio ci abbiano messo l'ascia. Resta solo una scheggia di corteccia vicino alle radici. Quanto basta a nasconderci un sussurro.”"
NPC_HEIMENTHALDRIK_RESPONSE_fcd1610e-f187-47c5-89d3-b5df34bb9c9f,"“È questa la tragedia, no? Sopravvivi alla tempesta e pianti il seme della prossima.”\n\n“Sì, fecero quel che dovevano. E la foresta rispose lo stesso.”\n\n""Qual è la via giusta? Forse la verità è che dobbiamo fare ciò che crediamo giusto, per sopravvivere e prosperare. E alla fine sarà giusto.""\n\n""Difficile dirlo."""
NPC_HEIMENTHALDRIK_RESPONSE_ff07d1d2-1028-4b41-b974-1f7cd78c990a,"""Sì. Ascolta com'è fatto.""\n\n\n\n*Heimen avvicina la tua mappa, poi segna un punto con mano rapida ed esperta.*\n\n""È un rito di protezione. Usiamo pietre del cammino per entrare in comunione con Ceres e chiederle di proteggere Wildwood. Gli elfi lo compivano regolarmente, con o senza corruzione, e ne annotarono l'effetto quando il marciume premeva sui confini. Lo respingeva. Conosco il posto giusto. Lo segno sulla mappa e ci vediamo là."""
NPC_HEIMENTHALDRIK_TITLE,Poeta Nanico
NPC_LOSTBOY_GREETING_02f67c80-bba3-4fe4-a81d-cb6a6cc2875c,"*Il bambino dagli occhi vivaci non sta più nella pelle mentre ti avvicini.*\n\n""Wow! Un vero avventuriero. Hai buttato giù quella Driade senza problemi.""\n\n""Che spettacolo!"""
NPC_LOSTBOY_GREETING_120aa402-3729-4f34-b340-2a64f74174ce,"*Il bambino si mette sull'attenti mentre ti avvicini.*\n\n""Non preoccuparti, adesso me ne vado!"""
NPC_LOSTBOY_NAME,Bambino smarrito
NPC_LOSTBOY_PLAYER_0aa43a63-7c5f-4f6d-9bfb-f7f0d1f33f95_HEROIC,"Ti capisco, piccolo. Verrà il tuo momento, ma ora devi tornare a casa."
NPC_LOSTBOY_PLAYER_0aa43a63-7c5f-4f6d-9bfb-f7f0d1f33f95_JOKER,"Capisco, piccolo. Un giorno gliela farai vedere, ma adesso casa chiama."
NPC_LOSTBOY_PLAYER_0aa43a63-7c5f-4f6d-9bfb-f7f0d1f33f95_SCHOLAR,"Comprendo, bambino. Verrà il tuo momento, ma per ora torna a casa."
NPC_LOSTBOY_PLAYER_0aa43a63-7c5f-4f6d-9bfb-f7f0d1f33f95_STOIC,"Ti capisco, piccolo. Un giorno potrai farlo. Ora vai a casa."
NPC_LOSTBOY_PLAYER_0dfbb9d5-160a-42cf-837a-bd84787e3f46_HEROIC,"La tua ambizione ti fa onore, ma allenarti con Rahaner ti preparerà a dovere."
NPC_LOSTBOY_PLAYER_0dfbb9d5-160a-42cf-837a-bd84787e3f46_JOKER,"Cercare l'avventura è da coraggiosi, ma magari prima fatti insegnare due cose da Rahaner."
NPC_LOSTBOY_PLAYER_0dfbb9d5-160a-42cf-837a-bd84787e3f46_SCHOLAR,Aspirare a diventare un avventuriero è ammirevole. Sarebbe prudente addestrarti prima con Rahaner.
NPC_LOSTBOY_PLAYER_0dfbb9d5-160a-42cf-837a-bd84787e3f46_STOIC,Ammirevole. Prima allenati con Rahaner.
NPC_LOSTBOY_PLAYER_31cac4f2-a7e1-4ac3-a50b-77190c896e67_HEROIC,Non dovresti essere qui fuori. Torna dentro le mura.
NPC_LOSTBOY_PLAYER_31cac4f2-a7e1-4ac3-a50b-77190c896e67_JOKER,"Non dovresti essere qui fuori. Le Driadi mangiano i bambini che vanno in giro, o almeno così dirò a tua madre."
NPC_LOSTBOY_PLAYER_31cac4f2-a7e1-4ac3-a50b-77190c896e67_SCHOLAR,Non dovresti essere qui fuori. Chi dovrebbe sorvegliarti non lo sta facendo.
NPC_LOSTBOY_PLAYER_31cac4f2-a7e1-4ac3-a50b-77190c896e67_STOIC,Non dovresti essere qui fuori. Vai a casa.
NPC_LOSTBOY_PLAYER_4f42dc52-9939-48da-92e4-efb65537c8ab_BASE,Esci
NPC_LOSTBOY_PLAYER_530d6e29-af68-4aa6-8d30-0269e90ea665_HEROIC,Hai occhio. Cosa fai qui fuori da solo?
NPC_LOSTBOY_PLAYER_530d6e29-af68-4aa6-8d30-0269e90ea665_JOKER,Hai occhio. E adesso dimmi: perché il più piccolo di Earlwood è proprio quello fuori dalle mura?
NPC_LOSTBOY_PLAYER_530d6e29-af68-4aa6-8d30-0269e90ea665_SCHOLAR,"Hai osservato con attenzione. Perché sei qui fuori, e qualcuno lo sa?"
NPC_LOSTBOY_PLAYER_530d6e29-af68-4aa6-8d30-0269e90ea665_STOIC,Hai occhio. Perché sei qui fuori da solo?
NPC_LOSTBOY_PLAYER_579d84b3-6a93-4e88-b9e6-9f3f77f82493_HEROIC,Tu devi essere il bambino di cui parlano tutti.
NPC_LOSTBOY_PLAYER_579d84b3-6a93-4e88-b9e6-9f3f77f82493_JOKER,Tu devi essere il bambino che sta scatenando tutto questo trambusto.
NPC_LOSTBOY_PLAYER_579d84b3-6a93-4e88-b9e6-9f3f77f82493_SCHOLAR,Devi essere il bambino di cui discute l'intero villaggio.
NPC_LOSTBOY_PLAYER_579d84b3-6a93-4e88-b9e6-9f3f77f82493_STOIC,Sei il bambino per cui si agitano tutti.
NPC_LOSTBOY_PLAYER_6c7925f5-cf9b-4393-9151-5dcbf29500a3_HEROIC,"Una Driade ti ha preso. Non è certo il segno di un bravo avventuriero, vero?"
NPC_LOSTBOY_PLAYER_6c7925f5-cf9b-4393-9151-5dcbf29500a3_JOKER,"Ti ha preso una Driade? Non proprio il marchio del grande avventuriero, eh?"
NPC_LOSTBOY_PLAYER_6c7925f5-cf9b-4393-9151-5dcbf29500a3_SCHOLAR,"Catturato da una Driade. Non depone a favore delle tue capacità, non credi?"
NPC_LOSTBOY_PLAYER_6c7925f5-cf9b-4393-9151-5dcbf29500a3_STOIC,"Ti sei fatto prendere da una Driade. Non sei un gran avventuriero, eh?"
NPC_LOSTBOY_PLAYER_95bca11b-7f29-4bc1-92df-b37f8b9e6f61_HEROIC,"Lascia perdere, piccolo. Questa strada non fa per te."
NPC_LOSTBOY_PLAYER_95bca11b-7f29-4bc1-92df-b37f8b9e6f61_JOKER,"Meglio mettere via la spada di legno, piccolo. Questa vita non ti si addice."
NPC_LOSTBOY_PLAYER_95bca11b-7f29-4bc1-92df-b37f8b9e6f61_SCHOLAR,"Rinunciaci, davvero. Questa vita ti consumerebbe in fretta."
NPC_LOSTBOY_PLAYER_95bca11b-7f29-4bc1-92df-b37f8b9e6f61_STOIC,"Lascia perdere, piccolo. Non è la vita per te."
NPC_LOSTBOY_PLAYER_d2e1f981-01db-4e64-a6b4-1f8b3dc5106d_BASE,"""Non ci sono già tanti avventurieri al villaggio?"""
NPC_LOSTBOY_RESPONSE_0cb7239e-4895-44ef-ae57-f1fd0bc68955,"*Gli occhi del bambino si sgranano, mentre nella sua immaginazione prendono forma i sogni per il futuro.*\n\n""Va bene. Torno a casa!"""
NPC_LOSTBOY_RESPONSE_2be8f59c-2e9c-4d65-91e9-06e3d5bdbb2c,"""Non mi lasciavano uscire a combattere. Pensano che non ce la faccia.""\n\n""Voglio diventare un avventuriero come te!"""
NPC_LOSTBOY_RESPONSE_2e0b6e12-d6e5-4f69-b76e-f24d4065741c,"*Il bambino abbassa gli occhi a terra. I suoi sogni sono infranti.*\n\n""Va bene… Torno a casa."""
NPC_LOSTBOY_RESPONSE_5df6c0ef-5e8d-4e63-8c17-155be284137e,"""Hai ragione…""\n\n""Sono tutti così preoccupati adesso. Volevo solo dare una mano."""
NPC_LOSTBOY_RESPONSE_7935fc93-3c7c-4d6e-9512-02a70c8d3878,"""Non come te! L'unico vero avventuriero là è Alaric. Vorrei tanto vederlo combattere."""
NPC_LOSTBOY_RESPONSE_c51c1f18-57c6-45f3-98b8-1e1e93a2a518,"""Non mi ha catturato. La stavo spiando! Eldorian dice che fare l'esploratore è un lavoro importante. Dice che per imparare come combattere dobbiamo solo guardare il nemico.""\n\n""Sono tutti così preoccupati adesso. Volevo solo dare una mano."""
NPC_LOSTBOY_TITLE,Bambino di Earlwood
NPC_MANGA_GREETING_30c82f62-776d-43c0-8ffd-bd82ccf5e01a,"*Mentre ti avvicini, Manga è affiancato da due guardie di Earlwood, la cui presenza qui è chiaramente fuori luogo.*\n\n""Viandante, bentornato. Questi due stavano giusto andando via."""
NPC_MANGA_GREETING_4219d665-8478-4f11-b39c-5ee6a9ad7ae7,"""Viandante, benvenuto. Mi sono stabilito qui e ho allestito una fucina con i mezzi a disposizione.""\n\n""Per ora è modesta, ma solida."""
NPC_MANGA_GREETING_6a3b2ae1-3e3a-4f3e-b98b-418e4b55bdd5,"*Manga posa il martello e ti dedica tutta la sua attenzione.*\n\n""Viandante, sei tornato. Con delle risposte, confido. Parla. Quale verità hai strappato a questo groviglio?"""
NPC_MANGA_GREETING_7b03e94d-0102-4981-9aa4-57eab891fc1e,"""Eccoti di nuovo. Parla, dunque: vuoi affilare la lama o temprare i pensieri?"""
NPC_MANGA_GREETING_8e29fa3c-fb49-4bce-8f91-009d1792a295,"*Davanti a te si erge un minotauro alto e dalle spalle larghe, con le corna recise di netto. Al tuo avvicinarsi si volta con calma e precisione.*\n\n“Sei tu quello di cui si parla a mezza voce. Se cerchi acciaio o parole, posso offrirti entrambi. Mi chiamo Manga.”"
NPC_MANGA_GREETING_a0b8f0fa-bfa5-4a77-8c3a-e7b55f06fcd6,"""Viandante, devo porre un peso sulle tue spalle. Ci era stata promessa una spedizione di armi, ormai in grave ritardo. Senza di essa siamo impreparati alle prove che ci attendono."""
NPC_MANGA_GREETING_a4b16137-40cf-47c6-9667-f012438b211c,"*Mentre ti avvicini, Manga rimane immobile accanto alla fucina, a braccia conserte, con lo sguardo gravato da una cupa preoccupazione.*\n\n""Hm. Sei tornato, viandante. Cosa ti porta alla mia fucina in un momento simile?"""
NPC_MANGA_NAME,Manga
NPC_MANGA_PLAYER_00f5c19f-bff2-401d-a7b4-f49b01622ea3_HEROIC,Un monito. Allora dietro dev'esserci un atto vergognoso.
NPC_MANGA_PLAYER_00f5c19f-bff2-401d-a7b4-f49b01622ea3_JOKER,"Un monito inciso addosso. Qualunque cosa tu abbia fatto, ha lasciato il segno."
NPC_MANGA_PLAYER_00f5c19f-bff2-401d-a7b4-f49b01622ea3_SCHOLAR,Un monito. Bisogna dunque aver commesso qualcosa di disonorevole.
NPC_MANGA_PLAYER_00f5c19f-bff2-401d-a7b4-f49b01622ea3_STOIC,Un monito. Devi aver fatto qualcosa di vergognoso.
NPC_MANGA_PLAYER_01848e8d-4e01-4f90-8783-9261b9f5b23a_BASE,"""Ho completato la forgiatura runica."""
NPC_MANGA_PLAYER_0486d443-c5a6-4abe-b9d7-082a3ef489cc_HEROIC,Quale forza possiede un Goblin per abbattere un Minotauro?
NPC_MANGA_PLAYER_0486d443-c5a6-4abe-b9d7-082a3ef489cc_JOKER,Come fa proprio un Goblin a stendere un Minotauro?
NPC_MANGA_PLAYER_0486d443-c5a6-4abe-b9d7-082a3ef489cc_SCHOLAR,Cosa occorrerebbe a un Goblin per abbattere un Minotauro?
NPC_MANGA_PLAYER_0486d443-c5a6-4abe-b9d7-082a3ef489cc_STOIC,Come può un Goblin abbattere un Minotauro?
NPC_MANGA_PLAYER_04e260f4-9ee9-4b78-9900-3642699366f3_HEROIC,Bene. Continua a dimostrare il tuo valore e verrò a cercarti.
NPC_MANGA_PLAYER_04e260f4-9ee9-4b78-9900-3642699366f3_JOKER,Bene. Continua a stupirmi e potrei perfino venire a cercarti.
NPC_MANGA_PLAYER_04e260f4-9ee9-4b78-9900-3642699366f3_SCHOLAR,Bene. Dimostra che non è merito di una sola giornata propizia e verrò a cercarti.
NPC_MANGA_PLAYER_04e260f4-9ee9-4b78-9900-3642699366f3_STOIC,Bene. Dimostra ancora il tuo valore. Ti cercherò.
NPC_MANGA_PLAYER_06d17702-558e-49e6-a5e8-7b4d213a8c4e_HEROIC,Hai voltato le spalle alla tua patria per un credo sconsiderato.
NPC_MANGA_PLAYER_06d17702-558e-49e6-a5e8-7b4d213a8c4e_JOKER,Hai barattato una patria con una filosofia. Valeva di più la patria.
NPC_MANGA_PLAYER_06d17702-558e-49e6-a5e8-7b4d213a8c4e_SCHOLAR,Hai abbandonato la tua patria per seguire una dottrina priva di fondamento.
NPC_MANGA_PLAYER_06d17702-558e-49e6-a5e8-7b4d213a8c4e_STOIC,Hai tradito la tua patria per una filosofia stolta.
NPC_MANGA_PLAYER_0894f3c8-e448-478a-8050-a51baaf88726_HEROIC,Sono lieto che tu abbia resistito e sia giunto fin qui.
NPC_MANGA_PLAYER_0894f3c8-e448-478a-8050-a51baaf88726_JOKER,Bello sapere che ce l'hai fatta e sei arrivato qui tutto intero.
NPC_MANGA_PLAYER_0894f3c8-e448-478a-8050-a51baaf88726_SCHOLAR,"Sono lieto che tu sia sopravvissuto. Fra tutte le vie di fuga, la tua ti ha condotto qui."
NPC_MANGA_PLAYER_0894f3c8-e448-478a-8050-a51baaf88726_STOIC,Sono contento che tu sia sopravvissuto e arrivato qui.
NPC_MANGA_PLAYER_0bb54c6f-8bbd-42c0-b5f8-21f4ba46c359_HEROIC,Come giudichi la situazione?
NPC_MANGA_PLAYER_0bb54c6f-8bbd-42c0-b5f8-21f4ba46c359_JOKER,"Allora, che verdetto arriva dall'incudine?"
NPC_MANGA_PLAYER_0bb54c6f-8bbd-42c0-b5f8-21f4ba46c359_SCHOLAR,Qual è la tua opinione ponderata sulla questione?
NPC_MANGA_PLAYER_0bb54c6f-8bbd-42c0-b5f8-21f4ba46c359_STOIC,Come la vedi?
NPC_MANGA_PLAYER_138ab709-3b89-463a-ae5a-a2bb16666f75_HEROIC,Dove c'è spazio nel Santuario. Ti sintonizzerò con i Varchi; il resto del cammino spetta a te.
NPC_MANGA_PLAYER_138ab709-3b89-463a-ae5a-a2bb16666f75_JOKER,"Ovunque nel Santuario, purché non sia la mia tenda. Ti porteranno i Varchi; io non mi carico un'incudine."
NPC_MANGA_PLAYER_138ab709-3b89-463a-ae5a-a2bb16666f75_SCHOLAR,"Qualunque spiazzo nel Santuario. Ti sintonizzerò; a coprire la distanza penseranno i Varchi, non io."
NPC_MANGA_PLAYER_138ab709-3b89-463a-ae5a-a2bb16666f75_STOIC,Dove c'è spazio. Ti sintonizzerò con i Varchi.
NPC_MANGA_PLAYER_13a4faa7-63a3-42f7-8bfd-7a1fc87fd02a_HEROIC,Ammirevole. Tu resti fedele a quei valori?
NPC_MANGA_PLAYER_13a4faa7-63a3-42f7-8bfd-7a1fc87fd02a_JOKER,"Ammirevole, davvero. Te li porti ancora dietro, quei valori?"
NPC_MANGA_PLAYER_13a4faa7-63a3-42f7-8bfd-7a1fc87fd02a_SCHOLAR,"Ammirevole. E tu? Quei valori reggono ancora, così lontano da casa?"
NPC_MANGA_PLAYER_13a4faa7-63a3-42f7-8bfd-7a1fc87fd02a_STOIC,È ammirevole. Condividi ancora i loro valori?
NPC_MANGA_PLAYER_14c99b73-3e44-45b0-8b88-5c11386b8df2_BASE,Esci
NPC_MANGA_PLAYER_1834b1de-63ef-4c59-9fd6-29f17f75ad9e_BASE,“Ti capita mai di rimpiangere quella scelta?”
NPC_MANGA_PLAYER_183d5efe-956e-4eb8-af5b-faa1c9e00ef9_HEROIC,"Certo, Manga. La tua causa avrà la mia forza ogni volta che servirà."
NPC_MANGA_PLAYER_183d5efe-956e-4eb8-af5b-faa1c9e00ef9_JOKER,"Certo, Manga. Indicami chi ha bisogno di una bella dissuasione."
NPC_MANGA_PLAYER_183d5efe-956e-4eb8-af5b-faa1c9e00ef9_SCHOLAR,"Certo, Manga. La mia forza è a tua disposizione: basta che tu ne esprima il bisogno."
NPC_MANGA_PLAYER_183d5efe-956e-4eb8-af5b-faa1c9e00ef9_STOIC,"Certo, Manga. Puoi sempre contare sulla mia forza."
NPC_MANGA_PLAYER_1874017c-376b-45cb-9849-d14d0592e98f_HEROIC,Hai combattuto lì di persona? Allora voglio sentirne la verità.
NPC_MANGA_PLAYER_1874017c-376b-45cb-9849-d14d0592e98f_JOKER,C'eri? Dammi la versione senza i ritocchi del bardo.
NPC_MANGA_PLAYER_1874017c-376b-45cb-9849-d14d0592e98f_SCHOLAR,Ne sei stato testimone diretto? Che cosa accadde davvero laggiù?
NPC_MANGA_PLAYER_1874017c-376b-45cb-9849-d14d0592e98f_STOIC,C'eri? Cos'è successo?
NPC_MANGA_PLAYER_2353990b-b3e5-4e63-95ff-f07f26333950_HEROIC,E quale ruolo spetta alle donne?
NPC_MANGA_PLAYER_2353990b-b3e5-4e63-95ff-f07f26333950_JOKER,E le donne? Anche loro hanno diritto alle corna?
NPC_MANGA_PLAYER_2353990b-b3e5-4e63-95ff-f07f26333950_SCHOLAR,Quale considerazione è riservata alle donne?
NPC_MANGA_PLAYER_2353990b-b3e5-4e63-95ff-f07f26333950_STOIC,E le donne?
NPC_MANGA_PLAYER_23910b84-4620-497b-9d51-ce2b6c290e1e_HEROIC,A cosa serve il muro dei Treant?
NPC_MANGA_PLAYER_23910b84-4620-497b-9d51-ce2b6c290e1e_JOKER,Il muro dei Treant? Di chi è stata l'idea?
NPC_MANGA_PLAYER_23910b84-4620-497b-9d51-ce2b6c290e1e_SCHOLAR,Che cos'è il muro dei Treant e chi l'ha costruito?
NPC_MANGA_PLAYER_23910b84-4620-497b-9d51-ce2b6c290e1e_STOIC,Cosa sai del muro dei Treant?
NPC_MANGA_PLAYER_245264f1-5899-4d33-a453-2ad19a871158_HEROIC,Prima viene il bisogno. La necessità vi risponde.
NPC_MANGA_PLAYER_245264f1-5899-4d33-a453-2ad19a871158_JOKER,Buffo: il bisogno non va mai in giro senza la cugina necessità.
NPC_MANGA_PLAYER_245264f1-5899-4d33-a453-2ad19a871158_SCHOLAR,"La necessità nasce direttamente dal bisogno, e l'uno rafforza l'altra."
NPC_MANGA_PLAYER_245264f1-5899-4d33-a453-2ad19a871158_STOIC,Il bisogno genera la necessità.
NPC_MANGA_PLAYER_25a6b966-6948-4a01-94ae-dfc1364101d4_HEROIC,I goblin minacciavano spesso la tua patria?
NPC_MANGA_PLAYER_25a6b966-6948-4a01-94ae-dfc1364101d4_JOKER,La tua patria brulicava di goblin o non erano poi così comuni?
NPC_MANGA_PLAYER_25a6b966-6948-4a01-94ae-dfc1364101d4_SCHOLAR,"I goblin erano numerosi nella tua patria, oppure li hai conosciuti solo qui?"
NPC_MANGA_PLAYER_25a6b966-6948-4a01-94ae-dfc1364101d4_STOIC,Era comune trovare goblin nella tua patria?
NPC_MANGA_PLAYER_26800938-8a23-42f5-b341-14e2d2f06d8a_HEROIC,Nel Santuario. Ti sintonizzerò io stesso; i Varchi ti porteranno lì.
NPC_MANGA_PLAYER_26800938-8a23-42f5-b341-14e2d2f06d8a_JOKER,"Nel Santuario, dove l'incudine non sveglia i vicini. Un Varco porterà lì te e il tuo martello."
NPC_MANGA_PLAYER_26800938-8a23-42f5-b341-14e2d2f06d8a_SCHOLAR,Il Santuario. Io ti sintonizzo; i Varchi coprono la distanza. La tua fucina ti aspetterà.
NPC_MANGA_PLAYER_26800938-8a23-42f5-b341-14e2d2f06d8a_STOIC,Il Santuario. La mia magia ti sintonizza. I Varchi ti trasportano.
NPC_MANGA_PLAYER_27299363-acbd-499c-bdf4-a32d4e088d15_HEROIC,Allora in questo villaggio ci tocca il peso di troppe anime deboli.
NPC_MANGA_PLAYER_27299363-acbd-499c-bdf4-a32d4e088d15_JOKER,Questo villaggio ha pescato la pagliuzza corta: un intero raccolto di smidollati.
NPC_MANGA_PLAYER_27299363-acbd-499c-bdf4-a32d4e088d15_SCHOLAR,Allora questo villaggio ha una sovrabbondanza di individui deboli.
NPC_MANGA_PLAYER_27299363-acbd-499c-bdf4-a32d4e088d15_STOIC,Troppi deboli in questo villaggio. Una condanna.
NPC_MANGA_PLAYER_29902dbb-85fc-4dc9-bc8f-27b5b055a1d1_HEROIC,Scegliere di aiutare anziché fuggire rivela il vero carattere di una persona.
NPC_MANGA_PLAYER_29902dbb-85fc-4dc9-bc8f-27b5b055a1d1_JOKER,Sei rimasto ad aiutare. Di solito la gente scopre di avere impegni urgenti altrove.
NPC_MANGA_PLAYER_29902dbb-85fc-4dc9-bc8f-27b5b055a1d1_SCHOLAR,Sei rimasto ad aiutare quando fuggire sarebbe costato meno. È già molto eloquente.
NPC_MANGA_PLAYER_29902dbb-85fc-4dc9-bc8f-27b5b055a1d1_STOIC,Hai scelto di aiutare anziché fuggire. Dice molto di te.
NPC_MANGA_PLAYER_2a39dffd-e0c9-4dd2-82c2-5a263e5d4ff5_BASE,"""Ho trovato le tue armi scomparse."""
NPC_MANGA_PLAYER_2a64713d-07bf-4002-9541-f0ace6962b6b_HEROIC,Quelli come loro girano liberamente qui. Andrebbero cacciati.
NPC_MANGA_PLAYER_2a64713d-07bf-4002-9541-f0ace6962b6b_JOKER,Quelli come loro passeggiano qui come fossero a casa propria. Vado a prendere la scopa?
NPC_MANGA_PLAYER_2a64713d-07bf-4002-9541-f0ace6962b6b_SCHOLAR,Quelli come loro circolano liberamente qui. Dammi una ragione per lasciarli restare.
NPC_MANGA_PLAYER_2a64713d-07bf-4002-9541-f0ace6962b6b_STOIC,Strano vederli girare liberamente qui. Dovremmo cacciarli.
NPC_MANGA_PLAYER_2a75674d-ae31-4807-843f-bb0c2e0dd4c0_HEROIC,"Erano solo guardie rinnegate, avvoltoi che predavano i deboli."
NPC_MANGA_PLAYER_2a75674d-ae31-4807-843f-bb0c2e0dd4c0_JOKER,Solo uno stormo di guardie rinnegate: avvoltoi che girano in tondo sulla propria debolezza.
NPC_MANGA_PLAYER_2a75674d-ae31-4807-843f-bb0c2e0dd4c0_SCHOLAR,"Guardie rinnegate. Avvoltoi per indole, deboli sotto ogni altro aspetto."
NPC_MANGA_PLAYER_2a75674d-ae31-4807-843f-bb0c2e0dd4c0_STOIC,Un gruppo di guardie rinnegate. Avvoltoi e deboli.
NPC_MANGA_PLAYER_2c3b9aa9-c942-46a9-942c-9d28c7e23c36_BASE,“Perché il Sindaco non ha mandato dei soldati?”
NPC_MANGA_PLAYER_32d07e4a-57ef-4674-8f14-9a6657b90301_HEROIC,"Sei davvero uno di quei pochi uomini rari, Manga."
NPC_MANGA_PLAYER_32d07e4a-57ef-4674-8f14-9a6657b90301_JOKER,"Quelli rari come te non capitano mica tutti i giorni, Manga."
NPC_MANGA_PLAYER_32d07e4a-57ef-4674-8f14-9a6657b90301_SCHOLAR,"Secondo ogni criterio che conosco, rientri fra quei rari individui, Manga."
NPC_MANGA_PLAYER_32d07e4a-57ef-4674-8f14-9a6657b90301_STOIC,"Sei uno di quei pochi, Manga."
NPC_MANGA_PLAYER_33903654-1126-483b-b05b-12f0a24625bd_HEROIC,I miei doveri non mi lasciano spazio per queste faccende.
NPC_MANGA_PLAYER_33903654-1126-483b-b05b-12f0a24625bd_JOKER,Magari la mia agenda prevedesse certi passatempi.
NPC_MANGA_PLAYER_33903654-1126-483b-b05b-12f0a24625bd_SCHOLAR,Ogni ora a mia disposizione è già impegnata. Questo non ne vale una.
NPC_MANGA_PLAYER_33903654-1126-483b-b05b-12f0a24625bd_STOIC,Non ho tempo per queste cose.
NPC_MANGA_PLAYER_3394dfe1-6e6e-4113-96be-763dc8edf4af_HEROIC,I lupi le hanno trascinate nella foresta. Un Treant le sorvegliava.
NPC_MANGA_PLAYER_3394dfe1-6e6e-4113-96be-763dc8edf4af_JOKER,I lupi facevano i facchini e un Treant il custode. Strana società.
NPC_MANGA_PLAYER_3394dfe1-6e6e-4113-96be-763dc8edf4af_SCHOLAR,I lupi le hanno trascinate lì e un Treant le sorvegliava. Le sorvegliava: non era semplicemente nei paraggi.
NPC_MANGA_PLAYER_3394dfe1-6e6e-4113-96be-763dc8edf4af_STOIC,I lupi le hanno trascinate nella foresta. Un Treant faceva la guardia.
NPC_MANGA_PLAYER_36f8972a-82f2-410b-889d-750021d4374a_HEROIC,"È una cultura arretrata, senza dubbio."
NPC_MANGA_PLAYER_36f8972a-82f2-410b-889d-750021d4374a_JOKER,Arretrata è un complimento. Quella cultura sta ancora litigando con la ruota.
NPC_MANGA_PLAYER_36f8972a-82f2-410b-889d-750021d4374a_SCHOLAR,Arretrata è riduttivo. Quella cultura si è fossilizzata secoli fa.
NPC_MANGA_PLAYER_36f8972a-82f2-410b-889d-750021d4374a_STOIC,Una cultura arretrata.
NPC_MANGA_PLAYER_36fcd436-2a6b-4733-a5fb-7693b5b16a17_HEROIC,Dove si trova Xwin?
NPC_MANGA_PLAYER_36fcd436-2a6b-4733-a5fb-7693b5b16a17_JOKER,E Xwin dove si nasconde sulla mappa?
NPC_MANGA_PLAYER_36fcd436-2a6b-4733-a5fb-7693b5b16a17_SCHOLAR,"Dove si trova Xwin, e a quale distanza?"
NPC_MANGA_PLAYER_36fcd436-2a6b-4733-a5fb-7693b5b16a17_STOIC,Dov'è Xwin?
NPC_MANGA_PLAYER_385ebabe-8605-43fc-b58a-e744e71a04af_HEROIC,Volterai davvero le spalle ai tuoi fratelli?
NPC_MANGA_PLAYER_385ebabe-8605-43fc-b58a-e744e71a04af_JOKER,"Complotti contro i tuoi fratelli? Li scegli bene, i nemici."
NPC_MANGA_PLAYER_385ebabe-8605-43fc-b58a-e744e71a04af_SCHOLAR,Un tradimento ai danni dei tuoi stessi fratelli? Illustrami il ragionamento.
NPC_MANGA_PLAYER_385ebabe-8605-43fc-b58a-e744e71a04af_STOIC,Pensi di tradire i tuoi fratelli?
NPC_MANGA_PLAYER_397ab9db-cc15-4025-8f25-79c9f87e9a59_HEROIC,Non può essere vero. Nessuno sopravvive a una cosa simile.
NPC_MANGA_PLAYER_397ab9db-cc15-4025-8f25-79c9f87e9a59_JOKER,Bella storia. Scommetto che migliora a ogni boccale di birra.
NPC_MANGA_PLAYER_397ab9db-cc15-4025-8f25-79c9f87e9a59_SCHOLAR,Nessuno sopravvive a una cosa del genere. Ciò che ti hanno riferito si è ingigantito a ogni racconto.
NPC_MANGA_PLAYER_397ab9db-cc15-4025-8f25-79c9f87e9a59_STOIC,È inventato. Non se ne esce vivi.
NPC_MANGA_PLAYER_3ab48ba2-6600-48f8-a467-80fb1c48fdb1_HEROIC,Dammi un giudizio sincero su Corin.
NPC_MANGA_PLAYER_3ab48ba2-6600-48f8-a467-80fb1c48fdb1_JOKER,Corin. Che si dice del capitano alla fucina?
NPC_MANGA_PLAYER_3ab48ba2-6600-48f8-a467-80fb1c48fdb1_SCHOLAR,Come valuteresti Corin?
NPC_MANGA_PLAYER_3ab48ba2-6600-48f8-a467-80fb1c48fdb1_STOIC,Cosa pensi di Corin?
NPC_MANGA_PLAYER_3b56af36-e3f7-480b-85c0-c50eb995d0cf_HEROIC,Capisco: la forza ci dà i mezzi per liberarci dalla necessità.
NPC_MANGA_PLAYER_3b56af36-e3f7-480b-85c0-c50eb995d0cf_JOKER,Capisco: con la forza ti compri una via d'uscita dalla necessità.
NPC_MANGA_PLAYER_3b56af36-e3f7-480b-85c0-c50eb995d0cf_SCHOLAR,Dunque la libertà dalla necessità si acquista attraverso la forza.
NPC_MANGA_PLAYER_3b56af36-e3f7-480b-85c0-c50eb995d0cf_STOIC,Capisco. La forza ci libera dalla necessità.
NPC_MANGA_PLAYER_3ba4ae60-d030-42e7-b0e0-9f44f2a6e66e_HEROIC,"La crisi richiede la tua attenzione più di queste domande, non credi?"
NPC_MANGA_PLAYER_3ba4ae60-d030-42e7-b0e0-9f44f2a6e66e_JOKER,"A meno che la crisi non si risolva da sola, le domande possono aspettare, no?"
NPC_MANGA_PLAYER_3ba4ae60-d030-42e7-b0e0-9f44f2a6e66e_SCHOLAR,Il tuo tempo non sarebbe meglio impiegato nell'affrontare la crisi che in queste domande?
NPC_MANGA_PLAYER_3ba4ae60-d030-42e7-b0e0-9f44f2a6e66e_STOIC,Non dovresti occuparti della crisi anziché fare domande?
NPC_MANGA_PLAYER_3ce79d4b-6fc5-4481-a504-337850a9ca0b_HEROIC,Lo spero anch'io. Il tempo passato con te è ben speso.
NPC_MANGA_PLAYER_3ce79d4b-6fc5-4481-a504-337850a9ca0b_JOKER,Più tempo con te e la tua fucina? Me ne farò una ragione.
NPC_MANGA_PLAYER_3ce79d4b-6fc5-4481-a504-337850a9ca0b_SCHOLAR,Avremo dunque più tempo insieme. Devo dire che il conto mi piace.
NPC_MANGA_PLAYER_3ce79d4b-6fc5-4481-a504-337850a9ca0b_STOIC,"Più tempo insieme, allora."
NPC_MANGA_PLAYER_3ed3d649-14a3-4c62-8f2a-4d2ea2e2f89a_HEROIC,Risparmiami la leggenda. Dimmi cos'è successo.
NPC_MANGA_PLAYER_3ed3d649-14a3-4c62-8f2a-4d2ea2e2f89a_JOKER,"Una leggenda, dunque. Con o senza ricami?"
NPC_MANGA_PLAYER_3ed3d649-14a3-4c62-8f2a-4d2ea2e2f89a_SCHOLAR,Questo esordio ha il ritmo di una leggenda. Io cerco fatti.
NPC_MANGA_PLAYER_3ed3d649-14a3-4c62-8f2a-4d2ea2e2f89a_STOIC,Sembra l'inizio di una leggenda.
NPC_MANGA_PLAYER_4a0d2c0f-546b-45e9-8e28-21d6c896b8e6_HEROIC,Li hai incontrati nel periodo trascorso là?
NPC_MANGA_PLAYER_4a0d2c0f-546b-45e9-8e28-21d6c896b8e6_JOKER,"Ti è passato qualche goblin fra i piedi, a casa tua, o all'epoca erano più furbi?"
NPC_MANGA_PLAYER_4a0d2c0f-546b-45e9-8e28-21d6c896b8e6_SCHOLAR,Erano presenti durante la tua permanenza là?
NPC_MANGA_PLAYER_4a0d2c0f-546b-45e9-8e28-21d6c896b8e6_STOIC,Li hai incontrati quando eri là?
NPC_MANGA_PLAYER_4aade76b-2353-4620-b80b-e1835305376b_HEROIC,"Era necessario, e così è stato fatto."
NPC_MANGA_PLAYER_4aade76b-2353-4620-b80b-e1835305376b_JOKER,"Quando serve una cosa, la fai. Facile."
NPC_MANGA_PLAYER_4aade76b-2353-4620-b80b-e1835305376b_SCHOLAR,Le mie azioni sono state dettate unicamente dalla necessità.
NPC_MANGA_PLAYER_4aade76b-2353-4620-b80b-e1835305376b_STOIC,Ho fatto solo il necessario.
NPC_MANGA_PLAYER_507f09aa-e6f5-4e0f-a282-3cb73b3c18f1_HEROIC,"È sopravvissuto, completamente solo?"
NPC_MANGA_PLAYER_507f09aa-e6f5-4e0f-a282-3cb73b3c18f1_JOKER,"Sempre da solo, e respira ancora?"
NPC_MANGA_PLAYER_507f09aa-e6f5-4e0f-a282-3cb73b3c18f1_SCHOLAR,Ha resistito senza alcun aiuto?
NPC_MANGA_PLAYER_507f09aa-e6f5-4e0f-a282-3cb73b3c18f1_STOIC,È sopravvissuto da solo?
NPC_MANGA_PLAYER_50cfc3d6-7d20-466f-8d00-d395ba9bc57f_HEROIC,"Qualunque pensiero ti occupi la mente, ti ascolterò volentieri."
NPC_MANGA_PLAYER_50cfc3d6-7d20-466f-8d00-d395ba9bc57f_JOKER,Sembra che tu nasconda un segreto dietro quelle corna.
NPC_MANGA_PLAYER_50cfc3d6-7d20-466f-8d00-d395ba9bc57f_SCHOLAR,Stai soppesando qualcosa. Di che si tratta?
NPC_MANGA_PLAYER_50cfc3d6-7d20-466f-8d00-d395ba9bc57f_STOIC,Hai qualcosa in mente?
NPC_MANGA_PLAYER_51b8d8da-2159-46a0-9de1-06a6ed6f6a62_BASE,"""Non ho potuto fare a meno di notare che hai le corna recise."""
NPC_MANGA_PLAYER_52215722-bdc2-40fb-96a1-6a8c4877e133_HEROIC,I lupi l'hanno trascinata nella foresta e un Treant si è messo fra me e il carico. Le parole non basteranno.
NPC_MANGA_PLAYER_52215722-bdc2-40fb-96a1-6a8c4877e133_JOKER,"L'hanno portata via i lupi, poi un Treant ha avuto da ridire quando l'ho ripresa. Accetto pagamenti di ogni tipo, tranne le parole."
NPC_MANGA_PLAYER_52215722-bdc2-40fb-96a1-6a8c4877e133_SCHOLAR,"I lupi hanno spostato la carovana; un Treant l'ha difesa. Nota la sequenza, e ricorda quel «più delle parole» che mi è dovuto."
NPC_MANGA_PLAYER_52215722-bdc2-40fb-96a1-6a8c4877e133_STOIC,Lupi. Foresta. Un Treant. Avevi detto che mi avresti dovuto più delle parole.
NPC_MANGA_PLAYER_524983b7-8a4d-4092-a024-1276ba029ec1_BASE,Sei l'unico fabbro del villaggio?
NPC_MANGA_PLAYER_5269e195-e660-4b89-b513-179b7fba0faf_HEROIC,Quello sguardo... sono caduti altri avventurieri?
NPC_MANGA_PLAYER_5269e195-e660-4b89-b513-179b7fba0faf_JOKER,Che faccia è quella? Un altro gruppo di avventurieri ha tirato le cuoia?
NPC_MANGA_PLAYER_5269e195-e660-4b89-b513-179b7fba0faf_SCHOLAR,"Di nuovo quell'espressione. Quanti sono morti, stavolta?"
NPC_MANGA_PLAYER_5269e195-e660-4b89-b513-179b7fba0faf_STOIC,Quella faccia. Sono morti altri avventurieri?
NPC_MANGA_PLAYER_52f2a4ae-b0bc-4a68-8d7f-9d14c779d4c4_HEROIC,Hai perso la tua casa perché hai difeso ciò che era giusto.
NPC_MANGA_PLAYER_52f2a4ae-b0bc-4a68-8d7f-9d14c779d4c4_JOKER,"Il reato è l'onestà, il prezzo l'esilio. La virtù frequenta gente costosa."
NPC_MANGA_PLAYER_52f2a4ae-b0bc-4a68-8d7f-9d14c779d4c4_SCHOLAR,L'esilio come prezzo della rettitudine. Un bilancio che non torna.
NPC_MANGA_PLAYER_52f2a4ae-b0bc-4a68-8d7f-9d14c779d4c4_STOIC,Hai perso la tua casa per aver fatto la cosa giusta.
NPC_MANGA_PLAYER_53ef28ce-5b2b-4c10-b0c5-c9a51ef1f15c_HEROIC,"I lupi hanno teso un agguato alla carovana e l'hanno trascinata nella foresta. Quando abbiamo recuperato le armi, un Treant ha attaccato."
NPC_MANGA_PLAYER_53ef28ce-5b2b-4c10-b0c5-c9a51ef1f15c_JOKER,I lupi hanno trascinato la carovana nella foresta. Andare a riprenderla ha svegliato un Treant. Ovvio.
NPC_MANGA_PLAYER_53ef28ce-5b2b-4c10-b0c5-c9a51ef1f15c_SCHOLAR,I lupi hanno portato la carovana nella foresta. Ancora più strano: recuperarla ha provocato la reazione di un Treant.
NPC_MANGA_PLAYER_53ef28ce-5b2b-4c10-b0c5-c9a51ef1f15c_STOIC,"I lupi hanno assalito la carovana e l'hanno trascinata nella foresta. Al recupero delle armi, un Treant ha attaccato."
NPC_MANGA_PLAYER_56537493-efdc-42b4-919c-0c6c32419522_HEROIC,"Grazie. Cerco di aiutare dove posso, e ti considero un amico."
NPC_MANGA_PLAYER_56537493-efdc-42b4-919c-0c6c32419522_JOKER,"Grazie, faccio quel che posso. A quanto pare, anche agli eroi serve un amico."
NPC_MANGA_PLAYER_56537493-efdc-42b4-919c-0c6c32419522_SCHOLAR,"Grazie. Faccio ciò che le circostanze richiedono, e ti annovero fra i miei amici."
NPC_MANGA_PLAYER_56537493-efdc-42b4-919c-0c6c32419522_STOIC,Grazie. Faccio quel che posso e ti considero un amico.
NPC_MANGA_PLAYER_56ebc7e0-1429-4dec-b2f6-6d0f5e8ced8a_HEROIC,"Dato che non li aiuti, devono procurarsi armi con ogni mezzo rimasto."
NPC_MANGA_PLAYER_56ebc7e0-1429-4dec-b2f6-6d0f5e8ced8a_JOKER,Gli neghi la fucina e il cimitero diventa un'armeria.
NPC_MANGA_PLAYER_56ebc7e0-1429-4dec-b2f6-6d0f5e8ced8a_SCHOLAR,Nega loro la tua fucina e troveranno alternative peggiori. Un semplice rapporto di causa ed effetto.
NPC_MANGA_PLAYER_56ebc7e0-1429-4dec-b2f6-6d0f5e8ced8a_STOIC,Non li aiuti. Devono trovare armi in altri modi.
NPC_MANGA_PLAYER_572d4d3e-5f3d-4fc4-8d18-cf7f0051528d_HEROIC,È la coercizione a forzarci la mano.
NPC_MANGA_PLAYER_572d4d3e-5f3d-4fc4-8d18-cf7f0051528d_JOKER,"Di nuovo la coercizione. Non bussa mai, entra e basta."
NPC_MANGA_PLAYER_572d4d3e-5f3d-4fc4-8d18-cf7f0051528d_SCHOLAR,"La coercizione ci forza la mano, ma vorrei conoscerne i limiti."
NPC_MANGA_PLAYER_572d4d3e-5f3d-4fc4-8d18-cf7f0051528d_STOIC,La coercizione ci forza la mano.
NPC_MANGA_PLAYER_5e308b81-8fb0-4759-b3b6-5b701da9c5db_HEROIC,Recupererò l'attrezzatura. Il resto può aspettare.
NPC_MANGA_PLAYER_5e308b81-8fb0-4759-b3b6-5b701da9c5db_JOKER,Recupero l'attrezzatura. Tieni la lezione per qualcuno che abbia uno sgabello.
NPC_MANGA_PLAYER_5e308b81-8fb0-4759-b3b6-5b701da9c5db_SCHOLAR,Ne prendo nota. Prima l'attrezzatura; approfondirò la teoria in un'altra occasione.
NPC_MANGA_PLAYER_5e308b81-8fb0-4759-b3b6-5b701da9c5db_STOIC,Recupero l'attrezzatura. Lezione dopo.
NPC_MANGA_PLAYER_6025f32a-3084-4adf-81cc-973e0f06687e_HEROIC,Parla chiaro.
NPC_MANGA_PLAYER_6025f32a-3084-4adf-81cc-973e0f06687e_JOKER,Saltiamo gli indovinelli.
NPC_MANGA_PLAYER_6025f32a-3084-4adf-81cc-973e0f06687e_SCHOLAR,Ti prego di essere diretto.
NPC_MANGA_PLAYER_6025f32a-3084-4adf-81cc-973e0f06687e_STOIC,Vieni al punto.
NPC_MANGA_PLAYER_6041a659-b455-4bce-994c-331b6a492150_HEROIC,La gente di Xwin deve davvero incarnare la fierezza.
NPC_MANGA_PLAYER_6041a659-b455-4bce-994c-331b6a492150_JOKER,"La gente di Xwin, fiera? Con corna come le tue, chi oserebbe contraddirla?"
NPC_MANGA_PLAYER_6041a659-b455-4bce-994c-331b6a492150_SCHOLAR,La fierezza sarebbe il frutto naturale di una terra come Xwin.
NPC_MANGA_PLAYER_6041a659-b455-4bce-994c-331b6a492150_STOIC,La gente di Xwin dev'essere fiera.
NPC_MANGA_PLAYER_610a177b-8c87-4c8f-9d1f-54cd34251bc0_BASE,"""La tua fucina sembra messa insieme alla buona. Cos'è successo?"""
NPC_MANGA_PLAYER_64ed2e9b-bff2-495b-bce2-c8186a8e74ed_HEROIC,"Dimmi il crimine. Voglio sentirlo da te, non dalle voci."
NPC_MANGA_PLAYER_64ed2e9b-bff2-495b-bce2-c8186a8e74ed_JOKER,Quale crimine ti costa le corna? Dev'essere una bella storia.
NPC_MANGA_PLAYER_64ed2e9b-bff2-495b-bce2-c8186a8e74ed_SCHOLAR,"Qual era il crimine, e perché sono state recise proprio le tue?"
NPC_MANGA_PLAYER_64ed2e9b-bff2-495b-bce2-c8186a8e74ed_STOIC,Qual è stato il tuo crimine? Perché ti hanno tolto le corna?
NPC_MANGA_PLAYER_66f2fa6d-7b77-463e-b5e2-c5e32f02a07f_HEROIC,"Se le troverò, ci penserò. Non faccio promesse."
NPC_MANGA_PLAYER_66f2fa6d-7b77-463e-b5e2-c5e32f02a07f_JOKER,"Se le armi saltano fuori, magari gli dedico un pensiero."
NPC_MANGA_PLAYER_66f2fa6d-7b77-463e-b5e2-c5e32f02a07f_SCHOLAR,"Se mi imbatterò nelle armi, valuterò se vale la pena riportarle."
NPC_MANGA_PLAYER_66f2fa6d-7b77-463e-b5e2-c5e32f02a07f_STOIC,"Se trovo le armi, ci penserò."
NPC_MANGA_PLAYER_67c5f5f4-d11e-4185-a5dd-15bea9807157_HEROIC,Vorrebbero che abbandonassi la causa di Alaric e ti piegassi di nuovo al volere del Sindaco?
NPC_MANGA_PLAYER_67c5f5f4-d11e-4185-a5dd-15bea9807157_JOKER,Vorrebbero che mollassi Alaric e tornassi strisciando ai piedi del Sindaco?
NPC_MANGA_PLAYER_67c5f5f4-d11e-4185-a5dd-15bea9807157_SCHOLAR,Intendono indurti a rinnegare Alaric per tornare agli ordini del Sindaco?
NPC_MANGA_PLAYER_67c5f5f4-d11e-4185-a5dd-15bea9807157_STOIC,Vogliono che tu tradisca Alaric e torni ai piedi del Sindaco?
NPC_MANGA_PLAYER_6a9790a5-daa0-4b7c-9c2d-5b4eb85ba721_HEROIC,Qual è l'origine dei Goblin?
NPC_MANGA_PLAYER_6a9790a5-daa0-4b7c-9c2d-5b4eb85ba721_JOKER,Da dove saltano fuori i Goblin? Nessuno ammette di averli creati.
NPC_MANGA_PLAYER_6a9790a5-daa0-4b7c-9c2d-5b4eb85ba721_SCHOLAR,Dove si riproducono i Goblin? Dev'esserci un luogo da cui provengono.
NPC_MANGA_PLAYER_6a9790a5-daa0-4b7c-9c2d-5b4eb85ba721_STOIC,Da dove vengono i Goblin?
NPC_MANGA_PLAYER_6d5edc83-e7d8-471b-afde-d023c7605b9f_HEROIC,Ho trovato le guardie rinnegate e le ho persuase a rinunciare ai loro intenti per il bene di tutti.
NPC_MANGA_PLAYER_6d5edc83-e7d8-471b-afde-d023c7605b9f_JOKER,"Guardie rinnegate, fatte ragionare. Ha sorpreso perfino me."
NPC_MANGA_PLAYER_6d5edc83-e7d8-471b-afde-d023c7605b9f_SCHOLAR,Guardie rinnegate. Le ho trovate e dissuase con le mie argomentazioni. Talvolta la ragione funziona ancora.
NPC_MANGA_PLAYER_6d5edc83-e7d8-471b-afde-d023c7605b9f_STOIC,Ho rintracciato le guardie rinnegate e le ho convinte a smettere.
NPC_MANGA_PLAYER_6de66a07-5aa6-4b6f-8040-c3301ced690a_HEROIC,Il Santuario è più forte perché ci sei tu. È così semplice.
NPC_MANGA_PLAYER_6de66a07-5aa6-4b6f-8040-c3301ced690a_JOKER,Sei la spina dorsale di questo Santuario. Noi altri facciamo soprattutto arredamento.
NPC_MANGA_PLAYER_6de66a07-5aa6-4b6f-8040-c3301ced690a_SCHOLAR,Togli la fucina dal Santuario e guarda cosa resta in piedi. Qui il tuo contributo conta.
NPC_MANGA_PLAYER_6de66a07-5aa6-4b6f-8040-c3301ced690a_STOIC,Sei una parte essenziale del Santuario. Una fonte di forza.
NPC_MANGA_PLAYER_6fae99c1-521f-4d35-92fc-c1bfcdd8dc09_HEROIC,Dimmi cosa bisogna fare.
NPC_MANGA_PLAYER_6fae99c1-521f-4d35-92fc-c1bfcdd8dc09_JOKER,Qual è la commissione? Le mie mani cominciavano a oziare in modo sospetto.
NPC_MANGA_PLAYER_6fae99c1-521f-4d35-92fc-c1bfcdd8dc09_SCHOLAR,Quale compito preciso vorresti affidarmi?
NPC_MANGA_PLAYER_6fae99c1-521f-4d35-92fc-c1bfcdd8dc09_STOIC,Cosa devo fare?
NPC_MANGA_PLAYER_705ecd4b-c6a9-4503-ac68-a7927733047d_HEROIC,Il suo odio è giustificato. I Goblin non meritano la nostra pietà.
NPC_MANGA_PLAYER_705ecd4b-c6a9-4503-ac68-a7927733047d_JOKER,C'è davvero bisogno di giustificare l'odio per i goblin? Ne hai mai annusato uno?
NPC_MANGA_PLAYER_705ecd4b-c6a9-4503-ac68-a7927733047d_SCHOLAR,Il suo odio è una conclusione logica. I Goblin forniscono nuove prove ogni giorno.
NPC_MANGA_PLAYER_705ecd4b-c6a9-4503-ac68-a7927733047d_STOIC,Fa bene a odiarli. I Goblin sono creature disgustose.
NPC_MANGA_PLAYER_72ad01b2-b7e4-4df6-9ee3-e0b4b0f377f9_BASE,"""Dimmi di più sulla forgiatura runica"""
NPC_MANGA_PLAYER_738ebe19-1bf9-4e36-8efb-29062a9588a9_HEROIC,Le città del tuo popolo poggiano sulla sofferenza degli innocenti.
NPC_MANGA_PLAYER_738ebe19-1bf9-4e36-8efb-29062a9588a9_JOKER,Le città del tuo popolo ammucchiano ricchezze sulla schiena degli innocenti.
NPC_MANGA_PLAYER_738ebe19-1bf9-4e36-8efb-29062a9588a9_SCHOLAR,Le vostre città sono state pagate con il saccheggio. Ogni singola pietra.
NPC_MANGA_PLAYER_738ebe19-1bf9-4e36-8efb-29062a9588a9_STOIC,Le città del tuo popolo sono costruite depredando gli innocenti.
NPC_MANGA_PLAYER_78bb10c0-ec95-4a1d-bf8a-337730924272_BASE,"“Tu e Alaric eravate già amici, allora?”"
NPC_MANGA_PLAYER_7b2c8e88-f135-4233-88b1-d78d440fa62e_HEROIC,Ho capito. Me ne occuperò con cura.
NPC_MANGA_PLAYER_7b2c8e88-f135-4233-88b1-d78d440fa62e_JOKER,Capito. Sembra una passeggiata su una corda ben tesa.
NPC_MANGA_PLAYER_7b2c8e88-f135-4233-88b1-d78d440fa62e_SCHOLAR,Ho capito. Nulla di ciò che descrivi sembra al di sopra delle mie capacità.
NPC_MANGA_PLAYER_7b2c8e88-f135-4233-88b1-d78d440fa62e_STOIC,Capito. Dovrebbe essere facile per me.
NPC_MANGA_PLAYER_7d34ff76-2734-4176-8a27-d89f7fcaf750_BASE,"""Puoi fabbricarmi dell'equipaggiamento?"""
NPC_MANGA_PLAYER_7e5d9469-984f-4f96-849b-46bfbcf13e07_BASE,Perché non aiuti entrambe le parti contemporaneamente?
NPC_MANGA_PLAYER_7f429445-ff57-4392-9fa7-b0f4b27a64b8_HEROIC,Conosco l'arte della forgiatura runica. Puoi mettere la tua abilità al servizio del mio equipaggiamento per rafforzarlo?
NPC_MANGA_PLAYER_7f429445-ff57-4392-9fa7-b0f4b27a64b8_JOKER,"Forgiatura runica, sì, la conosco. Pensi di poter rendere il mio equipaggiamento un po' meno imbarazzante?"
NPC_MANGA_PLAYER_7f429445-ff57-4392-9fa7-b0f4b27a64b8_SCHOLAR,Conosco la forgiatura runica. La tua fucina potrebbe migliorare ulteriormente il mio equipaggiamento?
NPC_MANGA_PLAYER_7f429445-ff57-4392-9fa7-b0f4b27a64b8_STOIC,Conosco la forgiatura runica. Puoi migliorare il mio equipaggiamento?
NPC_MANGA_PLAYER_81675445-1172-4439-a705-a5a80326d1f8_HEROIC,È davvero terribile. Quale scopo li ha spinti ad agire così?
NPC_MANGA_PLAYER_81675445-1172-4439-a705-a5a80326d1f8_JOKER,Davvero una brutta storia. Che gli è saltato in testa?
NPC_MANGA_PLAYER_81675445-1172-4439-a705-a5a80326d1f8_SCHOLAR,È davvero inquietante. Quali ragioni hanno motivato quella decisione?
NPC_MANGA_PLAYER_81675445-1172-4439-a705-a5a80326d1f8_STOIC,È terribile. Perché farlo?
NPC_MANGA_PLAYER_81e60e6c-ae6c-4228-ba47-61d3d05ec0b8_BASE,Perché non ti fidi dei testimoni?
NPC_MANGA_PLAYER_83ab7ae5-9d9e-4909-bad5-7b456c146c63_BASE,"""Gli insegnamenti dei Principi Primi ci dicono che siamo esseri divisi, contesi fra i principi e le iniquità. Pace e potere coesistono in noi: siamo noi a renderlo possibile."""
NPC_MANGA_PLAYER_84d03ada-4567-4d46-8a7a-a3118bb47881_HEROIC,Sarebbe un privilegio conoscere più a fondo il tuo pensiero.
NPC_MANGA_PLAYER_84d03ada-4567-4d46-8a7a-a3118bb47881_JOKER,Baratterei del buon ferro per un'ora dentro quella testa.
NPC_MANGA_PLAYER_84d03ada-4567-4d46-8a7a-a3118bb47881_SCHOLAR,Sarebbe un onore approfondire la conoscenza del tuo pensiero.
NPC_MANGA_PLAYER_84d03ada-4567-4d46-8a7a-a3118bb47881_STOIC,È un onore conoscere meglio il tuo pensiero.
NPC_MANGA_PLAYER_8867998e-ba6b-4438-923d-5cd1e356a82e_HEROIC,Qualcosa ti pesa. Dimmi come posso aiutarti.
NPC_MANGA_PLAYER_8867998e-ba6b-4438-923d-5cd1e356a82e_JOKER,Hai una faccia preoccupata. Serve una mano?
NPC_MANGA_PLAYER_8867998e-ba6b-4438-923d-5cd1e356a82e_SCHOLAR,"Leggo preoccupazione sul tuo volto. Qual è la causa, e posso essere d'aiuto?"
NPC_MANGA_PLAYER_8867998e-ba6b-4438-923d-5cd1e356a82e_STOIC,Sembri preoccupato. Posso aiutare?
NPC_MANGA_PLAYER_8a2891aa-8a8e-4d4f-b8c5-50f15b445af4_HEROIC,Indicami dove c'è bisogno di me.
NPC_MANGA_PLAYER_8a2891aa-8a8e-4d4f-b8c5-50f15b445af4_JOKER,Passami il problema. Prendere le cose a botte è la mia specialità.
NPC_MANGA_PLAYER_8a2891aa-8a8e-4d4f-b8c5-50f15b445af4_SCHOLAR,Quale aiuto sarebbe più utile? Le mani o il sapere?
NPC_MANGA_PLAYER_8a2891aa-8a8e-4d4f-b8c5-50f15b445af4_STOIC,Come posso aiutare?
NPC_MANGA_PLAYER_8b616f10-5dbb-48a4-9011-21f4887a0494_HEROIC,Ho abbattuto il Re Goblin.
NPC_MANGA_PLAYER_8b616f10-5dbb-48a4-9011-21f4887a0494_JOKER,Il Re Goblin è morto. I suoi sudditi non la stanno prendendo bene.
NPC_MANGA_PLAYER_8b616f10-5dbb-48a4-9011-21f4887a0494_SCHOLAR,Il Re Goblin è stato ucciso.
NPC_MANGA_PLAYER_8b616f10-5dbb-48a4-9011-21f4887a0494_STOIC,Re Goblin ucciso.
NPC_MANGA_PLAYER_8c6a875c-3f87-4cf6-8585-cd61b25e2f1e_BASE,"""Sì, finché avremo la forza di mantenerla. È la forza a mantenere la pace in un mondo di potere."""
NPC_MANGA_PLAYER_8f1897b3-034b-43ab-b93b-4e199434e6d7_HEROIC,Non possiamo tollerare un simile oltraggio ai morti.
NPC_MANGA_PLAYER_8f1897b3-034b-43ab-b93b-4e199434e6d7_JOKER,Derubare i morti. Persino i corvi aspettano il loro turno.
NPC_MANGA_PLAYER_8f1897b3-034b-43ab-b93b-4e199434e6d7_SCHOLAR,È inquietante osservare una tale mancanza di rispetto per i morti.
NPC_MANGA_PLAYER_8f1897b3-034b-43ab-b93b-4e199434e6d7_STOIC,È terribile. Non hanno rispetto per i morti.
NPC_MANGA_PLAYER_8f84cd21-19e1-4076-8e25-e9131ef90bee_HEROIC,Benvenuto. Come potresti aiutare il Santuario?
NPC_MANGA_PLAYER_8f84cd21-19e1-4076-8e25-e9131ef90bee_JOKER,Benvenuto. Hai qualche asso nella manica per il Santuario?
NPC_MANGA_PLAYER_8f84cd21-19e1-4076-8e25-e9131ef90bee_SCHOLAR,Benvenuto. E quale beneficio apporti al Santuario?
NPC_MANGA_PLAYER_8f84cd21-19e1-4076-8e25-e9131ef90bee_STOIC,Benvenuto. Cosa puoi offrire al Santuario?
NPC_MANGA_PLAYER_91288501-fb7f-41bb-a4bb-d8f58834288e_HEROIC,"Per i più, sarebbe una fine dura da affrontare."
NPC_MANGA_PLAYER_91288501-fb7f-41bb-a4bb-d8f58834288e_JOKER,Ci saranno morti peggiori. Però non me ne viene in mente nessuna.
NPC_MANGA_PLAYER_91288501-fb7f-41bb-a4bb-d8f58834288e_SCHOLAR,Una morte miserabile per i più. Mi interessano le eccezioni.
NPC_MANGA_PLAYER_91288501-fb7f-41bb-a4bb-d8f58834288e_STOIC,"Una brutta morte, per i più."
NPC_MANGA_PLAYER_9170eabb-b7c7-43d6-9960-6ef45ce14ab7_HEROIC,L'oro non è la via che sceglieresti.
NPC_MANGA_PLAYER_9170eabb-b7c7-43d6-9960-6ef45ce14ab7_JOKER,L'oro non è mai stato nel tuo stile.
NPC_MANGA_PLAYER_9170eabb-b7c7-43d6-9960-6ef45ce14ab7_SCHOLAR,L'oro muove altri uomini. Tu sei mosso da altro.
NPC_MANGA_PLAYER_9170eabb-b7c7-43d6-9960-6ef45ce14ab7_STOIC,Non sembri uno che sceglierebbe l'oro.
NPC_MANGA_PLAYER_91e66eaa-b36f-4c1c-baae-6805cd7d1226_HEROIC,"Unisciti a noi, allora. Risparmiami le promesse. Parlano i fatti, e ti chiamerò quando serviranno."
NPC_MANGA_PLAYER_91e66eaa-b36f-4c1c-baae-6805cd7d1226_JOKER,Vuoi unirti a noi? Va bene. Tieniti i discorsi. Ti chiamo quando c'è da lavorare sul serio.
NPC_MANGA_PLAYER_91e66eaa-b36f-4c1c-baae-6805cd7d1226_SCHOLAR,"Unisciti a noi, se vuoi. Tieni per te la tua parola: ti chiamerò quando vi sarà motivo."
NPC_MANGA_PLAYER_91e66eaa-b36f-4c1c-baae-6805cd7d1226_STOIC,Puoi unirti a noi. Tieniti le promesse. Ti chiamerò.
NPC_MANGA_PLAYER_940de33a-60eb-4b41-bb37-6010881146d4_HEROIC,Le troverò. Puoi contarci.
NPC_MANGA_PLAYER_940de33a-60eb-4b41-bb37-6010881146d4_JOKER,Le troverò. Di solito le armi non fanno molta strada da sole.
NPC_MANGA_PLAYER_940de33a-60eb-4b41-bb37-6010881146d4_SCHOLAR,Individuare le armi sarà il mio prossimo compito.
NPC_MANGA_PLAYER_940de33a-60eb-4b41-bb37-6010881146d4_STOIC,Troverò le armi.
NPC_MANGA_PLAYER_950d6a4c-405a-4f38-9c68-49a181173cc9_HEROIC,È terribile. Cosa può spingere gli abitanti a tanto?
NPC_MANGA_PLAYER_950d6a4c-405a-4f38-9c68-49a181173cc9_JOKER,Brutta storia. Come gli è venuto in mente che fosse una buona idea?
NPC_MANGA_PLAYER_950d6a4c-405a-4f38-9c68-49a181173cc9_SCHOLAR,Quale paura ha spinto gli abitanti a un simile provvedimento?
NPC_MANGA_PLAYER_950d6a4c-405a-4f38-9c68-49a181173cc9_STOIC,È terribile. Perché gli abitanti dovrebbero farlo?
NPC_MANGA_PLAYER_9735c509-f836-42f3-a431-edd90e4ff701_HEROIC,Sperano di riaverti con loro?
NPC_MANGA_PLAYER_9735c509-f836-42f3-a431-edd90e4ff701_JOKER,Gli manca così tanto il tuo martello?
NPC_MANGA_PLAYER_9735c509-f836-42f3-a431-edd90e4ff701_SCHOLAR,Ti chiedono di tornare? Cos'è cambiato: il bisogno o l'orgoglio?
NPC_MANGA_PLAYER_9735c509-f836-42f3-a431-edd90e4ff701_STOIC,Vogliono che tu torni?
NPC_MANGA_PLAYER_9848bbf0-6381-475d-a6ec-59b967219b02_HEROIC,"Anche per me il tempo passato insieme conta molto, Manga."
NPC_MANGA_PLAYER_9848bbf0-6381-475d-a6ec-59b967219b02_JOKER,"Il tempo con te non è niente male, Manga. Detto da me è un gran complimento."
NPC_MANGA_PLAYER_9848bbf0-6381-475d-a6ec-59b967219b02_SCHOLAR,"Anch'io apprezzo il tempo che abbiamo condiviso, Manga."
NPC_MANGA_PLAYER_9848bbf0-6381-475d-a6ec-59b967219b02_STOIC,"Il nostro tempo insieme conta, Manga."
NPC_MANGA_PLAYER_99b58c7c-a35a-4ccf-8a61-cd72154aa4e6_HEROIC,La realtà non offre scelte. La necessità è il suo comando.
NPC_MANGA_PLAYER_99b58c7c-a35a-4ccf-8a61-cd72154aa4e6_JOKER,"La realtà distribuisce necessità gratis. Generosa, lei."
NPC_MANGA_PLAYER_99b58c7c-a35a-4ccf-8a61-cd72154aa4e6_SCHOLAR,La necessità emerge come funzione della realtà.
NPC_MANGA_PLAYER_99b58c7c-a35a-4ccf-8a61-cd72154aa4e6_STOIC,La realtà impone la necessità.
NPC_MANGA_PLAYER_99d71b08-bdd3-4e97-90a3-00455beeb57c_HEROIC,Una tradizione crudele. La fierezza non dovrebbe costare tanto a un popolo.
NPC_MANGA_PLAYER_99d71b08-bdd3-4e97-90a3-00455beeb57c_JOKER,"Bella tradizione. Tutto quell'orgoglio, e il conto si paga in corna."
NPC_MANGA_PLAYER_99d71b08-bdd3-4e97-90a3-00455beeb57c_SCHOLAR,Questa tradizione appare insolitamente severa per un popolo noto per la propria fierezza.
NPC_MANGA_PLAYER_99d71b08-bdd3-4e97-90a3-00455beeb57c_STOIC,Una tradizione crudele per un popolo fiero.
NPC_MANGA_PLAYER_9a2a20fd-2f40-4cfc-abe4-802f3c295df2_BASE,"""Non ho idea di cosa tu stia parlando."""
NPC_MANGA_PLAYER_9da2bce3-35d5-4c9f-b77e-f5049e97c720_BASE,“Quanto tempo fa?”
NPC_MANGA_PLAYER_9f4223c6-4b59-493c-b490-a11f447bebe8_HEROIC,"Quando arrivai, ne sapevo quanto te. Passerà."
NPC_MANGA_PLAYER_9f4223c6-4b59-493c-b490-a11f447bebe8_JOKER,"Quando sono spuntato qui, ero spaesato quanto chiunque altro."
NPC_MANGA_PLAYER_9f4223c6-4b59-493c-b490-a11f447bebe8_SCHOLAR,Al mio arrivo comprendevo forse la metà di ciò che vedevo.
NPC_MANGA_PLAYER_9f4223c6-4b59-493c-b490-a11f447bebe8_STOIC,"Neanch'io capivo cosa stesse succedendo, appena arrivato."
NPC_MANGA_PLAYER_a049782e-44fb-4ea0-88fc-d5aa218ca4fd_HEROIC,È ancora giovane. Verrà il momento giusto perché impari.
NPC_MANGA_PLAYER_a049782e-44fb-4ea0-88fc-d5aa218ca4fd_JOKER,"È ancora giovane, dagli tempo. La lezione giusta ti coglie sempre di sorpresa, prima o poi."
NPC_MANGA_PLAYER_a049782e-44fb-4ea0-88fc-d5aa218ca4fd_SCHOLAR,È giovane. Alcune lezioni attecchiscono solo con l'età.
NPC_MANGA_PLAYER_a049782e-44fb-4ea0-88fc-d5aa218ca4fd_STOIC,È ancora giovane. Imparerà a tempo debito.
NPC_MANGA_PLAYER_a221f3aa-6205-4338-a909-4afef4187078_HEROIC,"Manga, il tuo arrivo rende più forte questo gruppo. Benvenuto."
NPC_MANGA_PLAYER_a221f3aa-6205-4338-a909-4afef4187078_JOKER,Manga entra nel gruppo. Adesso sì che si fa interessante. Benvenuto.
NPC_MANGA_PLAYER_a221f3aa-6205-4338-a909-4afef4187078_SCHOLAR,"Benvenuto, Manga. Il gruppo guadagna esattamente un maestro fabbro."
NPC_MANGA_PLAYER_a221f3aa-6205-4338-a909-4afef4187078_STOIC,"Benvenuto nel gruppo, Manga."
NPC_MANGA_PLAYER_a2caa231-08e3-46b4-95ab-87b0e43b3367_HEROIC,Mi temevano e ne ho approfittato. Sono vivi. Basta questo.
NPC_MANGA_PLAYER_a2caa231-08e3-46b4-95ab-87b0e43b3367_JOKER,"Ha parlato soprattutto la paura. Hanno salvato la pelle, una concessione generosa."
NPC_MANGA_PLAYER_a2caa231-08e3-46b4-95ab-87b0e43b3367_SCHOLAR,La loro paura è stata il deterrente. Sopravvivere è stata l'unica fortuna che hanno portato con sé.
NPC_MANGA_PLAYER_a2caa231-08e3-46b4-95ab-87b0e43b3367_STOIC,Mi temevano. Ho sfruttato la paura. Non torneranno. Sono fortunati a essere vivi.
NPC_MANGA_PLAYER_a33d8b0d-03a3-48b6-b474-8b29238c65c6_HEROIC,L'equipaggiamento sarà recuperato senza indugio.
NPC_MANGA_PLAYER_a33d8b0d-03a3-48b6-b474-8b29238c65c6_JOKER,Tornerò con l'equipaggiamento al seguito. Cerca di fare una faccia sorpresa.
NPC_MANGA_PLAYER_a33d8b0d-03a3-48b6-b474-8b29238c65c6_SCHOLAR,Tornerò con l'equipaggiamento e un conteggio preciso di ogni pezzo.
NPC_MANGA_PLAYER_a33d8b0d-03a3-48b6-b474-8b29238c65c6_STOIC,Tornerò con l'equipaggiamento.
NPC_MANGA_PLAYER_a4cfdb32-24d4-4a5b-8fa0-4539cc22e5b3_BASE,"“Eri un guerriero, prima di venire qui?”"
NPC_MANGA_PLAYER_aad8b015-f22c-4d69-9660-bba5f52dd084_HEROIC,"Sarebbe un privilegio accoglierti fra noi, Manga."
NPC_MANGA_PLAYER_aad8b015-f22c-4d69-9660-bba5f52dd084_JOKER,"Felice di averti con noi, Manga. Più acciaio c'è, meglio è."
NPC_MANGA_PLAYER_aad8b015-f22c-4d69-9660-bba5f52dd084_SCHOLAR,"Il Santuario guadagna una mente oltre a un martello. Sarebbe un onore, Manga."
NPC_MANGA_PLAYER_aad8b015-f22c-4d69-9660-bba5f52dd084_STOIC,"Sarebbe un onore averti con noi, Manga."
NPC_MANGA_PLAYER_adb5a981-892f-4cab-83d3-75bc3aa7df6f_HEROIC,Xwin è la patria dei soli Minotauri?
NPC_MANGA_PLAYER_adb5a981-892f-4cab-83d3-75bc3aa7df6f_JOKER,"A Xwin ci sono solo Minotauri, o c'è spazio anche per qualcuno più piccolo?"
NPC_MANGA_PLAYER_adb5a981-892f-4cab-83d3-75bc3aa7df6f_SCHOLAR,Xwin è abitata esclusivamente da Minotauri?
NPC_MANGA_PLAYER_adb5a981-892f-4cab-83d3-75bc3aa7df6f_STOIC,A Xwin vivono solo Minotauri?
NPC_MANGA_PLAYER_b1206b8f-4ac0-4b66-bc26-baed692ff35d_HEROIC,I Goblin predano i deboli. Simili parassiti non meritano timore.
NPC_MANGA_PLAYER_b1206b8f-4ac0-4b66-bc26-baed692ff35d_JOKER,"Goblin. Se inciampi su uno di loro, prenditela con le tue caviglie. Sono solo seccature."
NPC_MANGA_PLAYER_b1206b8f-4ac0-4b66-bc26-baed692ff35d_SCHOLAR,"I Goblin uccidono solo chi era già sul punto di cedere. Parassiti, a voler essere obiettivi."
NPC_MANGA_PLAYER_b1206b8f-4ac0-4b66-bc26-baed692ff35d_STOIC,Solo i deboli cadono contro i Goblin. Sono solo parassiti.
NPC_MANGA_PLAYER_b2e27172-9f82-4f5e-b107-5ac3d1db1ebc_HEROIC,"Un'altra commissione mi attende, dunque."
NPC_MANGA_PLAYER_b2e27172-9f82-4f5e-b107-5ac3d1db1ebc_JOKER,Un'altra commissione. Proprio quello che speravo.
NPC_MANGA_PLAYER_b2e27172-9f82-4f5e-b107-5ac3d1db1ebc_SCHOLAR,Un'altra commissione. Comincio a intravedere uno schema.
NPC_MANGA_PLAYER_b2e27172-9f82-4f5e-b107-5ac3d1db1ebc_STOIC,Hai un'altra commissione per me?
NPC_MANGA_PLAYER_b3a927ec-3a87-41a7-83eb-8794d17b8505_BASE,E Earlwood? Non hanno bisogno di te?
NPC_MANGA_PLAYER_b4ebe4f9-1dce-4a99-9b46-1f28010b7b03_HEROIC,"Lo guidi sulla strada sbagliata, Manga. Il suo odio è giustificato e la sua causa è giusta."
NPC_MANGA_PLAYER_b4ebe4f9-1dce-4a99-9b46-1f28010b7b03_JOKER,"Gli dai cattivi consigli, Manga. L'odio forgia lame più affilate della pietà, e la sua causa è giusta."
NPC_MANGA_PLAYER_b4ebe4f9-1dce-4a99-9b46-1f28010b7b03_SCHOLAR,"Lo orienti male, Manga. L'odio ha condotto le cause più lontano di quanto abbia mai fatto la benevolenza."
NPC_MANGA_PLAYER_b4ebe4f9-1dce-4a99-9b46-1f28010b7b03_STOIC,"Lo guidi male, Manga. L'odio ha mosso grandi imprese. La sua causa è giusta."
NPC_MANGA_PLAYER_b5ca311c-982f-48ba-8da0-c9f0e3f09880_HEROIC,Mi sembra che tu lo giudichi duramente.
NPC_MANGA_PLAYER_b5ca311c-982f-48ba-8da0-c9f0e3f09880_JOKER,Un giudizio caldo quanto una fucina spenta.
NPC_MANGA_PLAYER_b5ca311c-982f-48ba-8da0-c9f0e3f09880_SCHOLAR,"Ne hai una pessima opinione, e ben definita."
NPC_MANGA_PLAYER_b5ca311c-982f-48ba-8da0-c9f0e3f09880_STOIC,Non hai una buona opinione di lui.
NPC_MANGA_PLAYER_b6d0be56-2103-4fdf-8820-dedc2ecf1052_HEROIC,Hai rinunciato al tuo posto per un sentimento.
NPC_MANGA_PLAYER_b6d0be56-2103-4fdf-8820-dedc2ecf1052_JOKER,"Tutto quello, barattato per un sentimento. Spero che almeno ti tenga caldo la notte."
NPC_MANGA_PLAYER_b6d0be56-2103-4fdf-8820-dedc2ecf1052_SCHOLAR,Hai soppesato il tuo posto e il sentimento. Ha prevalso il sentimento.
NPC_MANGA_PLAYER_b6d0be56-2103-4fdf-8820-dedc2ecf1052_STOIC,Hai gettato via il tuo posto per un sentimento.
NPC_MANGA_PLAYER_b7696410-75ed-4bff-9c62-f054d93f9198_HEROIC,"Spezzare del buon acciaio per le sue rune. Un lavoro strano, ma ti porterò il necessario."
NPC_MANGA_PLAYER_b7696410-75ed-4bff-9c62-f054d93f9198_JOKER,Distruggere la spada per migliorare la spada. Te ne porterò qualcuna da distruggere.
NPC_MANGA_PLAYER_b7696410-75ed-4bff-9c62-f054d93f9198_SCHOLAR,"Il valore risiede dunque nella runa, non nella lama. Ti porterò ciò che trovo."
NPC_MANGA_PLAYER_b7696410-75ed-4bff-9c62-f054d93f9198_STOIC,Un lavoro strano. Ti porterò il necessario.
NPC_MANGA_PLAYER_b86a73bc-d82f-43b0-8cf8-6aff805d74dc_HEROIC,Ti sintonizzerò con il Santuario. I Varchi ti porteranno ovunque ti serva andare.
NPC_MANGA_PLAYER_b86a73bc-d82f-43b0-8cf8-6aff805d74dc_JOKER,Una scintilla della mia magia e il Santuario ti riconosce. A camminare ci pensano i Varchi.
NPC_MANGA_PLAYER_b86a73bc-d82f-43b0-8cf8-6aff805d74dc_SCHOLAR,La mia magia ti sintonizza con il Santuario; i Varchi coprono la distanza.
NPC_MANGA_PLAYER_b86a73bc-d82f-43b0-8cf8-6aff805d74dc_STOIC,Un tocco della mia magia ti sintonizza con il Santuario. Da lì ti portano i Varchi.
NPC_MANGA_PLAYER_bfb497d4-2fab-44f1-a989-e3def43aa511_HEROIC,Sono lieto che tu abbia trovato la forza di lasciare quel luogo.
NPC_MANGA_PLAYER_bfb497d4-2fab-44f1-a989-e3def43aa511_JOKER,Felice che tu sia riuscito a svignartela. Non ti chiederò se scrivi a casa.
NPC_MANGA_PLAYER_bfb497d4-2fab-44f1-a989-e3def43aa511_SCHOLAR,Sono lieto che tu ne sia uscito. Pochi mettono in discussione la terra che li ha cresciuti.
NPC_MANGA_PLAYER_bfb497d4-2fab-44f1-a989-e3def43aa511_STOIC,Sono contento che tu abbia trovato la tua strada e lasciato quel luogo.
NPC_MANGA_PLAYER_c20ea01d-d1f6-4e3a-b68c-0116886db03b_BASE,Dimmi di più di questa tensione.
NPC_MANGA_PLAYER_c291e89c-1181-49e7-b081-8f530696d676_HEROIC,"Ti sento combattuto, Manga. Cosa ti turba?"
NPC_MANGA_PLAYER_c291e89c-1181-49e7-b081-8f530696d676_JOKER,"Cosa ti tira da due parti insieme, Manga?"
NPC_MANGA_PLAYER_c291e89c-1181-49e7-b081-8f530696d676_SCHOLAR,"Le tue parole tradiscono incertezza, Manga. Qual è la causa?"
NPC_MANGA_PLAYER_c291e89c-1181-49e7-b081-8f530696d676_STOIC,"Sembri combattuto, Manga. Perché?"
NPC_MANGA_PLAYER_c322cbb8-f774-4aff-a4a3-3d5d59f88eb9_HEROIC,Un simile ideale vacilla: solo il potere guida davvero la nostra volontà.
NPC_MANGA_PLAYER_c322cbb8-f774-4aff-a4a3-3d5d59f88eb9_JOKER,"A inseguire gli ideali si finisce per inciampare. Il potere guida, gli ideali zoppicano dietro."
NPC_MANGA_PLAYER_c322cbb8-f774-4aff-a4a3-3d5d59f88eb9_SCHOLAR,Un ideale fallace. Risali abbastanza alle origini di una volontà e troverai il potere a dirigerla.
NPC_MANGA_PLAYER_c322cbb8-f774-4aff-a4a3-3d5d59f88eb9_STOIC,Un ideale stolto. Solo il potere dirige la volontà.
NPC_MANGA_PLAYER_c3be5c5d-8653-45bc-8d27-07df9c3fc899_HEROIC,"Avete raggiunto il Re Goblin, o è fuggito?"
NPC_MANGA_PLAYER_c3be5c5d-8653-45bc-8d27-07df9c3fc899_JOKER,"Siete mai riusciti a stanare il Re Goblin, o vi è scivolato via di nuovo?"
NPC_MANGA_PLAYER_c3be5c5d-8653-45bc-8d27-07df9c3fc899_SCHOLAR,E il Re Goblin in persona? Fu trovato o soltanto inseguito?
NPC_MANGA_PLAYER_c3be5c5d-8653-45bc-8d27-07df9c3fc899_STOIC,Avete mai trovato il Re Goblin?
NPC_MANGA_PLAYER_c408af60-f8a1-490d-ab33-8233bd4ebf7a_HEROIC,"Mi conoscevano, e la paura ha fatto il resto. La pietà ha offerto loro una via d'uscita e l'hanno colta."
NPC_MANGA_PLAYER_c408af60-f8a1-490d-ab33-8233bd4ebf7a_JOKER,Paura e disperazione rendono tutti accomodanti. La pietà ha fatto il resto.
NPC_MANGA_PLAYER_c408af60-f8a1-490d-ab33-8233bd4ebf7a_SCHOLAR,Mi conoscevano e la paura li ha indotti ad ascoltare. La pietà era semplicemente il modo meno oneroso per chiuderla.
NPC_MANGA_PLAYER_c408af60-f8a1-490d-ab33-8233bd4ebf7a_STOIC,Sapevano chi ero. Avevano paura ed erano disperati. La pietà li ha fatti cedere facilmente.
NPC_MANGA_PLAYER_c5997ad0-ff84-4f28-b2b5-f71010aeb448_HEROIC,"Non dobbiamo essere legati. Sei il nostro maestro fabbro, nulla più."
NPC_MANGA_PLAYER_c5997ad0-ff84-4f28-b2b5-f71010aeb448_JOKER,"Non servono legami affettivi. Sei il maestro fabbro, punto e basta."
NPC_MANGA_PLAYER_c5997ad0-ff84-4f28-b2b5-f71010aeb448_SCHOLAR,Un legame personale non è richiesto. La sola necessità è il tuo ruolo di maestro fabbro.
NPC_MANGA_PLAYER_c5997ad0-ff84-4f28-b2b5-f71010aeb448_STOIC,I legami personali non servono. Sei il maestro fabbro. Nient'altro.
NPC_MANGA_PLAYER_c5b5f32c-6fc3-49c9-92c4-e9426f3d3d94_BASE,“Hai provato a fermarlo?”
NPC_MANGA_PLAYER_c7a21304-5b0d-403c-b964-7dfd616f7c40_HEROIC,La tua intuizione è preziosa. Rifletterò su queste parole.
NPC_MANGA_PLAYER_c7a21304-5b0d-403c-b964-7dfd616f7c40_JOKER,Pensiero affilato. Mi sa che ci rimuginerò per un po'.
NPC_MANGA_PLAYER_c7a21304-5b0d-403c-b964-7dfd616f7c40_SCHOLAR,È un'osservazione più acuta di quanto sembri. Mi accompagnerà nelle mie riflessioni.
NPC_MANGA_PLAYER_c7a21304-5b0d-403c-b964-7dfd616f7c40_STOIC,Acuto. Ci rifletterò.
NPC_MANGA_PLAYER_c9a7956d-b5d4-4f9d-afe6-8bdd51f9b6aa_HEROIC,Valuterò con cura la richiesta. Forse è meglio attendere che il pericolo sia passato.
NPC_MANGA_PLAYER_c9a7956d-b5d4-4f9d-afe6-8bdd51f9b6aa_JOKER,Ci penserò. Magari conviene aspettare che il pericolo si annoi.
NPC_MANGA_PLAYER_c9a7956d-b5d4-4f9d-afe6-8bdd51f9b6aa_SCHOLAR,La prenderò in considerazione. Attendere che il pericolo passi potrebbe essere il piano più ragionevole.
NPC_MANGA_PLAYER_c9a7956d-b5d4-4f9d-afe6-8bdd51f9b6aa_STOIC,Valuterò la richiesta. Meglio forse attendere che passi il pericolo.
NPC_MANGA_PLAYER_cc5af974-71b5-4f37-bdfc-dbc7ddd1504e_HEROIC,Capisco. Deve addolorare vedere qualcuno che hai cresciuto incapace di rinunciare al proprio odio.
NPC_MANGA_PLAYER_cc5af974-71b5-4f37-bdfc-dbc7ddd1504e_JOKER,"Capisco. Deve bruciare, vedere qualcuno che hai cresciuto aggrapparsi all'odio come al mantello preferito."
NPC_MANGA_PLAYER_cc5af974-71b5-4f37-bdfc-dbc7ddd1504e_SCHOLAR,"Capisco. Lo hai cresciuto, e l'odio è sopravvissuto a ogni insegnamento. Dev'essere un peso."
NPC_MANGA_PLAYER_cc5af974-71b5-4f37-bdfc-dbc7ddd1504e_STOIC,Capisco. Deve far male vedere qualcuno che hai cresciuto non abbandonare mai il proprio odio.
NPC_MANGA_PLAYER_cec4d9f4-7d26-4862-80e2-1a89f5d100a9_HEROIC,È una benedizione avere tante persone così nel villaggio.
NPC_MANGA_PLAYER_cec4d9f4-7d26-4862-80e2-1a89f5d100a9_JOKER,La fortuna deve aver preso in simpatia il villaggio. Continua a mandargli gente del genere.
NPC_MANGA_PLAYER_cec4d9f4-7d26-4862-80e2-1a89f5d100a9_SCHOLAR,Questo villaggio ospita più persone di quel genere di quante il solo caso farebbe supporre.
NPC_MANGA_PLAYER_cec4d9f4-7d26-4862-80e2-1a89f5d100a9_STOIC,"Una fortuna averne tanti così, qui."
NPC_MANGA_PLAYER_cf390892-cfa1-46b4-8b1f-770d3446c2d5_HEROIC,Li ha spinti la necessità. Lo capisco e non li biasimo.
NPC_MANGA_PLAYER_cf390892-cfa1-46b4-8b1f-770d3446c2d5_JOKER,"Era la necessità a tenere le redini, allora. Capisco."
NPC_MANGA_PLAYER_cf390892-cfa1-46b4-8b1f-770d3446c2d5_SCHOLAR,"Spinti dalla necessità. Date le circostanze, comprendo il ragionamento."
NPC_MANGA_PLAYER_cf390892-cfa1-46b4-8b1f-770d3446c2d5_STOIC,Spinti dalla necessità. Capisco.
NPC_MANGA_PLAYER_d149d398-4efe-40ba-b28c-74bad2ead596_HEROIC,Sostieni che agli abitanti manchi la fermezza?
NPC_MANGA_PLAYER_d149d398-4efe-40ba-b28c-74bad2ead596_JOKER,Quindi gli abitanti si sbriciolano alla prima difficoltà?
NPC_MANGA_PLAYER_d149d398-4efe-40ba-b28c-74bad2ead596_SCHOLAR,Stai suggerendo che gli abitanti non possiedano sufficiente forza d'animo?
NPC_MANGA_PLAYER_d149d398-4efe-40ba-b28c-74bad2ead596_STOIC,Dici che gli abitanti sono deboli?
NPC_MANGA_PLAYER_d36ef564-9e8d-4729-b337-c3551e5fd195_HEROIC,I Goblin sono una piaga per ogni razza. Tutti dobbiamo impugnare una lama per eliminarli.
NPC_MANGA_PLAYER_d36ef564-9e8d-4729-b337-c3551e5fd195_JOKER,I Goblin fanno di nuovo casino. È ora che tutti diano una mano a ripulire.
NPC_MANGA_PLAYER_d36ef564-9e8d-4729-b337-c3551e5fd195_SCHOLAR,"I Goblin sono una piaga, e le piaghe si diffondono. Ogni razza ha interesse a eliminarli."
NPC_MANGA_PLAYER_d36ef564-9e8d-4729-b337-c3551e5fd195_STOIC,I goblin sono una piaga. Tutte le razze devono fare la propria parte per sterminarli.
NPC_MANGA_PLAYER_d86091e2-f5d8-4167-993a-18f8bc4e1934_HEROIC,Temevano la cattura e mi conoscevano. Ho offerto loro la verità e un modo per accettarla.
NPC_MANGA_PLAYER_d86091e2-f5d8-4167-993a-18f8bc4e1934_JOKER,"Paura della cattura, e il mio nome lo conoscevano. Ho suggerito di arrendersi prima che decidessero gli eventi."
NPC_MANGA_PLAYER_d86091e2-f5d8-4167-993a-18f8bc4e1934_SCHOLAR,"Temevano di essere scoperti e mi conoscevano. Con la crisi ormai alla fine, arrendersi era la scelta migliore."
NPC_MANGA_PLAYER_d86091e2-f5d8-4167-993a-18f8bc4e1934_STOIC,Mi conoscevano e temevano la cattura. Gli ho detto di consegnarsi.
NPC_MANGA_PLAYER_d87ed52d-7c74-4de0-925b-a3a9d1528d8a_HEROIC,"Se l'impero è tanto ordinato, perché Aldoria resiste ancora?"
NPC_MANGA_PLAYER_d87ed52d-7c74-4de0-925b-a3a9d1528d8a_JOKER,"Se l'impero è così organizzato, come mai continua a sbattere il mignolo contro Aldoria?"
NPC_MANGA_PLAYER_d87ed52d-7c74-4de0-925b-a3a9d1528d8a_SCHOLAR,"Se l'impero è tanto ordinato, cosa permette ad Aldoria di resistere? Il terreno, o qualcosa di meno definibile?"
NPC_MANGA_PLAYER_d87ed52d-7c74-4de0-925b-a3a9d1528d8a_STOIC,"Perché l'impero non è riuscito a invadere Aldoria, se è così organizzato?"
NPC_MANGA_PLAYER_d98ed96e-47ff-4cb1-90f6-8aee6bcf8c4f_BASE,“Chi ti ha aiutato a costruirla?”
NPC_MANGA_PLAYER_dd9b7148-db41-4b31-bc65-f8fc7efb61e4_HEROIC,"Sarei onorato di conoscere meglio il Presidiismo, quando troverai il tempo."
NPC_MANGA_PLAYER_dd9b7148-db41-4b31-bc65-f8fc7efb61e4_JOKER,"Se mai trovi il tempo per un racconto sul Presidiismo, sono tutto orecchi."
NPC_MANGA_PLAYER_dd9b7148-db41-4b31-bc65-f8fc7efb61e4_SCHOLAR,"Quando avrai tempo, vorrei un'esposizione completa del Presidiismo. A partire dal suo primo principio."
NPC_MANGA_PLAYER_dd9b7148-db41-4b31-bc65-f8fc7efb61e4_STOIC,"Parlami ancora del Presidiismo, quando hai tempo."
NPC_MANGA_PLAYER_e4e33aad-7117-43d9-adf1-e8f5ceaa75f9_HEROIC,È un onore ascoltarti.
NPC_MANGA_PLAYER_e4e33aad-7117-43d9-adf1-e8f5ceaa75f9_JOKER,Ho sempre un orecchio da prestare.
NPC_MANGA_PLAYER_e4e33aad-7117-43d9-adf1-e8f5ceaa75f9_SCHOLAR,Accolgo volentieri l'occasione di ascoltarti.
NPC_MANGA_PLAYER_e4e33aad-7117-43d9-adf1-e8f5ceaa75f9_STOIC,Ascolto volentieri.
NPC_MANGA_PLAYER_e5a48bc7-3cb9-40be-9095-6e7d299c4030_BASE,"""Cos'è successo alle armi?"""
NPC_MANGA_PLAYER_e71f3190-1318-4234-806b-19ad0ed69766_HEROIC,C'è qualcosa di importante dietro questa visita?
NPC_MANGA_PLAYER_e71f3190-1318-4234-806b-19ad0ed69766_JOKER,"Una visita amichevole, eh? Il pavimento trema ancora."
NPC_MANGA_PLAYER_e71f3190-1318-4234-806b-19ad0ed69766_SCHOLAR,"Chi erano, e che cosa volevano?"
NPC_MANGA_PLAYER_e71f3190-1318-4234-806b-19ad0ed69766_STOIC,Di che si trattava?
NPC_MANGA_PLAYER_ec809085-cdbd-463c-93e7-a8f9a793f6d2_HEROIC,Non tutti sono adatti a questo luogo. Dimostrerai il tuo valore?
NPC_MANGA_PLAYER_ec809085-cdbd-463c-93e7-a8f9a793f6d2_JOKER,Qui non entra il primo che passa. Hai qualcosa da mettere sul piatto?
NPC_MANGA_PLAYER_ec809085-cdbd-463c-93e7-a8f9a793f6d2_SCHOLAR,Questo luogo non è per chiunque. Quali tue competenze giustificherebbero l'ammissione?
NPC_MANGA_PLAYER_ec809085-cdbd-463c-93e7-a8f9a793f6d2_STOIC,Qui non entra chiunque. Come dimostrerai il tuo valore?
NPC_MANGA_PLAYER_ecd10c5d-b8e9-406f-b163-fbfaa25d9928_HEROIC,È un punto di vista che ha un suo peso.
NPC_MANGA_PLAYER_ecd10c5d-b8e9-406f-b163-fbfaa25d9928_JOKER,Fabbro e filosofo. L'incudine deve sentire certe lezioni.
NPC_MANGA_PLAYER_ecd10c5d-b8e9-406f-b163-fbfaa25d9928_SCHOLAR,Più che interessante. L'idea presenta aspetti che meritano di essere messi alla prova.
NPC_MANGA_PLAYER_ecd10c5d-b8e9-406f-b163-fbfaa25d9928_STOIC,Una prospettiva interessante.
NPC_MANGA_PLAYER_ef4db338-2616-4be3-84b5-17824803eb55_BASE,"""Continuo a sentir parlare della Crisi dei Goblin. Cosa ne sai?"""
NPC_MANGA_PLAYER_efe04042-a223-4c95-acc0-aa975e5da580_HEROIC,Ritieniti fortunato per non dover affrontare le orde di goblin.
NPC_MANGA_PLAYER_efe04042-a223-4c95-acc0-aa975e5da580_JOKER,Ritieniti fortunato. Chi ha incontrato un'orda di goblin non ne sente la mancanza.
NPC_MANGA_PLAYER_efe04042-a223-4c95-acc0-aa975e5da580_SCHOLAR,È una fortuna rara non doversi misurare con le orde di goblin.
NPC_MANGA_PLAYER_efe04042-a223-4c95-acc0-aa975e5da580_STOIC,Sei fortunato a non dover affrontare le orde di goblin.
NPC_MANGA_PLAYER_f0ec115f-a2be-4796-9c80-bb9699740864_HEROIC,Parlami della tua patria. Vorrei conoscere la terra che ti ha forgiato.
NPC_MANGA_PLAYER_f0ec115f-a2be-4796-9c80-bb9699740864_JOKER,Parlami della tua patria. Lì fanno tutti gli stipiti più alti?
NPC_MANGA_PLAYER_f0ec115f-a2be-4796-9c80-bb9699740864_SCHOLAR,Che cosa ha plasmato la tua patria?
NPC_MANGA_PLAYER_f0ec115f-a2be-4796-9c80-bb9699740864_STOIC,Cosa puoi dirmi della tua patria?
NPC_MANGA_PLAYER_f1a29e54-7874-48e8-a057-518c8b24476e_HEROIC,Questa baracca si regge a malapena. È trascuratezza.
NPC_MANGA_PLAYER_f1a29e54-7874-48e8-a057-518c8b24476e_JOKER,Quella baracca sembra reggersi su una scheggia. Qualcuno ha saltato un paio di passaggi.
NPC_MANGA_PLAYER_f1a29e54-7874-48e8-a057-518c8b24476e_SCHOLAR,La struttura appare instabile. La fattura suggerisce una mancanza di cura.
NPC_MANGA_PLAYER_f1a29e54-7874-48e8-a057-518c8b24476e_STOIC,Una baracca che sta appena in piedi. Trascurata.
NPC_MANGA_PLAYER_f1a54450-bc48-4754-a033-ffac1068095f_BASE,Il Sindaco sta perdendo il controllo delle guardie?
NPC_MANGA_PLAYER_f409c581-16f9-44a7-9e0c-7238c35baf3e_HEROIC,"Questi guai sembrano non finire mai, ma se la causa è giusta andrò fino in fondo."
NPC_MANGA_PLAYER_f409c581-16f9-44a7-9e0c-7238c35baf3e_JOKER,"I guai sanno proprio dove trovarmi. Se ne vale la pena, darò un'occhiata in giro."
NPC_MANGA_PLAYER_f409c581-16f9-44a7-9e0c-7238c35baf3e_SCHOLAR,"I problemi di questa città sembrano seguire uno schema nel trovarmi. Se meritano un'indagine, me ne occuperò."
NPC_MANGA_PLAYER_f409c581-16f9-44a7-9e0c-7238c35baf3e_STOIC,I guai della città continuano. Agirò se il compito sarà degno.
NPC_MANGA_PLAYER_f70bd979-c237-48e0-8a0b-d7a4dcf19d15_HEROIC,Non agisco per gli abitanti. Seguo la mia strada.
NPC_MANGA_PLAYER_f70bd979-c237-48e0-8a0b-d7a4dcf19d15_JOKER,Non sono qui per gli abitanti. La strada è mia.
NPC_MANGA_PLAYER_f70bd979-c237-48e0-8a0b-d7a4dcf19d15_SCHOLAR,"Per gli abitanti, no. Mantengo la mia direzione."
NPC_MANGA_PLAYER_f70bd979-c237-48e0-8a0b-d7a4dcf19d15_STOIC,Non lo faccio per gli abitanti. Seguo la mia strada.
NPC_MANGA_PLAYER_f8e46cc2-8224-421c-9473-ecf01a93e731_HEROIC,Devi aver perso ben più che delle ossa. Tradire i propri simili ha un prezzo alto.
NPC_MANGA_PLAYER_f8e46cc2-8224-421c-9473-ecf01a93e731_JOKER,Allora non ti hanno tolto solo le ossa. Il tradimento lascia il moncone più profondo.
NPC_MANGA_PLAYER_f8e46cc2-8224-421c-9473-ecf01a93e731_SCHOLAR,Dunque hai perso più che delle ossa. Un tradimento dei tuoi simili lo spiegherebbe.
NPC_MANGA_PLAYER_f8e46cc2-8224-421c-9473-ecf01a93e731_STOIC,Pare tu abbia perso più che delle ossa. Devi aver tradito i tuoi.
NPC_MANGA_PLAYER_fa05e31a-b70a-4565-b0d9-f76aabd67b4a_HEROIC,"Hai fatto tutto il possibile per guidarlo, e continuerai a essergli accanto."
NPC_MANGA_PLAYER_fa05e31a-b70a-4565-b0d9-f76aabd67b4a_JOKER,"Lo hai spinto nella direzione giusta, e sarai lì quando inciamperà."
NPC_MANGA_PLAYER_fa05e31a-b70a-4565-b0d9-f76aabd67b4a_SCHOLAR,Lo hai guidato come meglio non si poteva. E sei ancora qui. Questo conta.
NPC_MANGA_PLAYER_fa05e31a-b70a-4565-b0d9-f76aabd67b4a_STOIC,Hai fatto del tuo meglio per guidarlo su una strada migliore. Continuerai a esserci.
NPC_MANGA_RESPONSE_02d357c4-19cf-4ae2-b456-84c3bc32819c,"*Manga annuisce con un cenno discreto e rispettoso.*\n\n“Fuggire non sarebbe servito a nessuno. Qui offro le mie capacità. Se forgio una sola spada che salva una sola vita, allora la scelta è stata giusta.”\n\n“L'acciaio non si plasma da sé. Né una casa sorge senza fatica. Nei tempi difficili facciamo ciò che dobbiamo, con ciò che abbiamo.”"
NPC_MANGA_RESPONSE_03b04ae0-88dc-4c5d-8a3a-622f5f50313e,"""No, non posso offrirti lame appena forgiate. Non qui. Ma posso prendere ciò che mi porti, spezzarlo, distillarne il potere e fondere quell'essenza in qualcosa di superiore. Questa è l'arte della forgiatura runica, e la conosco bene."""
NPC_MANGA_RESPONSE_04794467-52d4-4fb6-b523-d0a354cb5dfe,"""Così credono in molti a Mirkea. Si sbagliano. Un giorno, forse, vedrai dove conduce davvero quella strada."""
NPC_MANGA_RESPONSE_04a82f7a-29e6-4b7b-920b-a7688949c873,"""Avvoltoi, sì. Gli uomini deboli si riducono a razziare quando nulla li tiene in piedi. Hm. È la spiegazione più sensata.""\n\n\n\n*Manga annuisce, pensieroso.*\n\n""È un sollievo sapere che non agivano per ordine del Sindaco. Una piccola banda di rinnegati può essere dimenticata col tempo, purché il marciume non si diffonda. Ma questo rivela comunque la sua debolezza: non riesce a tenere a freno i suoi stessi uomini. Dimmi, viandante, come li hai affrontati?"""
NPC_MANGA_RESPONSE_07b63d4f-6d60-4693-8cb4-bf77356c5b8e,"""Hm. È la spiegazione più sensata.""\n\n\n\n*Manga annuisce, pensieroso.*\n\n""È un sollievo sapere che non agivano per ordine del Sindaco. Una piccola banda di rinnegati può essere dimenticata col tempo, purché il marciume non si diffonda. Ma questo rivela comunque la sua debolezza: non riesce a tenere a freno i suoi stessi uomini. Dimmi, viandante, come li hai affrontati?"""
NPC_MANGA_RESPONSE_0d0edbe6-2942-494e-a74d-0d3955df9e30,"""È un onore sufficiente per ciò che ti ho confidato."""
NPC_MANGA_RESPONSE_100321b7-e056-4a3a-9e92-cc9d55f0a957,"""No. Mai. Il mio martello resta con Alaric e la Gilda, ma la lealtà non mi rende cieco al pericolo di questo gioco.""\n\n\n\n*Dopo aver fissato per un momento il villaggio, lo sguardo di Manga si rasserena e i suoi movimenti ritrovano la consueta, calma precisione.*\n\n""Basta con i giochi del Sindaco. C'è un'altra faccenda che richiede la tua forza.\n\n\n\nOra che il ponte è stato ricostruito, possiamo rafforzare le nostre vie di rifornimento, renderle più sicure per i commerci che un giorno riprenderanno. Nella parte settentrionale di Wildwood, lungo la strada principale, si trova il Passaggio sul Fiume. Un tempo le carovane passavano liberamente. Ora il passaggio è crollato."""
NPC_MANGA_RESPONSE_102c4b47-f596-42bb-beab-02bb7a613577,"""Con il lavoro, la costanza e l'utilità. Nessun'altra prova vale molto.""\n\n\n\n""Sarò fabbro runico e maestro della fucina. Portami polvere runica e continuerò a rafforzare il tuo equipaggiamento.""\n\n""Col tempo, man mano che questa fucina crescerà, forgerò armi e armature all'altezza delle prove che ci attendono."""
NPC_MANGA_RESPONSE_118ec3a9-7072-4f36-a526-833625e84bbe,"""Uno non può. Cento sì. Un morso alla volta."""
NPC_MANGA_RESPONSE_1267e2b9-1718-4f4b-9ef0-4c2296f8a426,"*Manga indica le pareti di legno grezzo e le travi a vista della fucina, una struttura tenuta insieme più dalla volontà che dalla malta.*\n\n“È umile, sì. Quando mi giunse la notizia, portai soltanto la mia incudine. Il resto lo costruirono mani volenterose e cuori coraggiosi.”"
NPC_MANGA_RESPONSE_16b11d17-8a8f-46b4-b2a3-9fd3d1d4c138,"""Sono trascorsi cinquanta inverni, anche se sembra più vicino. Le cicatrici sotto la terra di Earlwood ricordano meglio di molti."""
NPC_MANGA_RESPONSE_17222b37-fbaa-4b32-93fc-18e9b5631c6a,"*China appena il capo in un cenno di silenzioso assenso, poi riprende il lavoro. Il ritmo regolare del metallo sul metallo riempie il silenzio.*"
NPC_MANGA_RESPONSE_1975c438-385b-4d10-af5f-e186b8672d23,"""Non dici il falso. Xwin è stata forgiata dalla conquista e annovera quella storia fra i propri vanti.""\n\n\n\n""A Xwin, la potenza è posta al di sopra di ogni virtù. Ogni maschio è tenuto a prestare servizio militare e viene anche istruito in un mestiere o una disciplina utile. La sola forza non basta. Da un uomo ci si aspetta che combatta per l'impero e che affini mente e lavoro al suo servizio."""
NPC_MANGA_RESPONSE_19ee2297-2fe1-44a3-95d6-204da4bda6b7,"""Prego che il momento giusto arrivi prima di una lezione più dura."""
NPC_MANGA_RESPONSE_1a68c9d1-f712-422f-8f55-9a497a678fc6,"*Manga china il capo con solennità.*\n\n“Negli imperi, crudeltà e ordine camminano spesso come fratelli. Ciò che si perde può ancora plasmare ciò che verrà.”\n\n“Le corna sono sacre per noi: simboli di forza, maturità e comando. Portarle danneggiate è un disonore. Perderle significa camminare nella vergogna.”"
NPC_MANGA_RESPONSE_1b117e48-cfe8-4edf-a83a-677ea4044885,"*Manga abbassa gli occhi fino a incontrare i tuoi. Un calore divertito affiora nella sua espressione altrimenti impassibile.*\n\n""Non mi attribuirei ancora un tale onore, viandante. Ma sono lieto di apparire così ai tuoi occhi. Tu stesso sembri appartenere a quella rara schiera."""
NPC_MANGA_RESPONSE_1c2ed740-43f7-4fc8-9582-2b22a0558d0f,"""Ascolta dunque il primo principio.""\n\n""La forza è una condizione necessaria della virtù e parte del Bene stesso. Perché senza forza, del corpo o dello spirito, un uomo non può superare la resistenza, dominare la tentazione, né restare fedele a ciò che è giusto quando viene messo alla prova.""\n\n\n\n""Il secondo principio è questo: potere e forza non sono la stessa cosa.""\n\n""La forza appartiene anzitutto a noi stessi. È la capacità di resistere, di agire, di restare in piedi sotto un peso. Il potere è altro. È la forza protesa all'esterno, trasformata in strumento sugli altri.""\n\n""Affido alle tue mani questi primi insegnamenti. Custodiscili e soppesali nel pensiero."""
NPC_MANGA_RESPONSE_1ece4c9f-35de-40ec-9e28-4fdb6a0e53eb,"""L'onore è mio, viandante. Mettere alla prova la mia forza accanto alla tua non sarà cosa da poco.""\n\n\n\n*Manga incrocia le braccia, tenendo lo sguardo fisso su di te.*\n\n""Molto bene, allora, viandante. Dove erigerò la mia fucina?"""
NPC_MANGA_RESPONSE_1fe45a7b-50ad-4ff2-a845-988113536359,"*Nella voce di Manga risuona un quieto orgoglio.*\n\n“Sopravvisse. Non per fortuna né per inganno. Per sola volontà. Svanì nell'ombra e tornò con la corona del re, insanguinato ma tutto intero.”\n\n""Una cosa devi capire di Alaric: le storie che si raccontano? Sono tutte vere."""
NPC_MANGA_RESPONSE_239165a9-4103-4f20-8e08-06635a39ff8d,"*Il martello si ferma a mezz'aria. Il suo sguardo incontra il tuo, saldo e indecifrabile.*\n\n""Tradimento? No. Ho scelto diversamente. E per questo mi chiamano traditore.""\n\n""Da giovane scelsi di disobbedire. Mi fu ordinato di portare rovina. Rifiutai. Tutto qui."""
NPC_MANGA_RESPONSE_23a12255-dc94-4e10-9b54-b939b973d9c6,"""Vorrei che il carico fosse recuperato. Senza lame, ci difendiamo a mani nude."""
NPC_MANGA_RESPONSE_23e59325-df83-4403-9054-850de6a16b75,"*Manga annuisce in silenzio, grato.*"
NPC_MANGA_RESPONSE_25d6f60b-c919-4d36-9a78-9cf9c073e05b,"""C'è del vero. La realtà impone, sì, ma la necessità trae respiro anche da altro.""\n\n\n\n""La mancanza è un grande motore della necessità. La mancanza di ciò che ti protegge dal bisogno, dalla coercizione, dalle dure condizioni che la realtà pone a ogni essere vivente. Soprattutto, la mancanza di forza.""\n\n""Dove manca la forza, le scelte si assottigliano. Dove invece è presente, diventano possibili mezzi migliori. Un uomo può resistere e, resistendo, scegliere la via più virtuosa. Per questo ritengo che la forza liberi dalla mano più dura della necessità."""
NPC_MANGA_RESPONSE_25f1405f-6c94-44c6-b465-f9d57b099559,"""Giudichi bene, viandante. Non intendo cambiare schieramento, ma temo comunque la loro prossima mossa.""\n\n\n\n*Dopo aver fissato per un momento il villaggio, lo sguardo di Manga si rasserena e i suoi movimenti ritrovano la consueta, calma precisione.*\n\n""Basta con i giochi del Sindaco. C'è un'altra faccenda che richiede la tua forza.\n\n\n\nOra che il ponte è stato ricostruito, possiamo rafforzare le nostre vie di rifornimento, renderle più sicure per i commerci che un giorno riprenderanno. Nella parte settentrionale di Wildwood, lungo la strada principale, si trova il Passaggio sul Fiume. Un tempo le carovane passavano liberamente. Ora il passaggio è crollato."""
NPC_MANGA_RESPONSE_28adc8b2-489f-4169-90cd-3d0ab66bd615,"*Manga alza la testa e incontra i tuoi occhi; sotto la sua calma, l'approvazione è evidente.*\n\n""Ho saputo. Il Re Goblin è morto per mano tua. Non è una vittoria da poco, viandante.""\n\n""Il villaggio ha motivo di esserti grato. I Goblin sono nemici feroci. Li ho combattuti spesso, quando ero ancora soldato."""
NPC_MANGA_RESPONSE_28e7587c-0daf-4bf8-99d3-e583b1d4023f,"""Quando il bisogno ti porterà alla fucina, mi troverai qui."""
NPC_MANGA_RESPONSE_2e0d6cc1-b8ee-476f-9d61-b02df22be3ae,"""Devi portarmi pezzi di equipaggiamento da spezzare e uno da potenziare. Il vecchio deve cadere perché il nuovo possa sorgere.""\n\n""Quando tornerai con entrambi, ti mostrerò come la forza si trasmette attraverso runa e fuoco."""
NPC_MANGA_RESPONSE_2f67eb8d-2075-4115-beb3-6e1ac87f28db,"""Il Sindaco mette alla prova la propria influenza, mandando occhi dove non servono. Un gioco fastidioso.""\n\n\n\n""Da quando mi sono trasferito in questo quartiere per aiutare Alaric, il villaggio principale è rimasto senza un vero fabbro. Ora a riparare lame e armature ci sono solo dilettanti."""
NPC_MANGA_RESPONSE_31b95b28-add6-4c3a-a507-97afa7618c40,"""Ciò che ho dato a Earlwood, lo darò anche qui.""\n\n\n\n""Sarò fabbro runico e maestro della fucina. Portami polvere runica e continuerò a rafforzare il tuo equipaggiamento.""\n\n""Col tempo, man mano che questa fucina crescerà, forgerò armi e armature all'altezza delle prove che ci attendono."""
NPC_MANGA_RESPONSE_37e34451-92b1-46c0-bb39-94ad92efb6bf,"""Lo sono. L'impero è sorto grazie a secoli di conquiste. È la pura verità, e il mio popolo ne va molto fiero.""\n\n\n\n""A Xwin, la potenza è posta al di sopra di ogni virtù. Ogni maschio è tenuto a prestare servizio militare e viene anche istruito in un mestiere o una disciplina utile. La sola forza non basta. Da un uomo ci si aspetta che combatta per l'impero e che affini mente e lavoro al suo servizio."""
NPC_MANGA_RESPONSE_398d945c-6e73-4c95-b892-79a910a53b07,"""Non è così. Dico soltanto che la debolezza è comune sotto lo sguardo di Agir: negli uomini, negli elfi, fra la mia gente e in tutti gli altri.""\n\n\n\n""È la forza ad aprire altre vie.""\n\n""Rari sono coloro che hanno forza sufficiente per vivere secondo virtù quando le difficoltà incalzano."""
NPC_MANGA_RESPONSE_3ac17e1a-310c-400e-9a7c-0d225ea90243,"""L'esilio, imposto con la paura. Hm. Non li hai abbattuti. Eppure Wildwood è una condanna dura. Forse c'era una via più limpida. Ma hai giudicato come ritenevi giusto. Non pretenderò di fare mio il tuo fardello.""\n\n\n\n*Manga si ferma, una larga mano posata sulla fucina. Lo sguardo passa dall'incudine al villaggio, poi a Wildwood, più lontano.*\n\n""Viandante, ho una novità. Il mio cammino non termina più a Earlwood. Non pretendo ancora di conoscerti. Conosco la tua forza e vedo il tuo ruolo in ciò che verrà. La tua strada si allontana da questo villaggio. E la mia vorrebbe seguirla, se hai posto per me: la mia arte di fabbro e il mio acciaio al tuo servizio."""
NPC_MANGA_RESPONSE_3adb8cd6-ef11-4131-a208-39668bd7dbbf,"""In parte, sì. Mi giungono voci di discordia fra i ranghi. Alcune guardie vedono nei profughi e nei compagni caduti un facile bottino. Una mano debole sulle redini invita questo marciume."""
NPC_MANGA_RESPONSE_3b83bbfb-472c-4b78-a693-7a50653ec95a,"""Solo in parte. I miei valori ora sono miei, e la via che seguo è proibita a Xwin.""\n\n\n\n""Negli anni da soldato conobbi un uomo che custodiva in segreto gli insegnamenti del Presidiismo. A Xwin, questo basta per essere giustiziati.""\n\n""All'inizio pensai di denunciarlo. Tanto era forte la presa dell'impero sulla mia mente. Ma trattenni la mano e lo ascoltai. Da lui appresi che la potenza ha uno scopo oltre la conquista, e che la forza senza virtù è solo brutalità raffinata.""\n\n""Da allora, l'esilio non tardò ad arrivare."""
NPC_MANGA_RESPONSE_3ccbe582-aafc-4339-ab37-49988def9a2c,"*Gli occhi di Manga si posano su di te con rinnovata attenzione. Un lieve calore traspare dalla sua compostezza.*\n\n""Le rendi onore chiedendolo. Quando il tempo lo permetterà, ti dirò di più."""
NPC_MANGA_RESPONSE_3d3fdb68-2b53-4df5-845e-1fcc1d69b467,"""Hm. Il bisogno ha radici profonde nella sua origine, sì, ma la questione scende ancora più a fondo.""\n\n\n\n""La mancanza è un grande motore della necessità. La mancanza di ciò che ti protegge dal bisogno, dalla coercizione, dalle dure condizioni che la realtà pone a ogni essere vivente. Soprattutto, la mancanza di forza.""\n\n""Dove manca la forza, le scelte si assottigliano. Dove invece è presente, diventano possibili mezzi migliori. Un uomo può resistere e, resistendo, scegliere la via più virtuosa. Per questo ritengo che la forza liberi dalla mano più dura della necessità."""
NPC_MANGA_RESPONSE_404f0259-d2b1-4b45-a4e0-62bf0f775a81,"""Hm. Vuoi conoscere la mia patria, viandante? Molto bene.""\n\n""Sono nato a Xwin, cuore dell'Impero dei Minotauri, nel profondo delle Terre Aride.""\n\n""È una città di opere immense e disciplina ferrea. Non disprezzo le città degli uomini, ma poche di quelle che ho visto potrebbero starle accanto senza apparire piccole."""
NPC_MANGA_RESPONSE_4053fffd-2706-4acd-bff6-8635ae0442d2,"""Nessuno lo sa con certezza. Non sembrano riprodursi come le bestie, eppure il loro numero non si esaurisce mai. Sappiamo solo questo: strisciano fuori dalle profondità sotto le montagne."""
NPC_MANGA_RESPONSE_4056d540-b413-491f-a3a2-598fec49e928,"""È un grande elogio. Lo accolgo con gratitudine.""\n\n\n\n""Mi hai già sentito parlare della via che seguo, il Presidiismo. Se vuoi, ora vorrei posarne davanti a te le prime pietre."""
NPC_MANGA_RESPONSE_40c06a98-5813-4159-a98d-1f9f2d27250d,"""Temo di sì. Nonostante tutti i progressi compiuti da Earlwood negli anni che ho passato qui, non è ancora riuscita ad attirare altri del mio mestiere. Earlwood non ha un vero esercito, e il lavoro per un fabbro è molto meno che in qualunque grande insediamento."""
NPC_MANGA_RESPONSE_41139311-b3b4-401e-a72e-ddf35d9a6a93,"""Sì. Resterò, e parlerò finché le parole potranno ancora essergli utili."""
NPC_MANGA_RESPONSE_43894e35-0f03-409c-a6c0-26ebfcb6f0e7,"“Gente della Gilda, profughi, persino qualche bambino ha dato una mano. Ogni asse porta il segno di qualcuno che ha scelto di costruire anziché distruggere.”"
NPC_MANGA_RESPONSE_4398992c-1253-461e-98aa-4c1d42e21c8e,"""Come vuoi. Non imporrò la filosofia a orecchie che non vogliono ascoltare. Buon cammino, viandante."""
NPC_MANGA_RESPONSE_46f1752d-7504-42b2-979b-fe2c7c8f4119,"""Bene. Una mano ferma e una lama pronta: questo compito non ti chiede altro. Torna con entrambe intatte."""
NPC_MANGA_RESPONSE_48a9ce8d-af89-4e94-b4cb-02230285f26d,"""Di rado erano comuni quanto qui. A volte sconfinavano nelle Terre Aride, ma queste terre ne soffrono molto di più.""\n\n\n\n""Nella mia patria, a volte branchi di goblin si insinuavano nei passi montani e raggiungevano le Terre Aride. Non venivano tollerati a lungo.""\n\n""Xwin tiene esploratori ai confini e guarnigioni presso gli insediamenti periferici. Appena vengono avvistati dei goblin, si mandano guerrieri ad abbatterli. L'impero non permette che una simile infestazione perduri."""
NPC_MANGA_RESPONSE_4ba7004f-f14a-48da-a18d-00125245b797,"""Parole chiare. Non chiedo altro. Offrirò la mia arte quando sarò chiamato e lascerò parlare i fatti.""\n\n\n\n*Manga incrocia le braccia, tenendo lo sguardo fisso su di te.*\n\n""Molto bene, allora, viandante. Dove erigerò la mia fucina?"""
NPC_MANGA_RESPONSE_4c298a00-608b-4a59-81c4-6ed66210b257,"""Su questo non posso dissentire. È il fardello del mondo da che se ne ha memoria."""
NPC_MANGA_RESPONSE_4e4f474e-fef1-4de5-bd3d-257327c2e39f,"*Ti studia a lungo, poi annuisce una sola volta.*\n\n""È corretto. Il potere è forza corrotta dalla volontà di dominare. La forza basta a sé stessa, può crescere senza aver bisogno di altri. Il potere richiede il dominio sugli altri per prosperare. Perciò una volontà ben orientata alla forza può crescere fino a superarne una votata al potere."""
NPC_MANGA_RESPONSE_50e3846b-104f-4cac-bd2b-ed246e291780,"""Comprendo la tua posizione. Qui sei ancora un estraneo. Ma se scegli di agire, comincia da qui. Parla con i profughi e gli avventurieri. Scopri cosa sanno."""
NPC_MANGA_RESPONSE_5397652f-d33e-4384-91fb-5b78dc81db2d,"*Ti osserva per un momento, poi annuisce una sola volta.*\n\n""Non rispondi. Non te ne faccio una colpa.""\n\n""Ciò che hai fatto conta più di ciò che scegli di dire. Ti sono grato per entrambi.""\n\n""Possa il tuo cammino riportarti qui, un giorno."""
NPC_MANGA_RESPONSE_53be4bde-72eb-4f15-b1f3-9a47f8de8cf9,"*Guarda il margine della foresta oltre la fucina.*\n\n“Molti morirono. Le loro ossa giacciono fra radici e marciume. Ma certe morti servono a uno scopo. Era a questo che ci aggrappavamo.”\n\n“Quando anche l'ultimo uomo non riuscì più a reggersi in piedi, Alaric si voltò verso di me. «Riportali a casa», disse. Poi si inoltrò da solo nell'oscurità. Da solo.”"
NPC_MANGA_RESPONSE_53cc9d29-18be-4c14-b83e-72ece49a398b,"""Esatto. Mi chiedono di tornare a forgiare e riparare, ma sotto le loro parole c'è altro.""\n\n\n\n""Da tempo il Sindaco e Alaric sono al centro di una lotta di potere. Alaric non cerca il comando, eppure molti vedono in lui il loro vero capitano, e il Sindaco non lo sopporta. Vorrebbero che tornassi a forgiare per loro. Ma soprattutto vogliono ridurre il mio aiuto ad Alaric e alla Gilda. Hanno persino parlato d'oro."""
NPC_MANGA_RESPONSE_5a55ccc8-917c-402d-bec1-cb6188971570,"""Una commissione facoltativa, forse, ma necessaria se vogliamo andare avanti.""\n\n\n\n""Un passaggio simile non richiede grandi opere, soltanto una corda tesa da una sponda all'altra, così carri e viandanti potranno attraversare saldamente. La corda e i sostegni li ho preparati.""\n\n""Il lavoro è semplice. È la compagnia a complicarlo. Le creature là fuori non resteranno a guardare mentre lavori."""
NPC_MANGA_RESPONSE_5a8b9a3f-8ba6-4828-a155-d2cd5ad702da,"*Manga alza gli occhi verso i tuoi, con un quieto assenso nello sguardo.*\n\n""Lo è.""\n\n\n\n""Ricordo di avergliene parlato molto chiaramente. Disse: «Mi hai insegnato che la forza ha uno scopo, e che i nemici sono coloro la cui vittoria impoverirebbe il nostro futuro. Allora perché non dovrei odiare i goblin? Perché non dovrei ucciderli ovunque li trovi? Quale uso migliore potrei fare della forza?»""\n\n""Gli dissi che trascurava la condizione che dà forma morale alla forza. La misura. Anche un nemico va inseguito soltanto fin dove lo richiedono la necessità e il bene futuro. L'odio cancella la misura. Trasforma la difesa in brama.""\n\n""Non aveva ancora orecchie per quella verità."""
NPC_MANGA_RESPONSE_5ac28078-dd85-405a-8be1-8186bedab9a7,"""Esprimi i miei stessi pensieri, viandante. Ma non si tratta soltanto di mancanza di rispetto.""\n\n\n\n*Manga si china in avanti, accorato.*\n\n""Conosco la mia parte di responsabilità. Bramano l'acciaio che non ho forgiato per loro. Eppure vorrei risolvere la faccenda senza spingere fratelli a versare il sangue di fratelli. Per ora abbiamo solo la parola di pochi, tutti provati e inaspriti da lunghe difficoltà. La tensione dimora da troppo tempo in questo villaggio. Mi servono occhi estranei a entrambe le parti, che osservino con attenzione. Mi aiuterai?"""
NPC_MANGA_RESPONSE_5c0ffdf4-e682-42ee-8e44-63cd41ea6499,"*Manga annuisce una sola volta, lento e deciso.*\n\n“Alla fine, sì. Ma non come ti aspetteresti. Prima trovammo il dolore, poi la perdita. Poi Alaric fece la scelta che nessuno di noi era in grado di fare.”\n\n“Quando anche l'ultimo uomo non riuscì più a reggersi in piedi, Alaric si voltò verso di me. «Riportali a casa», disse. Poi si inoltrò da solo nell'oscurità. Da solo.”"
NPC_MANGA_RESPONSE_5cb1e2c2-fc68-4e4d-9170-83117a3e87ed,"""Hm, la tua religione illumina parte della risposta. Questo non viene insegnato nell'impero. Ne ho sentito parlare dopo l'esilio.""\n\n""Ma alla tua risposta aggiungerò la mia.""\n\n""Il potere è forza corrotta dalla volontà di dominare. La forza basta a sé stessa, può crescere senza aver bisogno di altri. Il potere richiede il dominio sugli altri per prosperare. Perciò una volontà ben orientata alla forza può crescere fino a superarne una votata al potere."""
NPC_MANGA_RESPONSE_5e297c2c-655f-4ea5-ae49-ffb2de4fc4b2,"*Una pausa. Il tono non cambia, ma l'aria si raffredda appena.*\n\n""Se è questo che vedi, lascia pure che il marchio parli. Non cerco di mutare il giudizio.""\n\n“Le corna sono sacre per noi: simboli di forza, maturità e comando. Portarle danneggiate è un disonore. Perderle significa camminare nella vergogna.”"
NPC_MANGA_RESPONSE_5ecc99dc-3057-4cb1-97f2-0880e27ea48a,"""Mi scalda il cuore sentirlo. Vorrei che momenti simili si facessero più frequenti.""\n\n\n\n""All'inizio ti osservavo con sospetto. Non si vede uno sconosciuto arrivare per un'antica magia pensando che sia cosa ordinaria.""\n\n""Ma da allora il tempo ha espresso il suo giudizio. Ti sei dimostrato capace nei fatti e acuto nel pensiero. Anche il tuo carattere si è rivelato saldo. Sono onorato di unire la mia forza alla tua."""
NPC_MANGA_RESPONSE_64ecbcc9-ef02-4452-b4e1-02d832fb655e,"""Proprio così. È il fondamento del libero arbitrio.""\n\n\n\n""È la forza ad aprire altre vie.""\n\n""Rari sono coloro che hanno forza sufficiente per vivere secondo virtù quando le difficoltà incalzano."""
NPC_MANGA_RESPONSE_65e11afd-f95e-483c-8421-5626ddadb981,"""Dici una verità che conosco bene, viandante. La mia scelta ha un costo.""\n\n\n\n*Manga si china in avanti, accorato.*\n\n""Conosco la mia parte di responsabilità. Bramano l'acciaio che non ho forgiato per loro. Eppure vorrei risolvere la faccenda senza spingere fratelli a versare il sangue di fratelli. Per ora abbiamo solo la parola di pochi, tutti provati e inaspriti da lunghe difficoltà. La tensione dimora da troppo tempo in questo villaggio. Mi servono occhi estranei a entrambe le parti, che osservino con attenzione. Mi aiuterai?"""
NPC_MANGA_RESPONSE_6b2b7f3e-8324-4bc1-8f56-fd0c9c53b2c9,"“Sono stato forgiato per la guerra fin dalla nascita, come tutti gli uomini minotauro, molto prima di imparare a cosa servisse davvero la forza. Quella strada mi ha condotto qui, a questa fucina.”"
NPC_MANGA_RESPONSE_6d99a87e-8d0e-42ed-98b3-3b7f6ab5db4a,"*Espira lentamente. Nel silenzio che segue, il fuoco della fucina crepita.*\n\n“Una leggenda, forse. Ma nessuno la scrisse con l'inchiostro. Fu scritta nel sangue e nella cenere, sul respiro gelido di uomini morenti.”\n\n“Ci guidava Alaric: una piccola banda di cacciatori. Non cercatori di gloria. Solo uomini che non volevano vedere bruciare il loro villaggio. Ci addentrammo in Wildwood, seguendo segni che pochi altri avrebbero riconosciuto. I giorni divennero settimane.”"
NPC_MANGA_RESPONSE_7267f69c-b586-4777-8677-35b73bdd3c8b,"""Perché gli voglio bene. Lo conosco fin da bambino e non vorrei vederlo plasmato nel modo sbagliato.""\n\n\n\n""Da quando è arrivato qui, Corin nutre un odio profondo per i goblin. Questo non è un segreto. Quando era più giovane, era semplice rabbia.""\n\n""Ma gli anni lo hanno affinato. Ha ascoltato noi che lo abbiamo cresciuto, fra cui Alaric. È maturato nella disciplina, nel giudizio, nell'autocontrollo.""\n\n""Eppure il suo odio non è diminuito. Ha solo imparato a parlare con la voce della ragione."""
NPC_MANGA_RESPONSE_7346c003-5a42-43c2-956e-0df34e8a06f2,"“No. Eravamo ancora estranei. Lo conoscevo solo come cacciatore, e lui conosceva me solo come fabbro. Ma la prova brucia le illusioni. In quel fuoco trovammo il rispetto.”"
NPC_MANGA_RESPONSE_754c3989-9f50-42bb-896e-23069e13d508,"""Non lo dicono con queste parole. Ma credo che sia questa la vera intenzione.""\n\n""Da tempo il Sindaco e Alaric sono al centro di una lotta di potere. Alaric non cerca il comando, eppure molti vedono in lui il loro vero capitano, e il Sindaco non lo sopporta. Vorrebbero che tornassi a forgiare per loro. Ma soprattutto vogliono ridurre il mio aiuto ad Alaric e alla Gilda. Hanno persino parlato d'oro."""
NPC_MANGA_RESPONSE_76d2ffde-21cf-43d3-897e-013fe64a43ac,"""Un dono raro, piegare la distanza stessa. Ne farò buon uso e ti ripagherò con acciaio e servizio. Cercami in questo Santuario quando avrai bisogno."""
NPC_MANGA_RESPONSE_7905d67b-b005-4f21-b494-1b625e57f06e,"""È semplice. Alaric non desidera governare, eppure guida. Il Sindaco deve il titolo alla stirpe, ma gli manca la volontà di un vero capo. È sempre stato così, e la gente lo vede."""
NPC_MANGA_RESPONSE_7aaf2c8e-16b9-4f4d-a135-8f413e729b5d,“Il Sindaco? Barricò il villaggio e pregò che l'orda passasse oltre. Non furono le preghiere a salvare Earlwood. Fu la resistenza.”
NPC_MANGA_RESPONSE_7aff966d-0528-42cd-b784-8eaf99db8f67,"""Necessità, viandante. Earlwood ha già resistito a un assedio, e ora è di nuovo minacciata.""\n\n\n\n""Qui c'è una domanda sotto l'altra, viandante. Secondo te, cosa genera la necessità?"""
NPC_MANGA_RESPONSE_7b1a53dd-56fa-4c31-9998-e8a300345699,"*Manga si ferma un momento. La sua compostezza rimane immutata, ma sotto di essa affiora qualcosa di più caldo.*\n\n""Sì. Sarei lieto di parlare ancora con te."""
NPC_MANGA_RESPONSE_7e829cfc-9167-4ec5-9b4f-6c7029c559f0,"""E tu rendi onore a me desiderandolo.""\n\n""Il primo principio è questo: la forza è una condizione necessaria della virtù e parte del Bene stesso. Perché senza forza, del corpo o dello spirito, un uomo non può superare la resistenza, dominare la tentazione, né restare fedele a ciò che è giusto quando viene messo alla prova.""\n\n\n\n""Il secondo principio è questo: potere e forza non sono la stessa cosa.""\n\n""La forza appartiene anzitutto a noi stessi. È la capacità di resistere, di agire, di restare in piedi sotto un peso. Il potere è altro. È la forza protesa all'esterno, trasformata in strumento sugli altri.""\n\n""Affido alle tue mani questi primi insegnamenti. Custodiscili e soppesali nel pensiero."""
NPC_MANGA_RESPONSE_810fc930-06a6-4508-853b-e723901bc140,"""Hm. Pietà, dunque. Non ricevono punizione. Non so dire se fosse la via giusta. Ma è una scelta fatta con misura, e questo lo rispetto.""\n\n\n\n*Manga si ferma, una larga mano posata sulla fucina. Lo sguardo passa dall'incudine al villaggio, poi a Wildwood, più lontano.*\n\n""Viandante, ho una novità. Il mio cammino non termina più a Earlwood. Non pretendo ancora di conoscerti. Conosco la tua forza e vedo il tuo ruolo in ciò che verrà. La tua strada si allontana da questo villaggio. E la mia vorrebbe seguirla, se hai posto per me: la mia arte di fabbro e il mio acciaio al tuo servizio."""
NPC_MANGA_RESPONSE_82b3c9eb-1eb4-4a0b-9e9c-77dc5a1cd1b7,"*Manga guarda il fuoco per un momento, poi parla senza emozione.*\n\n“Ho disobbedito. Per l'Impero basta questo. Non discutono le ragioni, solo gli esiti.”\n\n""Da giovane scelsi di disobbedire. Mi fu ordinato di portare rovina. Rifiutai. Tutto qui."""
NPC_MANGA_RESPONSE_82ca77b4-02d8-4513-a2fd-b50b7775add1,"""Non ci sono abbastanza tempo né risorse. In giorni come questi, viandante, dobbiamo scegliere dove impiegare la nostra forza. Io scelgo coloro che stimo."""
NPC_MANGA_RESPONSE_85cd4e07-e0fb-4352-bb94-cfd7aaf77c82,"*Un respiro profondo, come un mantice che si placa.*\n\n“Per alcuni, la pietà è debolezza. Io invece dico che la forza sta nel sapersi frenare. Non ho abbandonato il mio posto: ho ritrovato me stesso.”\n\n“Si possono perdere patria, titolo, persino il proprio aspetto. Ma se si conservano i propri principi, l'esilio non è sconfitta. È chiarezza.”"
NPC_MANGA_RESPONSE_86b53e36-0587-4291-8d12-d3c6116c0105,"""Da tempo sollecito Aldoria a riprendere le spedizioni di armi a Earlwood. Hai aperto la strada; le carovane seguiranno. Forgeranno più acciaio di quanto potrei mai fare da solo. Il villaggio non resterà disarmato in mia assenza."""
NPC_MANGA_RESPONSE_8a626235-59f7-4ae2-8639-7880b3e931c3,"""La coercizione è una di queste forze. Preme sulla volontà e restringe la via, ma non esaurisce la necessità.""\n\n\n\n""La mancanza è un grande motore della necessità. La mancanza di ciò che ti protegge dal bisogno, dalla coercizione, dalle dure condizioni che la realtà pone a ogni essere vivente. Soprattutto, la mancanza di forza.""\n\n""Dove manca la forza, le scelte si assottigliano. Dove invece è presente, diventano possibili mezzi migliori. Un uomo può resistere e, resistendo, scegliere la via più virtuosa. Per questo ritengo che la forza liberi dalla mano più dura della necessità."""
NPC_MANGA_RESPONSE_8c214060-8e69-49eb-9209-6bb11c3e5de7,"""Percorrevano la strada orientale attraverso Wildwood. Da allora, silenzio. Se siano stati presi da bestie o briganti, ancora non so dirlo."""
NPC_MANGA_RESPONSE_90dab9f4-531c-4392-bb25-80b50f0abb35,"""Lontano a ovest, vicino alle coste delle Terre Aride Meridionali, oltre i grandi passi ora in mano agli uomini."""
NPC_MANGA_RESPONSE_9495b32a-0c2a-413e-a616-a2f54ce3b428,"""Anch'io ne sono lieto. Ma Xwin resta la mia patria, anche se mi ha scacciato."""
NPC_MANGA_RESPONSE_94d84c63-1029-43aa-9859-76ed79473135,"""Sono considerate essenziali. Madri, maestre, mogli, sorelle, figlie. Spetta a loro preservare lo spirito di Xwin e dare uno scopo alla sua forza."""
NPC_MANGA_RESPONSE_95cd4208-2fd3-4a37-8496-989f5f5a87c4,"“Il rimpianto è una catena che non porterò. Il passato è forgiato. Non lo si può forgiare di nuovo, solo comprendere.”"
NPC_MANGA_RESPONSE_96881bf1-b55e-4909-8854-42f55c704a50,"""Leggi bene il mio volto. Hm. Qui non molti vedono così chiaramente.""\n\n\n\n*La voce di Manga è carica di preoccupazione.*\n\n""Temo che ci siano di nuovo problemi fra la Gilda e la Guardia. Stavolta si sente odore di scontro aperto. Gli avventurieri sostengono di aver visto guardie sottrarre armi e armature ai corpi dei nostri caduti."""
NPC_MANGA_RESPONSE_98d63a9a-77b3-43f2-b931-a92269865b9b,"""È un compito semplice. Ascolta con attenzione.""\n\n\n\n""Un passaggio simile non richiede grandi opere, soltanto una corda tesa da una sponda all'altra, così carri e viandanti potranno attraversare saldamente. La corda e i sostegni li ho preparati.""\n\n""Il lavoro è semplice. È la compagnia a complicarlo. Le creature là fuori non resteranno a guardare mentre lavori."""
NPC_MANGA_RESPONSE_a7aad238-16c0-49cf-b609-2dfa77928a06,"""Ricorri alla forza troppo in fretta. Non mi piace vedere in te una simile precipitazione.""\n\n\n\n""Da quando mi sono trasferito in questo quartiere per aiutare Alaric, il villaggio principale è rimasto senza un vero fabbro. Ora a riparare lame e armature ci sono solo dilettanti."""
NPC_MANGA_RESPONSE_a7cf2ed0-9a99-4050-a097-719746be73b1,"""Ben fatto. Questo villaggio ti deve più delle parole. Dimmi, dove le hai trovate?"""
NPC_MANGA_RESPONSE_aa5329ff-3aba-4ecd-8235-961d2b9246f4,"""Una causa giusta non ha bisogno d'odio, viandante. Se ne ha bisogno, o la causa è meno giusta di quanto si creda, o l'uomo è meno disciplinato."""
NPC_MANGA_RESPONSE_ab698ae6-7c99-4ca9-ad90-236ca62a28e7,"""Proprio così. Ci si sarebbe aspettati un simile smarrimento da chiunque fosse stato gettato al tuo posto.""\n\n\n\n""Mi hai già sentito parlare della via che seguo, il Presidiismo. Se vuoi, ora vorrei posarne davanti a te le prime pietre."""
NPC_MANGA_RESPONSE_af0dab6c-23c8-46db-9e9a-6b468d3625d9,"""Il mio pensiero è semplice: il mio posto è qui. Ma gli uomini che sentono il potere sfuggire alla presa spesso agiscono senza saggezza. È questo che temo.""\n\n\n\n*Dopo aver fissato per un momento il villaggio, lo sguardo di Manga si rasserena e i suoi movimenti ritrovano la consueta, calma precisione.*\n\n""Basta con i giochi del Sindaco. C'è un'altra faccenda che richiede la tua forza.\n\n\n\nOra che il ponte è stato ricostruito, possiamo rafforzare le nostre vie di rifornimento, renderle più sicure per i commerci che un giorno riprenderanno. Nella parte settentrionale di Wildwood, lungo la strada principale, si trova il Passaggio sul Fiume. Un tempo le carovane passavano liberamente. Ora il passaggio è crollato."""
NPC_MANGA_RESPONSE_affb0cc3-a48d-4bef-af7e-a14de6829853,"""Allora percorrila. Ma sappi questo: la forza usata bene può servire gli altri anche quando servirli non era lo scopo.""\n\n\n\n""Nella mia patria, a volte branchi di goblin si insinuavano nei passi montani e raggiungevano le Terre Aride. Non venivano tollerati a lungo.""\n\n""Xwin tiene esploratori ai confini e guarnigioni presso gli insediamenti periferici. Appena vengono avvistati dei goblin, si mandano guerrieri ad abbatterli. L'impero non permette che una simile infestazione perduri."""
NPC_MANGA_RESPONSE_b0142ef2-5ba9-4033-ac53-024c5dd27974,"""Ne perdiamo altri ogni giorno. Ma purtroppo non è questo il pensiero che mi pesa di più.""\n\n\n\n*La voce di Manga è carica di preoccupazione.*\n\n""Temo che ci siano di nuovo problemi fra la Gilda e la Guardia. Stavolta si sente odore di scontro aperto. Gli avventurieri sostengono di aver visto guardie sottrarre armi e armature ai corpi dei nostri caduti."""
NPC_MANGA_RESPONSE_b0dcb139-1baa-4f21-b92d-c81427150a48,"""Sì. Nessun altro popolo vi dimora liberamente. Si entra soltanto con il permesso imperiale, per diplomazia o commercio, e anche allora gli stranieri non sono ben accolti."""
NPC_MANGA_RESPONSE_b38c7518-3629-4218-90d8-75cf645a0181,"""I Goblin sono creature ripugnanti, sì. L'odio può servire per un certo tempo. Ma tenerselo vicino significa lasciarlo nutrire di noi.""\n\n\n\n""Ricordo di avergliene parlato molto chiaramente. Disse: «Mi hai insegnato che la forza ha uno scopo, e che i nemici sono coloro la cui vittoria impoverirebbe il nostro futuro. Allora perché non dovrei odiare i goblin? Perché non dovrei ucciderli ovunque li trovi? Quale uso migliore potrei fare della forza?»""\n\n""Gli dissi che trascurava la condizione che dà forma morale alla forza. La misura. Anche un nemico va inseguito soltanto fin dove lo richiedono la necessità e il bene futuro. L'odio cancella la misura. Trasforma la difesa in brama.""\n\n""Non aveva ancora orecchie per quella verità."""
NPC_MANGA_RESPONSE_b5283c8e-3120-4a29-bc12-2e2ec87be8a3,"""Arretrata per certi versi, forse. Ma non perché onora la potenza. L'errore sta nello scopo che le impongono di servire.""\n\n\n\n""Negli anni da soldato conobbi un uomo che custodiva in segreto gli insegnamenti del Presidiismo. A Xwin, questo basta per essere giustiziati.""\n\n""All'inizio pensai di denunciarlo. Tanto era forte la presa dell'impero sulla mia mente. Ma trattenni la mano e lo ascoltai. Da lui appresi che la potenza ha uno scopo oltre la conquista, e che la forza senza virtù è solo brutalità raffinata.""\n\n""Da allora, l'esilio non tardò ad arrivare."""
NPC_MANGA_RESPONSE_b5d5e33a-5c59-49ae-80f9-9d8cc9c05b0c,"“Nelle difficoltà non è la lama a portarci oltre, ma la domanda che affila la volontà.”\n\n""Hai reso un grande servizio a questo villaggio. Attendo con piacere il tuo ritorno."""
NPC_MANGA_RESPONSE_b617a75e-2f89-46b8-869e-780e91a74da3,"""No. Ho rifiutato la menzogna quando l'ho riconosciuta per ciò che era."""
NPC_MANGA_RESPONSE_bb65fb77-39eb-4238-bc9e-04e551cc38f6,"""Mi onori, viandante. Hm. Ho poche piste certe da offrirti. Comincia da qui. Parla con i profughi e gli avventurieri. Scopri cosa hanno visto."""
NPC_MANGA_RESPONSE_bbf640a0-83a5-4f1f-a8b3-732ad3118062,"""Non penso affatto male di lui. Sono solo preoccupato per qualcuno che mi è caro.""\n\n\n\n""Da quando è arrivato qui, Corin nutre un odio profondo per i goblin. Questo non è un segreto. Quando era più giovane, era semplice rabbia.""\n\n""Ma gli anni lo hanno affinato. Ha ascoltato noi che lo abbiamo cresciuto, fra cui Alaric. È maturato nella disciplina, nel giudizio, nell'autocontrollo.""\n\n""Eppure il suo odio non è diminuito. Ha solo imparato a parlare con la voce della ragione."""
NPC_MANGA_RESPONSE_bc711728-4a16-467c-8717-2b2bd0a24129,"*Manga sorride appena, lasciandosi sfuggire una risata sommessa.*\n\n""È una questione di dottrina, viandante. Xwin sostiene che la conquista vada ottenuta con forza e onore, non con artifici. Gli umani accettano macchine e congegni che il mio popolo disprezza. Con quel rifiuto, Xwin si lega le mani da sola."""
NPC_MANGA_RESPONSE_bcf00432-3ab1-43e0-ae9d-8029b5cb0836,"""Hai la mia gratitudine. Spero di rivederti, integro e vittorioso."""
NPC_MANGA_RESPONSE_bfa8a403-69cc-48dc-b8f0-681f924bc813,"*Manga si pulisce la fuliggine dalle mani e si appoggia alla parete della fucina, con lo sguardo lontano.*\n\n“La Crisi dei Goblin, sì. La ricordo bene. Allora non c'era una Gilda, solo pochi che si opposero alla marea oscura. Ero fra loro.”"
NPC_MANGA_RESPONSE_bfbd18f6-c92a-4946-b6ca-0396b1d35eb8,"""Lo sono anch'io. E sono lieto, a mia volta, che tu sia tornato dalla tua battaglia. Respiro meglio vedendoti qui davanti a me, al sicuro."""
NPC_MANGA_RESPONSE_c2e9dc21-bdf1-4b64-9d2b-0ef404716f4f,"*Le labbra di Manga si distendono in un sorriso divertito.*\n\n""Acuto, viandante. Sì. C'è.""\n\n""Volevo ringraziarti ancora, con parole chiare, per tutto ciò che hai fatto per me e per Earlwood.""\n\n""E vorrei dirti anche un'altra verità. Ho cominciato ad attendere con piacere le nostre conversazioni."""
NPC_MANGA_RESPONSE_c2f8e2ff-800b-4e04-9e11-999f95b29695,"*La voce di Manga assume il peso quieto del ricordo.*\n\n“Seguimmo la scia di sangue di cento razzie. Earlwood sanguinava, e noi risalimmo la sua ferita fino all'origine. Uno guidava. Tutti noi altri resistevamo.”\n\n“Ci guidava Alaric: una piccola banda di cacciatori. Non cercatori di gloria. Solo uomini che non volevano vedere bruciare il loro villaggio. Ci addentrammo in Wildwood, seguendo segni che pochi altri avrebbero riconosciuto. I giorni divennero settimane.”"
NPC_MANGA_RESPONSE_c3dbcd94-d91b-4433-9877-f070b73d942c,"""Ben fatto. Hai compreso abbastanza per servirti di quest'arte. Se ti occorreranno altri lavori, la fucina è aperta."""
NPC_MANGA_RESPONSE_c65f47c1-7851-4dd9-b23c-aa862c74d88f,"""Dubito che il pericolo svanirà presto. Ma non ti darò ordini. Decidi quando la tua volontà sarà salda."""
NPC_MANGA_RESPONSE_c70a5c42-d558-4a0d-88d5-bf715e760e45,"""Non lo feci. Per un respiro ci guardammo, fratelli non di nascita, ma di fuoco. Vidi ciò che era diventato e seppi che non potevo fermarlo. Né avrebbero potuto i goblin. Non lui."""
NPC_MANGA_RESPONSE_c961caf7-37ff-47fe-9d3b-5c1a6a073ccb,"""In questo Xwin fu fortunata. La minaccia dei goblin era minore di quella che gli uomini subiscono qui. Ma minore non significa inesistente. Da giovane li combattei anch'io.""\n\n\n\n""Una volta una piccola orda attraversò le montagne e raggiunse le Terre Aride. Marciai con il reggimento mandato a spezzarla. Ero giovane. Fu una delle mie prime vere battaglie, e mi ritengo fortunato a essere sopravvissuto a quel giorno.""\n\n""Lì vidi degli amici, viandante. Veri Minotauri, uomini forti, divorati vivi dall'orda sul campo."""
NPC_MANGA_RESPONSE_c9f1f1bb-8f07-4897-9529-883674e95d48,"""Una definizione ristretta, ma chiara. Non ti importunerò oltre il ruolo che mi assegni.""\n\n\n\n""Mi hai già sentito parlare della via che seguo, il Presidiismo. Se vuoi, ora vorrei posarne davanti a te le prime pietre."""
NPC_MANGA_RESPONSE_cfb695f1-26c4-4026-adf6-4a6a97695a02,"""La necessità non sminuisce il merito, viandante. Continuo a stimare le tue azioni.""\n\n\n\n""All'inizio ti osservavo con sospetto. Non si vede uno sconosciuto arrivare per un'antica magia pensando che sia cosa ordinaria.""\n\n""Ma da allora il tempo ha espresso il suo giudizio. Ti sei dimostrato capace nei fatti e acuto nel pensiero. Anche il tuo carattere si è rivelato saldo. Sono onorato di unire la mia forza alla tua."""
NPC_MANGA_RESPONSE_d069f9f5-8b71-44aa-82e7-1b75acbc9fad,"*Manga accenna un inchino del capo.*\n\n""Sì. Li incontrai per la prima volta quando ero ancora una giovane recluta.""\n\n\n\n""Una volta una piccola orda attraversò le montagne e raggiunse le Terre Aride. Marciai con il reggimento mandato a spezzarla. Ero giovane. Fu una delle mie prime vere battaglie, e mi ritengo fortunato a essere sopravvissuto a quel giorno.""\n\n""Lì vidi degli amici, viandante. Veri Minotauri, uomini forti, divorati vivi dall'orda sul campo."""
NPC_MANGA_RESPONSE_d0a64cb0-88d1-4c0f-ad23-50d7b5c66a4e,"*Manga chiude gli occhi per un breve istante. Quando parla, sotto la calma si avverte un peso.*\n\n""Corin è un ottimo guerriero. Il migliore allievo di Alaric, senza dubbio.""\n\n""Ma è ancora un giovane uomo, e i giovani possono essere sospinti da fuochi che non sanno ancora dominare."""
NPC_MANGA_RESPONSE_d1a2e006-872b-4052-8430-d14e4421b189,"*Si volta a esaminare una giuntura nella parete, con voce calma ma tagliente.*\n\n“Una baracca, forse. Ma anche una baracca può dare riparo al coraggio. Non scambiare la semplicità per debolezza.”\n\n“L'acciaio non si plasma da sé. Né una casa sorge senza fatica. Nei tempi difficili facciamo ciò che dobbiamo, con ciò che abbiamo.”"
NPC_MANGA_RESPONSE_d3e143bf-b7b8-4164-be7b-013d0def9ba1,"""È vero, viandante. Vengo da una terra dove la forza era apprezzata soltanto come strumento di potere. Qui ho trovato molti che la rivolgono al suo giusto scopo. In questo Earlwood mi dona una quieta gioia."""
NPC_MANGA_RESPONSE_d3e38c92-513c-4d18-8183-c78dc008b833,"""Perché devono, viandante. Proteggersi è un loro diritto, anche quando i mezzi gravano sullo spirito.""\n\n\n\n""Qui c'è una domanda sotto l'altra, viandante. Secondo te, cosa genera la necessità?"""
NPC_MANGA_RESPONSE_d45a5875-5f34-491b-851e-d3f8e55a5c91,"*Manga alza la testa dall'incudine, notando il tuo sguardo indugiare sui monconi spezzati da cui un tempo si levavano le corna.*\n\n“Ti chiedi perché manchino. Fra la mia gente non è un mistero. Le corna recise segnano l'esilio. Una punizione. Un monito.”"
NPC_MANGA_RESPONSE_d6d308d7-996e-41db-8ad0-ba9b79f7d38f,"""Non parlarne con tanta leggerezza. Di pochi parassiti si può ridere. Ma un'orda può divorare vivi anche i forti."""
NPC_MANGA_RESPONSE_d746fb25-54e2-4fc0-98e4-0030150ff5f5,"*Ti fissa per un momento, senza battere ciglio.*\n\n“Chiamala come vuoi, allora: follia, miracolo. Io la chiamo verità. L'ho visto tornare, e i goblin non sono tornati.”\n\n""Una cosa devi capire di Alaric: le storie che si raccontano? Sono tutte vere."""
NPC_MANGA_RESPONSE_ddb6c8c4-d185-43fc-b90f-b33f5a3c81ef,"""Lupi e un Treant? Hmm, esseri di Ceres che si comportano come esseri di Akolasis. Viviamo davvero in tempi oscuri.""\n\n""Dimmi, Viandante. Pensi che pace e potere possano coesistere nel nostro mondo?"""
NPC_MANGA_RESPONSE_de0ed740-ce04-4689-b940-28b4f9dd9bde,"""E anch'io ho imparato a considerarti un amico.""\n\n\n\n""All'inizio ti osservavo con sospetto. Non si vede uno sconosciuto arrivare per un'antica magia pensando che sia cosa ordinaria.""\n\n""Ma da allora il tempo ha espresso il suo giudizio. Ti sei dimostrato capace nei fatti e acuto nel pensiero. Anche il tuo carattere si è rivelato saldo. Sono onorato di unire la mia forza alla tua."""
NPC_MANGA_RESPONSE_e60f608c-d062-4ee7-bf8a-20a74e31850a,"""È così. Spinti dalla necessità, ma resta una cosa terribile.""\n\n\n\n""Qui c'è una domanda sotto l'altra, viandante. Secondo te, cosa genera la necessità?"""
NPC_MANGA_RESPONSE_e7f9e512-1056-46e3-b759-4c4492e3f26a,"*Manga corruga appena la fronte e inclina il capo.*\n\n“Non conosci la forgiatura runica? Non è un'arte rara: si pratica dalle fucine di Eastwind alle sale sotto Mirkea.”\n\n“Ogni arma, ogni pezzo d'armatura porta rune al suo interno, magia incisa nel fuoco e nell'acciaio. Con la frantumazione, quella magia viene liberata.”\n\n""Con l'essenza estratta possiamo potenziare un altro oggetto, forgiando forza da ciò che è andato perduto."""
NPC_MANGA_RESPONSE_e8e41eb0-5a38-4e32-b18e-d18f6978e5a1,"*Manga annuisce lentamente, con un movimento deliberato.*\n\n""Rettitudine e rovina condividono spesso la stessa strada. Ma se dovrò percorrerla da solo, lo farò con passo fermo.""\n\n“Si possono perdere patria, titolo, persino il proprio aspetto. Ma se si conservano i propri principi, l'esilio non è sconfitta. È chiarezza.”"
NPC_MANGA_RESPONSE_ec249bf3-9563-405d-bff9-5a86f45c1d30,"""Hm. Sì. Un'opera terribile, ma voluta. Alcune sezioni del muro sono rinforzate con Legno di Treant, per respingere la magia ostile. Il Legno di Treant conserva ancora un soffio di vita."""
NPC_MANGA_RESPONSE_f6633faf-4bd9-4bc9-91bc-fb249fa7f4d4,"""Hai ricondotto la loro paura al dovere. Una buona via. Hai usato la tua forza e il timore che già portavano dentro, senza ricorrere alla violenza né spargere sangue. Lo approvo.""\n\n\n\n*Manga si ferma, una larga mano posata sulla fucina. Lo sguardo passa dall'incudine al villaggio, poi a Wildwood, più lontano.*\n\n""Viandante, ho una novità. Il mio cammino non termina più a Earlwood. Non pretendo ancora di conoscerti. Conosco la tua forza e vedo il tuo ruolo in ciò che verrà. La tua strada si allontana da questo villaggio. E la mia vorrebbe seguirla, se hai posto per me: la mia arte di fabbro e il mio acciaio al tuo servizio."""
NPC_MANGA_RESPONSE_fd3b3c1b-2464-42cf-af0d-20753c7f224d,"""Non dubito delle loro parole. Ma agire quando restano tante domande sarebbe stolto. Non sappiamo ancora se sia stato un gesto isolato, una banda di guardie rinnegate o un ordine del Sindaco stesso. Dobbiamo essere pazienti e scrupolosi."""
NPC_MANGA_RESPONSE_fef9ed05-3371-4ae8-bd89-2123b6d28b53,"""Giudichi Earlwood ingiustamente, viandante. Questo villaggio ha la fortuna di ospitare molti di quei rari individui. Guarda ancora, con occhio più limpido."""
NPC_MANGA_TITLE,Esule di Xwin
NPC_MYRLL_GREETING_2b40818e-34b4-4fd4-b014-4f49492aa01e,"*Myrll alza lo sguardo verso di te mentre ti avvicini*\n\n""È bello vederti."""
NPC_MYRLL_GREETING_71937683-e010-44e2-b7de-d76e88fa3833,"*La driade sussulta al tuo avvicinarsi, stringendosi il fianco.*\n\n""Io… non voglio combattere. Ti prego, puoi dirmi perché sei qui…?"""
NPC_MYRLL_GREETING_77991a5c-e11d-42c6-b36b-33eec6c09c43,"*Myrll sussulta al tuo avvicinarsi, poi abbassa lo sguardo e regola il respiro.*\n\n""Grazie per avermi invitata qui. Me ne starò tranquilla, senza turbare il tuo ritmo."""
NPC_MYRLL_GREETING_a9fdd9d6-ef26-44eb-a446-02f37838b9a2,"*Myrll alza lo sguardo verso di te mentre ti avvicini*\n\n""Ti… serve qualcosa?"""
NPC_MYRLL_GREETING_c869a0a4-b093-4a4d-ac39-9c8ff3941c5e,"*Lo sguardo di Myrll indugia a terra, le orecchie da volpe abbassate; quando si accorge di te, le drizza e si raddrizza, come colta alla sprovvista.*\n\n""Avventuriero… ciao. Perdonami. I miei pensieri erano andati a frugare fra radici che avrei dovuto lasciare in pace."""
NPC_MYRLL_GREETING_e8e4207a-206a-4909-94bd-1ddfa639f682,"""Ah. Faerethil. Grazie di essere venuto. C'è una cosa che dovrei dirti, se puoi fermarti un momento."""
NPC_MYRLL_NAME,Myrll
NPC_MYRLL_PLAYER_000f0f20-c874-4d4e-9fc5-934bc8484ca6_BASE,Ho trovato delle rovine elfiche nella parte settentrionale di Wildwood. Le conosci?
NPC_MYRLL_PLAYER_0093ba33-66e9-40a8-acab-ab8bc028d326_HEROIC,La sua anima buona sarà la sua rovina.
NPC_MYRLL_PLAYER_0093ba33-66e9-40a8-acab-ab8bc028d326_JOKER,"Un'anima buona, che lo porterà dritto alla rovina."
NPC_MYRLL_PLAYER_0093ba33-66e9-40a8-acab-ab8bc028d326_SCHOLAR,"Le anime buone sono bersagli facili. Prima o poi, la sua gli costerà cara."
NPC_MYRLL_PLAYER_0093ba33-66e9-40a8-acab-ab8bc028d326_STOIC,Quell'anima buona lo rovinerà.
NPC_MYRLL_PLAYER_00eaa197-9a7e-4db3-b574-d9c9a2553262_HEROIC,Vorresti che levassi la lama contro le tue sorelle?
NPC_MYRLL_PLAYER_00eaa197-9a7e-4db3-b574-d9c9a2553262_JOKER,Vuoi che sistemi le tue sorelle a colpi di spada?
NPC_MYRLL_PLAYER_00eaa197-9a7e-4db3-b574-d9c9a2553262_SCHOLAR,Uccidere le tue sorelle. Intendi esattamente ciò che hai detto?
NPC_MYRLL_PLAYER_00eaa197-9a7e-4db3-b574-d9c9a2553262_STOIC,Vuoi che uccida le tue sorelle?
NPC_MYRLL_PLAYER_01715f60-a64c-4864-b9fa-cdd06356a4a6_BASE,Da quanto tempo conosci Befr?
NPC_MYRLL_PLAYER_05a62ff9-0b68-4a67-a054-17cb67849632_HEROIC,"Il Varco è l'unica via, e posso concederti il potere di attraversarlo."
NPC_MYRLL_PLAYER_05a62ff9-0b68-4a67-a054-17cb67849632_JOKER,"Ci arrivi solo con un Varco. Per fortuna, la chiave ce l'ho io."
NPC_MYRLL_PLAYER_05a62ff9-0b68-4a67-a054-17cb67849632_SCHOLAR,Solo un Varco permette di raggiungerlo. Sta a me concedere il potere di usarlo.
NPC_MYRLL_PLAYER_05a62ff9-0b68-4a67-a054-17cb67849632_STOIC,Puoi arrivarci solo attraverso un Varco. Posso darti il potere di usarlo.
NPC_MYRLL_PLAYER_071c45e9-fa49-4c25-a6bb-65f97178891d_HEROIC,"Voltano le spalle a tutto ciò che sta sotto di loro, scegliendo la solitudine fra gli alberi."
NPC_MYRLL_PLAYER_071c45e9-fa49-4c25-a6bb-65f97178891d_JOKER,"A quanto pare, gli alberi sono una compagnia migliore di chiunque stia di sotto."
NPC_MYRLL_PLAYER_071c45e9-fa49-4c25-a6bb-65f97178891d_SCHOLAR,Restano fra gli alberi e lasciano marcire il mondo sottostante. Ne prendo atto.
NPC_MYRLL_PLAYER_071c45e9-fa49-4c25-a6bb-65f97178891d_STOIC,"Ignorano tutto ciò che sta sotto. Restano fra loro, sugli alberi."
NPC_MYRLL_PLAYER_08491b5b-dc42-4b24-9de6-1b172ef6cc4b_HEROIC,"Sono vivi, anche se turbati. Ho liberato molti ingressi delle tane per riaprire loro la strada."
NPC_MYRLL_PLAYER_08491b5b-dc42-4b24-9de6-1b172ef6cc4b_JOKER,"Vivi, ma scossi. Avevano le tane tappate, così le ho stappate."
NPC_MYRLL_PLAYER_08491b5b-dc42-4b24-9de6-1b172ef6cc4b_SCHOLAR,"Vivi, ma sconvolti. Gli imbocchi delle tane erano ostruiti; li ho liberati."
NPC_MYRLL_PLAYER_08491b5b-dc42-4b24-9de6-1b172ef6cc4b_STOIC,"Vivi, ma inquieti. Molti ingressi delle tane erano bloccati. Li ho aperti."
NPC_MYRLL_PLAYER_09737823-85f1-4567-af7c-109ab87d9a11_HEROIC,Parla in fretta: il tempo non è dalla nostra parte.
NPC_MYRLL_PLAYER_09737823-85f1-4567-af7c-109ab87d9a11_JOKER,"Se hai qualcosa da dire, meglio farla breve."
NPC_MYRLL_PLAYER_09737823-85f1-4567-af7c-109ab87d9a11_SCHOLAR,"Parla, ma scegli parole brevi."
NPC_MYRLL_PLAYER_09737823-85f1-4567-af7c-109ab87d9a11_STOIC,Puoi parlare. In fretta.
NPC_MYRLL_PLAYER_0b49dd8c-e8b6-4e4d-b9f7-f9a7adb3f246_HEROIC,Cosa può averlo spinto ad abbandonare la sua strada?
NPC_MYRLL_PLAYER_0b49dd8c-e8b6-4e4d-b9f7-f9a7adb3f246_JOKER,Quale svolta l'ha fatto uscire dal vecchio sentiero?
NPC_MYRLL_PLAYER_0b49dd8c-e8b6-4e4d-b9f7-f9a7adb3f246_SCHOLAR,Cosa lo ha mutato? Una singola ferita o un lento marcire?
NPC_MYRLL_PLAYER_0b49dd8c-e8b6-4e4d-b9f7-f9a7adb3f246_STOIC,Cos'è successo per farlo cambiare?
NPC_MYRLL_PLAYER_0b681898-c46d-47cc-af29-a977fdf75023_HEROIC,Era semplicemente la cosa giusta. L'ho fatta perché contava.
NPC_MYRLL_PLAYER_0b681898-c46d-47cc-af29-a977fdf75023_JOKER,"Era solo la cosa giusta, che tu ci creda o no."
NPC_MYRLL_PLAYER_0b681898-c46d-47cc-af29-a977fdf75023_SCHOLAR,Era la cosa giusta. È una ragione sufficiente.
NPC_MYRLL_PLAYER_0b681898-c46d-47cc-af29-a977fdf75023_STOIC,Era semplicemente giusto farlo.
NPC_MYRLL_PLAYER_109d88f7-c292-43ef-8a7f-13cd25560c25_HEROIC,"Quel tuo cuore ti fa onore, Myrll."
NPC_MYRLL_PLAYER_109d88f7-c292-43ef-8a7f-13cd25560c25_JOKER,"Quel tuo cuore è quasi ingiustamente buono, Myrll."
NPC_MYRLL_PLAYER_109d88f7-c292-43ef-8a7f-13cd25560c25_SCHOLAR,"Un cuore buono, Myrll. Non lo risparmi mai."
NPC_MYRLL_PLAYER_109d88f7-c292-43ef-8a7f-13cd25560c25_STOIC,"Hai un gran buon cuore, Myrll."
NPC_MYRLL_PLAYER_10a3ecaa-a423-4d7c-b81a-d951b13e96ea_HEROIC,Sembra sia venuto con uno scopo preciso: sapere come stai.
NPC_MYRLL_PLAYER_10a3ecaa-a423-4d7c-b81a-d951b13e96ea_JOKER,Quindi è passato a vedere come stavi. Che premuroso.
NPC_MYRLL_PLAYER_10a3ecaa-a423-4d7c-b81a-d951b13e96ea_SCHOLAR,Tutto ciò che descrivi indica che sia venuto ad accertarsi delle tue condizioni.
NPC_MYRLL_PLAYER_10a3ecaa-a423-4d7c-b81a-d951b13e96ea_STOIC,È venuto a vedere come stavi.
NPC_MYRLL_PLAYER_10c66ee5-0bed-4b4e-a2cb-b21af8ac877d_BASE,Pensavo che il tuo legame con la foresta fosse reciso. Come hai avvertito la sua caduta?
NPC_MYRLL_PLAYER_11590941-7b6a-434b-9b4a-eb1283f81a5b_HEROIC,Lì la speranza è sprecata. La marea porterà via qualunque cosa costruiscano.
NPC_MYRLL_PLAYER_11590941-7b6a-434b-9b4a-eb1283f81a5b_JOKER,Che vita: cercare di costruire casa mentre la marea ti ride in faccia.
NPC_MYRLL_PLAYER_11590941-7b6a-434b-9b4a-eb1283f81a5b_SCHOLAR,"Un'esistenza desolante. Costruiscono comunque, e la marea resta indifferente."
NPC_MYRLL_PLAYER_11590941-7b6a-434b-9b4a-eb1283f81a5b_STOIC,Un'esistenza senza speranza. Continuano a costruire casa contro la marea.
NPC_MYRLL_PLAYER_1286eab3-3fb5-47ca-8a35-327bf93c2cae_HEROIC,"Non temere, Myrll. Li aiuterò alla prima occasione."
NPC_MYRLL_PLAYER_1286eab3-3fb5-47ca-8a35-327bf93c2cae_JOKER,"Niente ansia, Myrll. Appena posso, ci metto una mano."
NPC_MYRLL_PLAYER_1286eab3-3fb5-47ca-8a35-327bf93c2cae_SCHOLAR,"Lascia andare la preoccupazione, Myrll. Li raggiungerò appena la strada lo consentirà."
NPC_MYRLL_PLAYER_1286eab3-3fb5-47ca-8a35-327bf93c2cae_STOIC,"Non preoccuparti, Myrll. Li aiuterò appena posso."
NPC_MYRLL_PLAYER_13196c34-e63c-477e-b4a0-0242e5ea5d26_HEROIC,Mi addolora che sia finita così. Lo conoscevi?
NPC_MYRLL_PLAYER_13196c34-e63c-477e-b4a0-0242e5ea5d26_JOKER,Mi spiace che sia andata così. Era un tuo amico?
NPC_MYRLL_PLAYER_13196c34-e63c-477e-b4a0-0242e5ea5d26_SCHOLAR,"Mi rammarica che sia stato necessario. Cos'era per te, prima della caduta?"
NPC_MYRLL_PLAYER_13196c34-e63c-477e-b4a0-0242e5ea5d26_STOIC,Mi spiace che sia stato necessario. Lo conoscevi?
NPC_MYRLL_PLAYER_14429db0-228e-449d-bc27-71c6deed3614_HEROIC,La sua bontà non vacilla mai. Mi dà coraggio.
NPC_MYRLL_PLAYER_14429db0-228e-449d-bc27-71c6deed3614_JOKER,La sua bontà non si esaurisce mai. È quasi sospetto.
NPC_MYRLL_PLAYER_14429db0-228e-449d-bc27-71c6deed3614_SCHOLAR,La sua bontà non viene mai meno. Ne ho cercato il limite senza trovarlo.
NPC_MYRLL_PLAYER_14429db0-228e-449d-bc27-71c6deed3614_STOIC,La sua bontà è incrollabile. È d'esempio.
NPC_MYRLL_PLAYER_173bd348-6b62-4dd3-a394-5a3a1ef408de_BASE,"""Il cuore è stato distrutto."""
NPC_MYRLL_PLAYER_17ba9ffe-e610-49ff-960f-2876e81c09f1_BASE,Chi sono questi piccoli amici?
NPC_MYRLL_PLAYER_1a35a0d7-7cf6-4b87-8348-39b9a324b6b2_HEROIC,Certo. Ecco il campione.
NPC_MYRLL_PLAYER_1a35a0d7-7cf6-4b87-8348-39b9a324b6b2_JOKER,"Sì, certo. Non vorremo far aspettare il campione."
NPC_MYRLL_PLAYER_1a35a0d7-7cf6-4b87-8348-39b9a324b6b2_SCHOLAR,"Sì, naturalmente. Ecco, vediamo cosa riesci a ricavarne."
NPC_MYRLL_PLAYER_1a35a0d7-7cf6-4b87-8348-39b9a324b6b2_STOIC,Sì. Eccolo.
NPC_MYRLL_PLAYER_1a43d4af-19c1-4fb1-8c9c-eb8d9bff3fc7_BASE,Puoi dirmi dove trovarli?
NPC_MYRLL_PLAYER_1b288d85-4cf6-4ea8-bf4f-57fe546acd0c_HEROIC,"Lo attendo anch'io con gioia, Myrll."
NPC_MYRLL_PLAYER_1b288d85-4cf6-4ea8-bf4f-57fe546acd0c_JOKER,"Non vedo l'ora neanch'io, Myrll. Ma non dirlo in giro."
NPC_MYRLL_PLAYER_1b288d85-4cf6-4ea8-bf4f-57fe546acd0c_SCHOLAR,"Condivido la tua attesa, Myrll."
NPC_MYRLL_PLAYER_1b288d85-4cf6-4ea8-bf4f-57fe546acd0c_STOIC,"Anch'io lo aspetto, Myrll."
NPC_MYRLL_PLAYER_1c7a9e4d-5b2f-8c3a-0d6e-9f1b4a7c2d5e_BASE,Sono andato a vedere come stanno i tuoi amici.
NPC_MYRLL_PLAYER_1d9871ea-1891-40b7-947d-7a5901cc6f92_HEROIC,Cosa lo ha infine spinto oltre il limite?
NPC_MYRLL_PLAYER_1d9871ea-1891-40b7-947d-7a5901cc6f92_JOKER,"Cosa l'ha fatto precipitare giù, radici e tutto?"
NPC_MYRLL_PLAYER_1d9871ea-1891-40b7-947d-7a5901cc6f92_SCHOLAR,Cosa gli ha fatto superare il limite? Qualcosa deve aver alterato l'equilibrio.
NPC_MYRLL_PLAYER_1d9871ea-1891-40b7-947d-7a5901cc6f92_STOIC,Cosa lo ha spinto oltre il limite?
NPC_MYRLL_PLAYER_1ece130c-129c-40cf-aaec-a1e4ff607ebc_HEROIC,Sono lieto che siate uniti. È un vero alleato.
NPC_MYRLL_PLAYER_1ece130c-129c-40cf-aaec-a1e4ff607ebc_JOKER,Un sollievo. Gli alleati come lui non crescono sugli alberi. Di solito.
NPC_MYRLL_PLAYER_1ece130c-129c-40cf-aaec-a1e4ff607ebc_SCHOLAR,Bene. Un alleato della sua levatura merita di essere tenuto vicino.
NPC_MYRLL_PLAYER_1ece130c-129c-40cf-aaec-a1e4ff607ebc_STOIC,Bene che siate in buoni rapporti. È un alleato affidabile.
NPC_MYRLL_PLAYER_20c7e64e-2779-4188-aab9-b30338172e01_HEROIC,Rinasceranno. Allora il cuore morirà e loro torneranno a casa.
NPC_MYRLL_PLAYER_20c7e64e-2779-4188-aab9-b30338172e01_JOKER,Rinascere è già più di quanto tocchi a molti di noi. Il cuore muore.
NPC_MYRLL_PLAYER_20c7e64e-2779-4188-aab9-b30338172e01_SCHOLAR,"Se segue una rinascita, l'unica vera morte sarà quella del cuore. Che muoia."
NPC_MYRLL_PLAYER_20c7e64e-2779-4188-aab9-b30338172e01_STOIC,Rinascono. Allora il cuore muore.
NPC_MYRLL_PLAYER_26a0f1bb-0177-4f6d-b11b-adffaeaadbbc_HEROIC,"Vi ha trasformati perché poteste resistere. Ma quale forma ha preso, esattamente, quella sopravvivenza?"
NPC_MYRLL_PLAYER_26a0f1bb-0177-4f6d-b11b-adffaeaadbbc_JOKER,"Vi ha trasformati per farvi sopravvivere. In cosa siete finiti, di preciso?"
NPC_MYRLL_PLAYER_26a0f1bb-0177-4f6d-b11b-adffaeaadbbc_SCHOLAR,"Vi ha trasformati per sopravvivere. In cosa, e quanto di voi è sopravvissuto alla trasformazione?"
NPC_MYRLL_PLAYER_26a0f1bb-0177-4f6d-b11b-adffaeaadbbc_STOIC,"Vi ha trasformati per sopravvivere. In cosa, esattamente?"
NPC_MYRLL_PLAYER_26ea4479-b7d9-4f9b-bbf6-312890d19110_HEROIC,"Cerco il significato completo, se lo conosci."
NPC_MYRLL_PLAYER_26ea4479-b7d9-4f9b-bbf6-312890d19110_JOKER,"Mi prendo il significato completo, niente mezze misure. Se lo conosci."
NPC_MYRLL_PLAYER_26ea4479-b7d9-4f9b-bbf6-312890d19110_SCHOLAR,"Il significato completo, se lo conosci. Non tralasciare nulla."
NPC_MYRLL_PLAYER_26ea4479-b7d9-4f9b-bbf6-312890d19110_STOIC,"Dimmi il significato completo, se lo conosci."
NPC_MYRLL_PLAYER_287ca825-8fd2-441d-9acc-d2fb719372a8_HEROIC,"La scelta è semplice. Se mi conduce verso i miei obiettivi, è la strada giusta."
NPC_MYRLL_PLAYER_287ca825-8fd2-441d-9acc-d2fb719372a8_JOKER,Una regola bella comoda. Spero che i miei obiettivi meritino tanta fedeltà.
NPC_MYRLL_PLAYER_287ca825-8fd2-441d-9acc-d2fb719372a8_SCHOLAR,La questione è semplice. È giusto ciò che mi avvicina ai miei obiettivi.
NPC_MYRLL_PLAYER_287ca825-8fd2-441d-9acc-d2fb719372a8_STOIC,"È semplice. Se mi avvicina ai miei obiettivi, è giusto."
NPC_MYRLL_PLAYER_28ad3c8f-5d93-47ae-a317-f4151ae80742_HEROIC,È davvero una brava persona. Sono lieto che abbia te.
NPC_MYRLL_PLAYER_28ad3c8f-5d93-47ae-a317-f4151ae80742_JOKER,Sembra proprio un bravo tipo. Meno male che ci sei tu a fargli compagnia.
NPC_MYRLL_PLAYER_28ad3c8f-5d93-47ae-a317-f4151ae80742_SCHOLAR,Ogni indizio suggerisce che sia una brava persona. È fortunato ad averti come amica.
NPC_MYRLL_PLAYER_28ad3c8f-5d93-47ae-a317-f4151ae80742_STOIC,Sembra un bravo tipo. Sono contento che abbia la tua amicizia.
NPC_MYRLL_PLAYER_297a8fbc-afc1-4211-a103-90547ffe6b0c_BASE,Come hai creato questo accampamento sottoterra?
NPC_MYRLL_PLAYER_2a132531-dea4-4d73-8be7-81f846f4127a_HEROIC,"Ci attende una missione, dunque. Vuoi che vada a vedere come stanno?"
NPC_MYRLL_PLAYER_2a132531-dea4-4d73-8be7-81f846f4127a_JOKER,Sento odore di missione. Vuoi che passi a dare un'occhiata?
NPC_MYRLL_PLAYER_2a132531-dea4-4d73-8be7-81f846f4127a_SCHOLAR,La situazione ha tutti i tratti di una missione. Vuoi che verifichi le loro condizioni?
NPC_MYRLL_PLAYER_2a132531-dea4-4d73-8be7-81f846f4127a_STOIC,Sento una missione. Vuoi che controlli come stanno?
NPC_MYRLL_PLAYER_2e5a8a5a-130f-4d28-963e-c583e0144014_BASE,Chi sono questi amici?
NPC_MYRLL_PLAYER_2ebdbcd6-87df-4d43-afc5-d8bc4a5505c6_HEROIC,Ci perde la foresta. Vieni con me: mi serve qualcuno che abbia saputo tenerle testa.
NPC_MYRLL_PLAYER_2ebdbcd6-87df-4d43-afc5-d8bc4a5505c6_JOKER,Ci perde la foresta. Vieni con me: qualcuno che sta antipatico agli alberi mi fa comodo.
NPC_MYRLL_PLAYER_2ebdbcd6-87df-4d43-afc5-d8bc4a5505c6_SCHOLAR,La foresta ha scartato l'unica voce di dissenso. Vieni con me: io la apprezzo più di quanto abbia fatto lei.
NPC_MYRLL_PLAYER_2ebdbcd6-87df-4d43-afc5-d8bc4a5505c6_STOIC,Ci perde la foresta. Vieni con me.
NPC_MYRLL_PLAYER_2f9fab6e-650c-4d3c-85db-b048738f3567_HEROIC,Non c'è giustizia in questo. Ed è chiaro che lui conta molto per te.
NPC_MYRLL_PLAYER_2f9fab6e-650c-4d3c-85db-b048738f3567_JOKER,Hai centrato il punto: non è proprio giusto. Sembra che voi due siate pappa e ciccia.
NPC_MYRLL_PLAYER_2f9fab6e-650c-4d3c-85db-b048738f3567_SCHOLAR,"No, non è giusto. Ed è evidente che lui conta per te, più di molti altri."
NPC_MYRLL_PLAYER_2f9fab6e-650c-4d3c-85db-b048738f3567_STOIC,"Hai ragione, non è giusto. Gli sembri molto legata."
NPC_MYRLL_PLAYER_30250e9f-4b4e-4e5f-b340-8e48bf5a539b_HEROIC,Rinascere. Dimmi cosa significa davvero.
NPC_MYRLL_PLAYER_30250e9f-4b4e-4e5f-b340-8e48bf5a539b_JOKER,"Qual è il grande segreto dietro questo «rinascere», allora?"
NPC_MYRLL_PLAYER_30250e9f-4b4e-4e5f-b340-8e48bf5a539b_SCHOLAR,Definisci «rinascere». Il termine potrebbe indicare una dozzina di cose.
NPC_MYRLL_PLAYER_30250e9f-4b4e-4e5f-b340-8e48bf5a539b_STOIC,Cosa significa davvero «rinascere»?
NPC_MYRLL_PLAYER_30d3ca90-7fbc-4be7-8a23-c2b5fd25ba6d_HEROIC,Gli elfi del tuo tempo mostravano una ferocia autentica.
NPC_MYRLL_PLAYER_30d3ca90-7fbc-4be7-8a23-c2b5fd25ba6d_JOKER,Gli elfi del tuo tempo avevano proprio una vena cattiva.
NPC_MYRLL_PLAYER_30d3ca90-7fbc-4be7-8a23-c2b5fd25ba6d_SCHOLAR,"Erano spietati, gli elfi di quell'epoca. Le cronache ne attenuano la crudeltà."
NPC_MYRLL_PLAYER_30d3ca90-7fbc-4be7-8a23-c2b5fd25ba6d_STOIC,Gli elfi del tuo tempo erano davvero crudeli.
NPC_MYRLL_PLAYER_346eb2b7-4dbf-4997-9419-aab253884af2_HEROIC,Non mi accontenterò di nulla che non siano risultati concreti.
NPC_MYRLL_PLAYER_346eb2b7-4dbf-4997-9419-aab253884af2_JOKER,"Cerco risultati, non promesse."
NPC_MYRLL_PLAYER_346eb2b7-4dbf-4997-9419-aab253884af2_SCHOLAR,Risultati che possa osservare e quantificare. Nulla di meno.
NPC_MYRLL_PLAYER_346eb2b7-4dbf-4997-9419-aab253884af2_STOIC,Mi aspetto risultati.
NPC_MYRLL_PLAYER_36a09698-4b9d-44fa-b048-e149e2c311b9_BASE,Cosa significa «Padre degli Alberi»?
NPC_MYRLL_PLAYER_36f27a17-668a-492c-b380-a4913e6ccb2d_BASE,"Cos'è la Pozza del Ricordo, e perché è sacra?"
NPC_MYRLL_PLAYER_37cff9a5-5f21-4604-9626-8b9de925a53b_HEROIC,Non lasciare che il dubbio ti offuschi la mente. Pensa solo a sopravvivere.
NPC_MYRLL_PLAYER_37cff9a5-5f21-4604-9626-8b9de925a53b_JOKER,"A pensarci troppo, finirai per mettere i bastoni fra le ruote alla tua stessa sopravvivenza."
NPC_MYRLL_PLAYER_37cff9a5-5f21-4604-9626-8b9de925a53b_SCHOLAR,"Pensare oltre la sopravvivenza è un lusso. Assicurati prima l'una, poi l'altro."
NPC_MYRLL_PLAYER_37cff9a5-5f21-4604-9626-8b9de925a53b_STOIC,Pensa meno. Devi sopravvivere.
NPC_MYRLL_PLAYER_3a4d4b1a-16fa-427c-93c9-0bb27dff3edb_HEROIC,"Il tuo cuore è forte, e confido che troverai la strada giusta."
NPC_MYRLL_PLAYER_3a4d4b1a-16fa-427c-93c9-0bb27dff3edb_JOKER,"Con un cuore come il tuo, di solito è la scelta giusta a trovare te."
NPC_MYRLL_PLAYER_3a4d4b1a-16fa-427c-93c9-0bb27dff3edb_SCHOLAR,"Il tuo cuore è retto, e un cuore retto sceglie bene. Non ho timori."
NPC_MYRLL_PLAYER_3a4d4b1a-16fa-427c-93c9-0bb27dff3edb_STOIC,Hai un buon cuore. Sceglierai bene.
NPC_MYRLL_PLAYER_3cc598d6-a7e4-4c74-93c5-eadd744e0ba1_HEROIC,"L'ho fatto volentieri. Il mio scopo è aiutare ogni essere su questa terra, grande o piccolo."
NPC_MYRLL_PLAYER_3cc598d6-a7e4-4c74-93c5-eadd744e0ba1_JOKER,"Figurati. Dare una mano a tutti, grandi e piccoli, tiene lontana la noia."
NPC_MYRLL_PLAYER_3cc598d6-a7e4-4c74-93c5-eadd744e0ba1_SCHOLAR,Prego. Le piccole vite sorreggono il mondo quanto quelle grandi.
NPC_MYRLL_PLAYER_3cc598d6-a7e4-4c74-93c5-eadd744e0ba1_STOIC,"Prego. Cerco di aiutare tutti su questa terra, grandi e piccoli."
NPC_MYRLL_PLAYER_3fc51949-2f9d-4555-9d49-c0f3b25bfc30_HEROIC,Mantieni le distanze. Ti chiamerò se avrò bisogno di te.
NPC_MYRLL_PLAYER_3fc51949-2f9d-4555-9d49-c0f3b25bfc30_JOKER,"Cerca di non starmi sempre intorno. Se servi, ti faccio un fischio."
NPC_MYRLL_PLAYER_3fc51949-2f9d-4555-9d49-c0f3b25bfc30_SCHOLAR,"Resta per conto tuo. Se sorgerà una necessità, la esporrò."
NPC_MYRLL_PLAYER_3fc51949-2f9d-4555-9d49-c0f3b25bfc30_STOIC,Sta' per conto tuo. Ti chiamerò se servi.
NPC_MYRLL_PLAYER_4274128b-15c7-4246-a1c1-40e6b09cfb80_HEROIC,"È fastidioso, ma gli ho permesso di unirsi a noi perché le sue risorse sono preziose."
NPC_MYRLL_PLAYER_4274128b-15c7-4246-a1c1-40e6b09cfb80_JOKER,"È una seccatura, ma una seccatura con lo zaino pieno conviene tenersela."
NPC_MYRLL_PLAYER_4274128b-15c7-4246-a1c1-40e6b09cfb80_SCHOLAR,"Mi logora, ma le sue risorse sono un argomento più convincente delle sue chiacchiere."
NPC_MYRLL_PLAYER_4274128b-15c7-4246-a1c1-40e6b09cfb80_STOIC,È un fastidio. L'ho fatto unire a noi per le sue risorse.
NPC_MYRLL_PLAYER_4286378b-75fd-486d-b88f-860e4df0791d_HEROIC,Molto bene. Raccoglierò creature e risorse senza indugio.
NPC_MYRLL_PLAYER_4286378b-75fd-486d-b88f-860e4df0791d_JOKER,"Bene. Creature e risorse, consegnate prima che ti manchino."
NPC_MYRLL_PLAYER_4286378b-75fd-486d-b88f-860e4df0791d_SCHOLAR,"Inteso. Creature e risorse, non appena sarà possibile raccoglierle."
NPC_MYRLL_PLAYER_4286378b-75fd-486d-b88f-860e4df0791d_STOIC,Bene. Porterò presto creature e risorse.
NPC_MYRLL_PLAYER_47ffb845-f9cf-4165-8c4c-8fe5e21bf9c1_HEROIC,Lo hai visto di persona?
NPC_MYRLL_PLAYER_47ffb845-f9cf-4165-8c4c-8fe5e21bf9c1_JOKER,Sei riuscita a dargli una sbirciata?
NPC_MYRLL_PLAYER_47ffb845-f9cf-4165-8c4c-8fe5e21bf9c1_SCHOLAR,Ti è mai capitato di vederlo con i tuoi stessi occhi?
NPC_MYRLL_PLAYER_47ffb845-f9cf-4165-8c4c-8fe5e21bf9c1_STOIC,L'hai mai visto?
NPC_MYRLL_PLAYER_4c8de235-3ca1-4f26-99c7-419775ff0460_BASE,"Sono felice che tu sia sopravvissuta. Se ti va, ti starò accanto."
NPC_MYRLL_PLAYER_4e451806-dc81-46ad-9bbb-694080bb4c9d_HEROIC,"Restano indisturbati fra gli alberi, intatti da tutto ciò che accade sotto."
NPC_MYRLL_PLAYER_4e451806-dc81-46ad-9bbb-694080bb4c9d_JOKER,Sempre rintanati fra gli alberi. Da sotto non arriva nulla a disturbarli.
NPC_MYRLL_PLAYER_4e451806-dc81-46ad-9bbb-694080bb4c9d_SCHOLAR,"Indisturbati, lassù fra gli alberi. Ciò che accade in basso non arriva a quell'altezza."
NPC_MYRLL_PLAYER_4e451806-dc81-46ad-9bbb-694080bb4c9d_STOIC,Restano indisturbati fra gli alberi. Ciò che accade sotto non li tocca.
NPC_MYRLL_PLAYER_4f419eb5-aae7-4ff0-9fa2-eb53a7d1dbb6_BASE,Di cosa hai parlato con Acorn?
NPC_MYRLL_PLAYER_5237a440-6eef-4cc1-978a-fe432d07c3c7_HEROIC,"Vorrei capire quel tempo, la tua rinascita, se sei disposta a raccontarla."
NPC_MYRLL_PLAYER_5237a440-6eef-4cc1-978a-fe432d07c3c7_JOKER,La tua rinascita promette una bella storia. Ti va di raccontarla?
NPC_MYRLL_PLAYER_5237a440-6eef-4cc1-978a-fe432d07c3c7_SCHOLAR,"La tua rinascita. Vorrei comprenderne il processo, se sei disposta a parlarne."
NPC_MYRLL_PLAYER_5237a440-6eef-4cc1-978a-fe432d07c3c7_STOIC,"Vorrei capire quel periodo, la tua rinascita. Se ti va."
NPC_MYRLL_PLAYER_55a22d2a-3e6a-469d-8a6a-aef12bb53303_BASE,Nella foresta ho incontrato un golem di nome Basilton. Lo conosci?
NPC_MYRLL_PLAYER_58ebbeae-9ce4-41ba-8745-7f2e927d95c2_HEROIC,Mi dispiace. Non ero pronto al peso di questa storia.
NPC_MYRLL_PLAYER_58ebbeae-9ce4-41ba-8745-7f2e927d95c2_JOKER,Mi spiace. Questa storia pesa più di qualunque zaino abbia portato.
NPC_MYRLL_PLAYER_58ebbeae-9ce4-41ba-8745-7f2e927d95c2_SCHOLAR,È una vicenda più profonda di quanto immaginassi. Mi dispiace averlo chiesto con tanta leggerezza.
NPC_MYRLL_PLAYER_58ebbeae-9ce4-41ba-8745-7f2e927d95c2_STOIC,Mi dispiace. È una storia più pesante del previsto.
NPC_MYRLL_PLAYER_58efff34-6e8b-4327-9549-656ca39783bc_HEROIC,«Liberarle». Di' la parola vera: ucciderle.
NPC_MYRLL_PLAYER_58efff34-6e8b-4327-9549-656ca39783bc_JOKER,«Liberarle». Ne ho sentite di parole dolci per una spada.
NPC_MYRLL_PLAYER_58efff34-6e8b-4327-9549-656ca39783bc_SCHOLAR,«Liberare» sta sostenendo un peso notevole in quella frase. Intendi uccidere.
NPC_MYRLL_PLAYER_58efff34-6e8b-4327-9549-656ca39783bc_STOIC,Liberarle. Intendi ucciderle.
NPC_MYRLL_PLAYER_5acb92ac-1ef1-4bc8-8726-cf94e894cc38_BASE,"""Ho ucciso il Re della Foresta"""
NPC_MYRLL_PLAYER_5c39fe4e-766d-4862-96cd-8591df663422_HEROIC,Di' una parola e andrò di persona ad assicurarmi che siano al sicuro.
NPC_MYRLL_PLAYER_5c39fe4e-766d-4862-96cd-8591df663422_JOKER,"Vado volentieri a dare un'occhiata, basta dirlo."
NPC_MYRLL_PLAYER_5c39fe4e-766d-4862-96cd-8591df663422_SCHOLAR,"Posso verificare le loro condizioni, se saperle ti darebbe sollievo."
NPC_MYRLL_PLAYER_5c39fe4e-766d-4862-96cd-8591df663422_STOIC,"Posso controllare come stanno, se vuoi."
NPC_MYRLL_PLAYER_5efc3c7a-f193-4d9c-9931-c0c801a94941_HEROIC,Sei la prima Driade a mostrare moderazione.
NPC_MYRLL_PLAYER_5efc3c7a-f193-4d9c-9931-c0c801a94941_JOKER,Questa è nuova. Una Driade che non prova a farmi a pezzi.
NPC_MYRLL_PLAYER_5efc3c7a-f193-4d9c-9931-c0c801a94941_SCHOLAR,Ogni Driade incontrata finora mi ha attaccato a vista. Tu sei l'eccezione.
NPC_MYRLL_PLAYER_5efc3c7a-f193-4d9c-9931-c0c801a94941_STOIC,Sei la prima Driade che non mi attacca.
NPC_MYRLL_PLAYER_5fb3fc32-a5f8-4ac9-9688-11b0650b8213_HEROIC,"Tornerò presto nella foresta, se occorre. Esponi la tua richiesta con chiarezza e rapidità."
NPC_MYRLL_PLAYER_5fb3fc32-a5f8-4ac9-9688-11b0650b8213_JOKER,"Se la foresta chiama, potrei rispondere. Fai la tua richiesta in fretta, prima che svanisca."
NPC_MYRLL_PLAYER_5fb3fc32-a5f8-4ac9-9688-11b0650b8213_SCHOLAR,"Potrei passare presto per la foresta. I dettagli, rapidamente, finché posso intervenire."
NPC_MYRLL_PLAYER_5fb3fc32-a5f8-4ac9-9688-11b0650b8213_STOIC,Potrei tornare presto nella foresta. Dimmi i dettagli della richiesta. In fretta.
NPC_MYRLL_PLAYER_5fddfc85-a0be-4282-9e00-7989665c22a4_BASE,È stato un onore. Spero un giorno di essere fra gli eletti del tuo cuore.
NPC_MYRLL_PLAYER_654c0e52-4890-4bca-8674-531337e1793c_HEROIC,È venuto per avviarti sulla loro strada.
NPC_MYRLL_PLAYER_654c0e52-4890-4bca-8674-531337e1793c_JOKER,È spuntato per rimetterti sulla tua strada.
NPC_MYRLL_PLAYER_654c0e52-4890-4bca-8674-531337e1793c_SCHOLAR,"Allora è venuto con uno scopo, e quello scopo era il tuo cammino."
NPC_MYRLL_PLAYER_654c0e52-4890-4bca-8674-531337e1793c_STOIC,È venuto a guidarti lungo il tuo cammino.
NPC_MYRLL_PLAYER_6a1d6267-9fb9-4297-9556-6477ea6222d5_HEROIC,"A dire il vero, non posso esserne certo."
NPC_MYRLL_PLAYER_6a1d6267-9fb9-4297-9556-6477ea6222d5_JOKER,"Non ne ho idea, e ho smesso di fingere il contrario."
NPC_MYRLL_PLAYER_6a1d6267-9fb9-4297-9556-6477ea6222d5_SCHOLAR,"Non ne sono certo, e preferisco ammetterlo."
NPC_MYRLL_PLAYER_6a1d6267-9fb9-4297-9556-6477ea6222d5_STOIC,"In verità, non lo so."
NPC_MYRLL_PLAYER_6da20170-cdb6-4b58-b62a-d983b18f0fd3_HEROIC,Ho soltanto abbattuto un'altra bestia corrotta. Ne abbatterò molte altre. Non occorre gratitudine.
NPC_MYRLL_PLAYER_6da20170-cdb6-4b58-b62a-d983b18f0fd3_JOKER,Solo un'altra bestia corrotta in meno. Ne restano parecchie. Niente applausi.
NPC_MYRLL_PLAYER_6da20170-cdb6-4b58-b62a-d983b18f0fd3_SCHOLAR,"Un'altra bestia corrotta, nulla più. Ne seguiranno altre. Risparmia i ringraziamenti."
NPC_MYRLL_PLAYER_6da20170-cdb6-4b58-b62a-d983b18f0fd3_STOIC,Ho solo ucciso un'altra bestia corrotta. Ne ucciderò molte altre. Non servono ringraziamenti.
NPC_MYRLL_PLAYER_707af021-b76f-4767-86ed-58d492e3d6af_HEROIC,"È debole, e la foresta lo respinge. Una tale sorte non sorprende."
NPC_MYRLL_PLAYER_707af021-b76f-4767-86ed-58d492e3d6af_JOKER,"Se la foresta lo ritiene debole, non stupisce che gli indichi la porta."
NPC_MYRLL_PLAYER_707af021-b76f-4767-86ed-58d492e3d6af_SCHOLAR,"È debole, dunque il rifiuto della foresta ne è la conseguenza."
NPC_MYRLL_PLAYER_707af021-b76f-4767-86ed-58d492e3d6af_STOIC,È debole. Non sorprende che la foresta lo respinga.
NPC_MYRLL_PLAYER_741cb4a8-2a6b-47f9-a7e0-b6e1e628f247_HEROIC,"Riassumi con chiarezza, così che possa proseguire."
NPC_MYRLL_PLAYER_741cb4a8-2a6b-47f9-a7e0-b6e1e628f247_JOKER,"Fammi la versione corta, così posso darmi da fare."
NPC_MYRLL_PLAYER_741cb4a8-2a6b-47f9-a7e0-b6e1e628f247_SCHOLAR,Basterà una sintesi. Mantieni gli elementi essenziali.
NPC_MYRLL_PLAYER_741cb4a8-2a6b-47f9-a7e0-b6e1e628f247_STOIC,"Riassumi, così posso proseguire."
NPC_MYRLL_PLAYER_764e4486-560e-4e46-ba9b-626e7cf9df20_BASE,Eri troppo bella per non aiutarti.
NPC_MYRLL_PLAYER_765c9cfb-5b07-45fd-93ec-e8eaeb3e4194_HEROIC,È stata dunque la sua rabbia ad aprire la strada alla corruzione che lo ha abbattuto?
NPC_MYRLL_PLAYER_765c9cfb-5b07-45fd-93ec-e8eaeb3e4194_JOKER,Quindi tutta quella rabbia ha tenuto aperto il portone alla corruzione?
NPC_MYRLL_PLAYER_765c9cfb-5b07-45fd-93ec-e8eaeb3e4194_SCHOLAR,"La rabbia ha dunque aperto la porta, e la corruzione l'ha varcata?"
NPC_MYRLL_PLAYER_765c9cfb-5b07-45fd-93ec-e8eaeb3e4194_STOIC,La rabbia lo ha reso vulnerabile alla corruzione?
NPC_MYRLL_PLAYER_79227f23-6656-4315-91ba-38930e005a4f_HEROIC,"Certo, Myrll. I tuoi bisogni non sono mai un peso per me."
NPC_MYRLL_PLAYER_79227f23-6656-4315-91ba-38930e005a4f_JOKER,"Certo, Myrll. Per te, guarda caso, si è liberata tutta l'agenda."
NPC_MYRLL_PLAYER_79227f23-6656-4315-91ba-38930e005a4f_SCHOLAR,"Certo, Myrll. Qualunque sia la questione, ha la mia attenzione."
NPC_MYRLL_PLAYER_79227f23-6656-4315-91ba-38930e005a4f_STOIC,"Certo, Myrll. Ho sempre tempo per te."
NPC_MYRLL_PLAYER_7941ab9f-7405-4709-84dc-9c46b94e441a_BASE,Esci
NPC_MYRLL_PLAYER_7afc3d0d-5b02-464e-9bc7-ac922364d92d_HEROIC,Sono lieto di aver prestato la mia forza. Ora la foresta guarirà.
NPC_MYRLL_PLAYER_7afc3d0d-5b02-464e-9bc7-ac922364d92d_JOKER,Felice di aver aiutato. Per questo la foresta mi deve una bella primavera.
NPC_MYRLL_PLAYER_7afc3d0d-5b02-464e-9bc7-ac922364d92d_SCHOLAR,Sono lieto che sia compiuto. Ora la foresta può ricucire le proprie ferite.
NPC_MYRLL_PLAYER_7afc3d0d-5b02-464e-9bc7-ac922364d92d_STOIC,Felice di aver aiutato. Ora la foresta può guarire.
NPC_MYRLL_PLAYER_7c5bfb64-0e23-4a5e-95aa-89d1d8c310be_BASE,Hai qualcosa in mente?
NPC_MYRLL_PLAYER_7f65c038-bd56-4d66-b4c6-7fb7581b514a_HEROIC,"Un lavoro vano. La corruzione li prenderà tutti, presto."
NPC_MYRLL_PLAYER_7f65c038-bd56-4d66-b4c6-7fb7581b514a_JOKER,"Una gentilezza sprecata. La corruzione si mangerà anche quella, insieme al resto."
NPC_MYRLL_PLAYER_7f65c038-bd56-4d66-b4c6-7fb7581b514a_SCHOLAR,Un cattivo investimento di tempo. La corruzione supererà qualunque aiuto possiamo inviare.
NPC_MYRLL_PLAYER_7f65c038-bd56-4d66-b4c6-7fb7581b514a_STOIC,"Sembra tempo sprecato. La corruzione li prenderà tutti, presto."
NPC_MYRLL_PLAYER_85e0b203-787f-49e9-9850-32eabcea1307_HEROIC,"È vero, la sua bontà risplende. La foresta gli rende onore in cambio?"
NPC_MYRLL_PLAYER_85e0b203-787f-49e9-9850-32eabcea1307_JOKER,"Vero, è buono come il pane. Chissà se la foresta sa che fortuna ha avuto."
NPC_MYRLL_PLAYER_85e0b203-787f-49e9-9850-32eabcea1307_SCHOLAR,È chiaramente benevolo. La foresta lo ricambia?
NPC_MYRLL_PLAYER_85e0b203-787f-49e9-9850-32eabcea1307_STOIC,"È vero, è molto buono. Come lo tratta la foresta?"
NPC_MYRLL_PLAYER_861ab7cb-ee41-4cfd-a736-879a6c941b92_BASE,"Riposa, mia cara Myrll. Non voglio vedere soffrire così qualcuno a cui tengo."
NPC_MYRLL_PLAYER_898d96c2-33d7-454d-b2d1-088e9cf61584_HEROIC,Una sagoma fra i rami sembra più un inganno della mente che qualcosa di reale.
NPC_MYRLL_PLAYER_898d96c2-33d7-454d-b2d1-088e9cf61584_JOKER,Una figura che fruscia fra le foglie. Ci sono tutti gli ingredienti per un gran sogno a occhi aperti.
NPC_MYRLL_PLAYER_898d96c2-33d7-454d-b2d1-088e9cf61584_SCHOLAR,"Una figura fra gli alberi, vista una sola volta, da sola? La mente crea di peggio con meno."
NPC_MYRLL_PLAYER_898d96c2-33d7-454d-b2d1-088e9cf61584_STOIC,Una forma fra gli alberi. Sembra un'allucinazione.
NPC_MYRLL_PLAYER_8b42a3e0-20f5-4d3f-b815-07691d0317c4_HEROIC,"Non lo sai mai davvero. Scegli, e resti fedele alla tua scelta."
NPC_MYRLL_PLAYER_8b42a3e0-20f5-4d3f-b815-07691d0317c4_JOKER,"Beh, tiri i dadi e speri di sbagliare meno del solito."
NPC_MYRLL_PLAYER_8b42a3e0-20f5-4d3f-b815-07691d0317c4_SCHOLAR,Non lo sai mai con certezza. Valuti ciò che hai a disposizione e scegli.
NPC_MYRLL_PLAYER_8b42a3e0-20f5-4d3f-b815-07691d0317c4_STOIC,Non lo sai mai davvero. Fai la tua migliore ipotesi.
NPC_MYRLL_PLAYER_8e2f57aa-f8ae-49a9-8833-fefdefcbe766_HEROIC,"Lascia andare il passato, Myrll. Lasciati quel luogo alle spalle e non tornarci più."
NPC_MYRLL_PLAYER_8e2f57aa-f8ae-49a9-8833-fefdefcbe766_JOKER,"Seppellisci il passato, Myrll. Quel posto si è già preso abbastanza dei tuoi anni."
NPC_MYRLL_PLAYER_8e2f57aa-f8ae-49a9-8833-fefdefcbe766_SCHOLAR,"Lascia che svanisca, Myrll. Quel luogo non custodisce più nulla che ti serva."
NPC_MYRLL_PLAYER_8e2f57aa-f8ae-49a9-8833-fefdefcbe766_STOIC,"Lascia morire il passato, Myrll. Dimentica quel posto. Non tornarci."
NPC_MYRLL_PLAYER_8fc1fecb-80f2-4d1e-976f-d7f506a42201_HEROIC,Sembri stanca. Forse hai bisogno di riposo. Stai bene?
NPC_MYRLL_PLAYER_8fc1fecb-80f2-4d1e-976f-d7f506a42201_JOKER,Sembri sul punto di crollare. Ti prendo al volo o vado a cercare una sedia?
NPC_MYRLL_PLAYER_8fc1fecb-80f2-4d1e-976f-d7f506a42201_SCHOLAR,"Stai bene? Spossatezza, o qualcosa di più grave?"
NPC_MYRLL_PLAYER_8fc1fecb-80f2-4d1e-976f-d7f506a42201_STOIC,Sembri aver bisogno di riposo. Stai bene?
NPC_MYRLL_PLAYER_90f3a632-fc35-4b8c-aa4e-a6024b5407d0_HEROIC,"Mi sembra distante, come tendono a essere tutti gli dèi."
NPC_MYRLL_PLAYER_90f3a632-fc35-4b8c-aa4e-a6024b5407d0_JOKER,È presente quanto qualunque dio. Cioè per niente.
NPC_MYRLL_PLAYER_90f3a632-fc35-4b8c-aa4e-a6024b5407d0_SCHOLAR,Sembra assente quanto ogni altra divinità di cui si abbia notizia.
NPC_MYRLL_PLAYER_90f3a632-fc35-4b8c-aa4e-a6024b5407d0_STOIC,"Sembra assente, come tutti gli dèi."
NPC_MYRLL_PLAYER_9182d890-2211-410c-82e5-652359c19ed5_HEROIC,"Distruggerò il cuore. Non per te, ma per ciò che sta facendo alla foresta."
NPC_MYRLL_PLAYER_9182d890-2211-410c-82e5-652359c19ed5_JOKER,Distruggerò il cuore. Non prenderla sul personale: l'avrei fatto anche senza di te.
NPC_MYRLL_PLAYER_9182d890-2211-410c-82e5-652359c19ed5_SCHOLAR,Lo distruggerò. La minaccia è ciò che diffonde; le tue sorelle sono un elemento secondario.
NPC_MYRLL_PLAYER_9182d890-2211-410c-82e5-652359c19ed5_STOIC,Lo distruggerò. Non per te.
NPC_MYRLL_PLAYER_91852244-ad2f-4897-974c-8fd59450227a_HEROIC,"Capisco la loro ragione, ma in tutto il tempo passato in questa foresta non ho visto un altro golem."
NPC_MYRLL_PLAYER_91852244-ad2f-4897-974c-8fd59450227a_JOKER,"Capisco cosa intendono, ma questa foresta non è proprio affollata di golem, no?"
NPC_MYRLL_PLAYER_91852244-ad2f-4897-974c-8fd59450227a_SCHOLAR,"Comprendo la loro posizione. In tutti i miei viaggi qui, lui è l'unico golem che abbia visto."
NPC_MYRLL_PLAYER_91852244-ad2f-4897-974c-8fd59450227a_STOIC,Capisco il loro punto. Mai visto un altro golem in questa foresta.
NPC_MYRLL_PLAYER_96dd2d92-dec6-4990-a33c-e484a18a7c1e_HEROIC,Non lasciare che la corruzione ti spezzi lo spirito. Resta salda e non cedere alla paura.
NPC_MYRLL_PLAYER_96dd2d92-dec6-4990-a33c-e484a18a7c1e_JOKER,Non lasciare che la corruzione ti entri sotto pelle. Fa' finta che la paura sia roba da altri.
NPC_MYRLL_PLAYER_96dd2d92-dec6-4990-a33c-e484a18a7c1e_SCHOLAR,Non lasciare che la corruzione ti raggiunga. La paura è la fessura da cui entra.
NPC_MYRLL_PLAYER_96dd2d92-dec6-4990-a33c-e484a18a7c1e_STOIC,Non lasciare che la corruzione ti danneggi. Resta salda. Non temere.
NPC_MYRLL_PLAYER_982f7284-86d1-4bab-ab3e-0a1dbdf0cbdb_HEROIC,"L'ho fatto perché mi fossi debitrice. Servimi, e resteranno protetti."
NPC_MYRLL_PLAYER_982f7284-86d1-4bab-ab3e-0a1dbdf0cbdb_JOKER,"L'ho fatto per metterti in debito. Tu continui a servirmi, loro continuano a respirare."
NPC_MYRLL_PLAYER_982f7284-86d1-4bab-ab3e-0a1dbdf0cbdb_SCHOLAR,"Ora sei in debito con me. Servimi bene, e la loro protezione continuerà."
NPC_MYRLL_PLAYER_982f7284-86d1-4bab-ab3e-0a1dbdf0cbdb_STOIC,"L'ho fatto per metterti in debito. Servimi, e resteranno protetti."
NPC_MYRLL_PLAYER_9a4d1960-6bf4-4592-9184-cf0c0e5e4b1e_HEROIC,Sono forti: perseverano nelle difficoltà per costruire e mantenere la loro casa.
NPC_MYRLL_PLAYER_9a4d1960-6bf4-4592-9184-cf0c0e5e4b1e_JOKER,"Forti come sempre, ancora al lavoro per tenere in piedi casa, qualunque cosa succeda."
NPC_MYRLL_PLAYER_9a4d1960-6bf4-4592-9184-cf0c0e5e4b1e_SCHOLAR,"Sono forti, tutti. La loro casa continua a crescere, nonostante ogni circostanza contraria."
NPC_MYRLL_PLAYER_9a4d1960-6bf4-4592-9184-cf0c0e5e4b1e_STOIC,"Sono forti. Faticano per sopravvivere, costruendo e mantenendo la loro casa."
NPC_MYRLL_PLAYER_9b7c0666-4a39-44b0-95c6-e58b8a2856cb_HEROIC,La magia degli Antichi mi ha segnato durante lo scontro fra Faustas e Sylbos.
NPC_MYRLL_PLAYER_9b7c0666-4a39-44b0-95c6-e58b8a2856cb_JOKER,"Quando Faustas e Sylbos si sono azzuffati, è schizzata un po' di magia degli Antichi. Io ero lì vicino."
NPC_MYRLL_PLAYER_9b7c0666-4a39-44b0-95c6-e58b8a2856cb_SCHOLAR,"Durante lo scontro fra Faustas e Sylbos, parte della magia degli Antichi si è depositata in me."
NPC_MYRLL_PLAYER_9b7c0666-4a39-44b0-95c6-e58b8a2856cb_STOIC,La magia degli Antichi mi ha toccato quando Faustas e Sylbos hanno combattuto.
NPC_MYRLL_PLAYER_9caacb99-8012-4aec-8416-eddd2207407e_HEROIC,"Se questo le libera, lo farò. Dimmi cosa accadrà loro dopo."
NPC_MYRLL_PLAYER_9caacb99-8012-4aec-8416-eddd2207407e_JOKER,"Se le libera, va bene. Le driadi liberate cosa fanno, di preciso? Crescono?"
NPC_MYRLL_PLAYER_9caacb99-8012-4aec-8416-eddd2207407e_SCHOLAR,"Se distruggerlo le libera, lo farò. Che cosa significa «libera» per una driade?"
NPC_MYRLL_PLAYER_9caacb99-8012-4aec-8416-eddd2207407e_STOIC,"Se le libera, lo farò. Cosa ne sarà di loro?"
NPC_MYRLL_PLAYER_9d2f7a1c-4e6b-8a3f-5c0d-1b7e9a4c2f6d_BASE,Ho verificato tutte le voci.
NPC_MYRLL_PLAYER_9f37cace-7eba-46a5-928c-f1a264228943_BASE,"Ora puoi percorrere la tua strada, Myrll. Spero che corra accanto alla mia."
NPC_MYRLL_PLAYER_a04df02c-1dc6-4cc7-a40a-5a689186cf7e_HEROIC,Cosa le ha spinte ad attaccarti?
NPC_MYRLL_PLAYER_a04df02c-1dc6-4cc7-a40a-5a689186cf7e_JOKER,Pensavano davvero di risolvere tutto attaccandoti?
NPC_MYRLL_PLAYER_a04df02c-1dc6-4cc7-a40a-5a689186cf7e_SCHOLAR,Che cosa ha provocato il loro attacco contro di te?
NPC_MYRLL_PLAYER_a04df02c-1dc6-4cc7-a40a-5a689186cf7e_STOIC,Perché ti hanno attaccata?
NPC_MYRLL_PLAYER_a1e14243-d807-4448-a5ec-c74d2a8b4101_BASE,Qual è la sua volontà?
NPC_MYRLL_PLAYER_a213caa9-1718-4ffa-98be-7d7bc21607fd_BASE,Perché si abbattevano gli alberi?
NPC_MYRLL_PLAYER_a25b44c8-aacd-4899-96a3-6820dcba9f8b_HEROIC,La pietra non è una foresta. Riuscirai a sopportarlo?
NPC_MYRLL_PLAYER_a25b44c8-aacd-4899-96a3-6820dcba9f8b_JOKER,"Tutta roccia, niente chiome. Pensi di cavartela?"
NPC_MYRLL_PLAYER_a25b44c8-aacd-4899-96a3-6820dcba9f8b_SCHOLAR,La pietra non respira come una foresta. Potrai adattarti?
NPC_MYRLL_PLAYER_a25b44c8-aacd-4899-96a3-6820dcba9f8b_STOIC,La pietra non è una foresta. Puoi farcela?
NPC_MYRLL_PLAYER_a29429ca-072b-4352-b56d-56f7fe65625b_BASE,Cosa pensi di Befr?
NPC_MYRLL_PLAYER_a2c75f9c-6f31-47e9-923e-ceb6e1f83975_BASE,Ti trovi bene in questo angolo?
NPC_MYRLL_PLAYER_a308a58d-12bc-4c4d-88c7-57832b332121_BASE,Dove posso trovarti quando serve?
NPC_MYRLL_PLAYER_a32068cb-dcc7-4d3d-a7ad-8b6ba90b5f65_HEROIC,"Non ho il tuo dono con gli animali, ma mi prenderò cura di loro per te."
NPC_MYRLL_PLAYER_a32068cb-dcc7-4d3d-a7ad-8b6ba90b5f65_JOKER,"Non parlo correntemente l'animalesco, ma andrò a dare un'occhiata."
NPC_MYRLL_PLAYER_a32068cb-dcc7-4d3d-a7ad-8b6ba90b5f65_SCHOLAR,Non so parlare agli animali come te. Giudicherò da ciò che osservo.
NPC_MYRLL_PLAYER_a32068cb-dcc7-4d3d-a7ad-8b6ba90b5f65_STOIC,Non parlo agli animali come te. Ma controllerò come stanno.
NPC_MYRLL_PLAYER_a40f4a28-1091-4674-ab1c-b36af02ccdd8_HEROIC,"Il Santuario, su una montagna nascosta. I Varchi lo raggiungono, e ti darò il potere di usarli."
NPC_MYRLL_PLAYER_a40f4a28-1091-4674-ab1c-b36af02ccdd8_JOKER,"Una montagna introvabile, chiamata Santuario. I Varchi sanno la strada, e io gli insegnerò il tuo nome."
NPC_MYRLL_PLAYER_a40f4a28-1091-4674-ab1c-b36af02ccdd8_SCHOLAR,Un altopiano celato da un'antica magia: il Santuario. I Varchi lo raggiungono; posso sintonizzarti.
NPC_MYRLL_PLAYER_a40f4a28-1091-4674-ab1c-b36af02ccdd8_STOIC,Il Santuario. Una montagna nascosta. I Varchi ci arrivano. Condividerò il potere.
NPC_MYRLL_PLAYER_a5e2676a-e03e-4f7d-a59a-25a6a519c731_HEROIC,"Gli ingressi delle tane erano bloccati, ma ho provveduto a liberarli."
NPC_MYRLL_PLAYER_a5e2676a-e03e-4f7d-a59a-25a6a519c731_JOKER,Le porte delle tane erano bloccate. Io e gli ostacoli abbiamo discusso. Ho vinto io.
NPC_MYRLL_PLAYER_a5e2676a-e03e-4f7d-a59a-25a6a519c731_SCHOLAR,La maggior parte degli imbocchi delle tane era ostruita. Ho liberato tutti quelli che ho trovato.
NPC_MYRLL_PLAYER_a5e2676a-e03e-4f7d-a59a-25a6a519c731_STOIC,Molti ingressi delle tane erano bloccati. Ho rimosso gli ostacoli.
NPC_MYRLL_PLAYER_a687cf54-ace6-4b9c-9630-265f4f62730c_HEROIC,"Descrivimi ciò che accade nella foresta, così potrò intervenire dove serve."
NPC_MYRLL_PLAYER_a687cf54-ace6-4b9c-9630-265f4f62730c_JOKER,"Quale curiosa faccenda bolle in pentola nella foresta, stavolta?"
NPC_MYRLL_PLAYER_a687cf54-ace6-4b9c-9630-265f4f62730c_SCHOLAR,Che cosa sta accadendo esattamente nella foresta? Non omettere alcun dettaglio.
NPC_MYRLL_PLAYER_a687cf54-ace6-4b9c-9630-265f4f62730c_STOIC,Dimmi di più su cosa succede nella foresta.
NPC_MYRLL_PLAYER_a6e228bc-0ba6-41d9-b326-26ae486fb12a_HEROIC,Questa debolezza è uno scudo contro la corruzione. Tornerò quando sarai pronta.
NPC_MYRLL_PLAYER_a6e228bc-0ba6-41d9-b326-26ae486fb12a_JOKER,Questa debolezza tiene a bada la corruzione. Ripasso quando te la senti.
NPC_MYRLL_PLAYER_a6e228bc-0ba6-41d9-b326-26ae486fb12a_SCHOLAR,Dunque è la debolezza a costituire lo scudo. Tornerò quando sarai pronta.
NPC_MYRLL_PLAYER_a6e228bc-0ba6-41d9-b326-26ae486fb12a_STOIC,Questa debolezza fermerà la corruzione. Tornerò quando sarai pronta.
NPC_MYRLL_PLAYER_a7b25552-35d0-4f18-a1f3-c523cedc0250_HEROIC,Ha colpito senza ragione. Ho messo fine allo scontro in fretta.
NPC_MYRLL_PLAYER_a7b25552-35d0-4f18-a1f3-c523cedc0250_JOKER,Si è buttato avanti senza pensarci troppo. Ho fatto in modo che si fermasse.
NPC_MYRLL_PLAYER_a7b25552-35d0-4f18-a1f3-c523cedc0250_SCHOLAR,"Ha attaccato senza riflettere, perciò non è servito riflettere per finirlo."
NPC_MYRLL_PLAYER_a7b25552-35d0-4f18-a1f3-c523cedc0250_STOIC,Mi ha attaccato senza pensare. L'ho abbattuto.
NPC_MYRLL_PLAYER_a89bd3a5-2da4-490e-895e-2fe61e57d787_HEROIC,Hai fatto tutto ciò che serviva. Ora riposa.
NPC_MYRLL_PLAYER_a89bd3a5-2da4-490e-895e-2fe61e57d787_JOKER,Hai fatto la tua parte. Ora puoi mettere i piedi in alto.
NPC_MYRLL_PLAYER_a89bd3a5-2da4-490e-895e-2fe61e57d787_SCHOLAR,"È sufficiente, sotto ogni aspetto. Ora riposa."
NPC_MYRLL_PLAYER_a89bd3a5-2da4-490e-895e-2fe61e57d787_STOIC,Basta così. Riposa.
NPC_MYRLL_PLAYER_a9400091-75b3-4c11-909a-206a59afc469_HEROIC,Sembra proprio da Befr. Anch'io mi trovo spesso senza parole.
NPC_MYRLL_PLAYER_a9400091-75b3-4c11-909a-206a59afc469_JOKER,Proprio da Befr. Lascia a corto di parole anche me.
NPC_MYRLL_PLAYER_a9400091-75b3-4c11-909a-206a59afc469_SCHOLAR,È proprio da Befr. Quasi sempre le sue parole precedono ogni mia possibile risposta.
NPC_MYRLL_PLAYER_a9400091-75b3-4c11-909a-206a59afc469_STOIC,"Proprio da Befr. Anch'io, di solito, non ho nulla da aggiungere."
NPC_MYRLL_PLAYER_afeb0c5c-71b5-4399-b1eb-19e864ec2ce2_BASE,"Cosa offre, e a chi?"
NPC_MYRLL_PLAYER_b21f45c5-5d7c-4493-b546-83b9bd0f373d_HEROIC,Siamo ancora legati agli dèi. Osserva e ascolta: ti risponderanno.
NPC_MYRLL_PLAYER_b21f45c5-5d7c-4493-b546-83b9bd0f373d_JOKER,Gli dèi parlano ancora. Siamo noi che ascoltiamo male.
NPC_MYRLL_PLAYER_b21f45c5-5d7c-4493-b546-83b9bd0f373d_SCHOLAR,Gli dèi cercano ancora di raggiungerci. I più semplicemente non imparano a notarlo.
NPC_MYRLL_PLAYER_b21f45c5-5d7c-4493-b546-83b9bd0f373d_STOIC,Siamo ancora legati agli dèi. Osserva e ascolta meglio.
NPC_MYRLL_PLAYER_b4440c5c-ffb7-4a77-8f3e-8d3000ef7f7b_HEROIC,Scelgo il mio cammino con le mie mani.
NPC_MYRLL_PLAYER_b4440c5c-ffb7-4a77-8f3e-8d3000ef7f7b_JOKER,"I miei modi sono miei, e non sono in vendita."
NPC_MYRLL_PLAYER_b4440c5c-ffb7-4a77-8f3e-8d3000ef7f7b_SCHOLAR,"I miei modi appartengono a me. Le ragioni, altrettanto."
NPC_MYRLL_PLAYER_b4440c5c-ffb7-4a77-8f3e-8d3000ef7f7b_STOIC,I miei modi sono miei.
NPC_MYRLL_PLAYER_b6b13f36-b03b-4a3e-a830-765f59ee6a18_HEROIC,"Allora vieni con me. Non è un boschetto, ma lì nulla ti darà la caccia."
NPC_MYRLL_PLAYER_b6b13f36-b03b-4a3e-a830-765f59ee6a18_JOKER,"Allora vieni con me. Meno alberi, meno lupi. A conti fatti, un miglioramento."
NPC_MYRLL_PLAYER_b6b13f36-b03b-4a3e-a830-765f59ee6a18_SCHOLAR,"Allora vieni con me. Non è un boschetto, ma è fuori dalla portata della foresta."
NPC_MYRLL_PLAYER_b6b13f36-b03b-4a3e-a830-765f59ee6a18_STOIC,"Allora vieni con me. Niente boschetto, ma è sicuro."
NPC_MYRLL_PLAYER_b6d7b813-c774-42ca-acb7-df524776fdfb_BASE,C'è un modo per impedire che altri si corrompano?
NPC_MYRLL_PLAYER_b7740310-ad95-44a5-8cad-b1eaef883808_BASE,Parlami dell'illusione dei nidi.
NPC_MYRLL_PLAYER_b83c2c01-cb52-4a80-83a3-f1c91e537a27_HEROIC,Sistemati e riposa tranquilla. Ci incontreremo lì.
NPC_MYRLL_PLAYER_b83c2c01-cb52-4a80-83a3-f1c91e537a27_JOKER,Trovati il posto migliore. Ti raggiungo lì.
NPC_MYRLL_PLAYER_b83c2c01-cb52-4a80-83a3-f1c91e537a27_SCHOLAR,Sistemati dove preferisci. Ti troverò lì.
NPC_MYRLL_PLAYER_b83c2c01-cb52-4a80-83a3-f1c91e537a27_STOIC,Mettiti comoda. Ci vediamo lì.
NPC_MYRLL_PLAYER_b932e9b3-14d8-4782-bc35-64c8958d13ef_HEROIC,Il suo riserbo mi pesa. Vorrei che parlasse più apertamente.
NPC_MYRLL_PLAYER_b932e9b3-14d8-4782-bc35-64c8958d13ef_JOKER,"Tutta questa scena del misterioso stanca in fretta. Gli costerebbe tanto parlare chiaro, per una volta?"
NPC_MYRLL_PLAYER_b932e9b3-14d8-4782-bc35-64c8958d13ef_SCHOLAR,I suoi enigmi cominciano a logorarmi. Una frase esplicita non gli costerebbe nulla.
NPC_MYRLL_PLAYER_b932e9b3-14d8-4782-bc35-64c8958d13ef_STOIC,Il suo mistero è un peso. Vorrei che parlasse chiaro.
NPC_MYRLL_PLAYER_ba6a12e4-e43f-480b-86fb-cd2f0a1900ee_HEROIC,Mantieni la pace qui. Il Santuario non deve essere turbato.
NPC_MYRLL_PLAYER_ba6a12e4-e43f-480b-86fb-cd2f0a1900ee_JOKER,Cerca di non scuotere il Santuario. Si scuote facilmente.
NPC_MYRLL_PLAYER_ba6a12e4-e43f-480b-86fb-cd2f0a1900ee_SCHOLAR,Muoviti con discrezione. Il Santuario ha un proprio equilibrio: non alterarlo.
NPC_MYRLL_PLAYER_ba6a12e4-e43f-480b-86fb-cd2f0a1900ee_STOIC,Sta' per conto tuo. Non turbare il Santuario.
NPC_MYRLL_PLAYER_bde838fe-1105-4d4d-a7e4-062f84d15a7a_HEROIC,Non lasciare che il passato abbia potere su di te.
NPC_MYRLL_PLAYER_bde838fe-1105-4d4d-a7e4-062f84d15a7a_JOKER,Inutile lasciare che i vecchi fantasmi ti mettano i piedi in testa.
NPC_MYRLL_PLAYER_bde838fe-1105-4d4d-a7e4-062f84d15a7a_SCHOLAR,Il passato non ha più alcun diritto su di te.
NPC_MYRLL_PLAYER_bde838fe-1105-4d4d-a7e4-062f84d15a7a_STOIC,Il passato non deve condizionarti.
NPC_MYRLL_PLAYER_bf779ad2-e854-4103-be91-b1f69a47d253_BASE,Ho incontrato un Treant sopraffatto dalla Corruzione. Cosa ne sai?
NPC_MYRLL_PLAYER_c2c8962c-3f46-4ff8-936d-0623d59fe628_HEROIC,Non dovresti piangere una creatura caduta così in basso.
NPC_MYRLL_PLAYER_c2c8962c-3f46-4ff8-936d-0623d59fe628_JOKER,Non serve piangere una creatura che ha fatto un capitombolo del genere.
NPC_MYRLL_PLAYER_c2c8962c-3f46-4ff8-936d-0623d59fe628_SCHOLAR,La sua caduta è troppo profonda per meritare il lutto.
NPC_MYRLL_PLAYER_c2c8962c-3f46-4ff8-936d-0623d59fe628_STOIC,Non dovresti piangere una creatura tanto decaduta.
NPC_MYRLL_PLAYER_c30533a8-fb0c-4d55-bb46-e9b134c4cb30_HEROIC,Una lite fra driadi. Dimmi perché dovrebbe riguardarmi.
NPC_MYRLL_PLAYER_c30533a8-fb0c-4d55-bb46-e9b134c4cb30_JOKER,Una lite di famiglia con dentro dei lupi. Perché il guinzaglio devo tenerlo io?
NPC_MYRLL_PLAYER_c30533a8-fb0c-4d55-bb46-e9b134c4cb30_SCHOLAR,Le sorelle litigano; la foresta prende posizione. Perché dovrebbe interessare a un estraneo?
NPC_MYRLL_PLAYER_c30533a8-fb0c-4d55-bb46-e9b134c4cb30_STOIC,Una lite fra driadi. Perché mi riguarda?
NPC_MYRLL_PLAYER_c30ee3eb-d804-4d05-b21b-25356c07aace_HEROIC,Ricordare ti porta dolore o forza?
NPC_MYRLL_PLAYER_c30ee3eb-d804-4d05-b21b-25356c07aace_JOKER,"Ricordare brucia ancora, o il tempo ha smussato gli spigoli?"
NPC_MYRLL_PLAYER_c30ee3eb-d804-4d05-b21b-25356c07aace_SCHOLAR,"Quando ricordi, provi dolore o qualcos'altro?"
NPC_MYRLL_PLAYER_c30ee3eb-d804-4d05-b21b-25356c07aace_STOIC,Ricordarlo ti rattrista?
NPC_MYRLL_PLAYER_c34fa341-15b2-40e1-97f6-f1788750b112_BASE,Dimmi di più sul marciume della corruzione.
NPC_MYRLL_PLAYER_c3af2cb6-90f5-480d-ab0c-d1a660ee46bb_HEROIC,Dimmi chiaramente cosa puoi fare per noi.
NPC_MYRLL_PLAYER_c3af2cb6-90f5-480d-ab0c-d1a660ee46bb_JOKER,Che aiuto nascondi in quelle maniche frondose?
NPC_MYRLL_PLAYER_c3af2cb6-90f5-480d-ab0c-d1a660ee46bb_SCHOLAR,Che cosa puoi fare per noi? Sii precisa.
NPC_MYRLL_PLAYER_c3af2cb6-90f5-480d-ab0c-d1a660ee46bb_STOIC,Dimmi come puoi aiutarci.
NPC_MYRLL_PLAYER_c44d13c7-c302-497f-81c4-5536970fa9b7_HEROIC,Mi dispiace per ciò che ti hanno fatto. Dimmi cosa ti serve.
NPC_MYRLL_PLAYER_c44d13c7-c302-497f-81c4-5536970fa9b7_JOKER,Mi spiace che ti sia successo. Cosa ti serve da me?
NPC_MYRLL_PLAYER_c44d13c7-c302-497f-81c4-5536970fa9b7_SCHOLAR,Mi dispiace per ciò che ti è accaduto. Qual è la tua prima necessità?
NPC_MYRLL_PLAYER_c44d13c7-c302-497f-81c4-5536970fa9b7_STOIC,Mi dispiace che ti sia successo. Come posso aiutare?
NPC_MYRLL_PLAYER_c58efcd9-1e0f-42f7-a15c-7f0e710d45a3_HEROIC,"Parla liberamente. Qualunque cosa sia, ti ascolterò."
NPC_MYRLL_PLAYER_c58efcd9-1e0f-42f7-a15c-7f0e710d45a3_JOKER,"Se hai un peso sul cuore, perché non lo dividiamo?"
NPC_MYRLL_PLAYER_c58efcd9-1e0f-42f7-a15c-7f0e710d45a3_SCHOLAR,Che cosa ti occupa la mente? Comincia dal suo principio.
NPC_MYRLL_PLAYER_c58efcd9-1e0f-42f7-a15c-7f0e710d45a3_STOIC,Cosa hai in mente? Puoi dirmelo?
NPC_MYRLL_PLAYER_c8e69cf9-9228-478d-9572-7926c57f75c5_HEROIC,Le tue stesse sorelle ti si sono rivoltate contro. Cosa hai fatto?
NPC_MYRLL_PLAYER_c8e69cf9-9228-478d-9572-7926c57f75c5_JOKER,Le sorelle non chiamano i lupi per niente. Che hai combinato?
NPC_MYRLL_PLAYER_c8e69cf9-9228-478d-9572-7926c57f75c5_SCHOLAR,Una driade scacciata dalle driadi. Qual è stata la colpa?
NPC_MYRLL_PLAYER_c8e69cf9-9228-478d-9572-7926c57f75c5_STOIC,Le tue sorelle. Cosa hai fatto?
NPC_MYRLL_PLAYER_c91b9bfd-deae-4eca-b73e-c55d0f3130dd_HEROIC,Avevi cose che mi servivano. Non me ne scuso.
NPC_MYRLL_PLAYER_c91b9bfd-deae-4eca-b73e-c55d0f3130dd_JOKER,Ho visto un'occasione in quel che potevi darmi. L'ho colta.
NPC_MYRLL_PLAYER_c91b9bfd-deae-4eca-b73e-c55d0f3130dd_SCHOLAR,Ho calcolato ciò che potevi offrirmi. Il risultato ha determinato la scelta.
NPC_MYRLL_PLAYER_c91b9bfd-deae-4eca-b73e-c55d0f3130dd_STOIC,Ho visto un'opportunità in ciò che potevi fornirmi qui.
NPC_MYRLL_PLAYER_cd9a58a1-942f-424e-9882-5a8d2486e075_HEROIC,"Avreste dovuto affrontarli a viso aperto e morire con onore, non aspettare che un dio vi salvasse."
NPC_MYRLL_PLAYER_cd9a58a1-942f-424e-9882-5a8d2486e075_JOKER,"Meglio morire combattendo, con onore, che inginocchiarsi sperando che un dio sia in ascolto."
NPC_MYRLL_PLAYER_cd9a58a1-942f-424e-9882-5a8d2486e075_SCHOLAR,Sarebbe stato meglio combattere e morire con onore che implorare una divinità di salvarvi.
NPC_MYRLL_PLAYER_cd9a58a1-942f-424e-9882-5a8d2486e075_STOIC,"Dovevate combattere e morire con onore, non pregare per essere salvate."
NPC_MYRLL_PLAYER_ce46aaae-bb4e-4a0a-b45e-4f68da17f81b_HEROIC,"Era caduto nella follia, senza ritorno. Ho posto fine alle sue sofferenze."
NPC_MYRLL_PLAYER_ce46aaae-bb4e-4a0a-b45e-4f68da17f81b_JOKER,"La follia si è occupata di lui, e poi me ne sono occupato io."
NPC_MYRLL_PLAYER_ce46aaae-bb4e-4a0a-b45e-4f68da17f81b_SCHOLAR,Aveva ceduto alla follia. L'ho eliminato.
NPC_MYRLL_PLAYER_ce46aaae-bb4e-4a0a-b45e-4f68da17f81b_STOIC,Era impazzito. L'ho ucciso.
NPC_MYRLL_PLAYER_cf214a05-1106-4b55-9a3a-ab1e5b44d0b7_HEROIC,Nessuno ti farà del male qui. Benvenuta.
NPC_MYRLL_PLAYER_cf214a05-1106-4b55-9a3a-ab1e5b44d0b7_JOKER,Qui sei al sicuro. Le rocce sono pessime assassine. Benvenuta.
NPC_MYRLL_PLAYER_cf214a05-1106-4b55-9a3a-ab1e5b44d0b7_SCHOLAR,Questo luogo offre protezione. Benvenuta.
NPC_MYRLL_PLAYER_cf214a05-1106-4b55-9a3a-ab1e5b44d0b7_STOIC,Qui sei al sicuro. Benvenuta.
NPC_MYRLL_PLAYER_cf68d5c9-2775-45b8-a385-833bccede48b_HEROIC,"Se resti, guadagnati il tuo posto con le azioni."
NPC_MYRLL_PLAYER_cf68d5c9-2775-45b8-a385-833bccede48b_JOKER,"Se resti, vedi di dimostrare che ci stai bene."
NPC_MYRLL_PLAYER_cf68d5c9-2775-45b8-a385-833bccede48b_SCHOLAR,"Se rimani, dimostraci quale funzione puoi svolgere."
NPC_MYRLL_PLAYER_cf68d5c9-2775-45b8-a385-833bccede48b_STOIC,"Se resti, dimostra il tuo valore."
NPC_MYRLL_PLAYER_d20c0618-fbbf-4601-8b14-b3fdbf3acdb9_HEROIC,"Sei ferita, ma resti forte. Cosa ti è successo?"
NPC_MYRLL_PLAYER_d20c0618-fbbf-4601-8b14-b3fdbf3acdb9_JOKER,"Hai avuto giorni migliori, senza offesa. Cos'è successo?"
NPC_MYRLL_PLAYER_d20c0618-fbbf-4601-8b14-b3fdbf3acdb9_SCHOLAR,Sei ferita. Che cosa ti ha ridotta così?
NPC_MYRLL_PLAYER_d20c0618-fbbf-4601-8b14-b3fdbf3acdb9_STOIC,Sei ferita. Cos'è successo?
NPC_MYRLL_PLAYER_d293a86f-83df-4792-a37b-828e082d708e_BASE,Questa purga… ne ho già sentito parlare.
NPC_MYRLL_PLAYER_d30737e7-bf6a-4fae-9970-e556f104eafe_HEROIC,"Il cuore spetta a me, allora. Avranno la loro libertà."
NPC_MYRLL_PLAYER_d30737e7-bf6a-4fae-9970-e556f104eafe_JOKER,Capito. È ora di dare a quel cuore una lezione di libertà.
NPC_MYRLL_PLAYER_d30737e7-bf6a-4fae-9970-e556f104eafe_SCHOLAR,"Inteso. Il cuore muore, e con esso il vincolo che le trattiene."
NPC_MYRLL_PLAYER_d30737e7-bf6a-4fae-9970-e556f104eafe_STOIC,Capisco. Ucciderò il cuore e le libererò.
NPC_MYRLL_PLAYER_d4ba190a-dc5f-425a-945d-ce8747c028be_BASE,Cos'è Faerethil?
NPC_MYRLL_PLAYER_dac304c4-9d5c-4ef5-bb9e-7220fb8e8587_BASE,Non esiste una cura per quelli come loro?
NPC_MYRLL_PLAYER_db9a8424-3200-4ed6-bfcb-b557f7ccbefe_BASE,Parlami del branco di lupi.
NPC_MYRLL_PLAYER_deebfb3a-3715-46a1-b937-99feb97571b6_BASE,Perché Ceres scelse di trasformarvi anziché salvarvi così com'eravate?
NPC_MYRLL_PLAYER_e1cc028c-1a08-4d9b-a0e8-26898e347f81_HEROIC,Un Varco. Lo risveglierò per te. Non chiedermi come.
NPC_MYRLL_PLAYER_e1cc028c-1a08-4d9b-a0e8-26898e347f81_JOKER,"Un Varco. Lo risveglio io. E no, neanch'io so come."
NPC_MYRLL_PLAYER_e1cc028c-1a08-4d9b-a0e8-26898e347f81_SCHOLAR,Un Varco. Posso risvegliarlo; il meccanismo è qualcosa che ancora non so spiegare.
NPC_MYRLL_PLAYER_e1cc028c-1a08-4d9b-a0e8-26898e347f81_STOIC,Un Varco. Lo risveglierò. Non chiedere come.
NPC_MYRLL_PLAYER_e273641c-463a-4f76-98f0-a35920c461a7_HEROIC,"Andrò presto nella foresta. Se li troverò, mi prenderò cura di loro. Non posso garantirlo."
NPC_MYRLL_PLAYER_e273641c-463a-4f76-98f0-a35920c461a7_JOKER,"Presto farò un giro nella foresta. Se ci sbatto contro, guardo. Ma non ci scommettere."
NPC_MYRLL_PLAYER_e273641c-463a-4f76-98f0-a35920c461a7_SCHOLAR,"La foresta rientra nel mio prossimo itinerario. Se li incontrerò, verificherò. Nessuna promessa."
NPC_MYRLL_PLAYER_e273641c-463a-4f76-98f0-a35920c461a7_STOIC,"Presto andrò nella foresta. Se li incontro, controllo. Non prometto nulla."
NPC_MYRLL_PLAYER_e288c27d-7433-474c-855d-e781f162705c_BASE,Perché la corruzione non ha quell'effetto su di me?
NPC_MYRLL_PLAYER_e30ad03f-746f-40fe-bfb1-ffd631bc2b2e_HEROIC,"Credo che un giorno raggiungeremo quel luogo e risaneremo il tuo cuore, fianco a fianco."
NPC_MYRLL_PLAYER_e30ad03f-746f-40fe-bfb1-ffd631bc2b2e_JOKER,Magari un giorno ci facciamo una passeggiata e rattoppiamo quel tuo cuore. Insieme.
NPC_MYRLL_PLAYER_e30ad03f-746f-40fe-bfb1-ffd631bc2b2e_SCHOLAR,Col tempo potremmo recarci lì insieme e risanare ciò che sarà possibile.
NPC_MYRLL_PLAYER_e30ad03f-746f-40fe-bfb1-ffd631bc2b2e_STOIC,Forse un giorno potremo andarci e risanare il tuo cuore insieme.
NPC_MYRLL_PLAYER_e6306ad5-5000-4853-a3c6-c176ce3cba49_HEROIC,Il passato non si può cambiare. Concentrati sulla tavoletta e dimmi cosa dice.
NPC_MYRLL_PLAYER_e6306ad5-5000-4853-a3c6-c176ce3cba49_JOKER,Il passato può aspettare. Sentiamo cos'ha da dire la tavoletta.
NPC_MYRLL_PLAYER_e6306ad5-5000-4853-a3c6-c176ce3cba49_SCHOLAR,"La storia dopo. Prima, il contenuto effettivo della tavoletta."
NPC_MYRLL_PLAYER_e6306ad5-5000-4853-a3c6-c176ce3cba49_STOIC,Il passato è passato. Dimmi cosa dice la tavoletta.
NPC_MYRLL_PLAYER_e74c81e2-cb46-4413-bf6f-f22873e1b7cd_HEROIC,"Possa tu trovare pace, un giorno, e tornare alla tua vecchia casa."
NPC_MYRLL_PLAYER_e74c81e2-cb46-4413-bf6f-f22873e1b7cd_JOKER,Magari un giorno riuscirai a fare pace con tutto questo e a rivedere la tua vecchia casa.
NPC_MYRLL_PLAYER_e74c81e2-cb46-4413-bf6f-f22873e1b7cd_SCHOLAR,"Potrai forse riconciliarti con il passato e, con esso, ritrovare la tua vecchia casa."
NPC_MYRLL_PLAYER_e74c81e2-cb46-4413-bf6f-f22873e1b7cd_STOIC,Spero che un giorno tu possa trovare pace e rivedere la tua vecchia casa.
NPC_MYRLL_PLAYER_ec56c34a-c679-4fbb-87be-2152c6620fef_HEROIC,Dunque è stata una sua scelta? Ha accettato la corruzione?
NPC_MYRLL_PLAYER_ec56c34a-c679-4fbb-87be-2152c6620fef_JOKER,"Quindi ci si è proprio buttato? La voleva, la corruzione?"
NPC_MYRLL_PLAYER_ec56c34a-c679-4fbb-87be-2152c6620fef_SCHOLAR,La decisione è stata dunque sua? Ha acconsentito alla corruzione?
NPC_MYRLL_PLAYER_ec56c34a-c679-4fbb-87be-2152c6620fef_STOIC,L'ha scelta? Voleva la corruzione?
NPC_MYRLL_PLAYER_edb36ffd-3e2b-42d1-a351-910b8d7e5630_HEROIC,Questo ostacolerà davvero i tuoi doveri?
NPC_MYRLL_PLAYER_edb36ffd-3e2b-42d1-a351-910b8d7e5630_JOKER,È una di quelle cose che ti fa inciampare quando il dovere chiama?
NPC_MYRLL_PLAYER_edb36ffd-3e2b-42d1-a351-910b8d7e5630_SCHOLAR,E i tuoi doveri? Come si concilia tutto questo con essi?
NPC_MYRLL_PLAYER_edb36ffd-3e2b-42d1-a351-910b8d7e5630_STOIC,Ti distrarrà dai tuoi doveri?
NPC_MYRLL_PLAYER_eead3bae-3758-4bde-8158-0ad2834cd9e8_HEROIC,Continua a essere utile e il tuo posto resterà al sicuro.
NPC_MYRLL_PLAYER_eead3bae-3758-4bde-8158-0ad2834cd9e8_JOKER,Continua a renderti utile e magari riesci a tenerti il posto.
NPC_MYRLL_PLAYER_eead3bae-3758-4bde-8158-0ad2834cd9e8_SCHOLAR,"Resta utile, e il posto resta tuo. I termini sono semplici."
NPC_MYRLL_PLAYER_eead3bae-3758-4bde-8158-0ad2834cd9e8_STOIC,Continua a essere utile. Potrai mantenere il tuo posto.
NPC_MYRLL_PLAYER_ef174c90-ec88-465e-b4f5-afcc4413fd8f_HEROIC,"Se lo rifiutano, deve conquistarsi un posto fra loro. È l'unica via."
NPC_MYRLL_PLAYER_ef174c90-ec88-465e-b4f5-afcc4413fd8f_JOKER,"Se la folla si gira dall'altra parte, lui sgomita finché lo lasciano entrare. Non resta altro."
NPC_MYRLL_PLAYER_ef174c90-ec88-465e-b4f5-afcc4413fd8f_SCHOLAR,"Se lo negano, deve costringerli a riconoscerlo. Non rimane alternativa."
NPC_MYRLL_PLAYER_ef174c90-ec88-465e-b4f5-afcc4413fd8f_STOIC,"Se non lo accettano, deve costringerli. È l'unico modo."
NPC_MYRLL_PLAYER_f1dfb08c-190c-40c1-9848-ff5007d77284_BASE,Sai qualcosa dell'antica tavoletta elfica nella Pozza del Ricordo?
NPC_MYRLL_PLAYER_f279d4e3-d5b8-4611-93b2-36f414bc6a0d_HEROIC,Abbandonata dalla tua dea. Cosa può meritare un simile destino?
NPC_MYRLL_PLAYER_f279d4e3-d5b8-4611-93b2-36f414bc6a0d_JOKER,Ceres che abbandona una driade. È come un fiume che rinuncia all'acqua. Cos'è successo?
NPC_MYRLL_PLAYER_f279d4e3-d5b8-4611-93b2-36f414bc6a0d_SCHOLAR,Ceres non abbandona i suoi senza una ragione. Qual era?
NPC_MYRLL_PLAYER_f279d4e3-d5b8-4611-93b2-36f414bc6a0d_STOIC,Abbandonata da Ceres. Come?
NPC_MYRLL_PLAYER_f28230bd-89e3-4ee3-a62c-5a56dd1e56b4_HEROIC,Dunque un tempo le Driadi camminavano come elfi?
NPC_MYRLL_PLAYER_f28230bd-89e3-4ee3-a62c-5a56dd1e56b4_JOKER,Quindi le Driadi hanno scambiato gli stivali da elfo con le radici?
NPC_MYRLL_PLAYER_f28230bd-89e3-4ee3-a62c-5a56dd1e56b4_SCHOLAR,Le Driadi hanno dunque origine dagli elfi?
NPC_MYRLL_PLAYER_f28230bd-89e3-4ee3-a62c-5a56dd1e56b4_STOIC,Le Driadi un tempo erano elfi?
NPC_MYRLL_PLAYER_f41cc4c8-2f5d-4306-92be-f4a68493c5c4_HEROIC,Credi davvero che un giorno torneranno?
NPC_MYRLL_PLAYER_f41cc4c8-2f5d-4306-92be-f4a68493c5c4_JOKER,E credi davvero che un giorno si ripresenteranno come niente fosse?
NPC_MYRLL_PLAYER_f41cc4c8-2f5d-4306-92be-f4a68493c5c4_SCHOLAR,Hai detto che torneranno. Da cosa deriva questa certezza?
NPC_MYRLL_PLAYER_f41cc4c8-2f5d-4306-92be-f4a68493c5c4_STOIC,"Credi davvero che torneranno, un giorno?"
NPC_MYRLL_PLAYER_f71d4156-b941-4307-974a-7fcfb8698f75_BASE,Come poteva parlare la tua antica lingua?
NPC_MYRLL_PLAYER_f84e03ff-0641-4660-84e0-cb0fae7cb3f7_HEROIC,Puoi unirti a me. C'è un luogo dove sarai al sicuro.
NPC_MYRLL_PLAYER_f84e03ff-0641-4660-84e0-cb0fae7cb3f7_JOKER,"Vieni, allora. Conosco un nascondiglio che nemmeno i guai riescono a trovare."
NPC_MYRLL_PLAYER_f84e03ff-0641-4660-84e0-cb0fae7cb3f7_SCHOLAR,Unisciti a me. Conosco un luogo dove lo scontro non arriva.
NPC_MYRLL_PLAYER_f84e03ff-0641-4660-84e0-cb0fae7cb3f7_STOIC,Puoi venire con me. Ho un posto sicuro per te.
NPC_MYRLL_PLAYER_f94ff568-6d38-4ebe-889f-2cc388648887_HEROIC,"È doloroso sentirlo, Myrll. Hai sopportato una prova crudele."
NPC_MYRLL_PLAYER_f94ff568-6d38-4ebe-889f-2cc388648887_JOKER,"Hai percorso una strada davvero dura, Myrll."
NPC_MYRLL_PLAYER_f94ff568-6d38-4ebe-889f-2cc388648887_SCHOLAR,"Mi dispiace, Myrll. Quell'epoca ti ha chiesto troppo."
NPC_MYRLL_PLAYER_f94ff568-6d38-4ebe-889f-2cc388648887_STOIC,"Una sventura, Myrll. Una prova terribile."
NPC_MYRLL_PLAYER_fbb8c03f-ba70-40a1-9a6a-5880fd538c7b_HEROIC,"L'ho fatto, anche se mi chiedo se questo sacrificio ne sarà valso la pena."
NPC_MYRLL_PLAYER_fbb8c03f-ba70-40a1-9a6a-5880fd538c7b_JOKER,L'ho fatto. Sarà meglio che valga la camminata.
NPC_MYRLL_PLAYER_fbb8c03f-ba70-40a1-9a6a-5880fd538c7b_SCHOLAR,L'ho fatto. Stiamo per scoprire se il risultato ne giustifica il costo.
NPC_MYRLL_PLAYER_fbb8c03f-ba70-40a1-9a6a-5880fd538c7b_STOIC,L'ho fatto. Spero ne valga la pena.
NPC_MYRLL_PLAYER_fdc93207-c12a-446b-9e97-14c6c7724f44_BASE,Perché pensano che non appartenga alla gente della foresta?
NPC_MYRLL_PLAYER_fdfcc6ff-f7ed-4783-8bb6-32392d9532a0_HEROIC,Stai trovando il tuo posto qui?
NPC_MYRLL_PLAYER_fdfcc6ff-f7ed-4783-8bb6-32392d9532a0_JOKER,"Ti stai sistemando, o cerchi ancora di capire da che parte sta il soffitto?"
NPC_MYRLL_PLAYER_fdfcc6ff-f7ed-4783-8bb6-32392d9532a0_SCHOLAR,Ti stai ambientando? Dimmi cosa senti ancora estraneo.
NPC_MYRLL_PLAYER_fdfcc6ff-f7ed-4783-8bb6-32392d9532a0_STOIC,Come ti trovi qui?
NPC_MYRLL_PLAYER_sdfgfgfgf-hhsfgwgrgr_BASE,"Chi mise lì la tavoletta, e quando?"
NPC_MYRLL_RESPONSE_01c7117b-a1c0-4454-a154-ff469ecf7f41,"""Questa gentilezza arriva più lontano di quanto pensi. Grazie, davvero.""\n\n\n\n*Parla a bassa voce.*\n\n""La tavoletta… la incisero lentamente, con cura. Quel giorno persino lo scalpello sembrava suonare più piano. Doveva durare."""
NPC_MYRLL_RESPONSE_01daa8ce-af50-4f80-8865-407c00419cc3,"*Gli occhi di Myrll si spalancano e le orecchie da volpe si drizzano; ti studia con una fragile speranza.*\n\n""Li hai visti? Ti prego. Dimmi come stanno. Prima la coppia di lontre… sono al sicuro?"""
NPC_MYRLL_RESPONSE_0377f117-1a47-4f5b-a251-3fc7a3c9ca12,"""Hai ragione. La paura non fa che nutrirla. Mi serve solo un momento per ritrovare la calma.""\n\n\n\n""Devo restare ferma per un po'… perdonami. Mi ha tolto più di quanto pensassi."""
NPC_MYRLL_RESPONSE_04f2f23b-0bd7-4658-a4fe-50aa5c37f708,"""Sarò pronta. Con tempo e cura, posso restituire più di quanto ricevo."""
NPC_MYRLL_RESPONSE_06bc5af6-d0b1-4212-a95b-f69538583fab,"""Dunque agisci in base a ciò che vedi, anche quando non puoi vedere tutto. Fa paura… ma è coraggioso.""\n\n\n\n""Forse è questo che le razze mortali chiamano libero arbitrio.""\n\n""Questo spazio fra certezza e azione. Questo bisogno di discernere, anziché soltanto obbedire.""\n\n""Mi spaventa… ma risveglia anche qualcosa in me.""\n\n""Scegliere di nuovo il Bene per mia volontà. Avevo dimenticato quanto fosse sconfinata questa sensazione."""
NPC_MYRLL_RESPONSE_072b5aaa-167a-435d-83b5-9346bae4d99b,"""Temevo che quel giorno sarebbe arrivato. Grazie; anche la follia merita una fine dignitosa.""\n\n\n\n*Congiunge le mani, sfiorandosi appena le punte delle dita.*\n\n""Capisco… una volta che si abbandonano alla corruzione, non possono tornare ciò che erano. Avvolge il loro spirito come marciume sotto la corteccia, dapprima silenzioso, poi li svuota. Ciò che hai fatto… è stata pietà."""
NPC_MYRLL_RESPONSE_0747ac14-56c0-462a-808c-38089c8692c2,"""Tu… non lo sai? È una cosa… dolorosa. Ingiusta.""\n\n\n\n""Basilton difende questa foresta da moltissimo tempo. Da più tempo di alcuni di quelli che lo condannano.""\n\n""Vive qui da centinaia di anni, e ancora i Padri degli Alberi lo respingono. Insistono che non appartenga davvero alla gente della foresta.""\n\n""Ma è nato qui. Lo ha creato la foresta. Non posso accettare il loro giudizio."""
NPC_MYRLL_RESPONSE_089e7157-ea72-4f53-a17f-56722d5369a2,"""Sopravvivere conta. Lo so. Ma se cerco soltanto di sopravvivere, rischio di perdere proprio ciò che voglio preservare.""\n\n\n\n*Le dita di Myrll si stringono, poi si sciolgono; sembra nervosa, ma decisa a finire.*\n\n""C'è un'altra cosa che volevo dire.""\n\n""Ti sono grata per avermi portata qui. Più che grata.""\n\n""All'inizio pensavo di aver ricevuto soltanto un riparo. Ma ora… credo di aver trovato un luogo che posso scegliere.""\n\n""Voglio restare e conoscerti meglio. Voglio oppormi alla corruzione al tuo fianco.""\n\n""Se mi vorrai con te, questa lotta sarà anche mia."""
NPC_MYRLL_RESPONSE_0a8cb7f1-2e46-40e7-a658-0162e04567de,"*Il respiro di Myrll si spezza. Annuisce lentamente, con le lacrime che brillano negli occhi.*\n\n""Sono libere… lo sento. Il peso è più lieve, ora.""\n\n""Ma io… non ho un boschetto a cui tornare. Nessuna voce nel vento da chiamare mia. La foresta non mi sente più."""
NPC_MYRLL_RESPONSE_0bc6000b-f6d3-450f-9243-8f2abd1ab54c,"""Sì. Sono felice che abbia un'amica… e grata di poter essere io."""
NPC_MYRLL_RESPONSE_0f43a97a-c509-4f40-9c26-d1b2f0d15f30,"""La pietra mi stringe, ma trovo gli spazi in mezzo. Per ora basta.""\n\n\n\n*Si raddrizza appena, cauta e composta.*\n\n""Ricordo ancora come prendermi cura delle creature, come far affiorare la forza dal silenzio. Se mi porti ciò che un tempo la foresta offriva liberamente… potrò ricavarne di nuovo qualcosa di vivo."""
NPC_MYRLL_RESPONSE_176f4f32-5cd6-49cf-a515-fb6cb7e20db8,*Abbassa lo sguardo e congiunge piano le mani*\n\n“Aspetterò… e cercherò di non essere d'intralcio.”
NPC_MYRLL_RESPONSE_18211343-f6c4-40ad-927d-2bbc4d270c52,"*Al sentirne il nome, il sorriso di Myrll si illumina; le orecchie si drizzano, poi si abbassano, come se al calore seguisse un peso.*\n\n""Oh, sì. Conosco bene Basilton. È gentile con le piccole creature, e parlavo spesso con il suo amico, Acorn.""\n\n""Eppure… il modo in cui la foresta lo tratta mi ha sempre turbato il cuore."""
NPC_MYRLL_RESPONSE_18e20e4b-8013-4250-a167-15a4a9ad1cfe,"*Myrll annuisce una sola volta, con un cenno piccolo e sincero.*\n\n""Anch'io."""
NPC_MYRLL_RESPONSE_1c03eeb2-ad95-4840-bcac-e72a34125951,"""Sì. E ne sono grata. È sempre stato gentile, sempre sincero.""\n\n\n\n""Ho visto crescere Basilton, anno dopo anno. Quando apparve, gli altri mettevano tutti in guardia: bisognava stargli lontano.""\n\n""Costruì una piccola casa, come se non avesse altro posto dove andare… e poi cominciò il suo giardino.""\n\n""Acorn fu il primo a cui chiesi di lui. Non conoscevo ancora il nome di Basilton. Acorn mi disse che era gentile e che lo aveva salvato dai lupi. Così era nata la loro amicizia.""\n\n""Così andai da lui, contro il volere dei Padri degli Alberi. Credevo che Ceres non avrebbe creato un essere mite solo per farlo respingere.""\n\n""Mi accolse con tanto calore. Mi mostrò il suo giardino e le piccole vite di cui si prendeva cura. Da quel giorno mi fidai di lui."""
NPC_MYRLL_RESPONSE_1f1f0a43-bc83-4715-9703-68a3040fa9a6,"""Sì. Sto bene. Se vuoi, chiedimi come mi sto ambientando."""
NPC_MYRLL_RESPONSE_1facd7c8-a007-41d1-a282-326505496a2a,"""Bene. Restano fedeli alle loro altezze e al loro lavoro. Ciò che accade sotto non può distoglierli. Che siano benedetti.""\n\n\n\n""E le famiglie di conigli alla Tana della Pietra del Cammino… come stanno?"""
NPC_MYRLL_RESPONSE_20521c41-0861-4d47-871c-0eb872a9cd9e,"""Mi prenderò cura dei tuoi compagni come fossero miei e insegnerò incantesimi di foglie e radici. Chiedo soltanto offerte intrise del respiro della foresta.""\n\n\n\n*Inclina il capo, in ascolto come di un suono lontano.*\n\n""Quando chiamerai, ti sentirò. La voce del boschetto mi risponde ancora, persino qui."""
NPC_MYRLL_RESPONSE_20ef146f-b0de-43c9-97c4-f9bbca46583c,"""È più che sufficiente. Non insisterò. Se terrai anche solo gli occhi aperti, te ne sarò grata."""
NPC_MYRLL_RESPONSE_20ffc000-2dd4-45cd-9f0a-3d193e2d55f9,"""Molti lo erano. Non fingerò il contrario. Un tempo eravamo più vicini agli dèi, sì… e poi cademmo da quell'altezza.""\n\n\n\n""Non sono più tornata lì dopo la trasformazione. Non ci riesco.""\n\n""Amavo quel tempio quando ero sacerdotessa… ma vedere cosa è diventato, e ricordare quel giorno… fa troppo male."""
NPC_MYRLL_RESPONSE_21d0f63a-f6fa-44de-8cbf-1e11a25c8987,"""Oh, cielo… ti ha toccato una magia che nessun vivente comprende. Temo per te.""\n\n""Eppure… mi hai mostrato gentilezza. Verrò con te."""
NPC_MYRLL_RESPONSE_21f9ab9d-58cf-4cf8-8c2d-bb08e64c46e1,"""Il loro spirito tornerà alla foresta e rinasceranno. È l'unico modo. Se restano così, le loro anime appassiranno, distorte senza più ritorno."""
NPC_MYRLL_RESPONSE_24457361-762b-4c56-a108-11ec331e9c2d,"""È gentile da parte tua permettermelo. Ora riposerò. Non ti farò aspettare."""
NPC_MYRLL_RESPONSE_27cc52fa-445a-4598-a1ef-4b63421b75c4,"""A volte può confondere… ma questo chiede di ascoltarlo più attentamente. Le sue parole sono di rado vuote."""
NPC_MYRLL_RESPONSE_2c592711-b61d-4611-a57f-5283ed29d432,"""Il dolore spezzò qualcosa in lui. Quando la corruzione si mosse sotto le radici, trovò la sua furia ad aspettarla… e lui la accolse.""\n\n\n\n*Abbassa la voce e raccoglie le ginocchia più vicino a sé, pensierosa.*\n\n""La follia venne per prima, come sempre: confusione, paura, scatti violenti. Lui andò oltre e la abbracciò, convinto che la sua ira fosse giusta. Quando la corruzione gli offrì forza, non resistette: la invitò a entrare."""
NPC_MYRLL_RESPONSE_2d36f162-ecf6-4b55-b5e6-7abf0a40e7e5,"""Grazie. Camminerò lieve come il muschio sotto i piedi, senza turbare la pace di nessuno.""\n\n\n\n*Congiunge le mani alla vita, la voce appena più alta di un sussurro.*\n\n""Sto imparando la forma di questo luogo. Non respira come una foresta. Eppure, io ascolto."""
NPC_MYRLL_RESPONSE_2dd5edec-60cf-4bee-bb32-b2bda01339e6,"""Oh! Io… sì. Credo di non essere riuscita a nasconderlo molto bene.""\n\n""C'è qualcosa di cui volevo parlare.""\n\n""Mi hai dato riparo quando sono stata scacciata, e hai aiutato i piccoli che non potevo più raggiungere. Hai affrontato la corruzione che mi ha tolto la casa.""\n\n""Ti sono grata. Più di quanto riesca a dire.""\n\n""Ma c'è una cosa che ancora non capisco. Perché hai scelto me? Perché portarmi in questo luogo?"""
NPC_MYRLL_RESPONSE_2e80e16c-8573-4c3c-b89b-caa231ab8ad2,"*China il capo, con voce fragile ma sincera.*\n\n""Grazie… non so perché vorresti aiutarmi. Mi chiamo Myrll."""
NPC_MYRLL_RESPONSE_2eb4c49f-2c32-41d6-875e-2b104d95ffb9,"""Allora hanno scelto la propria regola e le sono rimasti fedeli. Non è crudeltà, solo lucidità. Che siano benedetti per questo.""\n\n\n\n""E le famiglie di conigli alla Tana della Pietra del Cammino… come stanno?"""
NPC_MYRLL_RESPONSE_33984840-b283-4d7c-9357-f2eb038d9a3a,"""Dopo le ultime razzie dei Goblin, gli abitanti erano disperati. Si sono spinti più a fondo a tagliare alberi: per mura più solide, armi migliori e calore durante l'inverno. Di solito manteniamo un equilibrio che consente la caccia e una raccolta attenta. Questa pressione ha reso tutto più difficile da accettare per molti, lasciando alcuni cuori aperti a influenze più oscure."""
NPC_MYRLL_RESPONSE_39072862-df80-44b6-bd67-0b5cd66f198c,"""Lo piangeresti anche tu, se avessi conosciuto ciò che era prima della corruzione.""\n\n\n\n""Nessuno di noi lo conosceva come i mortali conoscono una persona.""\n\n""Ma era il nostro tramite con Ceres, il suo emissario. Attraverso di lui la foresta udiva la volontà di lei, e lei udiva la nostra.""\n\n""Ha guidato Wildwood per migliaia di anni, da molto prima che io diventassi driade.""\n\n""Ogni radice, ogni filo d'erba… la nascita di ogni creatura, grande o piccola. Il suo governo era giusto e restava fedele a Ceres."""
NPC_MYRLL_RESPONSE_39c7f94f-8a12-4b0b-877c-70b028d6589f,"*Abbassa lo sguardo e stringe fra le dita il muschio accanto a sé*\n\n""Le… le mie sorelle… mi si sono rivoltate contro. La foresta… la foresta mi si è rivoltata contro. Ceres mi ha abbandonata.""\n\n""Hanno chiamato i lupi, e la foresta ha risposto. Io… sono riuscita a fuggire a stento. Questo boschetto è l'unico luogo che si ricorda ancora di me."""
NPC_MYRLL_RESPONSE_3b081bd6-1374-4ed3-8729-c2c8fc89782b,"""Io… non sono abituata a sentirmi parlare così. È dolce. Troppo dolce. Grazie, Faerethil… riposerò, e tornerò da te."""
NPC_MYRLL_RESPONSE_3cb03c9a-7480-4f1c-bb6f-956276db006c,"*Il viso di Myrll si distende, il respiro si fa regolare; la sua postura si rilassa.*\n\n""Sì… lo penso anch'io. Sentiva che ero perduta, e mi ha guidata in questa vita.""\n\n\n\n*Myrll solleva lo sguardo da terra. Il dolore rimane, ma la voce acquista una ferma e solenne determinazione.*\n\n""Ora non c'è più.""\n\n""Era giusto… e necessario. La corruzione gli aveva sottratto ciò che era, e tutta la foresta ne soffriva.""\n\n""Hai liberato lui, e hai liberato noi.""\n\n""Col tempo ricrescerà, come tutti gli emissari di Ceres. Fino ad allora, dovremo vivere nel ricordo della sua guida.""\n\n""Anche se non sono più una driade del Tirathlan, ti ringrazio… a nome della foresta."""
NPC_MYRLL_RESPONSE_3d868e72-7c6d-4c35-9703-b3bb120dcd3f,"""Fa… male. Entrarci in contatto è un peso grande.""\n\n\n\n""Devo restare ferma per un po'… perdonami. Mi ha tolto più di quanto pensassi."""
NPC_MYRLL_RESPONSE_3e4d8020-d611-4ec4-a003-1e450241a0e1,"*Myrll sorride con calore alle tue rassicurazioni.*\n\n""Sei gentile a dirlo. Spero che il mio cuore si dimostri degno di tanta fiducia.""\n\n\n\n*Le dita di Myrll si stringono, poi si sciolgono; sembra nervosa, ma decisa a finire.*\n\n""C'è un'altra cosa che volevo dire.""\n\n""Ti sono grata per avermi portata qui. Più che grata.""\n\n""All'inizio pensavo di aver ricevuto soltanto un riparo. Ma ora… credo di aver trovato un luogo che posso scegliere.""\n\n""Voglio restare e conoscerti meglio. Voglio oppormi alla corruzione al tuo fianco.""\n\n""Se mi vorrai con te, questa lotta sarà anche mia."""
NPC_MYRLL_RESPONSE_3ebfb388-bd2f-466d-9532-9e72389a0a2a,"""Grazie per avermi ascoltata, caro avventuriero.""\n\n\n\n""Ci sono tre pericoli vicino ai miei vecchi sentieri. I lupi hanno occupato il Sentiero Silenzioso e lo chiamano «ordine», dominando con la paura. Un nido di piccoli è prigioniero della corruzione, sotto un'illusione che lo fa sembrare sano. E il marciume si è diffuso nel Boschetto dei Funghi Luminosi. Ti chiedo di porre fine a questi mali. Portami prima un campione del fungo corrotto, poi elimina ciò che resta."""
NPC_MYRLL_RESPONSE_3fd7f487-cbd1-47e4-b1d0-23843b1f1d4f,"""L'aria è nuova sulla pelle, ma ogni giorno più gentile. Mi sto ambientando.""\n\n\n\n*Si raddrizza appena, cauta e composta.*\n\n""Ricordo ancora come prendermi cura delle creature, come far affiorare la forza dal silenzio. Se mi porti ciò che un tempo la foresta offriva liberamente… potrò ricavarne di nuovo qualcosa di vivo."""
NPC_MYRLL_RESPONSE_4a1b174f-6908-4f6d-8721-0186baf09cf9,"""Tu… mi porteresti con te? Non sono mai stata fuori da Wildwood…""\n\n""Dove vai, dove una come me potrebbe trovare di nuovo riparo?"""
NPC_MYRLL_RESPONSE_4a76128e-6eb0-4154-9fe5-48c37927f8fb,"*Myrll sorride, con una quieta felicità negli occhi.*\n\n""Sì… ora posso. E spero che i nostri sentieri si intreccino come radici, a lungo e con dolcezza."""
NPC_MYRLL_RESPONSE_4d1a9f37-14f1-4c56-a962-c1f1229b99ed,"""Ho solo detto che non c'era bisogno di essere tanto arrabbiate con gli abitanti… Fa tutto parte dell'ordine di Ceres, delle leggi della foresta…""\n\n""Ma ora persino le radici sembrano contorcersi di furia. Non è rimasta gentilezza."""
NPC_MYRLL_RESPONSE_4e2ef136-0104-4dbd-8b8d-211f0d1a99fa,"""Forse. Ma non sono pronta a seppellirlo come se non avesse significato nulla."""
NPC_MYRLL_RESPONSE_4fd382a6-174c-4c02-9fa4-49a97d99f7b5,"""Mi resta un frammento del mio dono di Driade. Mi permette di far spuntare il verde dove mi trovo."""
NPC_MYRLL_RESPONSE_4ff74ebf-038b-4cab-b907-72b84687d0d4,"""Dicono che non sia legato all'ordine della foresta come i treant, gli spiriti e gli animali. E poiché qui non è mai nato un golem come lui, lo chiamano un errore. Ha salvato piccole creature dai lupi anche quando la foresta non lo decretava."""
NPC_MYRLL_RESPONSE_510c1fb3-d183-4dc8-967c-af208172027f,"*Myrll incontra i tuoi occhi per un breve istante, poi riabbassa lo sguardo, cauta e silenziosa.*\n\n""Oh… sì. Lo conosco. Il luogo che ora chiamano Le Rovine del Lamento Perduto.""\n\n""Un tempo era un tempio di Ceres.""\n\n""Il mio tempio. La mia casa."""
NPC_MYRLL_RESPONSE_5162c9b7-18e0-4cdd-a349-627d9711f372,"""Né del tutto spirito, né del tutto carne. Ci ha fatte per metà materia e per metà memoria. Una Driade è questo.""\n\n\n\n*Abbassa lo sguardo.*\n\n""La purga fu un tempo terribile. Le urla finirono, ma il silenzio che seguì rimase più a lungo. Ora sembra un sogno che la foresta ricorda appena."""
NPC_MYRLL_RESPONSE_521d27e3-c1f2-4bc5-98a1-05b8d8229044,"""Qualche tempo dopo la purga, gli Elfi tornarono in questa terra e trovarono ciò che restava. La foresta era ancora bella, e le radici proteggevano la statua caduta. Lo videro come un segno di Ceres, e lì incisero la tavoletta."""
NPC_MYRLL_RESPONSE_52e355d9-b170-4f55-bad6-e9f0afc96ebf,"*Gli occhi di Myrll si abbassano a terra; una mano sale a coprirle il volto, come per calmare il respiro.*\n\n""Io… sì.""\n\n""Anche separata dalla foresta, ho sentito l'istante in cui è caduto. Lo ha sentito tutta la foresta.""\n\n""Sentirtelo dire mi porta dolore… e chiarezza.""\n\n""Lo piangiamo. E capiamo perché fosse necessario. Era davvero perduto."""
NPC_MYRLL_RESPONSE_533be2ce-cfc4-4366-954d-02fd6a52767c,"""È già abbastanza gentilezza. Non hai bisogno delle loro parole per capire se sono al sicuro. Grazie, Avventuriero… davvero."""
NPC_MYRLL_RESPONSE_541e38b0-a9dc-4e02-9f56-e1542d5b9f9b,"""Offre potere attraverso la furia. Giudizio senza discernimento. Sussurra che la rabbia è «verità». E lo offre al signore di Wildwood… all'emissario di Ceres. Riesco a stento a nominarlo sotto quest'ombra."""
NPC_MYRLL_RESPONSE_577e950e-3304-4b60-b071-e90bfb74499f,"""Il legame indugia ancora. Tutti i figli di Ceres condividono qualcosa alle radici, anche in esilio. E lui, l'emissario di Ceres, era il tramite che ci univa."""
NPC_MYRLL_RESPONSE_5b512849-37c8-4f0e-816c-8e6d0dd0bd25,"""Amici del boschetto che non hanno voluto lasciarmi. Sanno dove sono desiderati."""
NPC_MYRLL_RESPONSE_5b6532f8-33a8-43cd-b847-3cb334cf69a9,"""Se vuoi un debito, accetta questa verità: non scambierò la gentilezza con la paura. Ma ricorderò ciò che hai protetto. Questo conta ancora."""
NPC_MYRLL_RESPONSE_5e30f9e7-f63b-48f6-b665-3a8ee1457323,"""Hai liberato i loro passaggi? Grazie. È questo il lavoro che la gentilezza chiede. Silenzioso e necessario.""\n\n\n\n*Myrll stringe forte le mani davanti a sé; regola il respiro, poi incontra i tuoi occhi.*\n\n""Grazie… per esserti preso cura di loro. Per averli visti. Anche senza il mio legame, ora li porto nel cuore per scelta, non per spirito."""
NPC_MYRLL_RESPONSE_5e6a4497-61a6-46ea-89ee-a54c3eaeecfa,"""Lo conosco da molto tempo. Ma non dirò la sua età. L'ho promesso. Ha detto che è scortese parlare degli anni di un vecchio… e che turba chi lo chiama amico."""
NPC_MYRLL_RESPONSE_619e5586-b8e6-4abe-ab5e-b66480af0afe,"""Sì. La coppia di lontre alla Sorgente Limpida, gli uccelli alla Conca dei Nidi e la famiglia di conigli vicino alla Tana della Pietra del Cammino."""
NPC_MYRLL_RESPONSE_63d2c62a-116c-4fc4-9338-cbf452e63c0a,"""Sì. Una volta.""\n\n\n\n""L'ho visto con i miei occhi una volta sola.""\n\n""Non legato all'albero antico, né alla forma che hai affrontato… ma come spirito, nella forma della foresta stessa.""\n\n""Era dopo la mia trasformazione, quando ero appena diventata driade. Ero a terra, perduta e sola, e poi sentii una presenza che placò il dolore.""\n\n""Alzai lo sguardo, ed era lì: foglie riunite fra le chiome, occhi come raggi di sole che filtrano attraverso.""\n\n""Non disse nulla. Eppure sentii il mio scopo trovare il suo posto: tenerezza, e cura per i piccoli."""
NPC_MYRLL_RESPONSE_65e2e1d9-f828-43e3-ae89-68b68b59c9ea,"""Era una guida, ma anche chi guida prova paura e rabbia. La foresta cambiava, e lui non riusciva ad accettarlo.""\n\n\n\n*Guarda il soffitto della caverna, come se osservasse ondeggiare vecchi rami.*\n\n""Si ritirò dal consiglio del boschetto e smise di accudire gli alberelli. Protese le radici verso i margini, verso strade e asce, non per ascoltare ma per ammonire."""
NPC_MYRLL_RESPONSE_65e5e35f-c8cd-4383-bd28-9b0870fc182a,"""Allora capisci. Proteggere i piccoli non è un compito minore. Vorrei che nel mondo ci fossero più volontà come la tua."""
NPC_MYRLL_RESPONSE_672f2cd4-593f-4f6e-b8b6-72ff96b0ce55,"""È un boschetto affidato a Ceres, un luogo dove la memoria può posarsi. La mia storia lo sfiora, se vuoi ancora ascoltarla."""
NPC_MYRLL_RESPONSE_67702f6b-cb98-420c-841f-cb136929fc4a,"""I Varchi dei grandi Antichi? Non li vedo attivi da millenni.""\n\n""Quale potere si muove in te, capace di risvegliare qualcosa di tanto antico?"""
NPC_MYRLL_RESPONSE_68e69dde-d276-4389-a98c-ec8ee57b5ec3,"""Ceres li protegga. Anche ora scelgono il lavoro che li tiene in vita… piccole anime coraggiose.""\n\n\n\n*Myrll annuisce, soppesando con cura le tue parole prima di alzare di nuovo lo sguardo.*\n\n""E gli uccelli alla Conca dei Nidi… stanno bene? Mantengono ancora il loro piccolo ordine?"""
NPC_MYRLL_RESPONSE_6b250562-aebd-4ea6-a86f-84d41bfa4074,"""Forse hai ragione… ma mi tocca ancora.""\n\n\n\n""Quando la purga ci raggiunse, ci nascondemmo nel tempio.""\n\n""La Somma Sacerdotessa promise che saremmo state al sicuro. I soldati dell'Impero non avrebbero osato toccare un luogo di Ceres.""\n\n""Così restammo. Non uscimmo. Ascoltavamo, aspettavamo, ci sostenevamo a vicenda. Le mie sorelle… la mia famiglia, in quel luogo.""\n\n""Finché i soldati non arrivarono comunque.""\n\n""Ci stringemmo negli alloggi. La Somma Sacerdotessa ci guidava nella preghiera, mentre li sentivamo avvicinarsi.""\n\n""Poi irruppero nel tempio e venne versato sangue… e Ceres ci salvò. Quella fu la trasformazione."""
NPC_MYRLL_RESPONSE_6d4732e7-c62c-49aa-adac-7441c1727222,"""Certo. Parla di ciò che è andato perduto e di ciò che non va mai dimenticato.""\n\n\n\n*Parla a bassa voce.*\n\n""La tavoletta… la incisero lentamente, con cura. Quel giorno persino lo scalpello sembrava suonare più piano. Doveva durare."""
NPC_MYRLL_RESPONSE_6e42263f-2b09-42b0-be73-114dade15494,"""Lo è. Per questo è noto come amico di tutto ciò che è buono."""
NPC_MYRLL_RESPONSE_715dd84b-429f-44e1-ad19-2c83f9b31353,"""Sì. Capisco. Farò in fretta.""\n\n\n\n*Myrll stringe le mani davanti a sé, preoccupata.*\n\n""Oggi un mio vecchio amico mi ha trovata. Un uccello di Wildwood. Mi ha detto che la nostra vecchia casa è inquieta, e che il male si muove al riparo di menzogne rassicuranti. Mi pesa chiedere ancora… ma devo. Aiuta le piccole vite laggiù. Proteggile da ciò che vorrebbe portarle via."""
NPC_MYRLL_RESPONSE_71da42fb-d536-4071-a72f-209c225aee83,"""Capisco. E ti ringrazio comunque. Non per orgoglio. Per ciò che hai protetto."""
NPC_MYRLL_RESPONSE_77a76d6d-db00-4df5-809b-32ef6b3a9a37,"""Un Padre degli Alberi è un anziano dei Treant. Guida gli altri e dà riparo ai giovani. Collabora con i Tessiradici. Insegnano a prendersi cura degli alberi e aiutano gli altri a comprendere la Volontà di Ceres."""
NPC_MYRLL_RESPONSE_785ee8ed-02f1-4519-a5d7-06548e8acc89,"""Osservare e ascoltare meglio… sì. Forse non ho perso la guida. Forse ho perso soltanto la certezza.""\n\n\n\n""Forse è questo che le razze mortali chiamano libero arbitrio.""\n\n""Questo spazio fra certezza e azione. Questo bisogno di discernere, anziché soltanto obbedire.""\n\n""Mi spaventa… ma risveglia anche qualcosa in me.""\n\n""Scegliere di nuovo il Bene per mia volontà. Avevo dimenticato quanto fosse sconfinata questa sensazione."""
NPC_MYRLL_RESPONSE_79408067-cb03-47c2-8659-d68cc20d895a,"""È… una piccola cosa. Posso dirtela, se vuoi davvero. Non volevo disturbarti.""\n\n\n\n""È solo che… da un po' non vedo molti dei miei amici della foresta e sono preoccupata per loro. Il mio legame con la natura è quasi reciso, eppure il cuore cerca ancora quelli di cui un tempo mi prendevo cura."""
NPC_MYRLL_RESPONSE_7ae77095-c136-42a1-b7be-76e38e8cda14,"""Allora forse la tua volontà lo sapeva prima delle tue parole.""\n\n\n\n""Devo chiederti un'altra cosa.""\n\n""Come fai a sapere quale azione sia giusta?""\n\n""Per una driade, la via viene da Ceres. Ascoltiamo, comprendiamo, obbediamo. C'è pace in questo.""\n\n""Ma i mortali devono scegliere con la vista offuscata.""\n\n""E ora… forse devo farlo anch'io.""\n\n""Un tempo ero un'elfa, sì, ma è passato tanto che sembra abbia smarrito l'abitudine.""\n\n""Come distingui il Bene quando non ti viene indicato chiaramente?"""
NPC_MYRLL_RESPONSE_81d58fdf-fc3c-4004-a5fc-97ac488dbf3b,"""Ti prego, no. Basilton non sceglierebbe mai la violenza. Non per sé, e non contro la foresta.""\n\n\n\n""Ho visto crescere Basilton, anno dopo anno. Quando apparve, gli altri mettevano tutti in guardia: bisognava stargli lontano.""\n\n""Costruì una piccola casa, come se non avesse altro posto dove andare… e poi cominciò il suo giardino.""\n\n""Acorn fu il primo a cui chiesi di lui. Non conoscevo ancora il nome di Basilton. Acorn mi disse che era gentile e che lo aveva salvato dai lupi. Così era nata la loro amicizia.""\n\n""Così andai da lui, contro il volere dei Padri degli Alberi. Credevo che Ceres non avrebbe creato un essere mite solo per farlo respingere.""\n\n""Mi accolse con tanto calore. Mi mostrò il suo giardino e le piccole vite di cui si prendeva cura. Da quel giorno mi fidai di lui."""
NPC_MYRLL_RESPONSE_83e10302-34d1-4307-bc1d-e6f9d1d3cf4c,"""Lasciami un compagno e guarda tornare le sue forze. Portami le offerte giuste, e le intreccerò in qualcosa di degno.""\n\n\n\n*Inclina il capo, in ascolto come di un suono lontano.*\n\n""Quando chiamerai, ti sentirò. La voce del boschetto mi risponde ancora, persino qui."""
NPC_MYRLL_RESPONSE_8604e66e-4763-497b-be1d-0a57a6207712,"""Con la foresta nel caos, hanno preso il controllo con la paura e lo hanno chiamato «ordine». Un falso bene. Prendono ciò che vogliono e lasciano ai piccoli ben poco di cui vivere."""
NPC_MYRLL_RESPONSE_86aaedfb-930f-4683-a02b-c1b9f97db6c0,"""Allora lavorerò finché non sarò all'altezza. Terrò un conto preciso di ogni dono e di ciò che restituisco."""
NPC_MYRLL_RESPONSE_8e28aaac-2272-48d2-b6ac-fb5bd3c1f5e9,"""Non all'inizio. Col tempo lasciò entrare la furia, e lei gli offrì potere. Lui disse sì.""\n\n\n\n*Guarda il soffitto della caverna, come se osservasse ondeggiare vecchi rami.*\n\n""Si ritirò dal consiglio del boschetto e smise di accudire gli alberelli. Protese le radici verso i margini, verso strade e asce, non per ascoltare ma per ammonire."""
NPC_MYRLL_RESPONSE_8ed555e6-09e9-453c-8386-580789d94d6a,"""Alla Vite Soffocante, la corruzione si è impadronita del nido e lo ha avvolto in un'illusione, così da fuori sembra tranquillo. Si nutre di loro e non li lascia liberi. Ti prego, spezzala."""
NPC_MYRLL_RESPONSE_927f32a0-2c27-408e-acc8-50138428c1a1,"""Capisco perché tu sia riservato. Il potere che possiedi è qualcosa che nessuno, oggi, comprende.""\n\n""Eppure… mi hai mostrato gentilezza. Verrò con te."""
NPC_MYRLL_RESPONSE_9333ef91-b367-4e6b-9a41-907ad6a872f7,"*Liscia l'orlo della manica, con lo sguardo lontano.*\n\n""Oh… sì, l'ho conosciuto da lontano per molte centinaia di anni. Era un grande Padre degli Alberi, alto e paziente, gentile con gli alberelli più giovani. La foresta sembrava più salda quando le sue radici tenevano."""
NPC_MYRLL_RESPONSE_940f0eb6-252a-4467-8996-1b61ad79421d,"""Il marciume ha invaso il Boschetto dei Funghi Luminosi, dove cresce il cibo per le creature dei dintorni. Eliminalo, ma prima portami un campione. Voglio sentirne la natura, e ciò che la corruzione cerca di fare."""
NPC_MYRLL_RESPONSE_9744f1b9-bb63-4628-8310-2ca937d6f208,"""Grazie. Porto il dolore in silenzio, ma con la tua gentilezza mi sento meno sola nel portarlo."""
NPC_MYRLL_RESPONSE_99b0c506-1c60-461d-b2dc-afc175717473,"""Andresti a vedere come stanno? Sapere che sono al sicuro mi darebbe davvero sollievo.""\n\n\n\n""Li troverai sparsi nella foresta settentrionale. Quello era il mio posto, quando la natura mi considerava ancora parte di sé. Se puoi, torna da me e dimmi come stanno."""
NPC_MYRLL_RESPONSE_9c3b1c4f-2b67-4e88-b7ed-d1dc1eae9840,"""Qui, sempre. Vieni quando hai bisogno."""
NPC_MYRLL_RESPONSE_9cc770e1-4430-4e48-91e0-8019f00c2710,"""Le mie sorelle… non sono più loro stesse… non più. Devi liberarle dai loro vincoli.""\n\n""C'è un cuore corrotto, nel profondo della foresta. Lo proteggono. Dà loro potere, ma in cambio le priva del libero arbitrio.""\n\n""Se lo distruggi, forse troveranno riposo. Altrimenti… sono prigioniere della sua volontà."""
NPC_MYRLL_RESPONSE_9cfe2b14-637c-4c59-ac7d-9d56cf52e5a3,"""Non dire che è senza speranza. Se costruiscono ancora, hanno ancora uno scopo che vale la pena raggiungere. Questa è forza.""\n\n\n\n*Myrll annuisce, soppesando con cura le tue parole prima di alzare di nuovo lo sguardo.*\n\n""E gli uccelli alla Conca dei Nidi… stanno bene? Mantengono ancora il loro piccolo ordine?"""
NPC_MYRLL_RESPONSE_9dc824ff-0a1e-4366-9f9c-af340c2c2961,"""Allora sarò breve. Grazie.""\n\n\n\n""Ci sono tre pericoli vicino ai miei vecchi sentieri. I lupi hanno occupato il Sentiero Silenzioso e lo chiamano «ordine», dominando con la paura. Un nido di piccoli è prigioniero della corruzione, sotto un'illusione che lo fa sembrare sano. E il marciume si è diffuso nel Boschetto dei Funghi Luminosi. Ti chiedo di porre fine a questi mali. Portami prima un campione del fungo corrotto, poi elimina ciò che resta."""
NPC_MYRLL_RESPONSE_a1085ebb-6bfd-4bf2-9bea-58777813a609,"""No. Non chiamarlo debole. La gentilezza non è debolezza, e lui non è debole.""\n\n\n\n""Basilton difende questa foresta da moltissimo tempo. Da più tempo di alcuni di quelli che lo condannano.""\n\n""Vive qui da centinaia di anni, e ancora i Padri degli Alberi lo respingono. Insistono che non appartenga davvero alla gente della foresta.""\n\n""Ma è nato qui. Lo ha creato la foresta. Non posso accettare il loro giudizio."""
NPC_MYRLL_RESPONSE_a18dfd60-bfe9-49cf-ba47-489ef89bd587,"""Grazie. Lascia che lo prenda. Proverò a discernerne la natura.""\n\n\n\n*Myrll prende in mano il campione di corruzione. Sussulta violentemente, gli occhi serrati, lottando per mantenere regolare il respiro. Dopo un momento lo lascia cadere. Tocca terra e si sgretola nel nulla.*\n\n""Tanta malizia… preme come spine. Sento una volontà dietro di essa. Ho intravisto ciò che vuole, ciò che promette e chi cerca di raggiungere."""
NPC_MYRLL_RESPONSE_a4dc4e81-9bae-4daa-b75a-a3166d7d55a4,"""Le vite piccole e miti. Lontre, conigli, uccelli. Erano affidati alle mie cure, nei giorni in cui la foresta mi rispondeva ancora."""
NPC_MYRLL_RESPONSE_a5bd8e3a-48c2-4f94-a85f-de78d7fbec52,"""Mi scalda il cuore sentirlo. Credo che la foresta lo sentirà… e anch'io. Dimmi, hai portato il campione di marciume?"""
NPC_MYRLL_RESPONSE_a78f3ea7-882c-4a5e-9e20-4e673e7fc1ed,"""È un lamento per chi è perduto, una preghiera a Ceres perché li guidi dolcemente di nuovo alle radici e alla terra. E un monito, perché nessuno dimentichi il prezzo del silenzio."""
NPC_MYRLL_RESPONSE_a7eb979f-c618-4b7f-b38c-784510f1ea18,"*Il sorriso di Myrll svanisce; abbassa lo sguardo e annuisce una sola volta.*\n\n""Sì. Certo. Continuerò a esserti utile."""
NPC_MYRLL_RESPONSE_a883880d-972b-41a6-adac-b8d78f1e0d0a,"""Oh, Befr. Lo conosco.""\n\n""Cammina in questi boschi da tanto, tanto tempo, e ha sempre trattato con cura le piccole vite.""\n\n""Dove passa, lo senti. Non potere… solo gentilezza resa reale, con doni nel palmo della mano. Di rado la foresta ha accolto un umano come accoglie lui."""
NPC_MYRLL_RESPONSE_abd8f4e6-2b3d-46f7-959f-44deef55f1a9,"""No. La corruzione non può prendere la tua volontà se non gliela offri. È questa la differenza fra la follia che hai visto e chi è davvero perduto. Il suo cambiamento cominciò lì."""
NPC_MYRLL_RESPONSE_abe37940-02e0-415e-b2e5-b70e30caa0c3,"""Nella sua volontà sento Ira, il dio oscuro dell'Ira. Una parodia della giustizia. Vuole chiudere la foresta, affilarla fino a farne un'arma e poi rivolgerla all'esterno per vendetta."""
NPC_MYRLL_RESPONSE_ae705d86-8490-4cfb-8408-7241b857bf0e,"""Capisco. Ti ho deluso. Mi dispiace. Mi riprenderò e farò meglio."""
NPC_MYRLL_RESPONSE_af969909-c9db-4da4-bc68-4c0c6c87018d,"""Sì. La rabbia assottiglia la corteccia e rende fragile l'anima. Quando arrivò la corruzione, lui non resistette più. Gli sembrava giustizia.""\n\n\n\n*Abbassa la voce e raccoglie le ginocchia più vicino a sé, pensierosa.*\n\n""La follia venne per prima, come sempre: confusione, paura, scatti violenti. Lui andò oltre e la abbracciò, convinto che la sua ira fosse giusta. Quando la corruzione gli offrì forza, non resistette: la invitò a entrare."""
NPC_MYRLL_RESPONSE_b357f09a-6080-4bd4-868a-15e3621369a9,"""Avventuriero… parli come agisci. Se cerchi un posto nel mio cuore, hai già fatto un passo in quella direzione. Torna quando vuoi."""
NPC_MYRLL_RESPONSE_b5a56013-481d-4365-a22a-e743813029c8,"""È un nome per un amico, nella mia prima lingua. Un amico della foresta."""
NPC_MYRLL_RESPONSE_b8d199da-6323-4052-a471-c7c2429a7686,"""Capisco. L'utilità ha il suo posto. Posso accettarlo… anche se spero che, col tempo, possa esserci altro.""\n\n\n\n""Devo chiederti un'altra cosa.""\n\n""Come fai a sapere quale azione sia giusta?""\n\n""Per una driade, la via viene da Ceres. Ascoltiamo, comprendiamo, obbediamo. C'è pace in questo.""\n\n""Ma i mortali devono scegliere con la vista offuscata.""\n\n""E ora… forse devo farlo anch'io.""\n\n""Un tempo ero un'elfa, sì, ma è passato tanto che sembra abbia smarrito l'abitudine.""\n\n""Come distingui il Bene quando non ti viene indicato chiaramente?"""
NPC_MYRLL_RESPONSE_b941971e-b7ca-4739-9f89-be2692f2fc7e,"*Un rossore fugace e timido affiora sul viso di Myrll.*\n\n""Oh… sei gentile. Davvero. Ma questa è la storia di Basilton."""
NPC_MYRLL_RESPONSE_b9c87d02-49c5-408b-ab2c-82f553eef33f,"*Al pensiero, una calma si posa su Myrll.*\n\n""Io… credo che la tua presenza potrebbe cambiare tutto."""
NPC_MYRLL_RESPONSE_ba3672f3-5693-45c9-95a6-9fce77bcf312,"""Non vorrei impormi, caro avventuriero… ma sì. Se ti capitasse di vederli, i miei pensieri troverebbero pace.""\n\n\n\n""Li troverai sparsi nella foresta settentrionale. Quello era il mio posto, quando la natura mi considerava ancora parte di sé. Se puoi, torna da me e dimmi come stanno."""
NPC_MYRLL_RESPONSE_bad58b29-9a43-427d-9088-10787fc12a88,"""Erano i tempi più bui, una notte che sembrava senza fine. I capi a cui un tempo affidavamo il nostro futuro si rivoltarono contro di noi, cercando di decimare la stirpe elfica in nome della sua preservazione."""
NPC_MYRLL_RESPONSE_bb95f149-da52-4913-b343-3065a0f64a6f,"""Capisco il ragionamento, ma è un criterio inadeguato. Lui appartiene alla foresta perché la foresta lo ha creato, e perché l'ha protetta.""\n\n\n\n""Ho visto crescere Basilton, anno dopo anno. Quando apparve, gli altri mettevano tutti in guardia: bisognava stargli lontano.""\n\n""Costruì una piccola casa, come se non avesse altro posto dove andare… e poi cominciò il suo giardino.""\n\n""Acorn fu il primo a cui chiesi di lui. Non conoscevo ancora il nome di Basilton. Acorn mi disse che era gentile e che lo aveva salvato dai lupi. Così era nata la loro amicizia.""\n\n""Così andai da lui, contro il volere dei Padri degli Alberi. Credevo che Ceres non avrebbe creato un essere mite solo per farlo respingere.""\n\n""Mi accolse con tanto calore. Mi mostrò il suo giardino e le piccole vite di cui si prendeva cura. Da quel giorno mi fidai di lui."""
NPC_MYRLL_RESPONSE_bbbb0d17-e3bb-4a75-803c-ae1c3aec5912,"""Se fossi morta lì, ora non staresti parlando con me. Non mi scuserò per la vita che mi è stata donata.""\n\n\n\n""Non sono più tornata lì dopo la trasformazione. Non ci riesco.""\n\n""Amavo quel tempio quando ero sacerdotessa… ma vedere cosa è diventato, e ricordare quel giorno… fa troppo male."""
NPC_MYRLL_RESPONSE_bd300d02-23a8-4cf1-9e34-e1bd02f96355,"*Congiunge le mani.*\n\n""Tutte conosciamo la tavoletta alla Pozza del Ricordo; fu incisa poco dopo la mia rinascita. Guardavo dalla boscaglia mentre lavoravano la pietra. Non osavo muovermi."""
NPC_MYRLL_RESPONSE_bd3d5e36-9cc3-4d8c-9e7f-ac5f4aea37a3,"*Gli occhi di Myrll brillano, e un sorriso timido affiora prima che riesca a fermarlo.*\n\n""Allora… sì. Mi piacerebbe moltissimo."""
NPC_MYRLL_RESPONSE_bdd3eb2b-af99-4e33-95f4-07940700b984,"""Ancora oggi non lo so. Gliel'ho chiesto, e lui ha solo sorriso e detto: «Perché rovinare la gioia di un mistero, mia cara?» Lo ammetto… dopo ho messo il broncio."""
NPC_MYRLL_RESPONSE_bf747d69-acce-4e0c-b56b-277a701f5a71,"""Allora sia così. Meglio cadere con un'anima buona che vivere come qualcosa di vuoto."""
NPC_MYRLL_RESPONSE_c03ca531-ef58-4a52-9cdc-c9c5da73b25c,"""Solo come la foresta conosce il suo re, da lontano… eppure legata a lui comunque.""\n\n\n\n""Nessuno di noi lo conosceva come i mortali conoscono una persona.""\n\n""Ma era il nostro tramite con Ceres, il suo emissario. Attraverso di lui la foresta udiva la volontà di lei, e lei udiva la nostra.""\n\n""Ha guidato Wildwood per migliaia di anni, da molto prima che io diventassi driade.""\n\n""Ogni radice, ogni filo d'erba… la nascita di ogni creatura, grande o piccola. Il suo governo era giusto e restava fedele a Ceres."""
NPC_MYRLL_RESPONSE_c206779d-235d-4446-89fd-63d20a5f86a9,"""La presenza divina è una cosa strana da misurare. Lui c'era sempre… eppure non era mai una mano sulla spalla.""\n\n\n\n""L'ho visto con i miei occhi una volta sola.""\n\n""Non legato all'albero antico, né alla forma che hai affrontato… ma come spirito, nella forma della foresta stessa.""\n\n""Era dopo la mia trasformazione, quando ero appena diventata driade. Ero a terra, perduta e sola, e poi sentii una presenza che placò il dolore.""\n\n""Alzai lo sguardo, ed era lì: foglie riunite fra le chiome, occhi come raggi di sole che filtrano attraverso.""\n\n""Non disse nulla. Eppure sentii il mio scopo trovare il suo posto: tenerezza, e cura per i piccoli."""
NPC_MYRLL_RESPONSE_c31d6d27-9376-4b59-a0e7-e6bbd4b31c3a,"""Posso farmi piccola come un'ombra. Ti accorgerai appena che ci sono.""\n\n\n\n*Congiunge le mani alla vita, la voce appena più alta di un sussurro.*\n\n""Sto imparando la forma di questo luogo. Non respira come una foresta. Eppure, io ascolto."""
NPC_MYRLL_RESPONSE_c3e64c47-5a3d-45b4-b358-ebd3558ebd60,"""Sì. Può guarire. Ci vorrà tempo, e resta ancora corruzione da combattere… ma il peggio di questa ferita è passato."""
NPC_MYRLL_RESPONSE_ca56d922-2f85-4195-9a83-25ba070d24ff,"*Myrll arrossisce in fretta e per un momento nasconde il sorriso.*\n\n""Questa è… una gentilezza molto pericolosa, Faerethil. Se lo dici troppo spesso, potrei cominciare a crederti.""\n\n\n\n""Devo chiederti un'altra cosa.""\n\n""Come fai a sapere quale azione sia giusta?""\n\n""Per una driade, la via viene da Ceres. Ascoltiamo, comprendiamo, obbediamo. C'è pace in questo.""\n\n""Ma i mortali devono scegliere con la vista offuscata.""\n\n""E ora… forse devo farlo anch'io.""\n\n""Un tempo ero un'elfa, sì, ma è passato tanto che sembra abbia smarrito l'abitudine.""\n\n""Come distingui il Bene quando non ti viene indicato chiaramente?"""
NPC_MYRLL_RESPONSE_cb6ac2e9-3e2c-4ff3-8804-75d8aef0b61d,"""Allora sono fortunata… grazie.""\n\n\n\n*Myrll stringe le mani davanti a sé, preoccupata.*\n\n""Oggi un mio vecchio amico mi ha trovata. Un uccello di Wildwood. Mi ha detto che la nostra vecchia casa è inquieta, e che il male si muove al riparo di menzogne rassicuranti. Mi pesa chiedere ancora… ma devo. Aiuta le piccole vite laggiù. Proteggile da ciò che vorrebbe portarle via."""
NPC_MYRLL_RESPONSE_ced6fee4-fc2d-4008-980c-62ba845be5b8,"*Myrll ridacchia piano.*\n\n""Non sei il solo. Ho vissuto migliaia di anni, e ancora mi mancano le parole quando c'è lui."""
NPC_MYRLL_RESPONSE_d14991ff-d824-4b5b-977b-bc7b43651b36,"""Sì. Eppure… fa bene parlarne, ricordare ciò che era un tempo.""\n\n\n\n""Quando la purga ci raggiunse, ci nascondemmo nel tempio.""\n\n""La Somma Sacerdotessa promise che saremmo state al sicuro. I soldati dell'Impero non avrebbero osato toccare un luogo di Ceres.""\n\n""Così restammo. Non uscimmo. Ascoltavamo, aspettavamo, ci sostenevamo a vicenda. Le mie sorelle… la mia famiglia, in quel luogo.""\n\n""Finché i soldati non arrivarono comunque.""\n\n""Ci stringemmo negli alloggi. La Somma Sacerdotessa ci guidava nella preghiera, mentre li sentivamo avvicinarsi.""\n\n""Poi irruppero nel tempio e venne versato sangue… e Ceres ci salvò. Quella fu la trasformazione."""
NPC_MYRLL_RESPONSE_dd30b53a-dd0a-4122-8a7b-51e2729318b9,"""Vivi, dunque. Turbati, ma respirano. Hai fatto abbastanza. Hai scelto lo scopo giusto e hai agito.""\n\n\n\n*Myrll stringe forte le mani davanti a sé; regola il respiro, poi incontra i tuoi occhi.*\n\n""Grazie… per esserti preso cura di loro. Per averli visti. Anche senza il mio legame, ora li porto nel cuore per scelta, non per spirito."""
NPC_MYRLL_RESPONSE_ddf604d1-83de-4b33-b26a-5e28690bf7fc,"""L'unico modo è estirpare la corruzione stessa. Se verrà scacciata, la foresta tornerà alla ragione e alla Volontà di Ceres."""
NPC_MYRLL_RESPONSE_e0092ba8-f947-49ce-8ff8-38c7ada238f8,"""La cosa giusta… sì. Lo dici con tanta semplicità, ma c'è forza in questo.""\n\n\n\n""Devo chiederti un'altra cosa.""\n\n""Come fai a sapere quale azione sia giusta?""\n\n""Per una driade, la via viene da Ceres. Ascoltiamo, comprendiamo, obbediamo. C'è pace in questo.""\n\n""Ma i mortali devono scegliere con la vista offuscata.""\n\n""E ora… forse devo farlo anch'io.""\n\n""Un tempo ero un'elfa, sì, ma è passato tanto che sembra abbia smarrito l'abitudine.""\n\n""Come distingui il Bene quando non ti viene indicato chiaramente?"""
NPC_MYRLL_RESPONSE_e2a1092e-1ce2-4320-a3da-6ae0ae9b14c2,"""Sì. È venuto a vedermi… e credo sapesse che ero perduta e avevo bisogno di una guida.""\n\n\n\n*Myrll solleva lo sguardo da terra. Il dolore rimane, ma la voce acquista una ferma e solenne determinazione.*\n\n""Ora non c'è più.""\n\n""Era giusto… e necessario. La corruzione gli aveva sottratto ciò che era, e tutta la foresta ne soffriva.""\n\n""Hai liberato lui, e hai liberato noi.""\n\n""Col tempo ricrescerà, come tutti gli emissari di Ceres. Fino ad allora, dovremo vivere nel ricordo della sua guida.""\n\n""Anche se non sono più una driade del Tirathlan, ti ringrazio… a nome della foresta."""
NPC_MYRLL_RESPONSE_e3478d66-bbf0-478b-ac76-47d57994092c,"""Dopo tutto ciò che hai visto di questa foresta… dubiti ancora di me?""\n\n\n\n*Myrll solleva lo sguardo da terra. Il dolore rimane, ma la voce acquista una ferma e solenne determinazione.*\n\n""Ora non c'è più.""\n\n""Era giusto… e necessario. La corruzione gli aveva sottratto ciò che era, e tutta la foresta ne soffriva.""\n\n""Hai liberato lui, e hai liberato noi.""\n\n""Col tempo ricrescerà, come tutti gli emissari di Ceres. Fino ad allora, dovremo vivere nel ricordo della sua guida.""\n\n""Anche se non sono più una driade del Tirathlan, ti ringrazio… a nome della foresta."""
NPC_MYRLL_RESPONSE_e4cf298c-d055-48a2-989e-c1ffe8a5bd10,"""Allora lascia che basti. Qualunque cosa lo abbia portato da te, ti sei tenuto vicino un buon alleato.""\n\n\n\n*L'espressione di Myrll si fa pensierosa, come se ascoltasse a ritroso nel tempo.*\n\n""Ricordo quando lo incontrai la prima volta. Avevo già sentito storie da altre driadi e treant. Uno strano umano che portava sempre doni. Lo chiamavano «quello strano», molto prima di «quello vecchio».""\n\n""Cantavo nel boschetto, badando ai piccoli… poi sentii nella mente un mormorio che seguiva il mio canto. Credo fosse il suo saluto.""\n\n""Tacqui, e il mormorio continuò mentre lui usciva dalla boscaglia. Si avvicinò e offrì bacche ai piccoli, come se li conoscesse da sempre.""\n\n""Non mi mossi. Non parlai. Poi si voltò verso di me e parlò nella mia antica lingua elfica. Mi offrì una bacca. Rifiutai, con cortesia… ed ero sbalordita.""\n\n""Poi proseguì semplicemente, canticchiando, e svanì di nuovo in Wildwood."""
NPC_MYRLL_RESPONSE_e9a27129-0890-443b-9972-20f1f0ea779f,"""Ne vale la pena. Dammelo e cercherò di capire cosa contiene.""\n\n\n\n*Myrll prende in mano il campione di corruzione. Sussulta violentemente, gli occhi serrati, lottando per mantenere regolare il respiro. Dopo un momento lo lascia cadere. Tocca terra e si sgretola nel nulla.*\n\n""Tanta malizia… preme come spine. Sento una volontà dietro di essa. Ho intravisto ciò che vuole, ciò che promette e chi cerca di raggiungere."""
NPC_MYRLL_RESPONSE_ebd3b2d8-b079-4960-984f-81ff719b6761,"""Sembra semplice, ma pericoloso. Una volontà rivolta alla cosa sbagliata non fa che rafforzarsi nell'errore.""\n\n\n\n""Forse è questo che le razze mortali chiamano libero arbitrio.""\n\n""Questo spazio fra certezza e azione. Questo bisogno di discernere, anziché soltanto obbedire.""\n\n""Mi spaventa… ma risveglia anche qualcosa in me.""\n\n""Scegliere di nuovo il Bene per mia volontà. Avevo dimenticato quanto fosse sconfinata questa sensazione."""
NPC_MYRLL_RESPONSE_ec03da13-a617-48f1-8dad-61989c846dc5,"""Lo è. E grazie per aver parlato di lui con gentilezza.""\n\n\n\n*L'espressione di Myrll si fa pensierosa, come se ascoltasse a ritroso nel tempo.*\n\n""Ricordo quando lo incontrai la prima volta. Avevo già sentito storie da altre driadi e treant. Uno strano umano che portava sempre doni. Lo chiamavano «quello strano», molto prima di «quello vecchio».""\n\n""Cantavo nel boschetto, badando ai piccoli… poi sentii nella mente un mormorio che seguiva il mio canto. Credo fosse il suo saluto.""\n\n""Tacqui, e il mormorio continuò mentre lui usciva dalla boscaglia. Si avvicinò e offrì bacche ai piccoli, come se li conoscesse da sempre.""\n\n""Non mi mossi. Non parlai. Poi si voltò verso di me e parlò nella mia antica lingua elfica. Mi offrì una bacca. Rifiutai, con cortesia… ed ero sbalordita.""\n\n""Poi proseguì semplicemente, canticchiando, e svanì di nuovo in Wildwood."""
NPC_MYRLL_RESPONSE_edbd8469-baa1-4b23-9ba6-1cce5608655e,"""Ci accolse nel suo abbraccio e ci ricreò a sua immagine. Diventammo tutt'uno con il suo dominio, per sempre sotto la sua protezione. Immortali. Ma non so quanta di quella protezione rimanga."""
NPC_MYRLL_RESPONSE_f005f7b1-e519-4ace-94ab-c35e8fb3f103,"""Lo credo, e devo crederlo: il ciclo continua. Un giorno cammineranno di nuovo, integri e senza ombre."""
NPC_MYRLL_RESPONSE_f1e52c9e-80ad-4600-a3f7-a40923563e40,"""Grazie. Aiuta… ricordarlo con qualcuno che non lo deride.""\n\n\n\n""Non sono più tornata lì dopo la trasformazione. Non ci riesco.""\n\n""Amavo quel tempio quando ero sacerdotessa… ma vedere cosa è diventato, e ricordare quel giorno… fa troppo male."""
NPC_MYRLL_RESPONSE_f1ea632c-eb4a-4a1e-9f27-a867d97bfe9b,"""Ero un'elfa. Quella vita finì, ma non del tutto.""\n\n\n\n*Inspira con cautela.*\n\n""Un tempo avevo un nome, da Elfa. Quando la purga dilagò, Ceres ci chiamò alle sue radici. Ricordo il silenzio più del cambiamento; d'inverno il mio respiro non faceva più vapore."""
NPC_MYRLL_RESPONSE_f26e747b-a798-4e13-a396-e88895b5a5c2,"""Perché sei mortale, non così profondamente toccato dal regno di Numen. Gli spiriti sentono chiaramente la corruzione, la odono chiaramente. Per questo la foresta è impazzita."""
NPC_MYRLL_RESPONSE_f2c9e74a-3d57-4e7e-9ee9-c0dd284dc31a,"""N-no. Non succederà. Non lascerò che mi distolga da ciò che devo fare.""\n\n\n\n""È solo che… da un po' non vedo molti dei miei amici della foresta e sono preoccupata per loro. Il mio legame con la natura è quasi reciso, eppure il cuore cerca ancora quelli di cui un tempo mi prendevo cura."""
NPC_MYRLL_RESPONSE_f2ed62ba-54d5-4dbc-bd8e-4f0f5fba1999,"""Piange i morti e ci supplica di ricordare. Questo basta."""
NPC_MYRLL_RESPONSE_f34e2725-4373-4a00-bbe4-66e5c42e41d4,"""Grazie, mio caro Faerethil. Torna da me con il campione, così potrò sentire ciò che nasconde."""
NPC_MYRLL_RESPONSE_f73f9f97-834d-4573-9bdd-f4effa5df438,"""Acorn mi chiedeva come stavano le creature affidate alle mie cure, quando non riusciva a raggiungerle di persona. Altre volte parlavamo di Basilton, quando non potevo incontrarlo."""
NPC_MYRLL_RESPONSE_f93952a8-641f-49a8-8893-f84f0576a209,"""Non distingueva più gli amici dai nemici; era ormai una minaccia persino per la foresta. Grazie per aver posto fine a tutto questo.""\n\n\n\n*Congiunge le mani, sfiorandosi appena le punte delle dita.*\n\n""Capisco… una volta che si abbandonano alla corruzione, non possono tornare ciò che erano. Avvolge il loro spirito come marciume sotto la corteccia, dapprima silenzioso, poi li svuota. Ciò che hai fatto… è stata pietà."""
NPC_MYRLL_RESPONSE_fef03d5f-0376-4f53-ae29-c9baa3f599f5,"""Eravamo le sue sacerdotesse e non sopportava di perderci. Ci intrecciò nella foresta, e diventammo qualcosa fra spirito e radice.""\n\n\n\n*Abbassa lo sguardo.*\n\n""La purga fu un tempo terribile. Le urla finirono, ma il silenzio che seguì rimase più a lungo. Ora sembra un sogno che la foresta ricorda appena."""
NPC_MYRLL_RESPONSE_ff461cae-447e-4409-b88d-47716deac1b3,"""Ti prego, ripensaci. Non fingerò di chiederti poco. Ma per me conta. Se mi aiuterai, torna da me… con il campione."""
NPC_MYRLL_RESPONSE_ff5395df-9a44-4ad6-8457-b60f59e43aaf,"""È strano parlarne ad alta voce, ma sì. Posso provarci.""\n\n\n\n*Inspira con cautela.*\n\n""Un tempo avevo un nome, da Elfa. Quando la purga dilagò, Ceres ci chiamò alle sue radici. Ricordo il silenzio più del cambiamento; d'inverno il mio respiro non faceva più vapore."""
NPC_MYRLL_TITLE,Lo spirito più gentile
NPC_RAHANER_GREETING_12055d53-3dcf-4bb1-9e2f-52a7599b80bb,"*Rahaner abbozza un sorriso al tuo avvicinarsi, a braccia conserte.*\n\n""Ancora qui? Altro addestramento o qualcos'altro?"""
NPC_RAHANER_GREETING_7fa56c56-287b-462b-8442-60f5c4ddfcf3,"*Il veterano tiene l'unico braccio sul petto e ti rivolge un mezzo sorriso.*\n\n""Guarda un po', stivali nuovi sul sentiero. Pochi scelgono Earlwood, di questi tempi. Solo i coraggiosi o gli sciocchi."""
NPC_RAHANER_GREETING_8dafcd0f-a185-48e0-ac92-36d4ce286108,"*Rahaner è assorto nei pensieri, con gli occhi fissi su un rapporto, quando si accorge del tuo arrivo.*\n\n""Eccoti. Qualunque cosa ti porti qui dovrà aspettare. Abbiamo un problema urgente. I goblin hanno sfondato il perimetro sia a nord sia a sud."""
NPC_RAHANER_GREETING_92ed0f5f-b2e2-44c2-b84a-80f8579d8db4,"*Rahaner alza un sopracciglio e un lampo di sorpresa gli attraversa il viso.*\n\n""Ho sentito che hai incontrato un Treant corrotto e puoi ancora raccontarlo. Dicono che l'hai abbattuto."""
NPC_RAHANER_NAME,Rahaner
NPC_RAHANER_PLAYER_03f5e7a7-cde0-4f10-84db-d176fa2db9c9_BASE,“Hanno sempre sorvegliato il ponte?”
NPC_RAHANER_PLAYER_0483729e-c877-41b4-8912-84b6c2284e13_BASE,"""Le guardie al ponte laterale non mi lasciano passare."""
NPC_RAHANER_PLAYER_073b95f7-54b6-49ae-b62b-f6f7407f4898_BASE,"""Cosa posso fare con i miei punti abilità?"""
NPC_RAHANER_PLAYER_0b991430-e34f-4197-9d89-769f7d71194e_HEROIC,"Pino e pietra. Li procurerò, visto che nessun altro può farlo."
NPC_RAHANER_PLAYER_0b991430-e34f-4197-9d89-769f7d71194e_JOKER,Pino e pietra. Bello sapere che il mio collo vale meno di quello di un contadino.
NPC_RAHANER_PLAYER_0b991430-e34f-4197-9d89-769f7d71194e_SCHOLAR,"Pino e pietra, in quantità. Bene; preciso che nemmeno io mi occupo di agricoltura."
NPC_RAHANER_PLAYER_0b991430-e34f-4197-9d89-769f7d71194e_STOIC,Pino e pietra. Bene.
NPC_RAHANER_PLAYER_12c2d36a-e0f4-4468-b044-e3026dab8596_HEROIC,"Se incontrerò un punto da attrezzare, poserò le corde. Ma non andrò oltre."
NPC_RAHANER_PLAYER_12c2d36a-e0f4-4468-b044-e3026dab8596_JOKER,"Se capito in un punto da attrezzare, ci metto le corde. Ma non aspettarti una parata."
NPC_RAHANER_PLAYER_12c2d36a-e0f4-4468-b044-e3026dab8596_SCHOLAR,"Se passerò da una delle postazioni, la attrezzerò. Non fare affidamento su altro."
NPC_RAHANER_PLAYER_12c2d36a-e0f4-4468-b044-e3026dab8596_STOIC,Piazzerò le corde se passo da un punto da attrezzare. Nient'altro.
NPC_RAHANER_PLAYER_1650d2d1-4de2-4863-9e9f-3dce2ff19f53_HEROIC,"È servita tenacia, ma abbiamo prevalso."
NPC_RAHANER_PLAYER_1650d2d1-4de2-4863-9e9f-3dce2ff19f53_JOKER,"Non è stato facile. Ci siamo riusciti comunque, ed è la parte che conta."
NPC_RAHANER_PLAYER_1650d2d1-4de2-4863-9e9f-3dce2ff19f53_SCHOLAR,"Nonostante la difficoltà del compito, abbiamo avuto successo."
NPC_RAHANER_PLAYER_1650d2d1-4de2-4863-9e9f-3dce2ff19f53_STOIC,Non è stato facile. Ce l'abbiamo fatta.
NPC_RAHANER_PLAYER_17953431-db93-478b-a618-a9aef433672f_BASE,Perché hai così pochi combattenti?
NPC_RAHANER_PLAYER_185dfbda-a606-4cd7-b8b1-038fe868f5cb_HEROIC,Seguo gli ordini del mago blu. È tutto qui.
NPC_RAHANER_PLAYER_185dfbda-a606-4cd7-b8b1-038fe868f5cb_JOKER,"Fare quello che dice il mago blu è l'unico brivido che mi resta, di questi tempi."
NPC_RAHANER_PLAYER_185dfbda-a606-4cd7-b8b1-038fe868f5cb_SCHOLAR,Il mago blu impartisce gli ordini. Io li eseguo. È così semplice.
NPC_RAHANER_PLAYER_185dfbda-a606-4cd7-b8b1-038fe868f5cb_STOIC,Seguo solo gli ordini di un mago blu.
NPC_RAHANER_PLAYER_1a94b991-68da-42d3-ac5e-7ee1c7bbbc2b_HEROIC,I miei obiettivi appartengono solo a me. E sarà sempre così.
NPC_RAHANER_PLAYER_1a94b991-68da-42d3-ac5e-7ee1c7bbbc2b_JOKER,"I miei obiettivi restano con me, e non hanno in programma un trasloco."
NPC_RAHANER_PLAYER_1a94b991-68da-42d3-ac5e-7ee1c7bbbc2b_SCHOLAR,I miei obiettivi sono miei. La paternità non cambia.
NPC_RAHANER_PLAYER_1a94b991-68da-42d3-ac5e-7ee1c7bbbc2b_STOIC,I miei obiettivi sono miei. Lo saranno sempre.
NPC_RAHANER_PLAYER_2eb83b39-3a44-46be-bc91-23827bb59463_HEROIC,Non è una preoccupazione che ti spetta portare.
NPC_RAHANER_PLAYER_2eb83b39-3a44-46be-bc91-23827bb59463_JOKER,Oggi non ti riguarda. Magari domani.
NPC_RAHANER_PLAYER_2eb83b39-3a44-46be-bc91-23827bb59463_SCHOLAR,Non è di tua competenza. Mi fermerei qui.
NPC_RAHANER_PLAYER_2eb83b39-3a44-46be-bc91-23827bb59463_STOIC,Non ti riguarda.
NPC_RAHANER_PLAYER_2f47a81a-adfb-447e-b173-d2e6ad1856e4_HEROIC,Significa molto per me. Grazie.
NPC_RAHANER_PLAYER_2f47a81a-adfb-447e-b173-d2e6ad1856e4_JOKER,Ringraziamento ricevuto e registrato. Grazie.
NPC_RAHANER_PLAYER_2f47a81a-adfb-447e-b173-d2e6ad1856e4_SCHOLAR,Grazie. Parole simili sono più rare di quanto dovrebbero.
NPC_RAHANER_PLAYER_2f47a81a-adfb-447e-b173-d2e6ad1856e4_STOIC,Grazie. Lo apprezzo.
NPC_RAHANER_PLAYER_2f7b03ec-f143-4fc8-8a8e-cb2dfcfb3b36_BASE,"""Perché gli attributi sono così importanti?"""
NPC_RAHANER_PLAYER_3a3bb8f0-ea78-4980-90e0-93619cbdcf87_BASE,“Quanto è stato grave l'attacco degli spiriti?”
NPC_RAHANER_PLAYER_3cb82b1c-75c5-4cb1-9e77-9cfa29d6b190_HEROIC,Cosa ti ha spinto ad andartene dopo tanto tempo?
NPC_RAHANER_PLAYER_3cb82b1c-75c5-4cb1-9e77-9cfa29d6b190_JOKER,"Cosa ti ha convinto, alla fine, a fare i bagagli dopo tutti quegli anni?"
NPC_RAHANER_PLAYER_3cb82b1c-75c5-4cb1-9e77-9cfa29d6b190_SCHOLAR,"Quale fattore ha determinato la decisione, dopo tanto tempo?"
NPC_RAHANER_PLAYER_3cb82b1c-75c5-4cb1-9e77-9cfa29d6b190_STOIC,Perché andartene dopo tanto?
NPC_RAHANER_PLAYER_43a12d3b-2ac2-4b1a-8905-34e451f86d6c_HEROIC,Sono a disposizione per aiutare il villaggio in ogni modo possibile.
NPC_RAHANER_PLAYER_43a12d3b-2ac2-4b1a-8905-34e451f86d6c_JOKER,"Il villaggio ha due mani in più. Che fortuna, per loro."
NPC_RAHANER_PLAYER_43a12d3b-2ac2-4b1a-8905-34e451f86d6c_SCHOLAR,"Qualunque sia la necessità del villaggio, posso contribuire."
NPC_RAHANER_PLAYER_43a12d3b-2ac2-4b1a-8905-34e451f86d6c_STOIC,Farò il possibile per aiutare il villaggio.
NPC_RAHANER_PLAYER_47bc0347-0c34-42a4-b184-2cb8a1f777a0_HEROIC,Le creature sono cadute. La strada è aperta.
NPC_RAHANER_PLAYER_47bc0347-0c34-42a4-b184-2cb8a1f777a0_JOKER,Le creature sono pessimi blocchi stradali. Ora la via è libera.
NPC_RAHANER_PLAYER_47bc0347-0c34-42a4-b184-2cb8a1f777a0_SCHOLAR,Molte creature occupavano il percorso. Ora non più.
NPC_RAHANER_PLAYER_47bc0347-0c34-42a4-b184-2cb8a1f777a0_STOIC,C'erano creature sulla mia strada. Ora è libera.
NPC_RAHANER_PLAYER_4819053f-dff0-4c35-9809-fae2256c22ae_BASE,"""Ho completato l'addestramento."""
NPC_RAHANER_PLAYER_48bb4e5d-46d5-4542-87ec-977daa54848e_HEROIC,"Impareranno, e ogni battaglia futura li renderà più forti."
NPC_RAHANER_PLAYER_48bb4e5d-46d5-4542-87ec-977daa54848e_JOKER,"C'è ancora tanto da combattere. Impareranno in fretta, o diventeranno bravissimi a schivare."
NPC_RAHANER_PLAYER_48bb4e5d-46d5-4542-87ec-977daa54848e_SCHOLAR,Impareranno. Gli scontri futuri saranno un maestro scrupoloso.
NPC_RAHANER_PLAYER_48bb4e5d-46d5-4542-87ec-977daa54848e_STOIC,Impareranno. Restano altre battaglie.
NPC_RAHANER_PLAYER_4da8da61-39cc-4986-b23e-6586b0a5a13c_BASE,Sembra che tu abbia molta esperienza con i goblin?
NPC_RAHANER_PLAYER_51a2c3c4-c77d-4f23-a880-776f6b61b0f9_BASE,“Il sindaco deve detestarlo.”
NPC_RAHANER_PLAYER_5593c4b0-d6b5-4356-b7b7-2f8e02193b4d_HEROIC,Ora il sindaco lascia la gente fuori dai cancelli?
NPC_RAHANER_PLAYER_5593c4b0-d6b5-4356-b7b7-2f8e02193b4d_JOKER,Quindi adesso il sindaco ha deciso di sbattere la porta in faccia alla gente?
NPC_RAHANER_PLAYER_5593c4b0-d6b5-4356-b7b7-2f8e02193b4d_SCHOLAR,Il sindaco sta davvero negando l'accesso alle persone?
NPC_RAHANER_PLAYER_5593c4b0-d6b5-4356-b7b7-2f8e02193b4d_STOIC,Ora il sindaco chiude fuori la gente?
NPC_RAHANER_PLAYER_5cb151c4-29c0-46cf-9584-e90f1c7df4c2_BASE,"""Di cosa ti occupi qui?"""
NPC_RAHANER_PLAYER_6a5bcc27-4040-482d-a150-e6aa804fa158_HEROIC,"Le vostre difese sono cadute, e ora chiedete ancora il mio aiuto?"
NPC_RAHANER_PLAYER_6a5bcc27-4040-482d-a150-e6aa804fa158_JOKER,Le difese crollano e tornate di corsa a chiedere una mano?
NPC_RAHANER_PLAYER_6a5bcc27-4040-482d-a150-e6aa804fa158_SCHOLAR,"Le vostre difese hanno ceduto e, ancora una volta, richiedete il mio intervento?"
NPC_RAHANER_PLAYER_6a5bcc27-4040-482d-a150-e6aa804fa158_STOIC,Difese crollate. E di nuovo chiedete aiuto a me?
NPC_RAHANER_PLAYER_6b02d1b6-7900-4e87-b1df-e5a2e9a1652c_HEROIC,"La foresta brulicava di creature aggressive, ma ho aperto un varco combattendo."
NPC_RAHANER_PLAYER_6b02d1b6-7900-4e87-b1df-e5a2e9a1652c_JOKER,La foresta era piena di creature aggressive. Ho preso la fuga. La dignità poteva aspettare.
NPC_RAHANER_PLAYER_6b02d1b6-7900-4e87-b1df-e5a2e9a1652c_SCHOLAR,La foresta era gremita di creature ostili. Troppe per attribuirlo al caso.
NPC_RAHANER_PLAYER_6b02d1b6-7900-4e87-b1df-e5a2e9a1652c_STOIC,La foresta era piena di creature aggressive. Ho salvato la pelle a stento.
NPC_RAHANER_PLAYER_6bcf14cb-3f8a-4f71-b7b6-2b6fcbb6bc8d_HEROIC,Molto bene. Torneremo a parlare quando avrò completato l'addestramento.
NPC_RAHANER_PLAYER_6bcf14cb-3f8a-4f71-b7b6-2b6fcbb6bc8d_JOKER,Ne riparliamo dopo l'addestramento. Sempre che io sopravviva.
NPC_RAHANER_PLAYER_6bcf14cb-3f8a-4f71-b7b6-2b6fcbb6bc8d_SCHOLAR,"Capisco. Una volta concluso l'addestramento, confronteremo le osservazioni."
NPC_RAHANER_PLAYER_6bcf14cb-3f8a-4f71-b7b6-2b6fcbb6bc8d_STOIC,Ne riparliamo quando avrò finito l'addestramento.
NPC_RAHANER_PLAYER_6e2b936f-1216-4415-a86a-cb8c346ab3a9_BASE,"""Piacere di conoscerti. Mi dispiace vedere il villaggio in questo stato."""
NPC_RAHANER_PLAYER_70ff3fcf-2c0d-4fc1-a2a8-466236d4c2b9_HEROIC,Capisco. Molte battaglie hanno temprato anche me.
NPC_RAHANER_PLAYER_70ff3fcf-2c0d-4fc1-a2a8-466236d4c2b9_JOKER,Capisco. Anche nel mio passato le battaglie non mancano.
NPC_RAHANER_PLAYER_70ff3fcf-2c0d-4fc1-a2a8-466236d4c2b9_SCHOLAR,Comprendo. Anch'io ho contato la mia parte di battaglie.
NPC_RAHANER_PLAYER_70ff3fcf-2c0d-4fc1-a2a8-466236d4c2b9_STOIC,Capisco. Ho visto molte battaglie anch'io.
NPC_RAHANER_PLAYER_723b2f95-18c7-423e-bd21-36fc0e97b09d_HEROIC,Puoi contare sul mio aiuto.
NPC_RAHANER_PLAYER_723b2f95-18c7-423e-bd21-36fc0e97b09d_JOKER,Sono arrivati gli aiuti. Gli applausi sono facoltativi.
NPC_RAHANER_PLAYER_723b2f95-18c7-423e-bd21-36fc0e97b09d_SCHOLAR,Sono qui per aiutare. Qual è la prima necessità?
NPC_RAHANER_PLAYER_723b2f95-18c7-423e-bd21-36fc0e97b09d_STOIC,Sono qui per aiutare.
NPC_RAHANER_PLAYER_767991f0-816f-4af5-a807-78b66ce01870_HEROIC,"Hanno tenuto duro mentre i goblin si avvicinavano, senza mai vacillare sotto pressione."
NPC_RAHANER_PLAYER_767991f0-816f-4af5-a807-78b66ce01870_JOKER,Goblin dappertutto e nessuno che facesse una piega. Gente solida.
NPC_RAHANER_PLAYER_767991f0-816f-4af5-a807-78b66ce01870_SCHOLAR,"Hanno mantenuto il controllo per tutta l'ondata dei goblin, senza un solo cedimento."
NPC_RAHANER_PLAYER_767991f0-816f-4af5-a807-78b66ce01870_STOIC,Hanno tenuto la calma. I goblin li circondavano e non hanno ceduto.
NPC_RAHANER_PLAYER_76e3dd61-3d8e-4f18-bb62-31cc5ad89389_HEROIC,Sembra che tu lo custodisca ancora nel cuore.
NPC_RAHANER_PLAYER_76e3dd61-3d8e-4f18-bb62-31cc5ad89389_JOKER,Si direbbe che ti abbia lasciato il segno.
NPC_RAHANER_PLAYER_76e3dd61-3d8e-4f18-bb62-31cc5ad89389_SCHOLAR,Ne senti la mancanza. Questo è evidente.
NPC_RAHANER_PLAYER_76e3dd61-3d8e-4f18-bb62-31cc5ad89389_STOIC,Sembra che ti manchi.
NPC_RAHANER_PLAYER_78b5a2e7-7e01-49c2-b287-c5f537db8f13_HEROIC,"Qualcuno ha avuto il coraggio di fermarlo, dunque. Bene."
NPC_RAHANER_PLAYER_78b5a2e7-7e01-49c2-b287-c5f537db8f13_JOKER,"Qualcuno sarà intervenuto a fermare la festa, volenti o nolenti."
NPC_RAHANER_PLAYER_78b5a2e7-7e01-49c2-b287-c5f537db8f13_SCHOLAR,Qualcuno doveva intervenire per impedirlo. Evidentemente è accaduto.
NPC_RAHANER_PLAYER_78b5a2e7-7e01-49c2-b287-c5f537db8f13_STOIC,Qualcuno dev'essere intervenuto a fermarlo.
NPC_RAHANER_PLAYER_7ed49f8b-e3f1-49ac-a0c3-e411b08d0ab1_BASE,Mi racconti qualcosa di più delle tue tattiche?
NPC_RAHANER_PLAYER_80af5ea2-af19-4160-b806-ef76a7897cc2_HEROIC,"Allora si stava meglio, o c'era soltanto più silenzio?"
NPC_RAHANER_PLAYER_80af5ea2-af19-4160-b806-ef76a7897cc2_JOKER,"Erano davvero tempi migliori, o solo tempi con più spigoli?"
NPC_RAHANER_PLAYER_80af5ea2-af19-4160-b806-ef76a7897cc2_SCHOLAR,"Si considerava un'epoca migliore, o semplicemente diversa?"
NPC_RAHANER_PLAYER_80af5ea2-af19-4160-b806-ef76a7897cc2_STOIC,Erano tempi migliori?
NPC_RAHANER_PLAYER_80dfcb5c-1c39-44e9-9772-b5d44ce6e803_HEROIC,È un onore sostenere la gente di Earlwood.
NPC_RAHANER_PLAYER_80dfcb5c-1c39-44e9-9772-b5d44ce6e803_JOKER,"La gente di Earlwood non sa cosa le aspetta, con un aiuto come questo."
NPC_RAHANER_PLAYER_80dfcb5c-1c39-44e9-9772-b5d44ce6e803_SCHOLAR,Mi fa piacere essere utile alla gente di Earlwood. Merita prospettive migliori.
NPC_RAHANER_PLAYER_80dfcb5c-1c39-44e9-9772-b5d44ce6e803_STOIC,Fa piacere aiutare la gente di Earlwood.
NPC_RAHANER_PLAYER_81dfef52-7818-41d6-93c0-6e0423bcb586_HEROIC,Dimmi cosa bisogna fare.
NPC_RAHANER_PLAYER_81dfef52-7818-41d6-93c0-6e0423bcb586_JOKER,Cosa c'è da fare stavolta? I miei stivali hanno appena sospirato.
NPC_RAHANER_PLAYER_81dfef52-7818-41d6-93c0-6e0423bcb586_SCHOLAR,Descrivi il compito. Valuterò quali strumenti richiede.
NPC_RAHANER_PLAYER_81dfef52-7818-41d6-93c0-6e0423bcb586_STOIC,Cosa devo fare?
NPC_RAHANER_PLAYER_81f8910a-8083-4719-8788-7efc0eb80357_HEROIC,Provvederò senza indugio.
NPC_RAHANER_PLAYER_81f8910a-8083-4719-8788-7efc0eb80357_JOKER,Meglio non far aspettare il perimetro.
NPC_RAHANER_PLAYER_81f8910a-8083-4719-8788-7efc0eb80357_SCHOLAR,Vado subito. I danni aumentano mentre parliamo.
NPC_RAHANER_PLAYER_81f8910a-8083-4719-8788-7efc0eb80357_STOIC,Ci vado subito.
NPC_RAHANER_PLAYER_84765ed4-6f9f-4981-8d1b-2d94e7d60e0e_HEROIC,"Sembra una scelta dura, ma deve esserci una ragione."
NPC_RAHANER_PLAYER_84765ed4-6f9f-4981-8d1b-2d94e7d60e0e_JOKER,"Dura. Una ragione ci sarà, nascosta da qualche parte."
NPC_RAHANER_PLAYER_84765ed4-6f9f-4981-8d1b-2d94e7d60e0e_SCHOLAR,Sembra effettivamente severo. Deve esserci una motivazione di fondo.
NPC_RAHANER_PLAYER_84765ed4-6f9f-4981-8d1b-2d94e7d60e0e_STOIC,Duro. Ci sarà un motivo.
NPC_RAHANER_PLAYER_882476b5-f93e-44b0-9b67-2f8e28cde02b_BASE,Esci
NPC_RAHANER_PLAYER_8c57c749-d6ec-4da6-bf9b-66c13ff1f3a2_HEROIC,"Le guardie hanno semplicemente obbedito, senza il coraggio di resistere?"
NPC_RAHANER_PLAYER_8c57c749-d6ec-4da6-bf9b-66c13ff1f3a2_JOKER,Quindi le guardie si sono afflosciate più in fretta di una tenda da quattro soldi?
NPC_RAHANER_PLAYER_8c57c749-d6ec-4da6-bf9b-66c13ff1f3a2_SCHOLAR,E le guardie hanno obbedito? Viltà o semplice esecuzione degli ordini?
NPC_RAHANER_PLAYER_8c57c749-d6ec-4da6-bf9b-66c13ff1f3a2_STOIC,Le guardie hanno obbedito come codardi?
NPC_RAHANER_PLAYER_8eb20551-eb5f-4a43-915c-11a28ba9c7ed_HEROIC,Cosa mi darà l'addestramento?
NPC_RAHANER_PLAYER_8eb20551-eb5f-4a43-915c-11a28ba9c7ed_JOKER,"Cosa fa il tuo addestramento, a parte farmi dolere tutto?"
NPC_RAHANER_PLAYER_8eb20551-eb5f-4a43-915c-11a28ba9c7ed_SCHOLAR,"Quali cambiamenti produce l'addestramento, esattamente?"
NPC_RAHANER_PLAYER_8eb20551-eb5f-4a43-915c-11a28ba9c7ed_STOIC,A cosa serve?
NPC_RAHANER_PLAYER_8f3e7c76-3c5f-4a67-8e36-b33f776bc0da_HEROIC,"È una vita dura, ma le difficoltà si possono superare."
NPC_RAHANER_PLAYER_8f3e7c76-3c5f-4a67-8e36-b33f776bc0da_JOKER,Una vita dura. Scommetto che almeno non ci si annoia.
NPC_RAHANER_PLAYER_8f3e7c76-3c5f-4a67-8e36-b33f776bc0da_SCHOLAR,"Una vita dura. Ancora più difficile da abbandonare, immagino."
NPC_RAHANER_PLAYER_8f3e7c76-3c5f-4a67-8e36-b33f776bc0da_STOIC,Sembra una vita dura.
NPC_RAHANER_PLAYER_91b9e219-bb43-42dc-9f25-2f8d0c0a5ab0_HEROIC,La foresta offriva ciò che serviva. L'ho trovato senza grandi difficoltà.
NPC_RAHANER_PLAYER_91b9e219-bb43-42dc-9f25-2f8d0c0a5ab0_JOKER,La foresta me l'ha praticamente messo in mano. Nessun problema.
NPC_RAHANER_PLAYER_91b9e219-bb43-42dc-9f25-2f8d0c0a5ab0_SCHOLAR,La foresta conteneva tutto il necessario. L'ho ottenuto senza combattere.
NPC_RAHANER_PLAYER_91b9e219-bb43-42dc-9f25-2f8d0c0a5ab0_STOIC,Ho trovato tutto nella foresta. Poche difficoltà.
NPC_RAHANER_PLAYER_9b7c7054-f130-42f9-bc89-96de9c062631_BASE,"""Posso recuperare l'esperienza e i punti abilità?"""
NPC_RAHANER_PLAYER_9d32555a-0a1b-4ace-9a42-00bfc90f3c1b_BASE,A cosa stai pensando?
NPC_RAHANER_PLAYER_9e90e407-d801-4899-9a08-1b9c1d8d21e2_BASE,“Perché il sindaco aveva tanta paura?”
NPC_RAHANER_PLAYER_9f49a617-0f4d-40a4-a84d-3e4877a58eae_HEROIC,Ha ottenuto la vittoria senza neppure dover sguainare la spada.
NPC_RAHANER_PLAYER_9f49a617-0f4d-40a4-a84d-3e4877a58eae_JOKER,Ha fatto sembrare facile la resa.
NPC_RAHANER_PLAYER_9f49a617-0f4d-40a4-a84d-3e4877a58eae_SCHOLAR,Ha prevalso senza mai ricorrere alle armi.
NPC_RAHANER_PLAYER_9f49a617-0f4d-40a4-a84d-3e4877a58eae_STOIC,Ha vinto senza combattere.
NPC_RAHANER_PLAYER_9fdf43fc-3a3b-453a-b7a6-725279e0b732_HEROIC,Mi basta per procedere. Ti ringrazio.
NPC_RAHANER_PLAYER_9fdf43fc-3a3b-453a-b7a6-725279e0b732_JOKER,Mi basta così. Grazie per avermela fatta facile.
NPC_RAHANER_PLAYER_9fdf43fc-3a3b-453a-b7a6-725279e0b732_SCHOLAR,Il quadro è completo. Grazie per la precisione.
NPC_RAHANER_PLAYER_9fdf43fc-3a3b-453a-b7a6-725279e0b732_STOIC,È tutto ciò che mi serve sapere. Grazie.
NPC_RAHANER_PLAYER_9fe6957c-27d3-44b6-8ae6-71a1813a9791_HEROIC,"Anche con la disciplina, ho poche speranze per loro. Contadini e cacciatori contro una corruzione soverchiante."
NPC_RAHANER_PLAYER_9fe6957c-27d3-44b6-8ae6-71a1813a9791_JOKER,"Se aratri e trappole non spaventano la corruzione, per loro la vedo dura."
NPC_RAHANER_PLAYER_9fe6957c-27d3-44b6-8ae6-71a1813a9791_SCHOLAR,Contadini e cacciatori contro la corruzione. Le probabilità appaiono sfavorevoli.
NPC_RAHANER_PLAYER_9fe6957c-27d3-44b6-8ae6-71a1813a9791_STOIC,Ho poche speranze per loro. Contadini e cacciatori non hanno possibilità contro questa corruzione.
NPC_RAHANER_PLAYER_a16f167a-4de9-40fd-a832-9c77757496d8_HEROIC,"Vigila su quel sentimento. Senza freni, può spingerti verso l'oscurità."
NPC_RAHANER_PLAYER_a16f167a-4de9-40fd-a832-9c77757496d8_JOKER,"Occhio a quel sentimento. Se lo lasci guidare, finisci in un posto ancora più cupo di questo."
NPC_RAHANER_PLAYER_a16f167a-4de9-40fd-a832-9c77757496d8_SCHOLAR,"Sorveglia quel sentimento. Alimentato abbastanza a lungo, conduce gli uomini verso luoghi oscuri."
NPC_RAHANER_PLAYER_a16f167a-4de9-40fd-a832-9c77757496d8_STOIC,Bada a quel sentimento. Ti porterà in luoghi oscuri.
NPC_RAHANER_PLAYER_a37b1a9a-881f-4455-b33f-cced14cdd5cd_HEROIC,Devo trovare un modo per uscire da qui.
NPC_RAHANER_PLAYER_a37b1a9a-881f-4455-b33f-cced14cdd5cd_JOKER,"A dire il vero, sono qui solo per l'uscita."
NPC_RAHANER_PLAYER_a37b1a9a-881f-4455-b33f-cced14cdd5cd_SCHOLAR,Andarmene è l'intero piano.
NPC_RAHANER_PLAYER_a37b1a9a-881f-4455-b33f-cced14cdd5cd_STOIC,Cerco solo di uscire da qui.
NPC_RAHANER_PLAYER_a7f3kp9q-x2lm-8zrt-b5hn-4wc9jq2vtxy8_BASE,Quali sono i prossimi passi del mio addestramento?
NPC_RAHANER_PLAYER_a8a5b63e-3c13-42b3-8400-5e2e308d4721_BASE,"""Ho sentito che vieni da Aldoria?"""
NPC_RAHANER_PLAYER_ad1b4140-2692-442e-b60d-2649895e5648_HEROIC,Mi impegno ad aiutare chiunque ne abbia bisogno.
NPC_RAHANER_PLAYER_ad1b4140-2692-442e-b60d-2649895e5648_JOKER,Do una mano a chiunque sia nei pasticci.
NPC_RAHANER_PLAYER_ad1b4140-2692-442e-b60d-2649895e5648_SCHOLAR,Chiunque necessiti di aiuto lo riceve. È tutto il mio metodo.
NPC_RAHANER_PLAYER_ad1b4140-2692-442e-b60d-2649895e5648_STOIC,Aiuto chi ne ha bisogno.
NPC_RAHANER_PLAYER_adbaf44d-6036-495b-86df-f4ef6b52f396_HEROIC,"Hanno faticato sotto pressione, maneggiando male gli attrezzi e perdendo tempo prezioso."
NPC_RAHANER_PLAYER_adbaf44d-6036-495b-86df-f4ef6b52f396_JOKER,È arrivata la pressione e sono volati gli attrezzi. Ci è voluto più del dovuto.
NPC_RAHANER_PLAYER_adbaf44d-6036-495b-86df-f4ef6b52f396_SCHOLAR,La pressione ha interrotto il loro ritmo. Gli attrezzi sfuggivano e il lavoro si è prolungato.
NPC_RAHANER_PLAYER_adbaf44d-6036-495b-86df-f4ef6b52f396_STOIC,"Hanno ceduto sotto pressione. Attrezzi sfuggiti di mano, tempo sprecato."
NPC_RAHANER_PLAYER_aef4f6dc-f349-41d0-9bcf-c36e1c9a1dbf_HEROIC,Quella cosa ha opposto poca resistenza.
NPC_RAHANER_PLAYER_aef4f6dc-f349-41d0-9bcf-c36e1c9a1dbf_JOKER,Alla faccia della resistenza.
NPC_RAHANER_PLAYER_aef4f6dc-f349-41d0-9bcf-c36e1c9a1dbf_SCHOLAR,È caduto facilmente. Forse più facilmente del previsto.
NPC_RAHANER_PLAYER_aef4f6dc-f349-41d0-9bcf-c36e1c9a1dbf_STOIC,Ha opposto ben poca resistenza.
NPC_RAHANER_PLAYER_af8f6953-2d33-4108-9ad6-270fdd0a5625_HEROIC,Qualcosa ti turba. Dillo apertamente.
NPC_RAHANER_PLAYER_af8f6953-2d33-4108-9ad6-270fdd0a5625_JOKER,Porti quel disagio in bella vista come un distintivo.
NPC_RAHANER_PLAYER_af8f6953-2d33-4108-9ad6-270fdd0a5625_SCHOLAR,Il tuo disagio è evidente. Da cosa nasce?
NPC_RAHANER_PLAYER_af8f6953-2d33-4108-9ad6-270fdd0a5625_STOIC,La cosa sembra metterti a disagio.
NPC_RAHANER_PLAYER_b184b492-d90c-44e6-aa09-47fd604c1f2c_HEROIC,"Le corde con campanelli non vi salveranno. Nulla, qui, potrà farlo."
NPC_RAHANER_PLAYER_b184b492-d90c-44e6-aa09-47fd604c1f2c_JOKER,"Se contate sulle corde con campanelli per salvarvi, tanto vale cominciare a scavare."
NPC_RAHANER_PLAYER_b184b492-d90c-44e6-aa09-47fd604c1f2c_SCHOLAR,Le corde con campanelli guadagnano minuti. E i minuti non salveranno nessuno di voi.
NPC_RAHANER_PLAYER_b184b492-d90c-44e6-aa09-47fd604c1f2c_STOIC,Le corde con campanelli non serviranno. Morirete tutti.
NPC_RAHANER_PLAYER_b704424a-3348-49bd-a005-c55478f8af8f_HEROIC,"Non posso garantire il successo, ma valuterò la cosa con attenzione."
NPC_RAHANER_PLAYER_b704424a-3348-49bd-a005-c55478f8af8f_JOKER,Le promesse si pagano a parte. Però ci penserò.
NPC_RAHANER_PLAYER_b704424a-3348-49bd-a005-c55478f8af8f_SCHOLAR,Ancora nessuna promessa. Prima devo valutare.
NPC_RAHANER_PLAYER_b704424a-3348-49bd-a005-c55478f8af8f_STOIC,Non prometto nulla. Ci penserò.
NPC_RAHANER_PLAYER_b881bcd2-0dab-4843-839c-d8e75f1adcca_HEROIC,"Prima l'esperienza. Me la guadagnerò, e poi mi guadagnerò un nome migliore di ""recluta""."
NPC_RAHANER_PLAYER_b881bcd2-0dab-4843-839c-d8e75f1adcca_JOKER,"Prima l'esperienza. Tornerò quando ""recluta"" non mi starà più a pennello."
NPC_RAHANER_PLAYER_b881bcd2-0dab-4843-839c-d8e75f1adcca_SCHOLAR,"Prima l'esperienza, dunque. Tornerò quando ne avrò abbastanza, e potremo abbandonare ""recluta""."
NPC_RAHANER_PLAYER_b881bcd2-0dab-4843-839c-d8e75f1adcca_STOIC,Prima l'esperienza. Poi torno.
NPC_RAHANER_PLAYER_bbf3a35e-64bc-4b6e-a1d7-689cc79f2eb2_HEROIC,Dimmi cosa ti serve e provvederò. Non intendo trattenermi qui.
NPC_RAHANER_PLAYER_bbf3a35e-64bc-4b6e-a1d7-689cc79f2eb2_JOKER,"Dimmi cosa ti serve. Prima me ne vado, meglio è."
NPC_RAHANER_PLAYER_bbf3a35e-64bc-4b6e-a1d7-689cc79f2eb2_SCHOLAR,"Elenca esattamente ciò che ti occorre. Prima finirò, prima potrò andarmene."
NPC_RAHANER_PLAYER_bbf3a35e-64bc-4b6e-a1d7-689cc79f2eb2_STOIC,Dimmi solo cosa ti serve. Voglio uscire da qui.
NPC_RAHANER_PLAYER_c13a198f-1a9f-44f5-9523-e6bbfbd8d0eb_HEROIC,I tempi duri non risparmiano nessuno. I deboli diventano forti o cadono.
NPC_RAHANER_PLAYER_c13a198f-1a9f-44f5-9523-e6bbfbd8d0eb_JOKER,I tempi duri non fanno favori. I deboli si fanno le ossa o restano indietro.
NPC_RAHANER_PLAYER_c13a198f-1a9f-44f5-9523-e6bbfbd8d0eb_SCHOLAR,I tempi duri separano i deboli dai forti. La selezione non è delicata.
NPC_RAHANER_PLAYER_c13a198f-1a9f-44f5-9523-e6bbfbd8d0eb_STOIC,I deboli non supereranno i tempi duri. O si rafforzano o cadono.
NPC_RAHANER_PLAYER_c339dc50-f6a5-48ea-bc1a-2363123426aa_HEROIC,Non ho più bisogno di addestramento. Le mie cicatrici ne sono la prova.
NPC_RAHANER_PLAYER_c339dc50-f6a5-48ea-bc1a-2363123426aa_JOKER,"A meno che ""addestramento"" non abbia cambiato significato, dubito che mi serva."
NPC_RAHANER_PLAYER_c339dc50-f6a5-48ea-bc1a-2363123426aa_SCHOLAR,Non sono alle prime armi. Quali mie lacune colmerebbe questo addestramento?
NPC_RAHANER_PLAYER_c339dc50-f6a5-48ea-bc1a-2363123426aa_STOIC,Non sono alle prime armi. L'addestramento sarebbe tempo perso.
NPC_RAHANER_PLAYER_c4210af6-a5e9-4b19-83f8-e6a681e9609f_HEROIC,Esercitazioni. Cosa mi offrono che il campo di battaglia non possa darmi?
NPC_RAHANER_PLAYER_c4210af6-a5e9-4b19-83f8-e6a681e9609f_JOKER,"Esercitazioni. Stessi lividi di uno scontro, meno goblin. Dov'è il bello?"
NPC_RAHANER_PLAYER_c4210af6-a5e9-4b19-83f8-e6a681e9609f_SCHOLAR,Esercitazioni invece di esperienza sul campo. Cosa migliorano che il combattimento non migliori?
NPC_RAHANER_PLAYER_c4210af6-a5e9-4b19-83f8-e6a681e9609f_STOIC,Esercitazioni. Perché non combattere e basta?
NPC_RAHANER_PLAYER_c6ef0503-7ec2-4df0-9581-5ec79235c24e_BASE,"""Ho le risorse che mi hai chiesto."""
NPC_RAHANER_PLAYER_c99f89a1-8de6-4d2f-84f7-7278c786fa7c_HEROIC,Cosa ti ha spinto a intraprendere il viaggio verso Earlwood?
NPC_RAHANER_PLAYER_c99f89a1-8de6-4d2f-84f7-7278c786fa7c_JOKER,Quale scherzo del destino ti ha scaricato a Earlwood?
NPC_RAHANER_PLAYER_c99f89a1-8de6-4d2f-84f7-7278c786fa7c_SCHOLAR,"Cosa ti ha condotto a Earlwood, alla fine?"
NPC_RAHANER_PLAYER_c99f89a1-8de6-4d2f-84f7-7278c786fa7c_STOIC,Cosa ti ha portato a Earlwood?
NPC_RAHANER_PLAYER_cb947e48-bdc4-4dd9-b308-a6daa9f263bf_BASE,Dove devo piazzare le corde con campanelli?
NPC_RAHANER_PLAYER_e0c554a5-1f48-41bb-a46a-82e3ad2d01b7_HEROIC,Guarda avanti. Il passato ha già avuto la sua parte di te.
NPC_RAHANER_PLAYER_e0c554a5-1f48-41bb-a46a-82e3ad2d01b7_JOKER,Non è il momento di rimuginare sul passato. A meno che tu non voglia perderti il prossimo ostacolo.
NPC_RAHANER_PLAYER_e0c554a5-1f48-41bb-a46a-82e3ad2d01b7_SCHOLAR,Il passato può attendere. Il presente no.
NPC_RAHANER_PLAYER_e0c554a5-1f48-41bb-a46a-82e3ad2d01b7_STOIC,Non è il momento di rimuginare sul passato.
NPC_RAHANER_PLAYER_e2a92958-0278-4973-8c2f-543ae3c989b6_HEROIC,Il tuo apprezzamento non è necessario per fare ciò che va fatto.
NPC_RAHANER_PLAYER_e2a92958-0278-4973-8c2f-543ae3c989b6_JOKER,Conserva l'apprezzamento per qualcuno che ne abbia bisogno.
NPC_RAHANER_PLAYER_e2a92958-0278-4973-8c2f-543ae3c989b6_SCHOLAR,Il tuo apprezzamento non è necessario: l'azione ha un merito proprio.
NPC_RAHANER_PLAYER_e2a92958-0278-4973-8c2f-543ae3c989b6_STOIC,Il tuo apprezzamento non serve.
NPC_RAHANER_PLAYER_e33994a0-5704-4536-b92e-95c4c880a95b_BASE,"""Mi manda Alaric. Ha detto che ti serve aiuto?"""
NPC_RAHANER_PLAYER_e46e51d8-511b-4ec3-a338-dbb4dd791c33_HEROIC,"Sì, sarebbe un onore unirmi a voi e osservare l'addestramento."
NPC_RAHANER_PLAYER_e46e51d8-511b-4ec3-a338-dbb4dd791c33_JOKER,"Sì, mi aggrego e vedo che aria tira al tuo addestramento."
NPC_RAHANER_PLAYER_e46e51d8-511b-4ec3-a338-dbb4dd791c33_SCHOLAR,Sì. Vorrei osservare i tuoi metodi da vicino.
NPC_RAHANER_PLAYER_e46e51d8-511b-4ec3-a338-dbb4dd791c33_STOIC,Sì. Vorrei unirmi a voi e osservare l'addestramento.
NPC_RAHANER_PLAYER_e5dcf46d-e226-4727-8bc8-632a21412c84_HEROIC,Sembra che tu abbia davvero trovato ciò che cercavi.
NPC_RAHANER_PLAYER_e5dcf46d-e226-4727-8bc8-632a21412c84_JOKER,"Alla fine la ricerca ha dato i suoi frutti, allora."
NPC_RAHANER_PLAYER_e5dcf46d-e226-4727-8bc8-632a21412c84_SCHOLAR,Dunque la ricerca si è conclusa positivamente.
NPC_RAHANER_PLAYER_e5dcf46d-e226-4727-8bc8-632a21412c84_STOIC,Sembra che tu abbia trovato ciò che cercavi.
NPC_RAHANER_PLAYER_e9cfad7a-3613-45c8-bfd2-128ef356c509_BASE,"“Hai ancora qualcuno, laggiù?”"
NPC_RAHANER_PLAYER_ea229f97-c06a-4cf3-a280-4a5c7a218c99_HEROIC,Vuoi che piazzi anche delle corde con campanelli?
NPC_RAHANER_PLAYER_ea229f97-c06a-4cf3-a280-4a5c7a218c99_JOKER,Quindi vuoi che mi metta anche a tendere corde con campanelli?
NPC_RAHANER_PLAYER_ea229f97-c06a-4cf3-a280-4a5c7a218c99_SCHOLAR,"Anche corde con campanelli, dunque? Dove sarebbero più efficaci?"
NPC_RAHANER_PLAYER_ea229f97-c06a-4cf3-a280-4a5c7a218c99_STOIC,Devo piazzare anche corde con campanelli?
NPC_RAHANER_PLAYER_ef58aec1-0bb4-4be4-b004-f6b4b01fa8ab_BASE,Perché non puoi chiedere aiuto alla tua vecchia gilda?
NPC_RAHANER_PLAYER_efa036fb-2158-4432-9906-c3c13459348c_HEROIC,Trai il meglio da ciò che hai. Non è un'impresa da poco.
NPC_RAHANER_PLAYER_efa036fb-2158-4432-9906-c3c13459348c_JOKER,"Con quello che hai, riesci perfino a farlo sembrare facile."
NPC_RAHANER_PLAYER_efa036fb-2158-4432-9906-c3c13459348c_SCHOLAR,"Con queste risorse, i progressi superano quanto consentirebbero i calcoli."
NPC_RAHANER_PLAYER_efa036fb-2158-4432-9906-c3c13459348c_STOIC,Stai facendo bene con le risorse che hai.
NPC_RAHANER_PLAYER_f3a9c2e1-7b6d-4a8f-9c0e-5d1b7a2f6c3e_BASE,Il recinto a sud è stato riparato come si deve.
NPC_RAHANER_PLAYER_f65b9696-f8a8-42b1-8473-e77ea3c87e76_HEROIC,"Sono in cammino verso il Riposo di Faustas, appena oltre la foresta."
NPC_RAHANER_PLAYER_f65b9696-f8a8-42b1-8473-e77ea3c87e76_JOKER,"Si va al Riposo di Faustas, subito dopo la foresta."
NPC_RAHANER_PLAYER_f65b9696-f8a8-42b1-8473-e77ea3c87e76_SCHOLAR,"Il Riposo di Faustas, oltre la foresta. Intendo raggiungerlo a breve."
NPC_RAHANER_PLAYER_f65b9696-f8a8-42b1-8473-e77ea3c87e76_STOIC,Vado al Riposo di Faustas. Oltre la foresta.
NPC_RAHANER_PLAYER_f89ff370-703f-4fc5-bdd0-80532599e4c3_HEROIC,Riporterò il legno e la pietra. Hai la mia parola.
NPC_RAHANER_PLAYER_f89ff370-703f-4fc5-bdd0-80532599e4c3_JOKER,È ora di recuperare legno e pietra. Sarà una passeggiata fra gli alberi.
NPC_RAHANER_PLAYER_f89ff370-703f-4fc5-bdd0-80532599e4c3_SCHOLAR,"Capisco. Legno e pietra, nelle quantità indicate."
NPC_RAHANER_PLAYER_f89ff370-703f-4fc5-bdd0-80532599e4c3_STOIC,Tornerò con il legno e la pietra.
NPC_RAHANER_PLAYER_f8c5aaae-2b7d-4dbb-b40a-e4a7e86072d8_BASE,“Com'è Aldoria?”
NPC_RAHANER_PLAYER_f99bc525-e2a2-4962-a3bc-c837fc5d1477_BASE,“Forze speciali? Intendi missioni segrete?”
NPC_RAHANER_PLAYER_ffd45ad0-3c89-4b0f-8b9b-2c9dfb15970d_HEROIC,Usare ciò che sai per aiutare gli altri è una strada degna.
NPC_RAHANER_PLAYER_ffd45ad0-3c89-4b0f-8b9b-2c9dfb15970d_JOKER,Il sapere inutilizzato prende polvere. Meglio spenderlo per qualcuno.
NPC_RAHANER_PLAYER_ffd45ad0-3c89-4b0f-8b9b-2c9dfb15970d_SCHOLAR,Il sapere speso per gli altri rende interessi. Un impiego sensato.
NPC_RAHANER_PLAYER_ffd45ad0-3c89-4b0f-8b9b-2c9dfb15970d_STOIC,Aiutare gli altri è un buon uso di ciò che sai.
NPC_RAHANER_PLAYER_q09q87r7_HEROIC,Mi insegnerai come addestrarmi?
NPC_RAHANER_PLAYER_q09q87r7_JOKER,Mi sveli il segreto dell'addestramento?
NPC_RAHANER_PLAYER_q09q87r7_SCHOLAR,"Cosa comporta, concretamente, un addestramento corretto?"
NPC_RAHANER_PLAYER_q09q87r7_STOIC,Puoi insegnarmi ad addestrarmi?
NPC_RAHANER_RESPONSE_06117916-83d6-4cf6-82ef-4dcf3a06db36,"""Faustas, eh? Dovrai aspettare. Il ponte è distrutto. Pensavo l'avessi visto.""\n\n""Finché non lo riparano, renditi utile. Sono qui, se vuoi addestrarti o parlare."""
NPC_RAHANER_RESPONSE_0f60f524-78d6-43bb-85ce-d01cd0854d0e,"""Guarda i varchi, i recinti rotti, i sentieri stretti, i margini dei campi. Passano da lì."""
NPC_RAHANER_RESPONSE_13b27ed4-e0bb-4b4c-8100-96401351d8fd,"*Rahaner ride piano, incrociando le braccia.*\n\n""Meglio che lasciarlo marcire nelle ossa. Se evito anche solo a un idiota di morire da stupido, è tempo ben speso."""
NPC_RAHANER_RESPONSE_1518d0a5-5027-41b8-9634-1dbf88a0587c,"""Bene. Prendi le parole e mettile al lavoro."""
NPC_RAHANER_RESPONSE_15e88c4b-a6b2-4d6e-b61b-77eb133c13be,"""È così. Essere pronti serve. Averne nostalgia è pericoloso.""\n\n\n\n""A dire il vero, sono combattuto. Non lo confido a ogni avventuriero di passaggio. Meriti più sincerità di molti altri.\n\nQuando ripenso ai miei anni di servizio, orgoglio non è la prima parola che mi viene. C'era il dovere, sì. Capacità. Resistenza. C'era anche sangue su scelte che un tempo chiamavo necessarie.\n\nEppure, quando i guai si addensano come ora, ne sento tornare la vecchia forza. La mente si affila. Il corpo ricorda il suo scopo. Ogni passo, ogni parola, ogni mano alzata sembra contare.\n\nC'è vita, in questo. Vita vera. Ma devi dominarla, o sarà lei a dominare te."""
NPC_RAHANER_RESPONSE_15f90a5a-5a3e-46bc-82a3-6b88a2d93e60,"*Annuisce lentamente; il suo mezzo sorriso si distende.*\n\n""Sto ancora cercando di capirlo. Ma questo... questo sembra più giusto di tutto ciò che ho fatto prima."""
NPC_RAHANER_RESPONSE_1646567e-883b-44c8-9ca5-9bd15029c169,"""Sospetto che tu abbia addolcito la verità. Ma fa comunque piacere sentirlo.""\n\n\n\n*Rahaner parla con gravità.*\n\n""Quasi tutti alle prime armi. Pochissimi avevano visto un vero combattimento prima di questo disastro. Alcuni erano semplici cacciatori che si sono fatti avanti allo scoppio della crisi. Il sindaco ha chiuso loro le porte in faccia. Li ha lasciati fuori a morire con gli altri. Quanto a combattenti addestrati, siamo pochi. Alaric è bloccato qui al villaggio, Eldorian si divide in due dove può e Corin non può lasciare il nord."""
NPC_RAHANER_RESPONSE_1809d368-3af2-4cc0-89d0-9c912f62a652,"""La tua prontezza ad agire fa bene a questo vecchio cuore.""\n\n\n\n*Rahaner posa il rapporto e ti guarda negli occhi, ormai del tutto concentrato sul compito.*\n\n""Mi servi prima sul perimetro nord. Respingi i goblin e stabilizza la linea. Poi vai a sud e tieni il fianco mentre i nostri ricostruiscono le difese."""
NPC_RAHANER_RESPONSE_20fbd71a-40d2-4cc1-8325-cc7d365a34db,"""Non più. L'esercito mi ha portato via quasi tutti i legami. Il tempo ha preso il resto. Anche tornando, non saprei chi andare a trovare."""
NPC_RAHANER_RESPONSE_2224d9de-8a99-4fc8-9ba6-362982a101c4,"*Ride piano, incrociando le braccia.*\n\n""Attenzione. L'orgoglio è una lama pesante. Tende a tagliare dalla parte sbagliata. Comunque, bel lavoro.""\n\n""Mi fa piacere averti là fuori con noi. La gente dorme un po' meglio con qualcuno come te nei paraggi. Grazie."""
NPC_RAHANER_RESPONSE_2991ff77-f353-4917-bbc4-dab67942bc11,"""Aldoria, eh? È da un po' che nessuno mi chiede di quel posto. Ci ho passato quasi tutta la vita. Sono arrivato a Earlwood solo cinque anni fa."""
NPC_RAHANER_RESPONSE_29c014fa-6418-4e4a-87dd-27b9b7b4c1f6,"""Da soli, contadini e cacciatori no. Ma non intendo lasciarli così. Ne farò dei veri avventurieri. Pronti ad affrontare insieme ciò che arriva."""
NPC_RAHANER_RESPONSE_2adf05ab-644f-4e54-b4f4-a85bdb223a0d,"""Bene. Allora ascolta. Cominciamo le istruzioni.""\n\n\n\n*Il riso di Rahaner si spegne mentre si volta verso i novizi, con la schiena dritta e il tono fermo, controllato.*\n\n""Ascoltate. Le ultime settimane sono state dure per tutti. Alcuni di voi avevano appena impugnato una lama quando sono cominciati gli scontri. Siete inesperti e avete paura. Non c'è vergogna. Ma non resteremo così. Ci addestriamo. Impariamo. Ci proteggiamo a vicenda.\n\nI goblin preferiscono il buio. Aspettano che abbassiate la guardia, poi vi arrivano alle spalle e vi abbattono. Per impedirlo, la lezione di oggi è semplice: trappole con corde e campanelli. Le piazzerete nei punti chiave dei terreni agricoli, per avvisarci dei loro movimenti. Urtano una corda, noi sentiamo. E li aspettiamo pronti.\n\nPrendete l'occorrente e muovetevi in coppia. Non andate a zonzo. Ci sono ancora goblin in quei campi."""
NPC_RAHANER_RESPONSE_2cb71c8a-9a6a-4f2b-b69b-9fcfe44ff985,"*Rahaner espira dal naso e lancia un'occhiata al muro.*\n\n""Le cose cambiano. Un uomo invecchia. Posa il passato e guarda cosa può ancora costruire.""\n\n""Ho servito nell'esercito di Aldoria. Forze speciali. Molto tempo sul campo. Abbastanza da vedere troppo."""
NPC_RAHANER_RESPONSE_302f2928-06cf-40c7-967a-cfdf3b7b1aef,"""Mi fa piacere rivederti. La foresta peggiora ogni giorno. Non l'ho mai vista così. Nemmeno i veterani sanno spiegarselo.""\n\n""Hai dimostrato di essere più di una spada di passaggio. Resta con noi. Ci servirà gente come te."""
NPC_RAHANER_RESPONSE_30d2df36-3cc6-4b42-9802-76b1e5f33440,"""Quelle guardie al ponte? Hanno ordini precisi. Non far passare nessuno nel resto del villaggio."""
NPC_RAHANER_RESPONSE_30dc8426-0932-4d2e-b825-a27b9a97e04d,"""Troppa. I soldati di Aldoria passano la vita fra le forze di Xwin e le infestazioni di goblin. Bruci un covo, ne spuntano altri sulle colline. Ignorali abbastanza a lungo e ti svegli con un re sulla porta. Come noi, adesso."""
NPC_RAHANER_RESPONSE_328db280-6f2e-4c00-bf63-c3c8265143c7,"""Uno l'ha fatto. Senza neanche alzare la voce.""\n\n""Alaric è andato dritto in prima linea. Li ha fissati finché hanno ceduto. Niente spada. Solo uno sguardo. Hanno lasciato il quartiere della Sede della Gilda senza una parola."""
NPC_RAHANER_RESPONSE_359398d4-9279-4c4f-b76f-3e89a7f1a537,"*Accenna un sorriso che non raggiunge del tutto gli occhi.*\n\n""Avevo ancora anni davanti e niente da dimostrare. A questo villaggio... serviva qualcuno che restasse e trasmettesse ciò che sapeva.""\n\n*Rahaner sorride appena, con lo sguardo lontano.*\n\n""Appesa la spada, sono venuto a cercare qualcosa di diverso. Non più facile. Che valesse di più. Alla gilda serviva un mentore. Sono rimasto."""
NPC_RAHANER_RESPONSE_3c278574-6146-4c82-86b8-9e7c31562aa5,"""Una risposta degna. Ricorda solo che anche la pietà deve nascere dal tuo giudizio. Non dalla sola abitudine.""\n\n\n\n""Ammetto una cosa: quando hai messo piede qui la prima volta, non sapevo cosa pensare di te. Nessuno esce da un Varco inattivo da tanto tempo senza portarsi dietro delle domande.\n\nMa le domande non sono risposte. Da allora ti ho osservato. Ascolti. Agisci. Torni quando la gente conta su di te.\n\nÈ abbastanza raro da meritare di essere detto. Apprezzo che tu sia qui."""
NPC_RAHANER_RESPONSE_3e0d4808-ef32-41bc-aea9-84429dc725c3,"*Rahaner annuisce lentamente, con evidente rispetto nello sguardo.*\n\n""Bene. Uno scontro del genere mette alla prova il tuo acciaio. Dentro e fuori. Sembra che tu abbia retto.""\n\n""Mi fa piacere averti là fuori con noi. La gente dorme un po' meglio con qualcuno come te nei paraggi. Grazie."""
NPC_RAHANER_RESPONSE_48e8bf1c-6ea3-4c46-89c9-fee46238bbf7,"*Rahaner accenna un sorriso d'intesa, ma la sua postura si fa un poco più eretta.*\n\n""Pensavo che Earlwood comincia a sembrare un accampamento militare prima dell'alba. Tutti in attesa. Tutti a fingere di non tendere l'orecchio al primo corno.\n\nMi riporta a quando ero soldato."""
NPC_RAHANER_RESPONSE_4a08dc28-cf76-4d8c-866b-4cf59e6a7d15,"""Non hanno discusso l'ordine. Ma non hanno nemmeno tenuto la posizione. Appena qualcuno ha mostrato carattere, hanno ceduto.""\n\n""Alaric è andato dritto in prima linea. Li ha fissati finché hanno ceduto. Niente spada. Solo uno sguardo. Hanno lasciato il quartiere della Sede della Gilda senza una parola."""
NPC_RAHANER_RESPONSE_4a3de0d2-36de-4a27-abfe-1fddac7f2bf0,"""Suona crudele. Ma c'è del vero. Ne ho visti tanti indurirsi. O sparire.""\n\n\n\n*Lo sguardo di Rahaner si perde lontano per un istante, poi torna su di te.*\n\n""Ho addestrato molti combattenti, negli anni. Dopo il congedo dal servizio di Aldoria, la Gilda degli Avventurieri del posto mi ha assunto per formare le reclute. Soprattutto ex soldati e ragazzi di città. Avevano bisogno solo di un addestramento specialistico. Qui è diverso. Contadini e cacciatori. Gente disperata. Per loro, disciplina e buone tattiche sono tutto. Così si resiste a mostri più numerosi e più forti."""
NPC_RAHANER_RESPONSE_4a5ed546-b7a0-4d46-8138-1b8469dd9402,"*Rahaner annuisce una volta, lentamente.*\n\n""Lo era. Ma insegna. Sugli altri, sul tuo conto. Non chiedermi di riviverne i dettagli.""\n\n*Rahaner sorride appena, con lo sguardo lontano.*\n\n""Appesa la spada, sono venuto a cercare qualcosa di diverso. Non più facile. Che valesse di più. Alla gilda serviva un mentore. Sono rimasto."""
NPC_RAHANER_RESPONSE_4be5c528-bc3c-45ae-8774-9b4c03785d3b,"""Bene, recluta. Torna là fuori. Riporta a casa la pelle."""
NPC_RAHANER_RESPONSE_4d6c5737-3342-4035-b8df-b1c91682f123,"""Già qui, con quello che ci serve? Ti ringrazio. Com'era la situazione là fuori?"""
NPC_RAHANER_RESPONSE_4d978c0b-7734-4d88-899e-d0ecbb89c748,"""Ti aspetto, recluta."""
NPC_RAHANER_RESPONSE_4ed6e8ff-bc32-4e5a-8d48-d4eb93ad52bb,"""No. Solo dagli attacchi degli spiriti. Prima non c'erano guardie, a meno che non passasse una parata."""
NPC_RAHANER_RESPONSE_5658c1c2-4b90-49f8-b2c1-bf8d255ec9cf,"""Ah. Allora ascoltalo bene, ma non consegnargli le redini. Anche un vecchio mago saggio può percorrere solo la propria strada.""\n\n\n\n""Ammetto una cosa: quando hai messo piede qui la prima volta, non sapevo cosa pensare di te. Nessuno esce da un Varco inattivo da tanto tempo senza portarsi dietro delle domande.\n\nMa le domande non sono risposte. Da allora ti ho osservato. Ascolti. Agisci. Torni quando la gente conta su di te.\n\nÈ abbastanza raro da meritare di essere detto. Apprezzo che tu sia qui."""
NPC_RAHANER_RESPONSE_59fd2269-9f82-489e-b967-28637393395e,"*Rahaner chiude gli occhi per un momento e il petto gli si distende per il sollievo.*\n\n""Bene. Ogni aiuto conta, adesso. Dimmi: come si sono comportati gli avventurieri che ricostruivano il recinto?"""
NPC_RAHANER_RESPONSE_5de87b3a-54ee-4a67-8a7a-948602f51eb5,"*Rahaner accenna un sorriso.*\n\n""Non gli serviva. A volte basta che qualcuno resti dritto quando tutti gli altri si abbassano."""
NPC_RAHANER_RESPONSE_5e51b79b-36cb-4d04-98b9-96b98ff3c594,"“Una recluta in cerca di addestramento, eh?”\n\n“Addestro volentieri chi ne ha voglia.”\n\n“Prima ti servirà un po' di esperienza. Quando vuoi cominciare, dimmelo. Ti aiuterò a migliorare uno dei tuoi attributi.”\n\n“Ne riparliamo quando hai finito.”"
NPC_RAHANER_RESPONSE_631e4e7d-50e2-46d1-83b8-7e7677f37b2c,"""Ti credo. La battaglia lascia il segno. Ma rivela anche per cosa una persona è disposta a resistere.""\n\n\n\n""Quella spinta verso la vita è parte di ciò che fa resistere gente come noi. Per me forse meno, ormai. Ma da giovane conoscevo bene quella fame. Diventare più forte. Andare avanti. Mettere le mani sul mondo e lasciarci un segno.\n\nQuello non è mai stato l'errore. L'errore è stato lasciare che un altro uomo decidesse dove indirizzare quella forza.\n\nDimmi, dunque, avventuriero: i tuoi obiettivi sono tuoi?"""
NPC_RAHANER_RESPONSE_6822977f-f942-4688-a12c-52ab479b6a68,"""Basta così. Ogni corda aiuta. Che i Principi ti illuminino il cammino."""
NPC_RAHANER_RESPONSE_6e3f8001-feed-4798-9ad4-f2b2e19a76af,"""No. Era solo un tempo in cui ogni scelta sembrava più netta. Da giovani, ci si illude facilmente che questo voglia dire migliore.""\n\n\n\n""A dire il vero, sono combattuto. Non lo confido a ogni avventuriero di passaggio. Meriti più sincerità di molti altri.\n\nQuando ripenso ai miei anni di servizio, orgoglio non è la prima parola che mi viene. C'era il dovere, sì. Capacità. Resistenza. C'era anche sangue su scelte che un tempo chiamavo necessarie.\n\nEppure, quando i guai si addensano come ora, ne sento tornare la vecchia forza. La mente si affila. Il corpo ricorda il suo scopo. Ogni passo, ogni parola, ogni mano alzata sembra contare.\n\nC'è vita, in questo. Vita vera. Ma devi dominarla, o sarà lei a dominare te."""
NPC_RAHANER_RESPONSE_6f40e91b-e163-485b-9995-de1bd3f2466e,"""Capito. Il tempo stringe, ma la scelta è tua. Se non puoi venire, faremo il possibile senza di te."""
NPC_RAHANER_RESPONSE_6f688e42-3f60-46ce-8e0c-b0bb3c93c65c,"*Rahaner scoppia in una breve risata.*\n\n""Ah! Alaric e il sindaco hanno sempre avuto rapporti tesi. Be', Alaric ne riconosce a malapena l'esistenza. Il sindaco vuole attenzione. Non lo sopporta."""
NPC_RAHANER_RESPONSE_73cc8472-4abf-4b58-8754-9a6b9ecbf8f2,"""Ci abbiamo provato. Le gilde non sono un ordine unico. Ciascuna è autonoma, e quasi tutti i loro combattenti sono impegnati con gli eserciti di Aldoria. 'Gilda' è solo un nome per un gruppo di avventurieri. Quella di Earlwood è nata intorno ad Alaric dopo l'ultima crisi. La gente si è raccolta attorno a lui per imparare. Il villaggio voleva la sua protezione."""
NPC_RAHANER_RESPONSE_741f40b6-8e2f-4b0f-b4b7-c818e4629d08,"""Ci manca ciò che conta: se un altro Treant tira un masso contro il muro, viene giù come carta.""\n\n""Servono Pino di Wildwood e Pietra. Là fuori ce n'è in abbondanza. Ma non rischio il collo di un contadino per prenderli.""\n\n""Ti segno tutto. Portane abbastanza e forse questo muro reggerà un po' di più."""
NPC_RAHANER_RESPONSE_74b12e0d-996f-45b5-95d6-f6d5c7337d99,"""Aldoria ha gli spigoli vivi. Lucida fuori, caotica sotto. Lì si cresce in fretta. Che tu lo voglia o no."""
NPC_RAHANER_RESPONSE_79511860-3c34-4ecf-8d2e-9fe5311e04fa,"""Forse. Resta comunque ad ascoltare come lavoriamo qui.""\n\n\n\n*Il riso di Rahaner si spegne mentre si volta verso i novizi, con la schiena dritta e il tono fermo, controllato.*\n\n""Ascoltate. Le ultime settimane sono state dure per tutti. Alcuni di voi avevano appena impugnato una lama quando sono cominciati gli scontri. Siete inesperti e avete paura. Non c'è vergogna. Ma non resteremo così. Ci addestriamo. Impariamo. Ci proteggiamo a vicenda.\n\nI goblin preferiscono il buio. Aspettano che abbassiate la guardia, poi vi arrivano alle spalle e vi abbattono. Per impedirlo, la lezione di oggi è semplice: trappole con corde e campanelli. Le piazzerete nei punti chiave dei terreni agricoli, per avvisarci dei loro movimenti. Urtano una corda, noi sentiamo. E li aspettiamo pronti.\n\nPrendete l'occorrente e muovetevi in coppia. Non andate a zonzo. Ci sono ancora goblin in quei campi."""
NPC_RAHANER_RESPONSE_7c028b97-3393-4c82-91cb-ec6b858b3d41,"""Qualunque cosa accada, hai agito bene nei nostri confronti. Questo conta. Ora, se permetti, ho ordini da urlare."""
NPC_RAHANER_RESPONSE_805ac60f-e51f-4a0b-9397-2499918a7783,"*Ride piano, ma gli occhi non partecipano.*\n\n""Certi giorni, sì. Ma è un posto che ti si incide dentro. Non serve sentirne la mancanza per ricordarlo.""\n\n""Ho servito nell'esercito di Aldoria. Forze speciali. Molto tempo sul campo. Abbastanza da vedere troppo."""
NPC_RAHANER_RESPONSE_8520a12f-cbd7-4150-9e31-6253eb910f46,"""Eccome. E continueremo. A migliorare e a restare vivi. Giorno per giorno."""
NPC_RAHANER_RESPONSE_854a3522-9bb3-4558-aa9a-18e49e85eaed,"""Molte cose che valgono non sono necessarie. Si offrono perché sono vere."""
NPC_RAHANER_RESPONSE_90809328-398d-47ac-8d97-08e76e143877,"""Vero. Ma il passato può ancora insegnare. Basta ascoltare.""\n\n\n\n""A dire il vero, sono combattuto. Non lo confido a ogni avventuriero di passaggio. Meriti più sincerità di molti altri.\n\nQuando ripenso ai miei anni di servizio, orgoglio non è la prima parola che mi viene. C'era il dovere, sì. Capacità. Resistenza. C'era anche sangue su scelte che un tempo chiamavo necessarie.\n\nEppure, quando i guai si addensano come ora, ne sento tornare la vecchia forza. La mente si affila. Il corpo ricorda il suo scopo. Ogni passo, ogni parola, ogni mano alzata sembra contare.\n\nC'è vita, in questo. Vita vera. Ma devi dominarla, o sarà lei a dominare te."""
NPC_RAHANER_RESPONSE_90e9c689-10d8-45c7-8220-f5d6f9f49144,"“Gli attributi determinano quali incantesimi puoi lanciare.”\n\n“A parte la magia di razza e di classe, quasi tutti gli incantesimi richiedono una combinazione di attributi.”\n\n“E non ci sono solo gli incantesimi. Gli attributi determinano quanto colpisci forte e quanto puoi sopportare. Tutto il tuo modo di combattere.”"
NPC_RAHANER_RESPONSE_982a9838-9f45-4a89-a758-0f3815878b23,"""Puoi azzerare le abilità, certo. Ma ti servirà una Pergamena di Riaddestramento, una Pergamena di Recupero Abilità o un Libro di Recupero Abilità.""\n\n""Non sono facili da trovare."""
NPC_RAHANER_RESPONSE_989093da-a1c4-4c93-aec4-a1b5efb9c2af,"""Temo di sì. Credimi, non mi piace dipendere dall'aiuto esterno.""\n\n\n\n*Rahaner posa il rapporto e ti guarda negli occhi, ormai del tutto concentrato sul compito.*\n\n""Mi servi prima sul perimetro nord. Respingi i goblin e stabilizza la linea. Poi vai a sud e tieni il fianco mentre i nostri ricostruiscono le difese."""
NPC_RAHANER_RESPONSE_9cef3b2d-507f-4e6f-89fa-ff4885921ca3,"""Bene. Tieni stretto quel pensiero. È più facile rubare la volontà a chi dimentica quanto vale.""\n\n\n\n""Ammetto una cosa: quando hai messo piede qui la prima volta, non sapevo cosa pensare di te. Nessuno esce da un Varco inattivo da tanto tempo senza portarsi dietro delle domande.\n\nMa le domande non sono risposte. Da allora ti ho osservato. Ascolti. Agisci. Torni quando la gente conta su di te.\n\nÈ abbastanza raro da meritare di essere detto. Apprezzo che tu sia qui."""
NPC_RAHANER_RESPONSE_9d96e1b8-6ebc-4155-90d0-6cb906108af8,"""Curiosità, eh? Hm. È un misto di guerriglia e giudizio disciplinato. Combatti in solitaria o in piccoli gruppi. Colpisci il nemico dove fa male. Poi vai a sostenere gli alleati prima che il nemico si riprenda. Ognuno deve sapersela cavare. Gli scontri con i mostri sono caotici e spesso ti ritrovi senza aiuto. Ma impari anche quando sfruttare il vantaggio e quando passare al sostegno. Resta ancora a Earlwood e forse ne vedrai di più sul campo."""
NPC_RAHANER_RESPONSE_9f8e0f6f-b963-4c55-944f-338601fb4206,"""Grazie, recluta. Occhio alla pelle, là fuori."""
NPC_RAHANER_RESPONSE_a595d0c0-1f67-4e2c-8eba-d4b9d9443b59,"""Bene. Muoviti in fretta. Occhi aperti."""
NPC_RAHANER_RESPONSE_a801287f-41cd-4f27-a2c0-0532c248b7e4,"*Rahaner ti squadra.*\n\n""Vuoi dare una mano, eh? Bene. Ci servirebbe più gente come te."""
NPC_RAHANER_RESPONSE_b7e0ef7c-3347-4a6a-a02e-cf04e3c6b777,"""Puoi assegnare punti abilità al tuo albero in qualsiasi momento. Il punto è usarli bene."""
NPC_RAHANER_RESPONSE_b7ffb228-3e27-41e1-85d2-9ea52d368a3e,"""Eh. Un giorno alla volta. Questo villaggio ha ferro nelle ossa. Alaric fa più di quanto lasci vedere, anche con quella sua faccia da statua.""\n\n""Mi chiamo Rahaner. Impedisco a questo posto di andare in pezzi. Anche alla gente. Cosa ti porta qui?"""
NPC_RAHANER_RESPONSE_b97a0a4c-94a2-4e70-9384-e170d7489cf0,"""Segrete, sì. Sporche, sempre. Molte decisioni che non puoi revocare. Diciamo che ho visto il peggio di ciò che la guerra fa agli uomini."""
NPC_RAHANER_RESPONSE_bbfce24c-06d9-4ca1-a702-e689912b6490,"*Rahaner accenna un sorriso, come se aspettasse la tua domanda.*\n\n""Questi sono alcuni novizi. Alla loro prima vera lezione. Anche in tempi come questi, non puoi lasciare indietro la tua gente. Finora hai fatto un buon lavoro. Vuoi unirti all'addestramento?"""
NPC_RAHANER_RESPONSE_c6adf253-c4a1-4199-9000-2a56b43f2b79,"""Può succedere. Ma il nemico non è quel sentimento. È perdere il giudizio per assecondarlo.""\n\n\n\n""Quella spinta verso la vita è parte di ciò che fa resistere gente come noi. Per me forse meno, ormai. Ma da giovane conoscevo bene quella fame. Diventare più forte. Andare avanti. Mettere le mani sul mondo e lasciarci un segno.\n\nQuello non è mai stato l'errore. L'errore è stato lasciare che un altro uomo decidesse dove indirizzare quella forza.\n\nDimmi, dunque, avventuriero: i tuoi obiettivi sono tuoi?"""
NPC_RAHANER_RESPONSE_c79c0fb7-6064-4d5c-a124-ce0dc5f411da,"""Gentile da parte tua. Spero solo che il mio meglio basti davvero per loro.""\n\n\n\n*Lo sguardo di Rahaner si perde lontano per un istante, poi torna su di te.*\n\n""Ho addestrato molti combattenti, negli anni. Dopo il congedo dal servizio di Aldoria, la Gilda degli Avventurieri del posto mi ha assunto per formare le reclute. Soprattutto ex soldati e ragazzi di città. Avevano bisogno solo di un addestramento specialistico. Qui è diverso. Contadini e cacciatori. Gente disperata. Per loro, disciplina e buone tattiche sono tutto. Così si resiste a mostri più numerosi e più forti."""
NPC_RAHANER_RESPONSE_cde270ef-90e4-4b1f-9e19-2d2a5b709b3f,"""Non sprizzi simpatia, eh? Per tua fortuna non la prendo sul personale. Comunque, da qui non te ne vai. Il ponte è distrutto.""\n\n""Vieni da me, se vuoi usare quell'energia per qualcosa di utile."""
NPC_RAHANER_RESPONSE_d22ff676-8e23-4a36-b0e5-5dcbfe2c4ab1,"""Un Treant ha lanciato un masso dritto nel villaggio. Allora abbiamo costruito il muro. Da quel momento montiamo la guardia."""
NPC_RAHANER_RESPONSE_d2cbfe00-c1fa-4ac4-9f2f-e4bda9c6b55e,"*Rahaner accenna un sorriso senza allegria.*\n\n""Lo pensavo anch'io, all'inizio. Ma la ragione non sempre sopravvive al primo scontro con la paura.""\n\n""Gli spiriti ci hanno colpito duro, la prima notte. Il sindaco è andato nel panico. Ha cercato di sigillare il paese. Ha ordinato di chiudere i cancelli, abbandonando il quartiere esterno."""
NPC_RAHANER_RESPONSE_db812d3b-028d-4550-8aab-a428f2b6f853,"""Non siamo mai stati un grande ordine. Solo una piccola gilda di periferia. Earlwood non attira grandi numeri né contratti ricchi. E fino a poco fa il grosso della nostra forza d'attacco era bloccato oltre il ponte distrutto. Avevamo ancora meno spade."""
NPC_RAHANER_RESPONSE_e660cc31-8037-4e68-b1ef-609f9f471f7b,"""Bel lavoro, recluta.""\n\n""Ora i tuoi attributi sono più alti. Continua ad addestrarti e otterrai punti abilità. Col tempo sbloccheranno nuove abilità.""\n\n""Questo è quanto. Domande?"""
NPC_RAHANER_RESPONSE_eba2f9be-f88e-4e27-9786-1d44e980f06e,"""È un politico, non un combattente. Negli uomini così la paura corre più della ragione."""
NPC_RAHANER_RESPONSE_f33531e0-058e-48bb-9052-cf1206bca3b2,"""Hm. Temevo che fosse così.""\n\n\n\n*Rahaner parla con gravità.*\n\n""Quasi tutti alle prime armi. Pochissimi avevano visto un vero combattimento prima di questo disastro. Alcuni erano semplici cacciatori che si sono fatti avanti allo scoppio della crisi. Il sindaco ha chiuso loro le porte in faccia. Li ha lasciati fuori a morire con gli altri. Quanto a combattenti addestrati, siamo pochi. Alaric è bloccato qui al villaggio, Eldorian si divide in due dove può e Corin non può lasciare il nord."""
NPC_RAHANER_RESPONSE_f4ac4f13-0a32-47f5-8783-69b309b0bcb2,"*Ride brevemente e scuote la testa.*\n\n""Così pare. Non è la prima volta che sbaglia decisione sotto pressione.""\n\n""Gli spiriti ci hanno colpito duro, la prima notte. Il sindaco è andato nel panico. Ha cercato di sigillare il paese. Ha ordinato di chiudere i cancelli, abbandonando il quartiere esterno."""
NPC_RAHANER_RESPONSE_f5a866fb-a0ac-461f-9cf2-02aa270c7a42,"""Usiamo ogni strumento disponibile. Le corde con campanelli hanno già salvato vite. Se moriranno, non sarà perché siamo rimasti a guardare.""\n\n\n\n*Rahaner ti mette in mano un piccolo kit, con campanelli e filo ordinatamente raccolti.*\n\n""Prendi un kit. Se hai tempo, là fuori, dagli una mano. Poche corde ben piazzate possono salvare molte vite."""
NPC_RAHANER_RESPONSE_f831d7ce-6337-4f3d-b47e-65be40aa0a69,"""Conta, davvero. Ora torniamo a governare questo disastro. Sai dove trovarmi."""
NPC_RAHANER_RESPONSE_fefd41fb-c4ad-461d-b593-6940dbcbc836,"""Continui a essere un sostegno saldo per noi. Non lo dimentico. Ora muoviti. Che i Principi ti illuminino il cammino."""
NPC_RAHANER_RESPONSE_ff141119-2b40-4a6d-a45b-5e021da578b8,"""Se vuoi, sì. Hai già dimostrato il tuo valore. Per te sarà un lavoro facile. Vederti al loro fianco li calmerà.""\n\n\n\n*Rahaner ti mette in mano un piccolo kit, con campanelli e filo ordinatamente raccolti.*\n\n""Prendi un kit. Se hai tempo, là fuori, dagli una mano. Poche corde ben piazzate possono salvare molte vite."""
NPC_RAHANER_RESPONSE_p12p435,"""Addestro le nuove reclute. Se ti serve addestramento, puoi venire da me. In una crisi come questa, serve tutto l'aiuto possibile."""
NPC_RAHANER_TITLE,L'Addestratore della Gilda di Earlwood
NPC_RONNY_GREETING_cead32de-cb4f-4711-bfde-77a62a9f7daf,"""Ancora qui?"""
NPC_RONNY_GREETING_f82b7baf-4722-4a21-be98-23daf84f87eb,"*Il pastore ti squadra con uno sguardo spento e indifferente, come se fossi soltanto un altro problema in una lunga lista.*\n\n""E tu chi saresti?"""
NPC_RONNY_NAME,Ronny
NPC_RONNY_PLAYER_05951a2f-8e46-4740-afb7-d5b8009eff0e_HEROIC,"Non temere, i tuoi problemi non saranno ignorati. Ti aiuterò."
NPC_RONNY_PLAYER_05951a2f-8e46-4740-afb7-d5b8009eff0e_JOKER,"Non temere, arrivano i soccorsi, che tu ci creda o no."
NPC_RONNY_PLAYER_05951a2f-8e46-4740-afb7-d5b8009eff0e_SCHOLAR,Non temere. Le pecore sono un problema risolvibile.
NPC_RONNY_PLAYER_05951a2f-8e46-4740-afb7-d5b8009eff0e_STOIC,Non temere. Ti aiuterò.
NPC_RONNY_PLAYER_240cb51a-7f0b-4dc0-816c-d8b8bb588314_HEROIC,"Ti rifiuti di vedere una speranza, non è così?"
NPC_RONNY_PLAYER_240cb51a-7f0b-4dc0-816c-d8b8bb588314_JOKER,"La disperazione sembra essere la tua specialità, eh?"
NPC_RONNY_PLAYER_240cb51a-7f0b-4dc0-816c-d8b8bb588314_SCHOLAR,"Senza speranza, a giudicare dal tuo aspetto. Mi sbaglio?"
NPC_RONNY_PLAYER_240cb51a-7f0b-4dc0-816c-d8b8bb588314_STOIC,"Sembri proprio senza speranza, eh?"
NPC_RONNY_PLAYER_46d49bbf-480b-4cf3-9ce5-65692f73b633_HEROIC,Mi manda Befr. Sono qui per aiutarti a recuperare le tue pecore.
NPC_RONNY_PLAYER_46d49bbf-480b-4cf3-9ce5-65692f73b633_JOKER,Mi manda Befr. A quanto pare oggi la mia vocazione è recuperare pecore.
NPC_RONNY_PLAYER_46d49bbf-480b-4cf3-9ce5-65692f73b633_SCHOLAR,Befr mi ha indirizzato qui per assisterti nel recupero delle pecore.
NPC_RONNY_PLAYER_46d49bbf-480b-4cf3-9ce5-65692f73b633_STOIC,Mi manda Befr per aiutarti a riprendere le pecore.
NPC_RONNY_PLAYER_675b3e57-034e-4a65-b669-9914cbdc1fe6_HEROIC,"Ci penserò, anche se con le tue azioni non hai ancora meritato il mio aiuto."
NPC_RONNY_PLAYER_675b3e57-034e-4a65-b669-9914cbdc1fe6_JOKER,"Ci penserò, ma non mi stai proprio convincendo di meritartelo."
NPC_RONNY_PLAYER_675b3e57-034e-4a65-b669-9914cbdc1fe6_SCHOLAR,"Valuterò, benché gli argomenti a favore dell'aiutarti siano deboli."
NPC_RONNY_PLAYER_675b3e57-034e-4a65-b669-9914cbdc1fe6_STOIC,"Ci penserò, ma non sembri meritare aiuto."
NPC_RONNY_PLAYER_964c045e-c9d4-49ac-be2c-2a3f3b3e34c6_HEROIC,Sono qui per tirarti fuori da questa situazione.
NPC_RONNY_PLAYER_964c045e-c9d4-49ac-be2c-2a3f3b3e34c6_JOKER,Qualcuno prova a salvarti da questa situazione pietosa. Esulta.
NPC_RONNY_PLAYER_964c045e-c9d4-49ac-be2c-2a3f3b3e34c6_SCHOLAR,La tua situazione è pietosa. Io sono il rimedio.
NPC_RONNY_PLAYER_964c045e-c9d4-49ac-be2c-2a3f3b3e34c6_STOIC,Sono qui per salvarti dalla tua situazione pietosa.
NPC_RONNY_PLAYER_e6de0d6c-027e-440f-ab7d-f93709cb0cff_HEROIC,Come posso mettere le mie forze al tuo servizio?
NPC_RONNY_PLAYER_e6de0d6c-027e-440f-ab7d-f93709cb0cff_JOKER,Quale eroica impresa posso pasticciare per conto tuo?
NPC_RONNY_PLAYER_e6de0d6c-027e-440f-ab7d-f93709cb0cff_SCHOLAR,Da cosa occorre cominciare per il recupero?
NPC_RONNY_PLAYER_e6de0d6c-027e-440f-ab7d-f93709cb0cff_STOIC,Cosa posso fare per aiutare?
NPC_RONNY_PLAYER_eb0bec84-af91-41b4-b146-bf91002e3fd8_BASE,Perché non resti al villaggio?
NPC_RONNY_PLAYER_f94fdefb-8daa-47ef-92ff-8a93fba00162_BASE,Dove sono andate le pecore?
NPC_RONNY_PLAYER_uikdhf-f93e-44b0-9b67-2f8e28cde02b_BASE,Esci
NPC_RONNY_RESPONSE_380390aa-059f-4099-a48a-4d0a028b2604,"""Aiuto? Bah. Nessuno vuole mai aiutarmi. Guardati intorno, se ne sono andati tutti.""\n\n\n\n*Il pastore alza le spalle con un gesto svogliato e stanco, gli occhi già si allontanano da te.*\n\n""Che altro c'è da fare? Se per miracolo volessi davvero aiutarmi, mi servirebbero pali per il recinto e qualcuno che rimetta in piedi quel dannato affare. Poi dovremmo trascinare qui le pecore prima che le prendano i Goblin. Tanto le prenderanno lo stesso."""
NPC_RONNY_RESPONSE_5a9f9054-8743-4e9c-9011-166b755524a1,"""Niente di nuovo. Nessuno ha mai pensato che valessi qualcosa. Sciò."""
NPC_RONNY_RESPONSE_5d3d2837-3a23-4bd1-a036-bc890a71fb47,"""Scappate da qualche parte. E io come faccio a saperlo? Guarda nei campi e spingile qui, se le vedi."""
NPC_RONNY_RESPONSE_9740603a-934b-400f-8426-763a9a05ab90,"""Befr? Quel vecchio mercante chiassoso del villaggio? Mai parlato con lui. Ha proprio l'aria di un buono a nulla.""\n\n\n\n*Il pastore lascia uscire un lungo respiro stanco, gli occhi vagano oltre te verso i campi.*\n\n""Non c'è speranza per niente. Ho passato la vita a correre dietro a queste maledette pecore e, appena il recinto viene giù in questa dannata guerra, spariscono. Scappate. Senza un pensiero per me. Non gli è mai importato niente di me."""
NPC_RONNY_RESPONSE_98bf4509-d3cc-4212-af0c-1c5a78494682,"""Non mi piace la gente. È una seccatura. E io non sono mai piaciuto a loro."""
NPC_RONNY_RESPONSE_a5d33089-2d58-489c-aaec-6ef4b3e9cf66,"""Non sono io. Nessuno vuole mai aiutarmi. È sempre stato così.""\n\n\n\n*Il pastore alza le spalle con un gesto svogliato e stanco, gli occhi già si allontanano da te.*\n\n""Che altro c'è da fare? Se per miracolo volessi davvero aiutarmi, mi servirebbero pali per il recinto e qualcuno che rimetta in piedi quel dannato affare. Poi dovremmo trascinare qui le pecore prima che le prendano i Goblin. Tanto le prenderanno lo stesso."""
NPC_RONNY_RESPONSE_c84dae68-3d7a-44f1-b9b4-97c3cbe6e50c,"""Cosa… davvero? Nessuno mi ha mai aiutato prima. Se poi lo fai sul serio, potrei essere… come la chiamano quei ciocchi del villaggio… grato?"""
NPC_RONNY_RESPONSE_d22bd376-e2b1-489f-9a31-2dc7b9d59d35,"""Figurati. Proprio come pensavo.""\n\n\n\n*Il pastore lascia uscire un lungo respiro stanco, gli occhi vagano oltre te verso i campi.*\n\n""Non c'è speranza per niente. Ho passato la vita a correre dietro a queste maledette pecore e, appena il recinto viene giù in questa dannata guerra, spariscono. Scappate. Senza un pensiero per me. Non gli è mai importato niente di me."""
NPC_RONNY_TITLE,"Il pastore ""fiducioso"""
NPC_SAQI_GREETING_0e12f59e-b536-4744-87f2-9ed5dffd1139,"""Ehi! Eccoti di nuovo, cosa ti porto?"""
NPC_SAQI_GREETING_341fe6c8-9245-45fa-bd0d-f6ff73689cca,"*Quando ti avvicini, Saqi interrompe ciò che sta facendo e ti viene incontro a passo deciso.*\n\n""Eccoti. Ti stavo dando la caccia.""\n\n*Ti squadra con un'occhiata rapida, poi un sorrisetto le solleva l'angolo della bocca.*\n\n""Si dice che stai falciando Goblin come se ti dovessero dei soldi. Bene. Earlwood ne ha bisogno.""\n\n""Un minuto ce l'hai, vero? C'è una cosa che voglio proporti."""
NPC_SAQI_GREETING_d7a3f9c1-5e2b-8c4a-1d6f-9b2e7c1a4d5f,"""Ehi! Cosa ti porto?"""
NPC_SAQI_NAME,Saqi
NPC_SAQI_PLAYER_0347922a-cbfd-4add-845f-b796106364c9_HEROIC,Dobbiamo continuare ad avanzare e fare tutto il possibile.
NPC_SAQI_PLAYER_0347922a-cbfd-4add-845f-b796106364c9_JOKER,Si va avanti. Che altro possiamo fare?
NPC_SAQI_PLAYER_0347922a-cbfd-4add-845f-b796106364c9_SCHOLAR,Continuiamo. Con ogni braccio e ogni ora a nostra disposizione.
NPC_SAQI_PLAYER_0347922a-cbfd-4add-845f-b796106364c9_STOIC,Dobbiamo continuare a fare il possibile.
NPC_SAQI_PLAYER_07127ed4-2d48-4f02-94d7-6ddada8dfd85_BASE,Cosa pensi di Corin?
NPC_SAQI_PLAYER_11f22ab7-b01e-48f7-ad43-44f1dd3586fe_HEROIC,Aiutare i deboli non serve. Da' il cibo a chi può rafforzare la lotta.
NPC_SAQI_PLAYER_11f22ab7-b01e-48f7-ad43-44f1dd3586fe_JOKER,Perché sprecarsi coi deboli? Passa il cibo a chi magari in battaglia riesce a dare un colpo.
NPC_SAQI_PLAYER_11f22ab7-b01e-48f7-ad43-44f1dd3586fe_SCHOLAR,Nutrire i deboli non produce alcun vantaggio. Nutri chi può combattere.
NPC_SAQI_PLAYER_11f22ab7-b01e-48f7-ad43-44f1dd3586fe_STOIC,Inutile aiutare i deboli. Da' il cibo a chi può contribuire alla lotta.
NPC_SAQI_PLAYER_15bb6482-cba0-45dc-9daf-b190640e9c54_HEROIC,Il tempo è poco. Parla senza giri di parole.
NPC_SAQI_PLAYER_15bb6482-cba0-45dc-9daf-b190640e9c54_JOKER,"Se vuoi parlare, fa' in fretta. Ho il tempo contato."
NPC_SAQI_PLAYER_15bb6482-cba0-45dc-9daf-b190640e9c54_SCHOLAR,Ho poco tempo. Esponi prima ciò che è necessario.
NPC_SAQI_PLAYER_15bb6482-cba0-45dc-9daf-b190640e9c54_STOIC,Ho poco tempo. Parla in fretta.
NPC_SAQI_PLAYER_1b4d6c23-39a4-4b5b-aba7-5d2c5c303331_BASE,Perché il registro è così importante?
NPC_SAQI_PLAYER_1cf002fb-7bd7-45c3-aa24-b1a70f3ba62d_HEROIC,"Capisco la posta in gioco. Parla chiaro, Saqi."
NPC_SAQI_PLAYER_1cf002fb-7bd7-45c3-aa24-b1a70f3ba62d_JOKER,"Saqi, salta i preamboli e dillo chiaro."
NPC_SAQI_PLAYER_1cf002fb-7bd7-45c3-aa24-b1a70f3ba62d_SCHOLAR,"La necessità è evidente. Il punto, Saqi, rapidamente."
NPC_SAQI_PLAYER_1cf002fb-7bd7-45c3-aa24-b1a70f3ba62d_STOIC,"Capisco la necessità. Al punto, Saqi."
NPC_SAQI_PLAYER_230ed90e-788d-443a-b365-74b26e82406c_BASE,Cosa pensi dei rifugiati?
NPC_SAQI_PLAYER_265454dd-bc17-4f48-864f-2b7b76126ddb_BASE,Sei nata qui?
NPC_SAQI_PLAYER_2a7d9c1f-5e4b-8f3a-0c6d-1b9e4a7c2d5f_BASE,"Ecco, ho trovato i registri delle razioni."
NPC_SAQI_PLAYER_2fd77db4-b75f-4996-af84-604cabd7de31_HEROIC,È senz'altro un uomo fuori dal comune.
NPC_SAQI_PLAYER_2fd77db4-b75f-4996-af84-604cabd7de31_JOKER,"Un bel tipo strambo, non c'è che dire."
NPC_SAQI_PLAYER_2fd77db4-b75f-4996-af84-604cabd7de31_SCHOLAR,"Un uomo eccentrico, e tutt'altro che discreto nel mostrarlo."
NPC_SAQI_PLAYER_2fd77db4-b75f-4996-af84-604cabd7de31_STOIC,È molto strano.
NPC_SAQI_PLAYER_33f03e66-a5af-4e9a-8cd3-06881a0777f5_HEROIC,"Sembra che non averla mai conosciuta sia un dolore che ti segue, ma tu vai avanti lo stesso."
NPC_SAQI_PLAYER_33f03e66-a5af-4e9a-8cd3-06881a0777f5_JOKER,Sembra che non averla mai conosciuta sia un dolore che ti tiene al guinzaglio.
NPC_SAQI_PLAYER_33f03e66-a5af-4e9a-8cd3-06881a0777f5_SCHOLAR,Non conoscere è già una ferita. Sembra essere la tua.
NPC_SAQI_PLAYER_33f03e66-a5af-4e9a-8cd3-06881a0777f5_STOIC,Sembra che ti faccia male non averla mai conosciuta.
NPC_SAQI_PLAYER_3660a6a0-5166-4ae4-8973-0092b82557ce_HEROIC,Sto ancora cercando di capirlo.
NPC_SAQI_PLAYER_3660a6a0-5166-4ae4-8973-0092b82557ce_JOKER,Sto ancora risolvendo quel rompicapo.
NPC_SAQI_PLAYER_3660a6a0-5166-4ae4-8973-0092b82557ce_SCHOLAR,Il mio giudizio su di lui è ancora in formazione.
NPC_SAQI_PLAYER_3660a6a0-5166-4ae4-8973-0092b82557ce_STOIC,Devo ancora inquadrarlo.
NPC_SAQI_PLAYER_3e946cdd-acfc-42ec-84b7-e9fa0e575205_BASE,Cosa fai qui?
NPC_SAQI_PLAYER_568c1c01-c559-474d-853d-792099bfb94b_HEROIC,Capito. Recupererò la scorta e il registro.
NPC_SAQI_PLAYER_568c1c01-c559-474d-853d-792099bfb94b_JOKER,Ricevuto. È ora di stanare quella scorta e quel registro.
NPC_SAQI_PLAYER_568c1c01-c559-474d-853d-792099bfb94b_SCHOLAR,Capito. La scorta e il registro. Li troverò entrambi.
NPC_SAQI_PLAYER_568c1c01-c559-474d-853d-792099bfb94b_STOIC,Ricevuto. Recupero scorta e registro.
NPC_SAQI_PLAYER_5d52bd9b-1058-4537-af6c-c71b4d99fa2c_HEROIC,"Barakthrum sembra un luogo per cui valga la pena lottare, pur di vederlo."
NPC_SAQI_PLAYER_5d52bd9b-1058-4537-af6c-c71b4d99fa2c_JOKER,Barakthrum sa proprio come farsi notare.
NPC_SAQI_PLAYER_5d52bd9b-1058-4537-af6c-c71b4d99fa2c_SCHOLAR,Barakthrum mi interessa. Vorrei saperne di più.
NPC_SAQI_PLAYER_5d52bd9b-1058-4537-af6c-c71b4d99fa2c_STOIC,Barakthrum è intrigante.
NPC_SAQI_PLAYER_62785ebd-c8dd-4d31-82d0-ba1d00cac836_HEROIC,Un compito chiaro. Farò in modo che le scorte li raggiungano.
NPC_SAQI_PLAYER_62785ebd-c8dd-4d31-82d0-ba1d00cac836_JOKER,Abbastanza semplice. Le scorte troveranno la strada.
NPC_SAQI_PLAYER_62785ebd-c8dd-4d31-82d0-ba1d00cac836_SCHOLAR,Abbastanza lineare. Le scorte giungeranno a destinazione.
NPC_SAQI_PLAYER_62785ebd-c8dd-4d31-82d0-ba1d00cac836_STOIC,Capito. Consegnerò le scorte.
NPC_SAQI_PLAYER_69b444f5-9ade-4ad5-be81-d953f946305a_HEROIC,Affidarti agli altri non farà che consumare la tua forza e portarti alla rovina.
NPC_SAQI_PLAYER_69b444f5-9ade-4ad5-be81-d953f946305a_JOKER,Aggrappati agli altri e guarda quanto in fretta ti crolla tutto addosso.
NPC_SAQI_PLAYER_69b444f5-9ade-4ad5-be81-d953f946305a_SCHOLAR,L'attaccamento è un costo. Prima o poi arriva il conto.
NPC_SAQI_PLAYER_69b444f5-9ade-4ad5-be81-d953f946305a_STOIC,Legarti agli altri ti indebolirà e ti porterà alla rovina.
NPC_SAQI_PLAYER_6dd9bde7-68ac-4d67-a6db-3525ebb1fabe_HEROIC,Ti ringrazio per l'aiuto. Da quanto tempo affrontate tutto insieme?
NPC_SAQI_PLAYER_6dd9bde7-68ac-4d67-a6db-3525ebb1fabe_JOKER,Grazie dell'aiuto. Ma quanto li conosci davvero tutti quanti?
NPC_SAQI_PLAYER_6dd9bde7-68ac-4d67-a6db-3525ebb1fabe_SCHOLAR,Ti ringrazio per l'aiuto. A quando risalgono queste amicizie?
NPC_SAQI_PLAYER_6dd9bde7-68ac-4d67-a6db-3525ebb1fabe_STOIC,Grazie dell'aiuto. Quanto conosci gli altri?
NPC_SAQI_PLAYER_6f88cd90-1a84-4f4f-bc46-0b6f258a6a9c_HEROIC,Cerca di mantenere l'equilibrio. Non puoi lasciare che i legami personali influenzino questa scelta.
NPC_SAQI_PLAYER_6f88cd90-1a84-4f4f-bc46-0b6f258a6a9c_JOKER,Cerca di tenere la bilancia in pari. I pollici sui piatti si notano.
NPC_SAQI_PLAYER_6f88cd90-1a84-4f4f-bc46-0b6f258a6a9c_SCHOLAR,Fa' il possibile per mantenere l'equilibrio. L'affetto è una bilancia inaffidabile.
NPC_SAQI_PLAYER_6f88cd90-1a84-4f4f-bc46-0b6f258a6a9c_STOIC,Cerca di mantenere l'equilibrio. Non lasciare che i tuoi legami influiscano.
NPC_SAQI_PLAYER_72dda16e-1253-437e-bffe-5728b52b1cb3_HEROIC,Capisco. Come posso aiutare?
NPC_SAQI_PLAYER_72dda16e-1253-437e-bffe-5728b52b1cb3_JOKER,Ho capito. Dove serve una mano?
NPC_SAQI_PLAYER_72dda16e-1253-437e-bffe-5728b52b1cb3_SCHOLAR,Comprendo. Dove sarebbe più utile un aiuto?
NPC_SAQI_PLAYER_72dda16e-1253-437e-bffe-5728b52b1cb3_STOIC,Capito. Come posso essere d'aiuto?
NPC_SAQI_PLAYER_7f490523-b717-493b-ba30-a6e9e13a694d_HEROIC,Sembrano giorni da custodire nel cuore.
NPC_SAQI_PLAYER_7f490523-b717-493b-ba30-a6e9e13a694d_JOKER,Sembrano momenti capaci di scaldare persino gli stivali più gelidi.
NPC_SAQI_PLAYER_7f490523-b717-493b-ba30-a6e9e13a694d_SCHOLAR,"Anni felici, a quanto pare. Degni di essere ricordati."
NPC_SAQI_PLAYER_7f490523-b717-493b-ba30-a6e9e13a694d_STOIC,Sembrano bei tempi.
NPC_SAQI_PLAYER_84907dc9-fe6b-42ec-b351-576e91dccccc_HEROIC,Non lasciare che una patria perduta rallenti il tuo passo.
NPC_SAQI_PLAYER_84907dc9-fe6b-42ec-b351-576e91dccccc_JOKER,Cerca di non inciampare nella nostalgia per un posto fuori portata.
NPC_SAQI_PLAYER_84907dc9-fe6b-42ec-b351-576e91dccccc_SCHOLAR,Una patria perduta è un bagaglio pesante. Posalo.
NPC_SAQI_PLAYER_84907dc9-fe6b-42ec-b351-576e91dccccc_STOIC,Non lasciare che i ricordi di una patria perduta ti rallentino.
NPC_SAQI_PLAYER_8f2c1a7e-4d9b-6a3f-0c5e-1b7d9a2c4f6e_BASE,"""Ecco, ho raccolto tutte le risorse che hai chiesto."""
NPC_SAQI_PLAYER_98012ef8-8e96-42aa-923d-ad81591ab417_HEROIC,"Devono resistere ancora: prima di aiutarli, devo occuparmi di altre questioni."
NPC_SAQI_PLAYER_98012ef8-8e96-42aa-923d-ad81591ab417_JOKER,Dovranno resistere. I miei guai hanno chiesto per primi.
NPC_SAQI_PLAYER_98012ef8-8e96-42aa-923d-ad81591ab417_SCHOLAR,Devono resistere. Ho questioni precedenti da risolvere prima.
NPC_SAQI_PLAYER_98012ef8-8e96-42aa-923d-ad81591ab417_STOIC,Dovranno resistere finché potrò aiutarli. Ho altro da fare prima.
NPC_SAQI_PLAYER_a27fd258-75f0-414a-9180-c70e838cea62_HEROIC,No. I Goblin non sono una sfida.
NPC_SAQI_PLAYER_a27fd258-75f0-414a-9180-c70e838cea62_JOKER,No. I Goblin sono a malapena un fastidio.
NPC_SAQI_PLAYER_a27fd258-75f0-414a-9180-c70e838cea62_SCHOLAR,No. I Goblin non presentano difficoltà.
NPC_SAQI_PLAYER_a27fd258-75f0-414a-9180-c70e838cea62_STOIC,No. Nessun problema coi Goblin.
NPC_SAQI_PLAYER_a7d721d5-8115-4a8d-acb8-8e2051f361ec_HEROIC,"Resta fedele alle tue convinzioni, Saqi. Assicurati che i tuoi cari siano al sicuro e ricevano sostegno."
NPC_SAQI_PLAYER_a7d721d5-8115-4a8d-acb8-8e2051f361ec_JOKER,"Vai, Saqi. Segui il fiuto e tieni la pancia piena ai tuoi."
NPC_SAQI_PLAYER_a7d721d5-8115-4a8d-acb8-8e2051f361ec_SCHOLAR,"Fidati del tuo giudizio, Saqi. E metti prima al sicuro i tuoi."
NPC_SAQI_PLAYER_a7d721d5-8115-4a8d-acb8-8e2051f361ec_STOIC,"Fa' ciò che ritieni giusto, Saqi. Abbi cura dei tuoi cari."
NPC_SAQI_PLAYER_a8327614-16e5-4b54-bae9-7f05218d8762_HEROIC,È inutile. Ormai probabilmente sono soltanto un pasto per qualche Goblin.
NPC_SAQI_PLAYER_a8327614-16e5-4b54-bae9-7f05218d8762_JOKER,Ormai sono il pranzo dei Goblin. Risparmia il fiato.
NPC_SAQI_PLAYER_a8327614-16e5-4b54-bae9-7f05218d8762_SCHOLAR,Uno spreco. È probabile che qualche Goblin li abbia già mangiati.
NPC_SAQI_PLAYER_a8327614-16e5-4b54-bae9-7f05218d8762_STOIC,Tempo perso. Probabilmente sono già nella pancia di un Goblin.
NPC_SAQI_PLAYER_ad34a7fc-5a70-45f4-9d63-2034e9176171_HEROIC,Questo luogo sembra inquieto. Il caos oscura ogni parvenza d'ordine.
NPC_SAQI_PLAYER_ad34a7fc-5a70-45f4-9d63-2034e9176171_JOKER,"Se ti piace il caos, hai trovato il posto giusto."
NPC_SAQI_PLAYER_ad34a7fc-5a70-45f4-9d63-2034e9176171_SCHOLAR,"Un brutto posto, a giudicare dall'aspetto. Qui i conti li tiene il caos."
NPC_SAQI_PLAYER_ad34a7fc-5a70-45f4-9d63-2034e9176171_STOIC,Un brutto posto. Troppo caos.
NPC_SAQI_PLAYER_b5ba8aef-8832-400c-8377-bb1af5a9abe9_BASE,Cosa pensi di Heimen?
NPC_SAQI_PLAYER_be0a6503-64ff-4112-afab-8ffb92ca1e9a_HEROIC,Earlwood apre le porte a tutti. È questa la sua forza.
NPC_SAQI_PLAYER_be0a6503-64ff-4112-afab-8ffb92ca1e9a_JOKER,Earlwood tiene la porta aperta alla gente di ogni risma.
NPC_SAQI_PLAYER_be0a6503-64ff-4112-afab-8ffb92ca1e9a_SCHOLAR,Earlwood accoglie le persone. Questo ne spiega la varietà.
NPC_SAQI_PLAYER_be0a6503-64ff-4112-afab-8ffb92ca1e9a_STOIC,Earlwood è accogliente. Qui si riunisce molta gente.
NPC_SAQI_PLAYER_c01f7a1f-60e2-4e0c-91f8-a677e71d00ce_HEROIC,"Cari o meno, solo chi contribuisce dovrebbe ricevere cibo."
NPC_SAQI_PLAYER_c01f7a1f-60e2-4e0c-91f8-a677e71d00ce_JOKER,"Cari o meno, il pasto va a chi fa la sua parte."
NPC_SAQI_PLAYER_c01f7a1f-60e2-4e0c-91f8-a677e71d00ce_SCHOLAR,"Cari o meno, il cibo segue l'utilità. È l'unica regola equa."
NPC_SAQI_PLAYER_c01f7a1f-60e2-4e0c-91f8-a677e71d00ce_STOIC,"Cari o meno, va nutrito solo chi può rendersi utile."
NPC_SAQI_PLAYER_c7d249e8-f9c9-4039-acfd-853bf0456633_BASE,Puoi dirmi di più sulla famiglia Haylor?
NPC_SAQI_PLAYER_c9ef7591-d285-4c41-9b5e-2744ea78e729_HEROIC,Puoi contare sul mio aiuto. Cosa ti serve?
NPC_SAQI_PLAYER_c9ef7591-d285-4c41-9b5e-2744ea78e729_JOKER,Cosa manca stavolta? Spara.
NPC_SAQI_PLAYER_c9ef7591-d285-4c41-9b5e-2744ea78e729_SCHOLAR,Posso aiutare. Quali scorte mancano?
NPC_SAQI_PLAYER_c9ef7591-d285-4c41-9b5e-2744ea78e729_STOIC,Sono qui per aiutare. Quali scorte ti servono?
NPC_SAQI_PLAYER_cc0f514b-c01d-4be3-86af-455149169706_BASE,"""Corin mi manda a prendere delle scorte."""
NPC_SAQI_PLAYER_cdffefdf-ebd3-47fa-9659-b71aa2017c5b_BASE,Esci
NPC_SAQI_PLAYER_d012b55d-32b2-4845-b33a-26ee0974cfb0_BASE,"I Goblin non avranno già mangiato la scorta, ormai?"
NPC_SAQI_PLAYER_d115e36f-8833-43e8-92c9-67419a194322_HEROIC,È stato più difficile del previsto. Erano in agguato e hanno colpito senza preavviso.
NPC_SAQI_PLAYER_d115e36f-8833-43e8-92c9-67419a194322_JOKER,"Erano nascosti, aspettavano solo di saltarmi addosso. Più dura di quanto pensassi."
NPC_SAQI_PLAYER_d115e36f-8833-43e8-92c9-67419a194322_SCHOLAR,"Più difficile di quanto avessi stimato. L'imboscata era pianificata, e bene."
NPC_SAQI_PLAYER_d115e36f-8833-43e8-92c9-67419a194322_STOIC,Più difficile del previsto. Mi aspettavano. Un'imboscata.
NPC_SAQI_PLAYER_d151938a-a17c-4739-9b32-cc81765b15a6_BASE,Cosa pensi del Sindaco?
NPC_SAQI_PLAYER_d578b231-8083-4dd5-a1c9-2653b24b6d6b_HEROIC,"Un altro abitante di Earlwood che si rivolge a me, e le richieste non finiscono mai."
NPC_SAQI_PLAYER_d578b231-8083-4dd5-a1c9-2653b24b6d6b_JOKER,"Un altro abitante di Earlwood nei guai, che sorpresa. Le richieste non si fermano proprio mai."
NPC_SAQI_PLAYER_d578b231-8083-4dd5-a1c9-2653b24b6d6b_SCHOLAR,Un altro abitante di Earlwood in cerca del mio aiuto. Gli appelli sembrano incessanti.
NPC_SAQI_PLAYER_d578b231-8083-4dd5-a1c9-2653b24b6d6b_STOIC,Un altro abitante di Earlwood mi chiede aiuto. Non finisce mai.
NPC_SAQI_PLAYER_e0a95300-6397-451f-9e54-e9dc805d908c_HEROIC,"Sembra davvero un brav'uomo, saldo nei suoi propositi."
NPC_SAQI_PLAYER_e0a95300-6397-451f-9e54-e9dc805d908c_JOKER,Sembra davvero un brav'uomo. La gente non sarà abituata.
NPC_SAQI_PLAYER_e0a95300-6397-451f-9e54-e9dc805d908c_SCHOLAR,"Un brav'uomo, dunque. Da queste parti non è poco."
NPC_SAQI_PLAYER_e0a95300-6397-451f-9e54-e9dc805d908c_STOIC,Sembra proprio un brav'uomo.
NPC_SAQI_PLAYER_e2d5ff76-ffd0-4b12-94d6-76dff2d8498f_BASE,Perché il Sindaco non fa nulla?
NPC_SAQI_PLAYER_e5ebe2db-5a6e-42b7-b66b-c888955ce715_HEROIC,"Certamente. Cosa ti serve da me, Saqi?"
NPC_SAQI_PLAYER_e5ebe2db-5a6e-42b7-b66b-c888955ce715_JOKER,"Ma certo. Cosa ti frulla in testa, Saqi?"
NPC_SAQI_PLAYER_e5ebe2db-5a6e-42b7-b66b-c888955ce715_SCHOLAR,"Naturalmente. Cosa occorre, Saqi? E con quale urgenza?"
NPC_SAQI_PLAYER_e5ebe2db-5a6e-42b7-b66b-c888955ce715_STOIC,"Certo. Come posso aiutarti, Saqi?"
NPC_SAQI_PLAYER_eab599f5-ffdb-4fcc-995a-fff7c4a1283e_HEROIC,Le bevute e i racconti devono aspettare. Tempi come questi esigono azione.
NPC_SAQI_PLAYER_eab599f5-ffdb-4fcc-995a-fff7c4a1283e_JOKER,"Bevute e storie. Non così, non adesso."
NPC_SAQI_PLAYER_eab599f5-ffdb-4fcc-995a-fff7c4a1283e_SCHOLAR,Bevute e racconti possono attendere. Momenti come questo no.
NPC_SAQI_PLAYER_eab599f5-ffdb-4fcc-995a-fff7c4a1283e_STOIC,Niente bevute o racconti in un momento simile.
NPC_SAQI_PLAYER_fe7e452f-ce88-4b5b-b22d-09ea575fffbd_HEROIC,"Lascia andare l'impossibile, Saqi. Certe cose sono semplicemente fuori portata."
NPC_SAQI_PLAYER_fe7e452f-ce88-4b5b-b22d-09ea575fffbd_JOKER,"Saqi, rincorrere l'impossibile è un ottimo modo per consumarsi gli stivali."
NPC_SAQI_PLAYER_fe7e452f-ce88-4b5b-b22d-09ea575fffbd_SCHOLAR,"Non la vedrai mai, Saqi. La speranza spesa lì è sprecata."
NPC_SAQI_PLAYER_fe7e452f-ce88-4b5b-b22d-09ea575fffbd_STOIC,"Non la vedrai mai, Saqi. Non aggrapparti all'impossibile."
NPC_SAQI_RESPONSE_15982f44-120e-457a-a536-6fac74d1e59c,"*Gli occhi di Saqi si illuminano alla notizia del cibo.*\n\n""Ma guardati. Ottimo lavoro.""\n\n""Sapevo di poter contare su di te. Con questo posso finalmente cominciare a rimettere un po' d'ordine.""\n\n""Dimmi. Qualche problema là fuori?"""
NPC_SAQI_RESPONSE_174cc37f-23c1-494e-bb5e-adaf50af03ed,"""Grazie! Un giorno ricambierò, te lo giuro.""\n\n\n\n*Si porta una mano al mento, in una posa pensierosa più teatrale di quanto richieda il momento.*\n\n""Giusto! Ci serve qualcosa da mangiare e qualcosa per curarsi… Carne di lupo e mele andranno bene per il cibo, e per le cure ci serviranno delle Tenderberry. Se vai a raccoglierle nei campi e nella foresta, puoi consegnare tutto direttamente al loro campo."""
NPC_SAQI_RESPONSE_2178398b-4189-4403-a69f-b47d2107db6b,"""Esatto. A Earlwood si è sempre fatto così: nessuno resta fuori dalla porta.""\n\n\n\n""Earlwood è sempre stata accogliente. Sempre.\n\n\n\nÈ cambiata da quand'ero bambina: più facce nuove, meno vecchie abitudini, ma l'accoglienza non è mai venuta meno. Non finché avrò voce in capitolo."""
NPC_SAQI_RESPONSE_228d81fb-c8aa-440a-a539-74008ac5e2ca,"""Perché mi dice dove andare a prendere gli aiuti per primi, senza tirare a indovinare.\n\nSi è sempre detto che il vecchio Haylor tenesse un registro come si deve. Delle sue scorte e di quelle di tutta la distesa di campi. Chi aveva cosa, dove la teneva, cosa si poteva spostare. Lo usavano per spuntarla negli scambi.\n\nPer noi significa sapere quali magazzini erano più pieni e meglio protetti prima che arrivassero i Goblin. Se c'è ancora qualcosa, lo troveremo prima e smetteremo di buttare via tempo."""
NPC_SAQI_RESPONSE_251d7f7f-df64-4f4f-8e8d-6aaae7dd084d,"""Te lo dico chiaro: la situazione è dura.\n\n\n\nTroppe bocche, poche scorte. E le strade non sono affidabili. Posso allungare una pentola solo fino a un certo punto, poi diventa acqua e basta.""\n\n*Serra la mascella, poi si ricompone.*\n\n""Facciamo tutto il possibile per sfamare la gente e impedire al panico di dilagare, ma è difficile."""
NPC_SAQI_RESPONSE_2912577a-6cfc-45ea-9812-2562b1cf9870,"""Io? Ah! Di solito gestisco la taverna di Earlwood. Si chiama Il Focolare sul Ciglio della Strada, anche se quasi tutti dicono solo Ciglio della Strada.\n\n\n\nL'ha aperta mio padre, poi è passata a me. Ho le mani su quei tavoli da quando ero abbastanza alta da vederci sopra.\n\n\n\nUltimamente, però, la taverna ha dovuto dividermi con altri. Sto dando una mano qui alla Gilda. Tengo il conto delle scorte, smisto quello che serve a ciascuno, faccio in modo che chi combatte possa pensare alla lotta."""
NPC_SAQI_RESPONSE_33e926aa-66fa-4236-b9a2-5e172d20c6f3,"""Eh sì, vero? Se mai apriranno quei dannati cancelli, sarò la prima a passarci."""
NPC_SAQI_RESPONSE_36f1f642-4819-4ab8-92e6-05081a48e13a,"""Bene. La situazione è questa.""\n\n\n\n""Là fuori le cose iniziano a calmarsi. Goblin respinti, margine della foresta più tranquillo. Qualcuno di noi deve smettere di trattenere il fiato e cominciare a fare progetti.""\n\n*Scruta la stanza, attenta ai volti e ai bisogni, come se contasse i piatti prima dell'ora di punta.*\n\n""Se vogliamo che Earlwood torni felice e in salute, dobbiamo riprendere il controllo dei campi. Cibo nei magazzini, al suo posto, e lavoro che porti a qualcosa.""\n\n""Posso allungare lo stufato e risistemare i letti per un po'. Ma non è un futuro. È solo rimandare il prossimo attacco di panico.""\n\n*Un pensiero amaro le attraversa il viso.*\n\n""E sappiamo entrambi che il Sindaco non lo farà. Ha chiuso il portone quando sono arrivati i rifugiati, e l'ha chiamato «ordine».""\n\n""Quindi tocca a noi. Quelli che ci sono davvero."""
NPC_SAQI_RESPONSE_398b4959-3932-47a0-bfc8-251f00228d03,"""Lo conosco da quando eravamo bambini, siamo cresciuti insieme. Può sembrare un musone, è il tipo cupo e lunatico, ma ha un cuore caldo quanto quello di chiunque altro. Ormai avrai visto che a Earlwood ci sono parecchie teste dure dal cuore tenero. Gli voglio bene a tutti."""
NPC_SAQI_RESPONSE_439144d7-7614-48cf-a9c0-e969542a47be,"""Eh sì. Nata e cresciuta a Earlwood.\n\n\n\nI miei genitori hanno lasciato Barakthrum prima che nascessi. Volevano una vita lontana dalle città naniche, e l'hanno trovata qui.\n\n\n\nBarakthrum mi ha sempre incuriosita, ma una volta che te ne vai non puoi tornarci come niente fosse. Gli estranei non sono benvenuti, nani o meno."""
NPC_SAQI_RESPONSE_43fd254d-01fb-403b-92d1-5a582f6a7100,"""No. È crudeltà travestita da buon senso. Le persone non sono attrezzi da tenere solo finché servono."""
NPC_SAQI_RESPONSE_4e7a9850-35ba-4c38-aa35-c72f2779e13f,"""Sentimentalismo? No. Sono radici. Ti reggi meglio in piedi quando sai su cosa poggi.""\n\n\n\n""La cultura del mio popolo mi ha sempre affascinata.""\n\n""Mio padre mi raccontava storie naniche prima di dormire. Le fucine di Barakthrum. Fiumi di lava. Guardiani di Ferro coperti di piastre incantate dalla testa ai piedi, così spesse da farli sembrare golem.""\n\n*Il suo sorriso si addolcisce, poi si spegne un poco.*\n\n""Dopo la sua morte, per un po' non ci sono state più storie. Non così.""\n\n""Poi è arrivato Heimen, con più storie di quante sapessi che farmene. Canzoni, racconti del passato, vecchi detti, discussioni sulla bellezza che andavano avanti oltre mezzanotte.""\n\n""E sono la prima a dirlo: racconta meglio del mio vecchio papà. Non andarlo a dire al fantasma di mio padre."""
NPC_SAQI_RESPONSE_50310412-251a-4a0e-a7c2-cf12c4cd2087,"""Ah! Allora non te ne farò perdere, Ammazza-Goblin.""\n\n\n\n""Là fuori le cose iniziano a calmarsi. Goblin respinti, margine della foresta più tranquillo. Qualcuno di noi deve smettere di trattenere il fiato e cominciare a fare progetti.""\n\n*Scruta la stanza, attenta ai volti e ai bisogni, come se contasse i piatti prima dell'ora di punta.*\n\n""Se vogliamo che Earlwood torni felice e in salute, dobbiamo riprendere il controllo dei campi. Cibo nei magazzini, al suo posto, e lavoro che porti a qualcosa.""\n\n""Posso allungare lo stufato e risistemare i letti per un po'. Ma non è un futuro. È solo rimandare il prossimo attacco di panico.""\n\n*Un pensiero amaro le attraversa il viso.*\n\n""E sappiamo entrambi che il Sindaco non lo farà. Ha chiuso il portone quando sono arrivati i rifugiati, e l'ha chiamato «ordine».""\n\n""Quindi tocca a noi. Quelli che ci sono davvero."""
NPC_SAQI_RESPONSE_589d7f1f-f8f9-4cf6-b5aa-e21c3caa28ce,"""Lo so che pesa. Ma questo paese non dimentica mai ciò che deve, e senza di te non ce la facciamo.""\n\n\n\n*Si porta una mano al mento, in una posa pensierosa più teatrale di quanto richieda il momento.*\n\n""Giusto! Ci serve qualcosa da mangiare e qualcosa per curarsi… Carne di lupo e mele andranno bene per il cibo, e per le cure ci serviranno delle Tenderberry. Se vai a raccoglierle nei campi e nella foresta, puoi consegnare tutto direttamente al loro campo."""
NPC_SAQI_RESPONSE_5be25bf9-984b-4d16-90d3-643147392709,"""Eh sì, quasi tutti da quand'ero bambina. Da quando arrivavo al ginocchio di Eldorian, se riesci a immaginartelo.""\n\n\n\n""Qui sono tutti come una famiglia per me.\n\n\n\nLo vedevo dopo gli scontri e le battute di caccia. Alaric portava gli altri al Ciglio della Strada, anche se il chiasso non gli è mai piaciuto granché. Nemmeno a Corin. Quei due, a lasciarli soli abbastanza a lungo, potrebbero bucare un muro a furia di rimuginare.\n\n\n\nMa gli altri? Avevano bisogno di calore. Bevute sul tavolo, storie che diventavano più grosse ogni volta, qualcuno che rideva troppo forte, qualcuno che fingeva di non avere le lacrime agli occhi.\n\n\n\nEra quello il senso. Non la birra. Il ritorno."""
NPC_SAQI_RESPONSE_5c1e9a7d-3b6f-8d2a-4c0e-7f1b9d3a6c2e,"*Gli occhi le si riempiono di speranza mentre un sorriso sincero le illumina il viso.*\n\n""Grazie davvero per l'aiuto! Sapevo che in mezzo a tutto questo caos c'era ancora della brava gente."""
NPC_SAQI_RESPONSE_5d5b9077-7a84-4ed6-b3ef-9ceaef58b440,"""Strano? Ah! È un poeta, certo che lo è.""\n\n\n\n""Parlavamo spesso di Barakthrum. Quasi tutte le sere, più di quanto avessi intenzione di fare.""\n\n""Heimen è nato nella pietra. Nato nelle sale della montagna, cresciuto tra la gente che io ho conosciuto solo attraverso le storie. Poi ha scelto di partire, inseguendo «la Verità, la Bellezza e il Bene». Parole sue, non mie.""\n\n*Incrocia le braccia, ma nel gesto c'è più affetto che difesa.*\n\n""Il prezzo è che non potrà mai tornare. I cancelli dei nani non si aprono due volte per chi se ne va.""\n\n""E così eccoci lì. A lui mancava una patria che conosceva, a me una che non avevo mai avuto. Strana coppia, eh?"""
NPC_SAQI_RESPONSE_66fba1d4-e462-4788-b701-dadffb82dc8f,"""Scusa se ti metto fretta, ma lo sai che potrebbero non resistere per sempre. Ci serve il tuo aiuto. Pensaci, ti prego."""
NPC_SAQI_RESPONSE_6c852f8f-e8b4-4aa6-9dae-9d6c08cb7549,"""Ah, non venirmi a dire queste cose. Pensaci bene. Sai cosa devi fare."""
NPC_SAQI_RESPONSE_6ea717a0-a9e9-402c-b80f-62aaf5fe0b74,"""No. Qui non si fa così. Questo non è l'Impero di Xwin, o peggio.""\n\n\n\n""Earlwood è sempre stata accogliente. Sempre.\n\n\n\nÈ cambiata da quand'ero bambina: più facce nuove, meno vecchie abitudini, ma l'accoglienza non è mai venuta meno. Non finché avrò voce in capitolo."""
NPC_SAQI_RESPONSE_71a43d6a-234a-4ef4-988e-a2428abf84bc,"""Tutto il contrario. Una bevuta e una storia aiutano la gente a rimettersi in piedi dopo uno scontro.""\n\n\n\n""Qui sono tutti come una famiglia per me.\n\n\n\nLo vedevo dopo gli scontri e le battute di caccia. Alaric portava gli altri al Ciglio della Strada, anche se il chiasso non gli è mai piaciuto granché. Nemmeno a Corin. Quei due, a lasciarli soli abbastanza a lungo, potrebbero bucare un muro a furia di rimuginare.\n\n\n\nMa gli altri? Avevano bisogno di calore. Bevute sul tavolo, storie che diventavano più grosse ogni volta, qualcuno che rideva troppo forte, qualcuno che fingeva di non avere le lacrime agli occhi.\n\n\n\nEra quello il senso. Non la birra. Il ritorno."""
NPC_SAQI_RESPONSE_9f257223-24a6-4b85-8934-86ea67b452eb,"""Eh sì, può essere un po' enigmatico. Col tempo ti ci abituerai.""\n\n\n\n""Parlavamo spesso di Barakthrum. Quasi tutte le sere, più di quanto avessi intenzione di fare.""\n\n""Heimen è nato nella pietra. Nato nelle sale della montagna, cresciuto tra la gente che io ho conosciuto solo attraverso le storie. Poi ha scelto di partire, inseguendo «la Verità, la Bellezza e il Bene». Parole sue, non mie.""\n\n*Incrocia le braccia, ma nel gesto c'è più affetto che difesa.*\n\n""Il prezzo è che non potrà mai tornare. I cancelli dei nani non si aprono due volte per chi se ne va.""\n\n""E così eccoci lì. A lui mancava una patria che conosceva, a me una che non avevo mai avuto. Strana coppia, eh?"""
NPC_SAQI_RESPONSE_a38a82bf-3164-43e6-a776-741b8c92f45d,"""Eh sì. Ma c'è anche gioia. Ogni storia mi dà un pezzo che prima non avevo.""\n\n\n\n""La cultura del mio popolo mi ha sempre affascinata.""\n\n""Mio padre mi raccontava storie naniche prima di dormire. Le fucine di Barakthrum. Fiumi di lava. Guardiani di Ferro coperti di piastre incantate dalla testa ai piedi, così spesse da farli sembrare golem.""\n\n*Il suo sorriso si addolcisce, poi si spegne un poco.*\n\n""Dopo la sua morte, per un po' non ci sono state più storie. Non così.""\n\n""Poi è arrivato Heimen, con più storie di quante sapessi che farmene. Canzoni, racconti del passato, vecchi detti, discussioni sulla bellezza che andavano avanti oltre mezzanotte.""\n\n""E sono la prima a dirlo: racconta meglio del mio vecchio papà. Non andarlo a dire al fantasma di mio padre."""
NPC_SAQI_RESPONSE_a77116ac-9f09-4108-8b97-5428c7459049,"""Perché non capisce da dove vengano cibo e riparo.\n\nNon dà valore all'ingegno e al lavoro che li procurano, perché non ha mai dovuto mandare avanti niente da solo.\n\nCosì, quando arriva la pressione, tira la leva più facile. Chiude il portone e zittisce il rumore. Poi finge che il problema sia fuori."""
NPC_SAQI_RESPONSE_afc65fcf-2030-4536-9d2f-d4378d710d84,"""Eh sì, garantisco io. Un cuore d'oro, quello.""\n\n\n\n""Parlavamo spesso di Barakthrum. Quasi tutte le sere, più di quanto avessi intenzione di fare.""\n\n""Heimen è nato nella pietra. Nato nelle sale della montagna, cresciuto tra la gente che io ho conosciuto solo attraverso le storie. Poi ha scelto di partire, inseguendo «la Verità, la Bellezza e il Bene». Parole sue, non mie.""\n\n*Incrocia le braccia, ma nel gesto c'è più affetto che difesa.*\n\n""Il prezzo è che non potrà mai tornare. I cancelli dei nani non si aprono due volte per chi se ne va.""\n\n""E così eccoci lì. A lui mancava una patria che conosceva, a me una che non avevo mai avuto. Strana coppia, eh?"""
NPC_SAQI_RESPONSE_b401de2a-0aa6-4da3-beb4-093b6977748b,"*La giovane nana sgrana gli occhi al nome di Corin.*\n\n""Corin, è vivo? Siano ringraziati i Principi. Corin ha fatto bene a mandarti da me. Siamo a corto di scorte, e ancora di più di cacciatori. Ti andrebbe di uscire a raccoglierne? So che ti hanno già chiesto tanto, e ho sentito quanto hai aiutato."""
NPC_SAQI_RESPONSE_bda3ee5d-8957-4a81-a6b1-2b9bc7c32e1c,"""Eh sì, è la risposta che danno tutti. Giusta, pulita, sensata. Ma qui nel petto continua a pesare."""
NPC_SAQI_RESPONSE_c3fe5c30-155a-4969-a0ae-afe1447d0dc6,"""Lo erano. E lo saranno di nuovo, finché avrò voce in capitolo."""
NPC_SAQI_RESPONSE_cae68c0d-6dee-41c5-a72d-0b94da768a20,"""Di brutti momenti ne abbiamo avuti. Come dappertutto.\n\n\n\nNon abbiamo un vero esercito, e non ci è concesso averlo. Così ci arrangiamo: braccia della Gilda, braccia del villaggio e testardaggine.""\n\n\n\n""Ci servirà forza per uscirne. Lame e scudi, sì, ma anche pazienza. Braccia. Gente disposta a portare più del proprio peso per un po'.\n\n\n\nCi sono così tante facce nuove adesso. Una volta mi guardavo intorno a Earlwood e sapevo di aver visto tutti almeno una volta alla mia taverna. Conoscevo la loro bevanda, il loro carattere, chi aveva bisogno di un angolo tranquillo e chi doveva smettere di bere.\n\n\n\nAdesso mi guardo intorno e vedo gente che ancora non conosco, tutti affamati e spaventati, ciascuno con bisogno di qualcosa.\n\n\n\nÈ difficile prendersi cura dei nuovi arrivati e allo stesso tempo assicurarsi che anche i nostri stiano al sicuro. Mi sento responsabile di tutti, ma non voglio che siano le persone più vicine a me a pagare ogni volta che manca qualcosa."""
NPC_SAQI_RESPONSE_cf8fa387-6f8a-4801-9355-a1652282142c,"""Gli Haylor? Ci sarebbe tanto da dire, e quasi tutto noioso.\n\nSono una delle quattro grandi famiglie di Earlwood. Hanno i campi fin dalla fondazione, e lo sanno bene.\n\nInfluenza, soldi e memoria lunga. Ecco gli Haylor."""
NPC_SAQI_RESPONSE_d2981497-df37-48e6-8a1b-227cce0e423f,"""Comunque ce l'hai fatta. Non me ne dimenticherò. Dammi un po' di tempo. Al tuo ritorno avrò un piano."""
NPC_SAQI_RESPONSE_d47adead-922c-4fe5-a26e-87da5bcae72e,"""Ah! Certo che non sono un problema. Dammi un po' di tempo. Al tuo ritorno avrò un piano."""
NPC_SAQI_RESPONSE_dbce5d10-9e8f-4607-bf46-a49dd6bb3f20,"""Il trucco è proprio quello. Non è la prima volta che i Goblin cercano di prenderci per fame.\n\nDopo qualche dura lezione, le grandi famiglie hanno iniziato a fare consegne a prova di Goblin. Imballi rinforzati, sigillati, cibo conservato.\n\nSe troviamo la scorta, ci aspetterà tutta intera, proprio come volevano loro. Non un mucchio di avanzi."""
NPC_SAQI_RESPONSE_e074b3f6-5f61-49b5-ad37-1412fabbbeb8,"""Niente è impossibile, tesoro."""
NPC_SAQI_RESPONSE_e7258af7-22f2-4933-b4bf-0053e0d7ed52,"""Esatto. Se vogliamo sopravvivere, accettiamo l'aiuto da dove viene. Ognuno porta la propria forza.""\n\n\n\n""Ci servirà forza per uscirne. Lame e scudi, sì, ma anche pazienza. Braccia. Gente disposta a portare più del proprio peso per un po'.\n\n\n\nCi sono così tante facce nuove adesso. Una volta mi guardavo intorno a Earlwood e sapevo di aver visto tutti almeno una volta alla mia taverna. Conoscevo la loro bevanda, il loro carattere, chi aveva bisogno di un angolo tranquillo e chi doveva smettere di bere.\n\n\n\nAdesso mi guardo intorno e vedo gente che ancora non conosco, tutti affamati e spaventati, ciascuno con bisogno di qualcosa.\n\n\n\nÈ difficile prendersi cura dei nuovi arrivati e allo stesso tempo assicurarsi che anche i nostri stiano al sicuro. Mi sento responsabile di tutti, ma non voglio che siano le persone più vicine a me a pagare ogni volta che manca qualcosa."""
NPC_SAQI_RESPONSE_e7447f89-85c5-48e4-b9a1-f9136fa823f6,"""Heimen? Ecco un nano come si deve, se mai ne ho visto uno.""\n\n*Gli occhi le si illuminano un po' troppo in fretta e si mette ad armeggiare con una mano, come se all'improvviso dovesse darle qualcosa da fare.*\n\n""È una delle persone che preferisco. Senza contare quelli nati a Earlwood, ovvio. Prima di tutto questo caos, passava da Earlwood qualche volta l'anno. Quando si fermava, cantava quasi ogni sera al Ciglio della Strada. Una meraviglia.""\n\n""E dopo la chiusura spesso restava. Parlavamo un po'. Niente di che. Solo parlare."""
NPC_SAQI_RESPONSE_ebcc8143-49ff-4c7d-86b9-7d8fa25771f7,"""Avanti, allora. E per quel che vale, io scommetto su di te."""
NPC_SAQI_RESPONSE_ec2c10f9-9350-4872-9d9d-8c47699bf5ed,"""Cosa penso? Che sia un cafone dalle mani morbide, con un bel nome e senza spina dorsale.\n\nHa chiuso il portone in faccia a gente spaventata e si è comportato come se avesse fatto chissà quale gesto coraggioso.\n\nNon è guidare la gente. È nascondersi dietro legno e ferro mentre gli altri pagano il conto."""
NPC_SAQI_RESPONSE_ed135a30-86d0-4477-9ff3-068d5900de06,"""Ah! Giusto. Ci arrivo. Voglio solo essere sicura che tu ne senta il peso.""\n\n\n\n*Con una fiera determinazione negli occhi, si batte il pugno nel palmo della mano.*\n\n""Bene. Ecco la prima mossa.""\n\n""Ci aspetta una montagna di lavoro. Granai da riprendere. Linee di rifornimento da ricostruire. Aiuti esterni, difese, tutto quanto.""\n\n*Il sorrisetto ritorna, come se avesse già piazzato il primo segno su una mappa.*\n\n""Ma caricare alla cieca non ci porta niente. Cominciamo dalle informazioni e da qualcosa che possiamo davvero portare a casa.""\n\n""Ho parlato con i contadini del Mulino di Haylor che sono riusciti a fuggire. Quando gli Haylor hanno abbandonato il mulino, hanno organizzato la consegna qui del loro vecchio registro, insieme a una scorta di merci. Soprattutto cibo. Forse vestiti.""\n\n""La carovana non è mai arrivata. I Goblin l'hanno attaccata prima che ci raggiungesse. È là fuori, da qualche parte nei campi.""\n\n""Troviamo il registro e troviamo la scorta.""\n\n""Portami queste due cose. Nient'altro."""
NPC_SAQI_RESPONSE_f09682ae-9c95-405d-b1cd-4d5a1bd5e6db,"""Eh sì. Seguirò l'istinto. Farò quello che posso per tutti, ma non fingerò che chi mi è più vicino non conti di più."""
NPC_SAQI_RESPONSE_f2d8e0a1-216d-48ee-8a7c-c9df485a84e3,"""Grazie! Dovrei proprio tornare a cucinare per questi rifugiati, ma ripassa ogni tanto. Mi farebbe piacere conoscerti meglio, quando avremo un momento."""
NPC_SAQI_RESPONSE_f872c5bc-f15b-4e9e-a196-65bc68e517ef,"""Allora non hai mai avuto le persone giuste alla tua tavola. Un peccato, davvero."""
NPC_SAQI_RESPONSE_ff4d1948-153b-4bb5-a899-8e2de35d8875,"""Mi piace questo slancio. Sei un tesoro. Bene, ascolta.""\n\n\n\n*Con una fiera determinazione negli occhi, si batte il pugno nel palmo della mano.*\n\n""Bene. Ecco la prima mossa.""\n\n""Ci aspetta una montagna di lavoro. Granai da riprendere. Linee di rifornimento da ricostruire. Aiuti esterni, difese, tutto quanto.""\n\n*Il sorrisetto ritorna, come se avesse già piazzato il primo segno su una mappa.*\n\n""Ma caricare alla cieca non ci porta niente. Cominciamo dalle informazioni e da qualcosa che possiamo davvero portare a casa.""\n\n""Ho parlato con i contadini del Mulino di Haylor che sono riusciti a fuggire. Quando gli Haylor hanno abbandonato il mulino, hanno organizzato la consegna qui del loro vecchio registro, insieme a una scorta di merci. Soprattutto cibo. Forse vestiti.""\n\n""La carovana non è mai arrivata. I Goblin l'hanno attaccata prima che ci raggiungesse. È là fuori, da qualche parte nei campi.""\n\n""Troviamo il registro e troviamo la scorta.""\n\n""Portami queste due cose. Nient'altro."""
NPC_SAQI_TITLE,La giovane nana
NPC_SUSPICIOUSTRADER_GREETING_dfdfdffdd-5483-4ae9-b534-885433b4e3a1,"""Me ne vado presto, promesso!"""
NPC_SUSPICIOUSTRADER_GREETING_ee08b7ff-5483-4ae9-b534-885433b4e3a1,"*L'uomo trasandato lancia un grido di sollievo quando ti avvicini. Si asciuga la fronte, poi si inchina con gratitudine esagerata, sorridendo come se ti accogliesse nel suo negozio anziché nel mezzo di uno scontro.*\n\n""Che tu sia benedetto, avventuriero. Davvero. Quei Goblin mi avevano portato sull'orlo della rovina. Un altro minuto e avrei dovuto abbandonare la merce e correre per salvarmi la pelle. Ma il destino ha avuto pietà di me, e anche tu. Ora lascia che ricambi il favore. Equipaggiamento incantato, prezzo onesto. Qualcosa per dare un po' più di mordente al tuo braccio."""
NPC_SUSPICIOUSTRADER_NAME,Mercante sospetto
NPC_SUSPICIOUSTRADER_PLAYER_1987fee4-ee3a-4510-b3cf-148dcd1a98d0_HEROIC,"Restituisci ciò che hai preso, insieme ai guadagni e alle scorte che ne hai ricavato."
NPC_SUSPICIOUSTRADER_PLAYER_1987fee4-ee3a-4510-b3cf-148dcd1a98d0_JOKER,"Forza, ridai indietro quello che hai arraffato, più i soldi e le scorte raccolti per strada."
NPC_SUSPICIOUSTRADER_PLAYER_1987fee4-ee3a-4510-b3cf-148dcd1a98d0_SCHOLAR,"Restituisci quanto hai sottratto, nonché i profitti e le scorte acquisiti attraverso questa attività."
NPC_SUSPICIOUSTRADER_PLAYER_1987fee4-ee3a-4510-b3cf-148dcd1a98d0_STOIC,Restituisci ciò che hai preso. Compresi tutti i guadagni e le scorte ricavati.
NPC_SUSPICIOUSTRADER_PLAYER_53371ec0-5664-40dd-806d-0e4c4ac3c2de_HEROIC,"Ora parla chiaro, prima che la mia pazienza finisca e tu incontri il filo della mia arma."
NPC_SUSPICIOUSTRADER_PLAYER_53371ec0-5664-40dd-806d-0e4c4ac3c2de_JOKER,"Questo è il momento di essere onesti, a meno che tu non voglia un incontro ravvicinato con la mia arma."
NPC_SUSPICIOUSTRADER_PLAYER_53371ec0-5664-40dd-806d-0e4c4ac3c2de_SCHOLAR,"La verità, ora. La mia pazienza e la mia lama hanno modi diversi."
NPC_SUSPICIOUSTRADER_PLAYER_53371ec0-5664-40dd-806d-0e4c4ac3c2de_STOIC,"Di' la verità, prima che perda la calma e tu senta la forza della mia arma."
NPC_SUSPICIOUSTRADER_PLAYER_5af478c7-e261-4913-9ee4-e8941510bce2_BASE,Cosa hai in vendita?
NPC_SUSPICIOUSTRADER_PLAYER_6c98d3f7-3716-4330-be72-9fc2fac5e624_HEROIC,Conosco la verità. Ora hai l'occasione di confessare con onore.
NPC_SUSPICIOUSTRADER_PLAYER_6c98d3f7-3716-4330-be72-9fc2fac5e624_JOKER,Conosco la verità. Una confessione adesso ci risparmierebbe un po' di teatro.
NPC_SUSPICIOUSTRADER_PLAYER_6c98d3f7-3716-4330-be72-9fc2fac5e624_SCHOLAR,Sono a conoscenza della verità. Questa è un'opportunità per confessare.
NPC_SUSPICIOUSTRADER_PLAYER_6c98d3f7-3716-4330-be72-9fc2fac5e624_STOIC,Conosco la verità. È la tua occasione per confessare.
NPC_SUSPICIOUSTRADER_PLAYER_776cf021-f201-411d-b893-37b1b58261e2_HEROIC,"Lascia tutto e corri. Non voltarti. Se esiti, arriverò io."
NPC_SUSPICIOUSTRADER_PLAYER_776cf021-f201-411d-b893-37b1b58261e2_JOKER,Molla tutto e corri verso gli alberi. Fermati a riprendere fiato e potresti vedermi alle tue spalle.
NPC_SUSPICIOUSTRADER_PLAYER_776cf021-f201-411d-b893-37b1b58261e2_SCHOLAR,"Lascia ogni cosa e va'. Nella foresta, senza più tornare. Se esiterai, ti seguirò."
NPC_SUSPICIOUSTRADER_PLAYER_776cf021-f201-411d-b893-37b1b58261e2_STOIC,"Lascia tutto qui e corri. Nella foresta. Non tornare. Se ti fermi, ti sono dietro."
NPC_SUSPICIOUSTRADER_PLAYER_a90a4c77-d027-4532-a6d0-d8ae5364da3a_HEROIC,Tu saresti il mercante di cui parlano tutti.
NPC_SUSPICIOUSTRADER_PLAYER_a90a4c77-d027-4532-a6d0-d8ae5364da3a_JOKER,Il mercante di cui parlano tutti. Nei racconti eri qualche centimetro più alto.
NPC_SUSPICIOUSTRADER_PLAYER_a90a4c77-d027-4532-a6d0-d8ae5364da3a_SCHOLAR,Dunque sei tu il mercante. Le voci non esageravano molto.
NPC_SUSPICIOUSTRADER_PLAYER_a90a4c77-d027-4532-a6d0-d8ae5364da3a_STOIC,Devi essere il mercante di cui parlano tutti.
NPC_SUSPICIOUSTRADER_PLAYER_a9d578b9-e2c1-471a-925a-1678e2ec2324_HEROIC,Va' alla Gilda e affidati con onore alla clemenza di Alaric.
NPC_SUSPICIOUSTRADER_PLAYER_a9d578b9-e2c1-471a-925a-1678e2ec2324_JOKER,Fila alla Gilda e scopri com'è la clemenza di Alaric vista da vicino.
NPC_SUSPICIOUSTRADER_PLAYER_a9d578b9-e2c1-471a-925a-1678e2ec2324_SCHOLAR,Recati alla Gilda e rimettiti alla clemenza di Alaric.
NPC_SUSPICIOUSTRADER_PLAYER_a9d578b9-e2c1-471a-925a-1678e2ec2324_STOIC,Va' alla Gilda. Rimettiti alla clemenza di Alaric.
NPC_SUSPICIOUSTRADER_PLAYER_b2409d87-0262-44e0-b9bb-15f6c19ad71d_HEROIC,"Chi ho davanti, e quale scopo ti conduce qui?"
NPC_SUSPICIOUSTRADER_PLAYER_b2409d87-0262-44e0-b9bb-15f6c19ad71d_JOKER,"Chi va là, e che guai stai combinando?"
NPC_SUSPICIOUSTRADER_PLAYER_b2409d87-0262-44e0-b9bb-15f6c19ad71d_SCHOLAR,"Chi sei? E cosa, esattamente, ti trattiene qui?"
NPC_SUSPICIOUSTRADER_PLAYER_b2409d87-0262-44e0-b9bb-15f6c19ad71d_STOIC,Chi sei e cosa ci fai qui?
NPC_SUSPICIOUSTRADER_PLAYER_b4c5a2d7-62b5-487a-96d3-8c3048f37711_HEROIC,Dunque hai rivenduto le merci incantate di Tamsin?
NPC_SUSPICIOUSTRADER_PLAYER_b4c5a2d7-62b5-487a-96d3-8c3048f37711_JOKER,Quindi hai pensato che le merci incantate di Tamsin meritassero un secondo giro sul mercato?
NPC_SUSPICIOUSTRADER_PLAYER_b4c5a2d7-62b5-487a-96d3-8c3048f37711_SCHOLAR,Sei dunque tu il responsabile della rivendita delle merci incantate di Tamsin?
NPC_SUSPICIOUSTRADER_PLAYER_b4c5a2d7-62b5-487a-96d3-8c3048f37711_STOIC,Sei tu a rivendere le merci incantate di Tamsin?
NPC_SUSPICIOUSTRADER_PLAYER_dfdfdghhhjj-f201-411d-b893-37b1b58261e2_BASE,Esci
NPC_SUSPICIOUSTRADER_PLAYER_ed7f1bc8-99de-4334-9493-6e6422e3efa4_HEROIC,La sopravvivenza favorisce i forti. Sottrai qualcosa agli altri e sarò io a riprenderlo.
NPC_SUSPICIOUSTRADER_PLAYER_ed7f1bc8-99de-4334-9493-6e6422e3efa4_JOKER,Sopravvivono i forti. Sfili qualcosa agli altri e qualcuno viene a riscuotere. Quel qualcuno sono io.
NPC_SUSPICIOUSTRADER_PLAYER_ed7f1bc8-99de-4334-9493-6e6422e3efa4_SCHOLAR,La sopravvivenza appartiene ai forti. Sottrai agli altri e attenditi lo stesso trattamento da me.
NPC_SUSPICIOUSTRADER_PLAYER_ed7f1bc8-99de-4334-9493-6e6422e3efa4_STOIC,Sopravvivono i forti. Porta via agli altri e qualcuno porta via a te. Quel qualcuno sarò io.
NPC_SUSPICIOUSTRADER_PLAYER_f4c72b7d-cf83-414e-9e6d-cae27f4d2960_HEROIC,Ciò che hai perso non ti autorizza a depredare nessuno. Non è giusto.
NPC_SUSPICIOUSTRADER_PLAYER_f4c72b7d-cf83-414e-9e6d-cae27f4d2960_JOKER,"Perdere tutto non ti dà di colpo il diritto di sfruttare tutti gli altri, sai."
NPC_SUSPICIOUSTRADER_PLAYER_f4c72b7d-cf83-414e-9e6d-cae27f4d2960_SCHOLAR,Una perdita non conferisce diritti sulle altre persone.
NPC_SUSPICIOUSTRADER_PLAYER_f4c72b7d-cf83-414e-9e6d-cae27f4d2960_STOIC,La tua perdita non ti dà diritto di sfruttare gli altri.
NPC_SUSPICIOUSTRADER_RESPONSE_21d736cd-afb0-482d-bf7d-04270fff7e16,"""Confessare? Cosa, di preciso? Ma hai quello sguardo. Va bene. Non sono uno sciocco. Parlerò.""\n\n\n\n""Sì. Sono stato io. Ti basta, adesso? Ho perso tutto. I Goblin mi hanno portato via la casa, poi il resto del mondo si è preso quello che rimaneva. Credi che qualcuno sia corso a salvarmi? Ho trovato un modo per vivere. Tutto qui."""
NPC_SUSPICIOUSTRADER_RESPONSE_58a4e0d0-b2d4-4dea-9e02-6081e598d8f1,"""Tamsin? Merci incantate? Amico, non so che storia ti abbiano raccontato, ma non è la mia.""\n\n\n\n""Solo un mercante, tutto qui. Nato ad Aldoria, consumato dalla strada. Mi fermo poco, quindi scegli in fretta se vuoi comprare. Queste strade non aspettano, e nemmeno io."""
NPC_SUSPICIOUSTRADER_RESPONSE_776760dd-ae8e-495c-8392-599330610f4e,"""Parlano tutti di me? Fa bene agli affari. Molto bene.""\n\n\n\n""Solo un mercante, tutto qui. Nato ad Aldoria, consumato dalla strada. Mi fermo poco, quindi scegli in fretta se vuoi comprare. Queste strade non aspettano, e nemmeno io."""
NPC_SUSPICIOUSTRADER_RESPONSE_915e7eb9-e2f7-4575-8de1-84d771b2ec02,"""Va bene. Va bene. Sei forte. Lo vedo. Non facciamo stupidaggini per della stoffa e dei soldi.""\n\n\n\n""E allora cosa vuoi? Restituisco tutto. Bene. Vuoi anche che vada a strisciare alla Gilda. Da quella ragazzina gracile. Come ti pare."""
NPC_SUSPICIOUSTRADER_RESPONSE_9555253c-bbb1-4d1a-a41c-ef235afdfd40,"""Diritto di sfruttare. Ma sentiti. Il mondo sfrutta. Io ho solo imparato più in fretta di te.""\n\n\n\n""E allora cosa vuoi? Restituisco tutto. Bene. Vuoi anche che vada a strisciare alla Gilda. Da quella ragazzina gracile. Come ti pare."""
NPC_SUSPICIOUSTRADER_RESPONSE_974c5a04-8a79-4342-beec-d23b2e834aa0,"""Ah, subito al sodo. Lo rispetto. Vado dove le strade lo permettono e le lame no.""\n\n\n\n""Solo un mercante, tutto qui. Nato ad Aldoria, consumato dalla strada. Mi fermo poco, quindi scegli in fretta se vuoi comprare. Queste strade non aspettano, e nemmeno io."""
NPC_SUSPICIOUSTRADER_RESPONSE_b6200907-d2c4-4562-8294-64f710ca431c,"""Cos'ho? Cosa non ho! Mantelli, fasce, ninnoli, protezioni. Qualcosa per raddoppiare la tua magia, qualcosa per metterti il vento nelle gambe. Dimmi cosa vuoi diventare e ti venderò la scorciatoia."""
NPC_SUSPICIOUSTRADER_RESPONSE_b8b3a42a-821e-48ca-9bd7-40fc15b2413d,"""La… clemenza di Alaric. Per gli dèi. Va bene. Va bene, ci vado. Ci vado. Solo… non farmi ripetere il suo nome."""
NPC_SUSPICIOUSTRADER_RESPONSE_d52893fe-9ffd-4ab6-8e36-7eaf8fce2156,"""È la morte. Goblin, lupi, tutto quanto. Mi vuoi morto. …Va bene. D'accordo. Correrò. Grazie di niente."""
NPC_SUSPICIOUSTRADER_RESPONSE_e5f65e7e-f6da-41d7-9566-1a4c9f2e1ce6,"""Ah. Va bene. Prendi. Prendi anche i soldi. Ma non startene lì a vantartene."""
NPC_SUSPICIOUSTRADER_RESPONSE_f52339a1-86d8-4468-959d-0702bd844a10,"""Calma. Calma. Metti via la rabbia. Ti ascolto. Parlerò.""\n\n\n\n""Sì. Sono stato io. Ti basta, adesso? Ho perso tutto. I Goblin mi hanno portato via la casa, poi il resto del mondo si è preso quello che rimaneva. Credi che qualcuno sia corso a salvarmi? Ho trovato un modo per vivere. Tutto qui."""
NPC_SUSPICIOUSTRADER_TITLE,Il Mercante sospetto
NPC_TAMSIN_GREETING_2cf4372a-67f9-4d68-bb70-123b899a95df,"*Tamsin alza lo sguardo con un sorriso gentile, portandosi una ciocca di capelli dietro l'orecchio.*\n\n""Già di ritorno? Spero che la foresta non ti abbia trattato troppo male."""
NPC_TAMSIN_GREETING_53bc639b-b530-4caf-a3a7-fc7ce7dacfb8,"*Noti che Tamsin non ha la sua solita aria solare. È immobile, con le spalle rigide, e si sforza di assumere un'espressione cortese che non arriva mai davvero agli occhi.*\n\n""Oh… ciao. Bentornato. Come posso aiutarti oggi? Libri degli incantesimi, o una mano?"""
NPC_TAMSIN_GREETING_8238e5fd-03e5-4e89-9931-0dcb5476e191,"*Sorprendi la ragazza mentre lavora al bordo di uno stendardo, con il filo fra le dita e le mani che brillano debolmente. Si accorge di te e il viso le si illumina all'istante.*\n\n""Oh! Un volto nuovo, che bello! Benvenuto. Sono Tamsin Fairweather. Tesso e incanto gli stendardi di Earlwood. Ti serve un incantesimo cucito nella stoffa? Ci penso io."""
NPC_TAMSIN_GREETING_828c47f6-e9e9-4f17-9705-e8a14b4a7527,"*Il sorriso di Tamsin sboccia appena ti vede. Si raddrizza tutta attenta e fa un rapido mezzo passo verso di te, facendo rimbalzare le ciocche sciolte, come se stesse per parlare prima ancora di fermarsi.*\n\n“Sei tornato! Oh, che bello vederti, davvero. Ho una notizia fantastica. I miei genitori mi hanno mandato uno dei fusi di famiglia da Aldoria. Non riesco a stare ferma, al pensiero di tutto quello che potrò tesserci.”"
NPC_TAMSIN_NAME,Tamsin
NPC_TAMSIN_PLAYER_0ca9ab03-1651-427e-a8a8-17d29341b331_HEROIC,Un albero contorto. Non mi serve uno studioso per capire che qualcosa non andava.
NPC_TAMSIN_PLAYER_0ca9ab03-1651-427e-a8a8-17d29341b331_JOKER,"Un albero, contorto come se soffrisse. Non sono un giardiniere, ma di solito gli alberi non lo fanno."
NPC_TAMSIN_PLAYER_0ca9ab03-1651-427e-a8a8-17d29341b331_SCHOLAR,Un albero contorto contro la propria venatura. La crescita non provoca questo. È stato qualcos'altro.
NPC_TAMSIN_PLAYER_0ca9ab03-1651-427e-a8a8-17d29341b331_STOIC,Un albero. Contorto. Innaturale. Questo è il dettaglio.
NPC_TAMSIN_PLAYER_0d5a3a2f-8a6c-4a69-b46b-313e5facc727_HEROIC,"Deve restare lucido, se vuole sopravvivere."
NPC_TAMSIN_PLAYER_0d5a3a2f-8a6c-4a69-b46b-313e5facc727_JOKER,Speriamo che eviti passi falsi mortali.
NPC_TAMSIN_PLAYER_0d5a3a2f-8a6c-4a69-b46b-313e5facc727_SCHOLAR,Temo che la sua fortuna si esaurisca prima della sua energia.
NPC_TAMSIN_PLAYER_0d5a3a2f-8a6c-4a69-b46b-313e5facc727_STOIC,Spero solo che non si faccia ammazzare.
NPC_TAMSIN_PLAYER_0fb3f517-9671-4c93-b832-ec61d83e6b56_HEROIC,Sarà meglio che ne valga il tempo impiegato.
NPC_TAMSIN_PLAYER_0fb3f517-9671-4c93-b832-ec61d83e6b56_JOKER,Speriamo di non stare per buttare via il tempo con tanto impegno.
NPC_TAMSIN_PLAYER_0fb3f517-9671-4c93-b832-ec61d83e6b56_SCHOLAR,Presto sapremo se questo sforzo giustifica il suo costo.
NPC_TAMSIN_PLAYER_0fb3f517-9671-4c93-b832-ec61d83e6b56_STOIC,Speriamo non sia tempo perso.
NPC_TAMSIN_PLAYER_13f764c8-cde6-4db5-ac38-03e7d1e70214_BASE,Raccontami questa storia di JJ.
NPC_TAMSIN_PLAYER_15eea7cd-3981-41f1-bba1-1a1a278d3c69_HEROIC,Ti aiuto volentieri. Siamo uniti contro lo stesso nemico.
NPC_TAMSIN_PLAYER_15eea7cd-3981-41f1-bba1-1a1a278d3c69_JOKER,Sempre felice di dare una mano. Niente unisce la gente come un nemico in comune.
NPC_TAMSIN_PLAYER_15eea7cd-3981-41f1-bba1-1a1a278d3c69_SCHOLAR,"Ti aiuto volentieri. Condividiamo un nemico, il che semplifica tutto."
NPC_TAMSIN_PLAYER_15eea7cd-3981-41f1-bba1-1a1a278d3c69_STOIC,Lieto di aiutare. Combattiamo tutti lo stesso nemico.
NPC_TAMSIN_PLAYER_16b4fa09-92aa-419e-ba17-b851d8edda10_HEROIC,Non sono d'accordo. Non si deve abbandonare la gentilezza per colpa di un malintenzionato. Tutti la meritano.
NPC_TAMSIN_PLAYER_16b4fa09-92aa-419e-ba17-b851d8edda10_JOKER,Non sono d'accordo. Lasciare che un malintenzionato rovini la gentilezza per tutti è un pessimo affare.
NPC_TAMSIN_PLAYER_16b4fa09-92aa-419e-ba17-b851d8edda10_SCHOLAR,Non concordo. Un solo malintenzionato non è una ragione valida per razionare la gentilezza.
NPC_TAMSIN_PLAYER_16b4fa09-92aa-419e-ba17-b851d8edda10_STOIC,Non sono d'accordo. Un malintenzionato non giustifica smettere di essere gentili con tutti.
NPC_TAMSIN_PLAYER_1a4a3d03-fabd-419d-90ea-0d749d6d748e_HEROIC,"Una cosa mi ha colpito. Un albero, contorto come se qualcosa ci fosse entrato dentro."
NPC_TAMSIN_PLAYER_1a4a3d03-fabd-419d-90ea-0d749d6d748e_JOKER,Una cosa si notava: un albero che sembrava avere delle idee. Contorte.
NPC_TAMSIN_PLAYER_1a4a3d03-fabd-419d-90ea-0d749d6d748e_SCHOLAR,Un dettaglio. Un albero contorto in un modo che la crescita non spiega. Qualcosa era al suo interno.
NPC_TAMSIN_PLAYER_1a4a3d03-fabd-419d-90ea-0d749d6d748e_STOIC,Una cosa. Un albero contorto.
NPC_TAMSIN_PLAYER_1c64b06c-9eb8-46cc-b0c8-d3d454ab525b_HEROIC,"Se li trovo, li eliminerò. È una promessa."
NPC_TAMSIN_PLAYER_1c64b06c-9eb8-46cc-b0c8-d3d454ab525b_JOKER,"Se li trovo, hanno i giorni contati. Contatissimi."
NPC_TAMSIN_PLAYER_1c64b06c-9eb8-46cc-b0c8-d3d454ab525b_SCHOLAR,"Se li trovo, il ritrovamento coinciderà con la loro fine."
NPC_TAMSIN_PLAYER_1c64b06c-9eb8-46cc-b0c8-d3d454ab525b_STOIC,"Se li trovo, non vedranno un altro giorno."
NPC_TAMSIN_PLAYER_1d26573b-719e-459e-8b9e-f805ba577e4f_HEROIC,"Provieni da Aldoria, dunque?"
NPC_TAMSIN_PLAYER_1d26573b-719e-459e-8b9e-f805ba577e4f_JOKER,"Addirittura da Aldoria, eh?"
NPC_TAMSIN_PLAYER_1d26573b-719e-459e-8b9e-f805ba577e4f_SCHOLAR,"Aldoria, dunque? Quanto hai viaggiato?"
NPC_TAMSIN_PLAYER_1d26573b-719e-459e-8b9e-f805ba577e4f_STOIC,Sei di Aldoria?
NPC_TAMSIN_PLAYER_1dbb7f6a-46a2-40a5-82b2-859b6cc5e72f_HEROIC,"La sua incoscienza mette tutti in pericolo, e non possiamo ignorarla."
NPC_TAMSIN_PLAYER_1dbb7f6a-46a2-40a5-82b2-859b6cc5e72f_JOKER,"Con la sua incoscienza, ai guai manca solo che mandi un invito scritto."
NPC_TAMSIN_PLAYER_1dbb7f6a-46a2-40a5-82b2-859b6cc5e72f_SCHOLAR,"La sua avventatezza ha un costo, e saranno altri a pagarlo."
NPC_TAMSIN_PLAYER_1dbb7f6a-46a2-40a5-82b2-859b6cc5e72f_STOIC,La sua incoscienza è un rischio per tutti.
NPC_TAMSIN_PLAYER_2cadd69c-777e-47dd-9b29-b886a8590bfa_HEROIC,"Devo rifletterci bene. Con tutto ciò che accade, merita attenzione."
NPC_TAMSIN_PLAYER_2cadd69c-777e-47dd-9b29-b886a8590bfa_JOKER,"Devo pensarci. C'è parecchia carne al fuoco, adesso."
NPC_TAMSIN_PLAYER_2cadd69c-777e-47dd-9b29-b886a8590bfa_SCHOLAR,Devo valutarlo con cura. Al momento troppe cose sono in evoluzione.
NPC_TAMSIN_PLAYER_2cadd69c-777e-47dd-9b29-b886a8590bfa_STOIC,Devo pensarci. Stanno accadendo molte cose.
NPC_TAMSIN_PLAYER_2d44a9f1-bc3d-48df-9392-0a14ec84b8a2_HEROIC,Parla chiaro: cosa devo fare?
NPC_TAMSIN_PLAYER_2d44a9f1-bc3d-48df-9392-0a14ec84b8a2_JOKER,Saltiamo il prologo. Che c'è da fare?
NPC_TAMSIN_PLAYER_2d44a9f1-bc3d-48df-9392-0a14ec84b8a2_SCHOLAR,"Una sintesi, per favore. Di quale intervento hai bisogno?"
NPC_TAMSIN_PLAYER_2d44a9f1-bc3d-48df-9392-0a14ec84b8a2_STOIC,Al punto. Cosa devo fare?
NPC_TAMSIN_PLAYER_2d47d1fd-1c32-47dc-849c-69ca085842cd_HEROIC,Sperare non cambia nulla. Che cos'è la magia corrotta?
NPC_TAMSIN_PLAYER_2d47d1fd-1c32-47dc-849c-69ca085842cd_JOKER,"La speranza è una bella cosa, ma non ha mai raddrizzato un albero. Cos'è la magia corrotta?"
NPC_TAMSIN_PLAYER_2d47d1fd-1c32-47dc-849c-69ca085842cd_SCHOLAR,La speranza non è una prova. Definisci la magia corrotta.
NPC_TAMSIN_PLAYER_2d47d1fd-1c32-47dc-849c-69ca085842cd_STOIC,Sperare non serve. Che cos'è?
NPC_TAMSIN_PLAYER_2e9c4a7f-1b6d-8f3a-5c0e-9d1b7a4c2f6e_BASE,Alaric ha detto che potresti aver bisogno d'aiuto con il rito.
NPC_TAMSIN_PLAYER_3101f2d0-fa61-41b5-b535-7433e6a92eef_HEROIC,"Sì, i principi mi guidano dalla nascita."
NPC_TAMSIN_PLAYER_3101f2d0-fa61-41b5-b535-7433e6a92eef_JOKER,Io e i principi ci siamo conosciuti alla nascita. Siamo rimasti in contatto.
NPC_TAMSIN_PLAYER_3101f2d0-fa61-41b5-b535-7433e6a92eef_SCHOLAR,"Sì, l'adesione ai principi mi ha plasmato fin dalla nascita."
NPC_TAMSIN_PLAYER_3101f2d0-fa61-41b5-b535-7433e6a92eef_STOIC,Sì. Seguo i principi dalla nascita.
NPC_TAMSIN_PLAYER_31b91746-e5a3-4781-9875-7ead1d8df0dc_BASE,Dove dimorano gli dèi?
NPC_TAMSIN_PLAYER_337bf65c-51de-47a1-94df-7531897eb741_HEROIC,No. A quella religione manca la forza delle antiche usanze. La giusta via è nella tradizione.
NPC_TAMSIN_PLAYER_337bf65c-51de-47a1-94df-7531897eb741_JOKER,No. Quella religione non sta in piedi. Le vecchie usanze sì.
NPC_TAMSIN_PLAYER_337bf65c-51de-47a1-94df-7531897eb741_SCHOLAR,No. Quella religione è debole. Le antiche usanze restano la via corretta.
NPC_TAMSIN_PLAYER_337bf65c-51de-47a1-94df-7531897eb741_STOIC,No. Una religione debole. La vecchia via è quella giusta.
NPC_TAMSIN_PLAYER_33cfda11-c7f4-40ad-9437-6c991058606e_HEROIC,Il tè in un momento simile. Ti comporti da sciocca.
NPC_TAMSIN_PLAYER_33cfda11-c7f4-40ad-9437-6c991058606e_JOKER,"Il tè, proprio adesso. Ne spari di assurdità, e pure con convinzione."
NPC_TAMSIN_PLAYER_33cfda11-c7f4-40ad-9437-6c991058606e_SCHOLAR,Il tè in una simile circostanza. Sei priva di ogni buon senso.
NPC_TAMSIN_PLAYER_33cfda11-c7f4-40ad-9437-6c991058606e_STOIC,Il tè in un momento così. Sei ridicola.
NPC_TAMSIN_PLAYER_36007b77-102b-4fba-8d60-7835e72611a4_HEROIC,Gli abitanti di Earlwood possiedono una cultura davvero notevole. Si distingue da tutto ciò che ho incontrato.
NPC_TAMSIN_PLAYER_36007b77-102b-4fba-8d60-7835e72611a4_JOKER,Quelli di Earlwood sanno come tenere viva l'atmosfera. Non c'è proprio paragone.
NPC_TAMSIN_PLAYER_36007b77-102b-4fba-8d60-7835e72611a4_SCHOLAR,Le consuetudini di Earlwood non somigliano a nulla che abbia documentato altrove. Sono davvero singolari.
NPC_TAMSIN_PLAYER_36007b77-102b-4fba-8d60-7835e72611a4_STOIC,Earlwood ha una cultura unica. Mai visto niente di simile.
NPC_TAMSIN_PLAYER_372fdf5b-e67b-4ade-9b55-cf7f3a61d00e_HEROIC,Devo concentrarmi su altro. Non posso dedicare tempo a cercare piante nella foresta.
NPC_TAMSIN_PLAYER_372fdf5b-e67b-4ade-9b55-cf7f3a61d00e_JOKER,Magari avessi ore per andare a spasso nella foresta dietro alle piante. Ma il tempo non è d'accordo.
NPC_TAMSIN_PLAYER_372fdf5b-e67b-4ade-9b55-cf7f3a61d00e_SCHOLAR,Cercare piante sarebbe un impiego poco proficuo delle ore che mi restano.
NPC_TAMSIN_PLAYER_372fdf5b-e67b-4ade-9b55-cf7f3a61d00e_STOIC,Non ho tempo di cercare piante per la foresta.
NPC_TAMSIN_PLAYER_38805466-8784-4f4f-ac32-fb7dd140de61_BASE,Conoscevi dei minotauri nella tua terra?
NPC_TAMSIN_PLAYER_3afbe05b-8825-49be-9818-fa072a7b6b8c_HEROIC,"Grazie, Tamsin. Porterò a termine il compito."
NPC_TAMSIN_PLAYER_3afbe05b-8825-49be-9818-fa072a7b6b8c_JOKER,"Grazie, Tamsin. Consideralo fatto, con più o meno eleganza."
NPC_TAMSIN_PLAYER_3afbe05b-8825-49be-9818-fa072a7b6b8c_SCHOLAR,"Ti ringrazio, Tamsin. Me ne occuperò con cura."
NPC_TAMSIN_PLAYER_3afbe05b-8825-49be-9818-fa072a7b6b8c_STOIC,"Grazie, Tamsin. Ci penso io."
NPC_TAMSIN_PLAYER_3b6dacd8-af03-4c3c-b035-f2b7e8784374_HEROIC,Quali scoperte hai fatto?
NPC_TAMSIN_PLAYER_3b6dacd8-af03-4c3c-b035-f2b7e8784374_JOKER,"Che tesori hai scovato, allora?"
NPC_TAMSIN_PLAYER_3b6dacd8-af03-4c3c-b035-f2b7e8784374_SCHOLAR,"Che cosa hai trovato, e con quale grado di certezza?"
NPC_TAMSIN_PLAYER_3b6dacd8-af03-4c3c-b035-f2b7e8784374_STOIC,Cos'hai trovato?
NPC_TAMSIN_PLAYER_3eb4a32f-07dd-4bb4-a5af-73165530406b_HEROIC,Earlwood al posto dell'accademia. Nemmeno io avrei capito la tua scelta.
NPC_TAMSIN_PLAYER_3eb4a32f-07dd-4bb4-a5af-73165530406b_JOKER,Hai scambiato un'accademia con un villaggio infestato dai goblin. Su questo sto coi tuoi.
NPC_TAMSIN_PLAYER_3eb4a32f-07dd-4bb4-a5af-73165530406b_SCHOLAR,Earlwood anziché l'accademia. Non è la scelta più ovvia. Cosa ti ha convinta?
NPC_TAMSIN_PLAYER_3eb4a32f-07dd-4bb4-a5af-73165530406b_STOIC,Earlwood invece dell'accademia. Non avrei capito neanch'io.
NPC_TAMSIN_PLAYER_3f285ffc-5945-41bc-ace5-1ae5966a5104_HEROIC,La casa di un golem nella foresta è priva di difese. Gli stendardi sono per lui.
NPC_TAMSIN_PLAYER_3f285ffc-5945-41bc-ace5-1ae5966a5104_JOKER,A un golem nella foresta servono per tenere in piedi casa sua.
NPC_TAMSIN_PLAYER_3f285ffc-5945-41bc-ace5-1ae5966a5104_SCHOLAR,Per un golem nella foresta. La sua casa si trova sul percorso della corruzione.
NPC_TAMSIN_PLAYER_3f285ffc-5945-41bc-ace5-1ae5966a5104_STOIC,Un golem nella foresta ne ha bisogno per proteggere la casa.
NPC_TAMSIN_PLAYER_3f35f5be-e606-43a5-9160-ecd0880d065c_HEROIC,"Restiamo al punto, Tamsin."
NPC_TAMSIN_PLAYER_3f35f5be-e606-43a5-9160-ecd0880d065c_JOKER,"Niente giro panoramico, Tamsin. Solo il punto."
NPC_TAMSIN_PLAYER_3f35f5be-e606-43a5-9160-ecd0880d065c_SCHOLAR,"Prima la conclusione, Tamsin. Il procedimento può seguire."
NPC_TAMSIN_PLAYER_3f35f5be-e606-43a5-9160-ecd0880d065c_STOIC,"Va' al punto, Tamsin."
NPC_TAMSIN_PLAYER_3f489de0-1271-4a3f-b758-fc2466db9eb7_BASE,"""Ho scoperto cosa stava prosciugando gli incantamenti."""
NPC_TAMSIN_PLAYER_3f51f749-382f-4ac5-b70b-5ceee5559c81_HEROIC,"Dimmi soltanto quali reagenti servono, e porterò a termine il compito."
NPC_TAMSIN_PLAYER_3f51f749-382f-4ac5-b70b-5ceee5559c81_JOKER,"Dimmi solo i reagenti, così la smettiamo di tirarla in lungo."
NPC_TAMSIN_PLAYER_3f51f749-382f-4ac5-b70b-5ceee5559c81_SCHOLAR,"I reagenti, elencati chiaramente. Poi abbiamo finito."
NPC_TAMSIN_PLAYER_3f51f749-382f-4ac5-b70b-5ceee5559c81_STOIC,Dimmi quali sono i reagenti. Voglio farla finita.
NPC_TAMSIN_PLAYER_405f017a-1550-430f-a0ef-6a1ce7ca3587_BASE,"Di nulla, Tamsin. Non so resistere alla voglia di aiutarti."
NPC_TAMSIN_PLAYER_4232d3c9-117c-4b5a-bf76-0f2b69e7ec3c_HEROIC,Cosa ti ha portata a Earlwood?
NPC_TAMSIN_PLAYER_4232d3c9-117c-4b5a-bf76-0f2b69e7ec3c_JOKER,"Cos'è che ti ha fatto scegliere proprio Earlwood, fra tutti i posti?"
NPC_TAMSIN_PLAYER_4232d3c9-117c-4b5a-bf76-0f2b69e7ec3c_SCHOLAR,Per quale ragione sei venuta a Earlwood?
NPC_TAMSIN_PLAYER_4232d3c9-117c-4b5a-bf76-0f2b69e7ec3c_STOIC,Perché sei venuta a Earlwood?
NPC_TAMSIN_PLAYER_445545cf-8301-4289-930c-8005edc5a806_HEROIC,"La tua dedizione è evidente, Tamsin. Ti lascio tornare al lavoro."
NPC_TAMSIN_PLAYER_445545cf-8301-4289-930c-8005edc5a806_JOKER,"Il lavoro ti ha rapita, Tamsin. Vi lascio soli."
NPC_TAMSIN_PLAYER_445545cf-8301-4289-930c-8005edc5a806_SCHOLAR,"Il lavoro assorbe tutta la tua attenzione, Tamsin. Te la restituisco."
NPC_TAMSIN_PLAYER_445545cf-8301-4289-930c-8005edc5a806_STOIC,"Sei concentrata sul lavoro. Ti lascio fare, Tamsin."
NPC_TAMSIN_PLAYER_4a7f99bc-0779-495a-a757-c6f15b7d5724_HEROIC,"Che cosa ti pesa sul cuore, oggi?"
NPC_TAMSIN_PLAYER_4a7f99bc-0779-495a-a757-c6f15b7d5724_JOKER,"Qualcosa ti ha già messo i bastoni fra le ruote, oggi?"
NPC_TAMSIN_PLAYER_4a7f99bc-0779-495a-a757-c6f15b7d5724_SCHOLAR,Qualcosa ha guastato la giornata. Di cosa si tratta?
NPC_TAMSIN_PLAYER_4a7f99bc-0779-495a-a757-c6f15b7d5724_STOIC,Cos'hai oggi?
NPC_TAMSIN_PLAYER_4b2416bd-f75a-4f52-8b19-b98fae70bef4_HEROIC,La sua premura conta molto. Avere qui qualcuno che ti sostiene così è una vera benedizione.
NPC_TAMSIN_PLAYER_4b2416bd-f75a-4f52-8b19-b98fae70bef4_JOKER,Difficile non apprezzare uno che si mette così vicino ai guai per te.
NPC_TAMSIN_PLAYER_4b2416bd-f75a-4f52-8b19-b98fae70bef4_SCHOLAR,"Gli sono grato per la cura che ha di te. Un sostegno simile è raro, qui."
NPC_TAMSIN_PLAYER_4b2416bd-f75a-4f52-8b19-b98fae70bef4_STOIC,"Gli sono grato. Bene che tu abbia un sostegno, qui."
NPC_TAMSIN_PLAYER_4d1b271f-0544-4899-9f2e-4e6ae2a4c218_BASE,"""Alaric ha detto che ti servirebbe aiuto?"""
NPC_TAMSIN_PLAYER_4f2add8c-d924-4c2a-85b7-48445284a0e5_HEROIC,La tua generosità incauta ha permesso che i rifugiati venissero sfruttati.
NPC_TAMSIN_PLAYER_4f2add8c-d924-4c2a-85b7-48445284a0e5_JOKER,"Tu donavi senza pensarci, e gli avvoltoi banchettavano. È andata così."
NPC_TAMSIN_PLAYER_4f2add8c-d924-4c2a-85b7-48445284a0e5_SCHOLAR,Donare senza cautela ha favorito tutto questo. Ne hanno pagato il prezzo i rifugiati.
NPC_TAMSIN_PLAYER_4f2add8c-d924-4c2a-85b7-48445284a0e5_STOIC,Hai donato senza cautela. Così i rifugiati sono stati sfruttati.
NPC_TAMSIN_PLAYER_52f2ff9d-ec4c-4ef8-9e04-b9efdea6e0ee_HEROIC,L'ho cacciato e gli ho detto di non tornare.
NPC_TAMSIN_PLAYER_52f2ff9d-ec4c-4ef8-9e04-b9efdea6e0ee_JOKER,Adesso si sta facendo una lunga passeggiata nella foresta. Di sola andata.
NPC_TAMSIN_PLAYER_52f2ff9d-ec4c-4ef8-9e04-b9efdea6e0ee_SCHOLAR,L'ho mandato nella foresta con l'ordine di non ripresentarsi.
NPC_TAMSIN_PLAYER_52f2ff9d-ec4c-4ef8-9e04-b9efdea6e0ee_STOIC,Gli ho detto di fuggire nella foresta e non tornare mai più.
NPC_TAMSIN_PLAYER_53c121ae-7bd6-4cd3-91f6-fbef2774d131_HEROIC,È terribile. Chi è stato?
NPC_TAMSIN_PLAYER_53c121ae-7bd6-4cd3-91f6-fbef2774d131_JOKER,È terribile. Chi si sveglia e pensa: oggi faccio una cosa del genere?
NPC_TAMSIN_PLAYER_53c121ae-7bd6-4cd3-91f6-fbef2774d131_SCHOLAR,È terribile. Cosa spinge una persona ad agire in questo modo?
NPC_TAMSIN_PLAYER_53c121ae-7bd6-4cd3-91f6-fbef2774d131_STOIC,È terribile. Chi farebbe una cosa così?
NPC_TAMSIN_PLAYER_54f8eaba-b0f0-4b1e-836c-36d3b6dfc72d_HEROIC,Di certo porta con sé un grande slancio.
NPC_TAMSIN_PLAYER_54f8eaba-b0f0-4b1e-836c-36d3b6dfc72d_JOKER,Con tutta quell'energia potrebbe far girare un mulino.
NPC_TAMSIN_PLAYER_54f8eaba-b0f0-4b1e-836c-36d3b6dfc72d_SCHOLAR,"Energico, sì. Mi domando come sia a riposo, ammesso che riposi."
NPC_TAMSIN_PLAYER_54f8eaba-b0f0-4b1e-836c-36d3b6dfc72d_STOIC,Sembra molto energico.
NPC_TAMSIN_PLAYER_56e3a6ed-c822-47a3-8e16-390597f3a5b5_HEROIC,"Forse gli manca l'intelligenza, ma sfoggia certo con orgoglio la sua bellezza."
NPC_TAMSIN_PLAYER_56e3a6ed-c822-47a3-8e16-390597f3a5b5_JOKER,"Mancherà il cervello, ma con quell'aspetto potrebbe vincere un concorso."
NPC_TAMSIN_PLAYER_56e3a6ed-c822-47a3-8e16-390597f3a5b5_SCHOLAR,Ciò che gli manca in acume lo compensa in bellezza. Un bilancio in pareggio.
NPC_TAMSIN_PLAYER_56e3a6ed-c822-47a3-8e16-390597f3a5b5_STOIC,"Avrà poco cervello, ma è senz'altro bello."
NPC_TAMSIN_PLAYER_57c2ff44-4027-4ce6-8dcc-d59b2eb352af_HEROIC,Recupererò volentieri il Glimmerflax per te.
NPC_TAMSIN_PLAYER_57c2ff44-4027-4ce6-8dcc-d59b2eb352af_JOKER,"Volentieri, vado a caccia di Glimmerflax. Darà un po' di luce alla giornata."
NPC_TAMSIN_PLAYER_57c2ff44-4027-4ce6-8dcc-d59b2eb352af_SCHOLAR,Procurerò il Glimmerflax. Spiegami come riconoscerlo a vista.
NPC_TAMSIN_PLAYER_57c2ff44-4027-4ce6-8dcc-d59b2eb352af_STOIC,Posso recuperarti il Glimmerflax.
NPC_TAMSIN_PLAYER_5a20e342-e3cb-439f-a113-90ce3bb6231d_HEROIC,Sono certo che i tuoi genitori siano molto preoccupati per te.
NPC_TAMSIN_PLAYER_5a20e342-e3cb-439f-a113-90ce3bb6231d_JOKER,"Scommetto che i tuoi stanno scavando solchi nel pavimento, a furia di pensare a te."
NPC_TAMSIN_PLAYER_5a20e342-e3cb-439f-a113-90ce3bb6231d_SCHOLAR,I tuoi genitori devono chiedersi ogni notte dove tu dorma.
NPC_TAMSIN_PLAYER_5a20e342-e3cb-439f-a113-90ce3bb6231d_STOIC,I tuoi saranno in pena per te.
NPC_TAMSIN_PLAYER_5b994b11-1d85-4463-b6e0-827b4aea9bd9_BASE,"Perché è qui, se ha una taverna nel villaggio?"
NPC_TAMSIN_PLAYER_5f4c10d9-ee2d-4897-8c1f-5ea8c939677a_BASE,Perché le guardie la lasciano passare?
NPC_TAMSIN_PLAYER_64632bd6-bec9-44e3-9f01-87e6674fe693_HEROIC,Ho capito. Porteremo a termine il compito.
NPC_TAMSIN_PLAYER_64632bd6-bec9-44e3-9f01-87e6674fe693_JOKER,Ricevuto. Niente come una lista per rallegrare la giornata.
NPC_TAMSIN_PLAYER_64632bd6-bec9-44e3-9f01-87e6674fe693_SCHOLAR,"Compreso. Prima si comincia, prima si conclude."
NPC_TAMSIN_PLAYER_64632bd6-bec9-44e3-9f01-87e6674fe693_STOIC,Capito. Finiamola.
NPC_TAMSIN_PLAYER_6554217a-d779-41e0-b355-f579a0b73392_BASE,"""Grazie. Farò così."""
NPC_TAMSIN_PLAYER_69b1419f-256c-47ba-ae59-f3c8c2937d47_HEROIC,"Se hai a cuore il villaggio, devi dimostrare la tua forza senza dipendere dai tuoi genitori."
NPC_TAMSIN_PLAYER_69b1419f-256c-47ba-ae59-f3c8c2937d47_JOKER,"Se sei in pensiero per il villaggio, mi sa che per una volta dovrai lavorare più dei tuoi."
NPC_TAMSIN_PLAYER_69b1419f-256c-47ba-ae59-f3c8c2937d47_SCHOLAR,"Se il villaggio ti preoccupa, l'impegno è più utile del nome dei tuoi genitori."
NPC_TAMSIN_PLAYER_69b1419f-256c-47ba-ae59-f3c8c2937d47_STOIC,"Se ti importa del villaggio, lavora di più. Non contare sui tuoi."
NPC_TAMSIN_PLAYER_6c322663-79b6-4ac7-b774-b2b64f5b7f3d_HEROIC,Ho capito. Tornerò dopo aver controllato gli stendardi.
NPC_TAMSIN_PLAYER_6c322663-79b6-4ac7-b774-b2b64f5b7f3d_JOKER,Ricevuto. Vediamo che cosa hanno da dire gli stendardi a loro discolpa.
NPC_TAMSIN_PLAYER_6c322663-79b6-4ac7-b774-b2b64f5b7f3d_SCHOLAR,Compreso. Esaminerò gli stendardi uno per uno e ti riferirò i risultati.
NPC_TAMSIN_PLAYER_6c322663-79b6-4ac7-b774-b2b64f5b7f3d_STOIC,Capito. Controllo gli stendardi e torno.
NPC_TAMSIN_PLAYER_6c4c8377-1782-4dd1-9822-99c57e91f84d_HEROIC,Smettere di aiutare gli altri per questo sarebbe sbagliato.
NPC_TAMSIN_PLAYER_6c4c8377-1782-4dd1-9822-99c57e91f84d_JOKER,Appendere la gentilezza al chiodo per un solo furfante? Non mi torna.
NPC_TAMSIN_PLAYER_6c4c8377-1782-4dd1-9822-99c57e91f84d_SCHOLAR,Un ladro non dovrebbe pesare più di tutti quelli che hai aiutato. I conti non tornano.
NPC_TAMSIN_PLAYER_6c4c8377-1782-4dd1-9822-99c57e91f84d_STOIC,Non mi sembra giusto smettere di aiutare per questo.
NPC_TAMSIN_PLAYER_6e274403-6f66-4b57-a623-de6b16ed8093_HEROIC,"Tamsin, i minotauri sono pericolosi. È saggio essere prudenti prima di fidarsi."
NPC_TAMSIN_PLAYER_6e274403-6f66-4b57-a623-de6b16ed8093_JOKER,"Tamsin, i minotauri sono pericolosi. A meno che non ti piacciano le sorprese selvagge."
NPC_TAMSIN_PLAYER_6e274403-6f66-4b57-a623-de6b16ed8093_SCHOLAR,"Tamsin, le prove sono chiare. I minotauri sono pericolosi, e fidarsi è imprudente."
NPC_TAMSIN_PLAYER_6e274403-6f66-4b57-a623-de6b16ed8093_STOIC,"I minotauri sono pericolosi, Tamsin. Non fidarti."
NPC_TAMSIN_PLAYER_6ecd8c21-d976-4bde-a0e4-9415f9a4307f_HEROIC,"È la strada giusta, e l'hai trovata da sola, Tamsin."
NPC_TAMSIN_PLAYER_6ecd8c21-d976-4bde-a0e4-9415f9a4307f_JOKER,"Anche la strada giusta ha trovato te, Tamsin. Mi sembra che torni."
NPC_TAMSIN_PLAYER_6ecd8c21-d976-4bde-a0e4-9415f9a4307f_SCHOLAR,"Un ragionamento solido. Sono lieto che tu abbia trovato la via giusta, Tamsin."
NPC_TAMSIN_PLAYER_6ecd8c21-d976-4bde-a0e4-9415f9a4307f_STOIC,"Mi sembra giusto. Bene che tu abbia trovato la strada, Tamsin."
NPC_TAMSIN_PLAYER_6fd02fc9-75e7-4893-926c-18a04eeb31c3_BASE,"""Ho trovato in biblioteca un quaderno con i tuoi appunti sulla storia di Aldoria."""
NPC_TAMSIN_PLAYER_706a524b-57a0-4f0a-9c27-f227c12862fd_BASE,Com'era l'accademia?
NPC_TAMSIN_PLAYER_7097b42a-46f0-4578-aeb1-6a06f2c75a12_HEROIC,Cosa rende un fuso tanto entusiasmante?
NPC_TAMSIN_PLAYER_7097b42a-46f0-4578-aeb1-6a06f2c75a12_JOKER,Davvero un fuso si è guadagnato tutto questo entusiasmo?
NPC_TAMSIN_PLAYER_7097b42a-46f0-4578-aeb1-6a06f2c75a12_SCHOLAR,Quale particolarità di questo fuso ti entusiasma tanto?
NPC_TAMSIN_PLAYER_7097b42a-46f0-4578-aeb1-6a06f2c75a12_STOIC,Perché tanto entusiasmo per uno stupido fuso?
NPC_TAMSIN_PLAYER_72efd4ff-4860-4c9b-8382-d6ce02fdde2d_HEROIC,"Non posso rivelarti la ragione, ma ho bisogno della tua fiducia."
NPC_TAMSIN_PLAYER_72efd4ff-4860-4c9b-8382-d6ce02fdde2d_JOKER,"Il motivo non posso spiattellarlo. Devi solo fidarti di me, per quanto suoni strano."
NPC_TAMSIN_PLAYER_72efd4ff-4860-4c9b-8382-d6ce02fdde2d_SCHOLAR,Non posso fornirti una ragione. Dovrai accordarmi fiducia senza spiegazioni.
NPC_TAMSIN_PLAYER_72efd4ff-4860-4c9b-8382-d6ce02fdde2d_STOIC,Non posso dirti perché. Devi fidarti di me.
NPC_TAMSIN_PLAYER_77a0c602-6b40-40cf-99d8-4802ca47671c_HEROIC,"Il luogo più sicuro che conosci, e te lo sei lasciato alle spalle."
NPC_TAMSIN_PLAYER_77a0c602-6b40-40cf-99d8-4802ca47671c_JOKER,"Il posto più sicuro del mondo, e tu l'hai scambiato coi goblin. I tuoi saranno entusiasti."
NPC_TAMSIN_PLAYER_77a0c602-6b40-40cf-99d8-4802ca47671c_SCHOLAR,"Lo definisci il luogo più sicuro che conosci, eppure lo hai lasciato. Non possono averlo compreso."
NPC_TAMSIN_PLAYER_77a0c602-6b40-40cf-99d8-4802ca47671c_STOIC,Il posto più sicuro che conosci. E te ne sei andata.
NPC_TAMSIN_PLAYER_77b09b24-6503-4f7c-9f3f-e5c97e57c499_BASE,"""Voglio solo andarmene da questo villaggio il prima possibile."""
NPC_TAMSIN_PLAYER_78092816-b7f5-4928-a13d-0aaf7d0af82e_HEROIC,"Queste storie superstiziose, aggrappate a dèi assenti, non aiutano nessuno a trovare una strada."
NPC_TAMSIN_PLAYER_78092816-b7f5-4928-a13d-0aaf7d0af82e_JOKER,"Storie di superstizione, tutte a sperare che gli dèi ascoltino, anche quando non si vedono da nessuna parte."
NPC_TAMSIN_PLAYER_78092816-b7f5-4928-a13d-0aaf7d0af82e_SCHOLAR,Superstizione codificata. Una fede che supplica dèi che non rispondono mai.
NPC_TAMSIN_PLAYER_78092816-b7f5-4928-a13d-0aaf7d0af82e_STOIC,Racconti superstiziosi di una fede che invoca dèi assenti.
NPC_TAMSIN_PLAYER_781b991b-783e-4ce7-a9b3-b1dc8d4e4a3c_BASE,"""Cosa pensi di Eldorian?"""
NPC_TAMSIN_PLAYER_79c3a08e-faeb-4cef-98c7-14c7eddad662_HEROIC,Hai vacillato quando serviva vigilanza. Impara da questo e cerca di migliorare.
NPC_TAMSIN_PLAYER_79c3a08e-faeb-4cef-98c7-14c7eddad662_JOKER,Incuria e cecità: una pessima ricetta. Cucina qualcosa di meglio.
NPC_TAMSIN_PLAYER_79c3a08e-faeb-4cef-98c7-14c7eddad662_SCHOLAR,"È stata l'incuria a causare tutto questo, nient'altro. Comprendine il prezzo e migliora."
NPC_TAMSIN_PLAYER_79c3a08e-faeb-4cef-98c7-14c7eddad662_STOIC,Sei stata incauta e cieca. È questa la causa. Migliora.
NPC_TAMSIN_PLAYER_7af582f5-5753-41a9-80e6-42cb42e1f6ac_HEROIC,Mi sembra una persona dura.
NPC_TAMSIN_PLAYER_7af582f5-5753-41a9-80e6-42cb42e1f6ac_JOKER,"Ha un caratterino un po' spigoloso, eh?"
NPC_TAMSIN_PLAYER_7af582f5-5753-41a9-80e6-42cb42e1f6ac_SCHOLAR,"È brusca, anche se sospetto sia una corazza più che la sua natura."
NPC_TAMSIN_PLAYER_7af582f5-5753-41a9-80e6-42cb42e1f6ac_STOIC,Sembra scontrosa.
NPC_TAMSIN_PLAYER_7be8e064-1436-42cf-b1f2-73a2b90524fb_HEROIC,Dimmi cosa c'è da fare.
NPC_TAMSIN_PLAYER_7be8e064-1436-42cf-b1f2-73a2b90524fb_JOKER,"Che c'è da fare, e quanto siamo messi male?"
NPC_TAMSIN_PLAYER_7be8e064-1436-42cf-b1f2-73a2b90524fb_SCHOLAR,"Il compito, dunque. Prima i dettagli, per evitare sprechi."
NPC_TAMSIN_PLAYER_7be8e064-1436-42cf-b1f2-73a2b90524fb_STOIC,Cosa devo fare?
NPC_TAMSIN_PLAYER_7da66c86-0de7-48db-b33d-f51653b83f1f_BASE,A cosa pensi?
NPC_TAMSIN_PLAYER_7e2b9c4a-5d1f-8a3e-6c0b-2f7d1a9c3e4b_BASE,Ho trovato del Glimmerflax per te.
NPC_TAMSIN_PLAYER_7efbf808-7403-48fb-a4d2-501ecee18d0b_HEROIC,Non sono qui per essere il salvatore di nessuno.
NPC_TAMSIN_PLAYER_7efbf808-7403-48fb-a4d2-501ecee18d0b_JOKER,Salvatore? Non mi starebbero i panni.
NPC_TAMSIN_PLAYER_7efbf808-7403-48fb-a4d2-501ecee18d0b_SCHOLAR,Salvatore è un termine inesatto per ciò che faccio.
NPC_TAMSIN_PLAYER_7efbf808-7403-48fb-a4d2-501ecee18d0b_STOIC,Non sono il salvatore di nessuno.
NPC_TAMSIN_PLAYER_81b0855a-2d63-434a-b9cf-a8d8469fe16a_BASE,Cos'altro puoi dirmi dei Principi Primi?
NPC_TAMSIN_PLAYER_82cbed47-22c8-4eae-a679-14d5e69904c3_BASE,Non potrei desiderare altro che un posto nel tuo cuore.
NPC_TAMSIN_PLAYER_87794026-031b-4683-9afe-a684f5b6d0dd_HEROIC,Ora devo congedarmi. Addio.
NPC_TAMSIN_PLAYER_87794026-031b-4683-9afe-a684f5b6d0dd_JOKER,Questo è il mio segnale per uscire di scena. Addio.
NPC_TAMSIN_PLAYER_87794026-031b-4683-9afe-a684f5b6d0dd_SCHOLAR,Prendo congedo. Addio.
NPC_TAMSIN_PLAYER_87794026-031b-4683-9afe-a684f5b6d0dd_STOIC,Ora vado. Addio.
NPC_TAMSIN_PLAYER_89408d7d-f0d2-486a-affa-98ab016f6f80_BASE,Cosa pensi di Saqi?
NPC_TAMSIN_PLAYER_8bca7555-d06e-4529-9c8b-d24497a1d2b0_HEROIC,"Queste rovine non mi servono a nulla, e non vi trovo alcun significato."
NPC_TAMSIN_PLAYER_8bca7555-d06e-4529-9c8b-d24497a1d2b0_JOKER,"Rovine del genere… Difficile appassionarsi, se non significano niente."
NPC_TAMSIN_PLAYER_8bca7555-d06e-4529-9c8b-d24497a1d2b0_SCHOLAR,Rovine senza documenti sono soltanto pietre. Queste non avevano nulla da offrire.
NPC_TAMSIN_PLAYER_8bca7555-d06e-4529-9c8b-d24497a1d2b0_STOIC,Non mi interessano queste rovine. Non significano nulla.
NPC_TAMSIN_PLAYER_8c273ec5-2f2f-421e-bd94-25916d1c874e_HEROIC,Affidati a me. Li troverò.
NPC_TAMSIN_PLAYER_8c273ec5-2f2f-421e-bd94-25916d1c874e_JOKER,"Tocca a me, allora. Li scovo io."
NPC_TAMSIN_PLAYER_8c273ec5-2f2f-421e-bd94-25916d1c874e_SCHOLAR,Permettimi di occuparmene. Li troverò.
NPC_TAMSIN_PLAYER_8c273ec5-2f2f-421e-bd94-25916d1c874e_STOIC,Lascia fare a me. Li troverò.
NPC_TAMSIN_PLAYER_8c81b8f6-6be0-421a-bc51-b4b52098d7e3_BASE,Cosa pensi di Manga?
NPC_TAMSIN_PLAYER_8c8c8d5b-c96d-49c6-b3de-4e727168ec25_HEROIC,"C'è voluto coraggio, Tamsin. Più di quanto ne abbiano molti."
NPC_TAMSIN_PLAYER_8c8c8d5b-c96d-49c6-b3de-4e727168ec25_JOKER,"Guardati, Tamsin: più coraggiosa di quasi tutti."
NPC_TAMSIN_PLAYER_8c8c8d5b-c96d-49c6-b3de-4e727168ec25_SCHOLAR,"Hai mostrato più coraggio di quanto tu stessa riconosca, Tamsin."
NPC_TAMSIN_PLAYER_8c8c8d5b-c96d-49c6-b3de-4e727168ec25_STOIC,"Sei molto coraggiosa, Tamsin."
NPC_TAMSIN_PLAYER_90615ce2-a5f1-4d4e-a52a-17bff6ba8159_BASE,Cosa sono queste grandi radici?
NPC_TAMSIN_PLAYER_943b9c5b-5c07-4864-a274-acfeb91e165e_HEROIC,Chi non sa combattere è un peso morto quando arriva la guerra.
NPC_TAMSIN_PLAYER_943b9c5b-5c07-4864-a274-acfeb91e165e_JOKER,"Insomma, se non sai usare una spada, tanto vale essere invisibile quando i guai bussano."
NPC_TAMSIN_PLAYER_943b9c5b-5c07-4864-a274-acfeb91e165e_SCHOLAR,"In guerra, chi è disarmato non conta nulla. È semplice aritmetica."
NPC_TAMSIN_PLAYER_943b9c5b-5c07-4864-a274-acfeb91e165e_STOIC,Chi non sa combattere non vale nulla in un conflitto.
NPC_TAMSIN_PLAYER_96d7eb06-a712-4660-998d-ad3781214337_HEROIC,"È estenuante. Di buon cuore, ma estenuante."
NPC_TAMSIN_PLAYER_96d7eb06-a712-4660-998d-ad3781214337_JOKER,È estenuante. Mi sono stancato solo a stargli vicino.
NPC_TAMSIN_PLAYER_96d7eb06-a712-4660-998d-ad3781214337_SCHOLAR,È estenuante. Dipende dalla giovinezza o dall'essere elfo?
NPC_TAMSIN_PLAYER_96d7eb06-a712-4660-998d-ad3781214337_STOIC,È sfiancante.
NPC_TAMSIN_PLAYER_97d8fda4-4ec1-4976-b49d-b1aa58704d41_BASE,Mi racconti qualcosa di più della tua famiglia?
NPC_TAMSIN_PLAYER_9878aade-9ee8-4fc3-92d6-e161aa99aae1_HEROIC,Non è una richiesta della Gilda. Ma è urgente. Il giardino va protetto dalla corruzione.
NPC_TAMSIN_PLAYER_9878aade-9ee8-4fc3-92d6-e161aa99aae1_JOKER,Non è una richiesta della Gilda. Di questi tempi bisogna difendere pure i giardini.
NPC_TAMSIN_PLAYER_9878aade-9ee8-4fc3-92d6-e161aa99aae1_SCHOLAR,Non è una richiesta della Gilda. Un giardino necessita di protezioni contro la corruzione.
NPC_TAMSIN_PLAYER_9878aade-9ee8-4fc3-92d6-e161aa99aae1_STOIC,Non è per la Gilda. Servono a proteggere un giardino dalla corruzione.
NPC_TAMSIN_PLAYER_9b92b4f5-c7f5-45c3-967a-c1b453a1b2d2_HEROIC,Corrotta in che modo? A cosa sto andando incontro?
NPC_TAMSIN_PLAYER_9b92b4f5-c7f5-45c3-967a-c1b453a1b2d2_JOKER,Magia corrotta? È peggio di quella normale?
NPC_TAMSIN_PLAYER_9b92b4f5-c7f5-45c3-967a-c1b453a1b2d2_SCHOLAR,"Magia corrotta. Da che cosa, e trasformata in cosa?"
NPC_TAMSIN_PLAYER_9b92b4f5-c7f5-45c3-967a-c1b453a1b2d2_STOIC,Magia corrotta? Che significa?
NPC_TAMSIN_PLAYER_9c4e7a2f-1b8d-6e3c-0a5f-7d2b9e1c4a6f_BASE,Ho trovato il rivenditore.
NPC_TAMSIN_PLAYER_9c6a0fc8-3165-42e6-ab4e-6684c96eec20_HEROIC,"Brutta, e probabilmente velenosa. Sto alla larga da entrambe le cose."
NPC_TAMSIN_PLAYER_9c6a0fc8-3165-42e6-ab4e-6684c96eec20_JOKER,"Che brutta pianta. Con la fortuna che ho, sarà pure velenosa."
NPC_TAMSIN_PLAYER_9c6a0fc8-3165-42e6-ab4e-6684c96eec20_SCHOLAR,"Una pianta sgradevole. In natura, bruttezza e veleno vanno spesso insieme."
NPC_TAMSIN_PLAYER_9c6a0fc8-3165-42e6-ab4e-6684c96eec20_STOIC,Brutta pianta. Forse velenosa.
NPC_TAMSIN_PLAYER_a3128161-e10b-436d-a774-ab869c5d213c_BASE,"Mi stai invitando a un appuntamento, Tamsin? Certo che accetto. Mi piacerebbe passare un po' di tempo insieme."
NPC_TAMSIN_PLAYER_a399a6e7-51b0-447a-8bc4-4950002e12b4_BASE,Ho trovato questo libro. Ne sai qualcosa?
NPC_TAMSIN_PLAYER_a4eb756a-912a-4505-8e65-6769c0ccc931_HEROIC,Idolatrare gli eroi non fa bene. Prima o poi ti deluderanno.
NPC_TAMSIN_PLAYER_a4eb756a-912a-4505-8e65-6769c0ccc931_JOKER,"Idolatrare gli eroi è un vizio rischioso. Da vicino, gli eroi tendono a rimpicciolirsi."
NPC_TAMSIN_PLAYER_a4eb756a-912a-4505-8e65-6769c0ccc931_SCHOLAR,L'idolatria degli eroi non è salutare. Aspettative così elevate conducono sempre a cadute dolorose.
NPC_TAMSIN_PLAYER_a4eb756a-912a-4505-8e65-6769c0ccc931_STOIC,Idolatrare gli eroi non fa bene. Un giorno ti deluderanno.
NPC_TAMSIN_PLAYER_a5d00e7e-c377-44db-934d-58ead7d2e903_HEROIC,"Aldoria è la tua casa, dunque. Mi piacerebbe sentirne parlare."
NPC_TAMSIN_PLAYER_a5d00e7e-c377-44db-934d-58ead7d2e903_JOKER,"Aldoria, così lontana. Raccontamela prima che ti riprenda la nostalgia."
NPC_TAMSIN_PLAYER_a5d00e7e-c377-44db-934d-58ead7d2e903_SCHOLAR,"Aldoria. Di quale zona, e che cosa studiavi lì?"
NPC_TAMSIN_PLAYER_a5d00e7e-c377-44db-934d-58ead7d2e903_STOIC,La tua casa è Aldoria. Raccontamela.
NPC_TAMSIN_PLAYER_a65ed47c-8c5a-4995-8aa6-3529ecb445be_HEROIC,È difficile capire cosa possa spingere qualcuno a venire qui.
NPC_TAMSIN_PLAYER_a65ed47c-8c5a-4995-8aa6-3529ecb445be_JOKER,"Chissà che cosa ci trovano di tanto invitante, in questo posto."
NPC_TAMSIN_PLAYER_a65ed47c-8c5a-4995-8aa6-3529ecb445be_SCHOLAR,Non mi è chiaro per quale ragione qualcuno sceglierebbe di venire qui.
NPC_TAMSIN_PLAYER_a65ed47c-8c5a-4995-8aa6-3529ecb445be_STOIC,Non so perché qualcuno vorrebbe venire qui.
NPC_TAMSIN_PLAYER_a832e6d2-1f8e-4b5d-8884-02d91dc6156e_BASE,"""Mi sono imbattuto in un gigantesco uovo di pietra nella Foresta di Wildwood."""
NPC_TAMSIN_PLAYER_a92a917d-636a-4bee-9fcc-4af9d1a014e7_HEROIC,Notevole. Parlami di questi reagenti: dove potrei cercarli?
NPC_TAMSIN_PLAYER_a92a917d-636a-4bee-9fcc-4af9d1a014e7_JOKER,"Affascinante. Che reagenti sono, e dove vado a caccia?"
NPC_TAMSIN_PLAYER_a92a917d-636a-4bee-9fcc-4af9d1a014e7_SCHOLAR,Interessante. Elenca i reagenti e il luogo in cui è più probabile trovare ciascuno.
NPC_TAMSIN_PLAYER_a92a917d-636a-4bee-9fcc-4af9d1a014e7_STOIC,Affascinante. Quali reagenti? Dove li trovo?
NPC_TAMSIN_PLAYER_aB7k9D2f-X3pQ-8mL0-zT5v-Nc92Hq7R4yKs_BASE,Hai altri stendardi protettivi?
NPC_TAMSIN_PLAYER_ac0a4b2d-67bd-455f-bcab-16d80ed8aeb2_HEROIC,Cosa cambierai nel tuo modo di agire?
NPC_TAMSIN_PLAYER_ac0a4b2d-67bd-455f-bcab-16d80ed8aeb2_JOKER,E il nuovo piano sarebbe?
NPC_TAMSIN_PLAYER_ac0a4b2d-67bd-455f-bcab-16d80ed8aeb2_SCHOLAR,Con cosa lo sostituirai? E in base a cosa deciderai?
NPC_TAMSIN_PLAYER_ac0a4b2d-67bd-455f-bcab-16d80ed8aeb2_STOIC,"Cosa farai, invece?"
NPC_TAMSIN_PLAYER_af31af65-43e8-4356-97c9-47f264f14fb6_BASE,Ho trovato delle strane piante là fuori. Le conosci?
NPC_TAMSIN_PLAYER_b28bb761-ff0c-4cbe-8311-0c9109e900d6_BASE,In quali rovine dovrei cercare la gemma?
NPC_TAMSIN_PLAYER_b7898f93-c55e-4214-a0f3-e06a0ea99b88_HEROIC,È stato davvero affascinante.
NPC_TAMSIN_PLAYER_b7898f93-c55e-4214-a0f3-e06a0ea99b88_JOKER,"Affascinante, e anche qualcosa di più."
NPC_TAMSIN_PLAYER_b7898f93-c55e-4214-a0f3-e06a0ea99b88_SCHOLAR,"È stato, senza dubbio, affascinante."
NPC_TAMSIN_PLAYER_b7898f93-c55e-4214-a0f3-e06a0ea99b88_STOIC,Sì. Affascinante.
NPC_TAMSIN_PLAYER_b81d3c07-2c9b-4a07-9a02-299dbe8d8bdf_HEROIC,Non devi ringraziarmi. L'ho semplicemente trovato nella foresta e riportato qui.
NPC_TAMSIN_PLAYER_b81d3c07-2c9b-4a07-9a02-299dbe8d8bdf_JOKER,"È saltato fuori nella foresta. Non proprio una grande impresa, ecco."
NPC_TAMSIN_PLAYER_b81d3c07-2c9b-4a07-9a02-299dbe8d8bdf_SCHOLAR,"Non mi devi nulla. La foresta lo ha fornito, io l'ho trasportato."
NPC_TAMSIN_PLAYER_b81d3c07-2c9b-4a07-9a02-299dbe8d8bdf_STOIC,Non serve ringraziare. Ero nella foresta e l'ho trovato.
NPC_TAMSIN_PLAYER_b9928df5-1529-42ce-b4f2-e4a993af990a_BASE,Mi dici di più su queste pietre protettive?
NPC_TAMSIN_PLAYER_c0cffc5b-d053-40f2-9eff-9a2a0ff14e45_BASE,Sembri molto preoccupata per il villaggio.
NPC_TAMSIN_PLAYER_c4628495-3752-45f4-bbbb-ef5c9b610aec_HEROIC,Riconosco quel genere di persone. Sono davvero eccezionali.
NPC_TAMSIN_PLAYER_c4628495-3752-45f4-bbbb-ef5c9b610aec_JOKER,Conosco quel tipo di persone. Una vale dieci degli altri.
NPC_TAMSIN_PLAYER_c4628495-3752-45f4-bbbb-ef5c9b610aec_SCHOLAR,Conosco quel genere di persone. Sono loro a far funzionare il mondo.
NPC_TAMSIN_PLAYER_c4628495-3752-45f4-bbbb-ef5c9b610aec_STOIC,Conosco quel tipo di persone. Sono le migliori.
NPC_TAMSIN_PLAYER_c6718d49-64d1-45c7-8aaf-39ffd7248dcf_HEROIC,Hai una grande stima di lei.
NPC_TAMSIN_PLAYER_c6718d49-64d1-45c7-8aaf-39ffd7248dcf_JOKER,L'hai messa su un bel piedistallo.
NPC_TAMSIN_PLAYER_c6718d49-64d1-45c7-8aaf-39ffd7248dcf_SCHOLAR,"La ammiri. Più di quanto tu abbia dichiarato apertamente, credo."
NPC_TAMSIN_PLAYER_c6718d49-64d1-45c7-8aaf-39ffd7248dcf_STOIC,La rispetti.
NPC_TAMSIN_PLAYER_cd4aec67-6da4-425a-ad9c-980f3a8dacde_HEROIC,"Ti ringrazio, Tamsin. Sei stata generosa con il tuo tempo."
NPC_TAMSIN_PLAYER_cd4aec67-6da4-425a-ad9c-980f3a8dacde_JOKER,"È sempre un piacere rubarti un po' di tempo, Tamsin."
NPC_TAMSIN_PLAYER_cd4aec67-6da4-425a-ad9c-980f3a8dacde_SCHOLAR,"Grazie dell'ora che mi hai dedicato, Tamsin. È stata ben spesa."
NPC_TAMSIN_PLAYER_cd4aec67-6da4-425a-ad9c-980f3a8dacde_STOIC,"Grazie del tuo tempo, Tamsin."
NPC_TAMSIN_PLAYER_cfa523c8-e942-42eb-908d-b2a64bdf089d_HEROIC,Puoi spiegarmi quale significato vi trovi?
NPC_TAMSIN_PLAYER_cfa523c8-e942-42eb-908d-b2a64bdf089d_JOKER,Di che genere di significato stiamo parlando?
NPC_TAMSIN_PLAYER_cfa523c8-e942-42eb-908d-b2a64bdf089d_SCHOLAR,Quale tipo di significato? Rituale o pratico?
NPC_TAMSIN_PLAYER_cfa523c8-e942-42eb-908d-b2a64bdf089d_STOIC,A quale significato ti riferisci?
NPC_TAMSIN_PLAYER_d03b82c0-2031-4c88-a59c-e85cdd3dfec8_BASE,Esci
NPC_TAMSIN_PLAYER_d34c2d67-6b9c-47ae-a67c-0a1a0e6c5f88_HEROIC,Cosa potrebbe prosciugare la magia?
NPC_TAMSIN_PLAYER_d34c2d67-6b9c-47ae-a67c-0a1a0e6c5f88_JOKER,"Chi ha preso gusto alla magia, da queste parti?"
NPC_TAMSIN_PLAYER_d34c2d67-6b9c-47ae-a67c-0a1a0e6c5f88_SCHOLAR,"Cosa la prosciuga? Gli stendardi stessi, o qualcosa che se ne nutre?"
NPC_TAMSIN_PLAYER_d34c2d67-6b9c-47ae-a67c-0a1a0e6c5f88_STOIC,Cosa prosciuga la magia?
NPC_TAMSIN_PLAYER_d3768e6e-5aea-4558-8774-7f5e2e43bbf8_HEROIC,"Forse sei stata incauta, ma ti hanno ingannata. La responsabilità è loro."
NPC_TAMSIN_PLAYER_d3768e6e-5aea-4558-8774-7f5e2e43bbf8_JOKER,"Tu sei scivolata, loro hanno spinto. La colpa sta dalla loro parte."
NPC_TAMSIN_PLAYER_d3768e6e-5aea-4558-8774-7f5e2e43bbf8_SCHOLAR,"Incauta, forse. Ma l'inganno è stato loro, e così la colpa."
NPC_TAMSIN_PLAYER_d3768e6e-5aea-4558-8774-7f5e2e43bbf8_STOIC,"Sarai stata incauta, ma ti hanno ingannata. La colpa è loro."
NPC_TAMSIN_PLAYER_d6d3a1d2-e1ea-4a3f-b2aa-c1706b5405ec_HEROIC,Earlwood vale il viaggio. Hai fatto bene a venire.
NPC_TAMSIN_PLAYER_d6d3a1d2-e1ea-4a3f-b2aa-c1706b5405ec_JOKER,Earlwood è un bel vedere. Ci credo che ti sei fatta il viaggio.
NPC_TAMSIN_PLAYER_d6d3a1d2-e1ea-4a3f-b2aa-c1706b5405ec_SCHOLAR,Earlwood si merita la sua fama di bellezza. Non sorprende che ti abbia attirata qui.
NPC_TAMSIN_PLAYER_d6d3a1d2-e1ea-4a3f-b2aa-c1706b5405ec_STOIC,Earlwood è bella. Capisco perché sei venuta.
NPC_TAMSIN_PLAYER_d7ec4cb7-a939-426d-8a41-40e9aa844672_HEROIC,"Tamsin, qualcosa ti pesa molto sul cuore. Cosa ti turba?"
NPC_TAMSIN_PLAYER_d7ec4cb7-a939-426d-8a41-40e9aa844672_JOKER,"Tamsin, sembra che la sciagura ti abbia appena bussato alla porta. Che succede?"
NPC_TAMSIN_PLAYER_d7ec4cb7-a939-426d-8a41-40e9aa844672_SCHOLAR,"Tamsin, è accaduto qualcosa. Il tuo viso lo rivela chiaramente. Di cosa si tratta?"
NPC_TAMSIN_PLAYER_d7ec4cb7-a939-426d-8a41-40e9aa844672_STOIC,"Tamsin, sembra sia successo qualcosa di terribile. Che c'è?"
NPC_TAMSIN_PLAYER_d8f106de-9553-4da8-876a-23c8424adbfc_HEROIC,Deve risponderne davanti ad Alaric. Gli ho detto di andare e affrontare le conseguenze.
NPC_TAMSIN_PLAYER_d8f106de-9553-4da8-876a-23c8424adbfc_JOKER,I suoi guai sono andati dritti da Alaric. Su mio consiglio.
NPC_TAMSIN_PLAYER_d8f106de-9553-4da8-876a-23c8424adbfc_SCHOLAR,Gli ho ordinato di consegnarsi ad Alaric.
NPC_TAMSIN_PLAYER_d8f106de-9553-4da8-876a-23c8424adbfc_STOIC,Gli ho detto di costituirsi da Alaric.
NPC_TAMSIN_PLAYER_da0a580b-9357-41f4-ae2f-bb36539d36df_BASE,Mi ricordi chi sono Ceres e Marina?
NPC_TAMSIN_PLAYER_da92a55c-02c1-4e70-a0e1-621c447e1447_BASE,Mi racconti meglio cosa ti ha detto l'anziana?
NPC_TAMSIN_PLAYER_dcbb21c8-1fb5-457b-9ca5-1ef8af5e4483_HEROIC,Gli ho imposto di restituire tutto ciò che ha rubato e donare i guadagni per fare ammenda.
NPC_TAMSIN_PLAYER_dcbb21c8-1fb5-457b-9ca5-1ef8af5e4483_JOKER,Gli ho detto di restituire il bottino e distribuire i guadagni. Mi pareva meglio di una predica.
NPC_TAMSIN_PLAYER_dcbb21c8-1fb5-457b-9ca5-1ef8af5e4483_SCHOLAR,"Restituirà tutto il maltolto, e i guadagni andranno a chi ha danneggiato."
NPC_TAMSIN_PLAYER_dcbb21c8-1fb5-457b-9ca5-1ef8af5e4483_STOIC,Gli ho detto di restituire il furto e donare i guadagni.
NPC_TAMSIN_PLAYER_e35a5f5a-ec77-4208-8012-e690d77e632d_HEROIC,Sono lieto di averti dato una mano.
NPC_TAMSIN_PLAYER_e35a5f5a-ec77-4208-8012-e690d77e632d_JOKER,"Aiutare è quello che mi riesce meglio. Beh, è fra le prime tre cose."
NPC_TAMSIN_PLAYER_e35a5f5a-ec77-4208-8012-e690d77e632d_SCHOLAR,Sono lieto sia servito. Trovarlo è stata la parte semplice.
NPC_TAMSIN_PLAYER_e35a5f5a-ec77-4208-8012-e690d77e632d_STOIC,Lieto di aiutare.
NPC_TAMSIN_PLAYER_e98b9eb5-5e2a-4e2c-9795-6eeada72628b_HEROIC,"Non hai fatto nulla di male, Tamsin. Hanno piegato la tua gentilezza ai loro scopi."
NPC_TAMSIN_PLAYER_e98b9eb5-5e2a-4e2c-9795-6eeada72628b_JOKER,"Tu non hai fatto niente di male, Tamsin. Hanno visto la gentilezza e ci si sono infilati."
NPC_TAMSIN_PLAYER_e98b9eb5-5e2a-4e2c-9795-6eeada72628b_SCHOLAR,"Non hai commesso alcun errore, Tamsin. L'inganno ha trovato nella tua gentilezza uno strumento."
NPC_TAMSIN_PLAYER_e98b9eb5-5e2a-4e2c-9795-6eeada72628b_STOIC,"Non hai sbagliato, Tamsin. Ti hanno ingannata. Hanno usato la tua gentilezza e il tuo lavoro per sfruttare gli altri."
NPC_TAMSIN_PLAYER_eb84b85d-17da-43dc-9066-9f4b93914040_BASE,Fuori dal villaggio non è pericoloso? Come fanno a vendere là fuori?
NPC_TAMSIN_PLAYER_ec8431bf-0427-460f-84d1-8896e1994462_HEROIC,Dimostra una fermezza davvero notevole.
NPC_TAMSIN_PLAYER_ec8431bf-0427-460f-84d1-8896e1994462_JOKER,Ha una volontà così salda che ci potresti inciampare.
NPC_TAMSIN_PLAYER_ec8431bf-0427-460f-84d1-8896e1994462_SCHOLAR,Definirla risoluta mi sembra riduttivo.
NPC_TAMSIN_PLAYER_ec8431bf-0427-460f-84d1-8896e1994462_STOIC,Sembra molto tenace.
NPC_TAMSIN_PLAYER_ecaadbd5-f2b2-45fd-b733-ce8d9cdc9f24_HEROIC,"Non stai deludendo nessuno, Tamsin. Come posso sostenerti?"
NPC_TAMSIN_PLAYER_ecaadbd5-f2b2-45fd-b733-ce8d9cdc9f24_JOKER,"Non stai deludendo nessuno, Tamsin. Ti serve una mano con qualcosa?"
NPC_TAMSIN_PLAYER_ecaadbd5-f2b2-45fd-b733-ce8d9cdc9f24_SCHOLAR,"Non stai deludendo nessuno, Tamsin. Quale aiuto sarebbe più utile?"
NPC_TAMSIN_PLAYER_ecaadbd5-f2b2-45fd-b733-ce8d9cdc9f24_STOIC,"Non deludi nessuno, Tamsin. Posso aiutarti?"
NPC_TAMSIN_PLAYER_ed032611-c620-412d-baca-79fc7a49101d_HEROIC,Allora accertiamocene. Che aspetto ha la magia corrotta?
NPC_TAMSIN_PLAYER_ed032611-c620-412d-baca-79fc7a49101d_JOKER,Allora scopriamolo prima che lei scopra noi. Che aspetto ha la magia corrotta?
NPC_TAMSIN_PLAYER_ed032611-c620-412d-baca-79fc7a49101d_SCHOLAR,Allora verifichiamo. Quali sono i segni della magia corrotta?
NPC_TAMSIN_PLAYER_ed032611-c620-412d-baca-79fc7a49101d_STOIC,Allora controlliamo. Che aspetto ha?
NPC_TAMSIN_PLAYER_ed21a2f4-f2f0-487f-9ec1-1cb5b2bc92d6_BASE,"""Grazie. Tornerò: il tuo sorriso è troppo incantevole per resistergli."""
NPC_TAMSIN_PLAYER_ef4dae89-d934-46ab-b2d1-303641eaeb7a_HEROIC,"Li conosco da poco, e concordo. Vale la pena seguire uomini così."
NPC_TAMSIN_PLAYER_ef4dae89-d934-46ab-b2d1-303641eaeb7a_JOKER,"Li conosco appena e sono già d'accordo. Grandi uomini, e per giunta umili."
NPC_TAMSIN_PLAYER_ef4dae89-d934-46ab-b2d1-303641eaeb7a_SCHOLAR,"Li ho frequentati brevemente, e concordo. Una simile grandezza è rara."
NPC_TAMSIN_PLAYER_ef4dae89-d934-46ab-b2d1-303641eaeb7a_STOIC,"Non li conosco da molto, ma concordo. Sono grandi uomini."
NPC_TAMSIN_PLAYER_f00b5827-8e4c-4976-8fcf-bb3c47f75965_HEROIC,Non occorrono ringraziamenti. Libero la strada perché deve essere libera.
NPC_TAMSIN_PLAYER_f00b5827-8e4c-4976-8fcf-bb3c47f75965_JOKER,Figurati. L'affetto per questo posto non è proprio il mio forte. Sto solo sgombrando il passaggio.
NPC_TAMSIN_PLAYER_f00b5827-8e4c-4976-8fcf-bb3c47f75965_SCHOLAR,Non occorre. Questo luogo conta poco per me. Le strade libere contano di più.
NPC_TAMSIN_PLAYER_f00b5827-8e4c-4976-8fcf-bb3c47f75965_STOIC,Non serve ringraziare. Non amo questo posto. Libero solo la strada.
NPC_TAMSIN_PLAYER_f0ff105a-6e8e-472c-9211-8f01d56e025f_HEROIC,"Anche tu porti molto bene in questo luogo, Tamsin."
NPC_TAMSIN_PLAYER_f0ff105a-6e8e-472c-9211-8f01d56e025f_JOKER,"Con te in giro, di cose buone qui se ne fanno parecchie, Tamsin."
NPC_TAMSIN_PLAYER_f0ff105a-6e8e-472c-9211-8f01d56e025f_SCHOLAR,"Qui fai più bene di quanto tu stessa riconosca, Tamsin."
NPC_TAMSIN_PLAYER_f0ff105a-6e8e-472c-9211-8f01d56e025f_STOIC,"Anche tu fai molto bene qui, Tamsin."
NPC_TAMSIN_PLAYER_f3bd750e-9b8d-456a-9e90-71c5e88cfc3d_HEROIC,C'era un albero nei pressi. Contorto. Il suo aspetto non mi piaceva.
NPC_TAMSIN_PLAYER_f3bd750e-9b8d-456a-9e90-71c5e88cfc3d_JOKER,Quell'albero era così contorto da far sembrare normale tutto il resto.
NPC_TAMSIN_PLAYER_f3bd750e-9b8d-456a-9e90-71c5e88cfc3d_SCHOLAR,"C'era un albero nei pressi, contorto in un modo che non può verificarsi spontaneamente."
NPC_TAMSIN_PLAYER_f3bd750e-9b8d-456a-9e90-71c5e88cfc3d_STOIC,C'era un albero vicino. Contorto. Innaturale.
NPC_TAMSIN_PLAYER_f3e798e5-f8a9-4406-9d4d-99d431c0354d_HEROIC,"Mi fa piacere, Tamsin. In che modo ti aiuta il fuso?"
NPC_TAMSIN_PLAYER_f3e798e5-f8a9-4406-9d4d-99d431c0354d_JOKER,"Mi fa piacere, Tamsin. Quel fuso ha qualche bel trucco in serbo?"
NPC_TAMSIN_PLAYER_f3e798e5-f8a9-4406-9d4d-99d431c0354d_SCHOLAR,"Sono lieto di sentirlo, Tamsin. Che cosa fa esattamente il fuso?"
NPC_TAMSIN_PLAYER_f3e798e5-f8a9-4406-9d4d-99d431c0354d_STOIC,"Bene, Tamsin. A cosa serve il fuso?"
NPC_TAMSIN_RESPONSE_00b288ac-8b86-4a02-91e5-064a5afa8698,"""Vero? Sono proprio contenta che tu sia d'accordo."""
NPC_TAMSIN_RESPONSE_019d2f47-f67d-4af3-ae63-115225fb401e,"""Oh. Capisco. Mi sembra un po' poco… però significa che dovrà affrontare quello che ha fatto, e potrò affrontarlo anch'io. Vorrei proprio dirgliene quattro, come si deve.""\n\n\n\n""Mentre eri via, ho riflettuto. Devo fermarmi e fare più attenzione. Non posso continuare ad aiutare chiunque me lo chieda, senza badare a chi sia. Adesso lo vedo. Del mio lavoro si può abusare. La mia gentilezza può diventare uno strumento di crudeltà. E io… io mi consumo per persone che vogliono soltanto prendere."""
NPC_TAMSIN_RESPONSE_0263717b-cadf-42c7-82ef-21733d562e5b,"""Certo. Sono contenta di averti aiutato."""
NPC_TAMSIN_RESPONSE_02c35a43-1654-40c9-884c-6234b9bc6dbf,"""Ah? Intendi quell'enorme uovo degli Antichi nelle rovine? Affascinante, vero?""\n\n""Non ho ancora avuto modo di studiarlo per bene. Nessuno sa davvero a cosa servissero le uova, ma qualunque cosa contenessero era chiaramente enorme."""
NPC_TAMSIN_RESPONSE_03abeb99-cdd0-43b9-bd61-c201a3040ec0,"""Ahia. Beh, non è un fuso qualunque. È messo a punto per stendardi e protezioni, e quando tessi una protezione non puoi permetterti un fuso che slitta. Capirai cosa intendo.""\n\n\n\n""Con questo fuso potrò proteggere il villaggio molto meglio. Che sollievo. Continuavo a temere di deludere tutti, e poi mi dicevo che ero sciocca. Però."""
NPC_TAMSIN_RESPONSE_09395e9c-b7f1-48e2-930b-4e9f6328495b,"*Il viso le si illumina di gioia.*\n\n""Esatto! Earlwood è speciale. Non possiamo lasciare che le succeda qualcosa."""
NPC_TAMSIN_RESPONSE_0b33d8f1-b86b-4c96-8a09-0f680847c34d,"""Mi fa piacere che la pensi così. Se vogliamo davvero un futuro migliore, dobbiamo imparare dal nostro passato."""
NPC_TAMSIN_RESPONSE_0b98b358-6d9a-4611-96da-c5b87e07d5b9,"""Capisco. Ma questo non toglie nulla al bene che hai fatto qui. O a ciò che ha significato per me.""\n\n\n\n*Tamsin stringe e scioglie le mani mentre parla, come se cercasse di non riversare fuori i pensieri troppo in fretta.*\n\n""Dovevo dirtelo prima di convincermi a lasciar perdere.""\n\n""La gente non dice grazie abbastanza. La gratitudine la sente, credo. Solo che è sempre tutto urgente.""\n\n""E continuo a sentire il tuo nome. Sei ovunque, nelle piccole storie.""\n\n""Nel modo in cui aiuti, in cui resti. In cui ti fai carico dei problemi che gli altri sono troppo stanchi per affrontare.""\n\n""Facciamo tutti il possibile, ma certi giorni… certi giorni sembra che stiamo solo resistendo.""\n\n""E tu ci fai sentire che potremmo reagire."""
NPC_TAMSIN_RESPONSE_0c2b6507-c8bb-476e-abbc-f4c1a92acafa,"""Non lo è, non davvero. È solo chiassosa. E se qualcuno parla con decisione, non significa che non gli importi.""\n\n\n\n*La voce di Tamsin si addolcisce mentre parla. L'entusiasmo c'è ancora, ma temperato da qualcosa di più personale. Giocherella con le dita come se torcesse un filo sciolto per rimetterlo in ordine.*\n\n""È stata lei a insegnarmi che puoi essere utile senza mai impugnare un'arma. Quando sono arrivata a Earlwood non conoscevo nessuno. Non parlavo con nessuno. Saqi mi aveva vista in giro e mi salutava, ma senza insistere. Poi una sera ho finalmente trovato il coraggio di entrare nella taverna. Mi ha guardata dritta negli occhi e ha sorriso come se se lo aspettasse. Come se sapesse che ero pronta. Mi ha presentata a tutti. Abbiamo mangiato, bevuto, parlato, e da allora… non ero più sola.""\n\n""Tiene alto il morale. Trasforma un villaggio in una comunità che vale la pena proteggere. E mentre Alaric ci tiene al sicuro, Saqi ci fa sentire a casa."""
NPC_TAMSIN_RESPONSE_1553378b-8449-4cd9-ba4a-c8f9b4c9d679,"""Oh, giusto. Scusa. Ti cerco il passaggio.""\n\n\n\n*Tamsin volta in fretta qualche altra pagina, con una mezza dozzina di segnalibri che spuntano storti, mentre scorre righe di scrittura fitta.*\n\n""Eccola, la lista. Allora, tre reagenti. Primo: linfa dell'albero antico, estratta direttamente da una delle grandi radici che passano sotto Wildwood. Secondo: acqua toccata dalle driadi, che dovrebbe venire dalla pozza di una Rivercaller. Di solito viene donata, ma non abbiamo tempo per le cerimonie. E terzo: una gemma del custode, un'antica gemma elfica legata alla tutela della foresta. Di solito si trovano nascoste nelle rovine elfiche, dove ormai quasi nessuno che abbia un po' di buon senso mette più piede."""
NPC_TAMSIN_RESPONSE_157b1d8d-27fb-4f8b-bc9f-7f10e4af3ac8,"*Un'ombra le attraversa il viso e si preme piano le dita sulle labbra.*\n\n""Un albero? È preoccupante. Non sarà mica… Magia corrotta qui a Earlwood. Spero proprio di no."""
NPC_TAMSIN_RESPONSE_19e3e2c1-5223-46f5-a6fd-3522af2579ed,"*Gli occhi le si allargano appena e il sorriso vacilla un po'.*\n\n""Oh, beh. Immagino che non tutti trovino conforto qui."""
NPC_TAMSIN_RESPONSE_1b1e99ff-cb57-4416-bc9f-eaa928a12126,"""Potrà sembrare impulsivo, ma in combattimento è più capace di quanto sembri.""\n\n""Non è Alaric; non farglielo sentire. Però non è facile metterlo al tappeto."""
NPC_TAMSIN_RESPONSE_1d6371d9-3307-404a-ab6e-4bc7c04b52bf,"""Incauta. Sì. È la parola che continua a girarmi in testa.""\n\n\n\n""Penso che la causa sia io. Per colpa mia i rifugiati vengono sfruttati proprio qui, nel nostro villaggio. Ho passato notti senza dormire, a tessere e tessere, perché pensavo che non avessimo abbastanza scorte. E ora le coperte vengono rivendute in cambio delle razioni della gente, e qualcuno resta senza mangiare. Sono furiosa. E ferita. E sto male al pensiero di aver contribuito a tutto questo. Oh, scusa. Non avrei dovuto rovesciarti tutto addosso così. Dovrei cavarmela da sola…"""
NPC_TAMSIN_RESPONSE_202936c6-c3e4-4e51-be59-fb3dfc3217ab,"""Un golem?""\n\n*Gli occhi le si spalancano di vivace curiosità.*\n\n""È un motivo valido quanto qualunque altro. Accidenti, è da troppo che non parlo con un golem. Quand'è stata l'ultima volta… probabilmente all'Accademia. Avevo un professore golem, in effetti. Scusa. Sto divagando. Ecco, prendine un po'. Gratis."""
NPC_TAMSIN_RESPONSE_267d57be-f70a-4e55-b2a5-7396b92c6c06,"""L'accademia era piena di persone affascinanti. Maghi da tutta Mirkea, alcuni giovani, altri anziani, tutti brillanti.""\n\n""Ma in fondo sapevo che le lezioni non mi bastavano. Volevo una vita di avventure vere."""
NPC_TAMSIN_RESPONSE_29cc8b32-5c92-4e57-bc5f-8fd977c386fb,"*Tamsin ti guarda incuriosita, inclinando il viso gentile di lato.*\n\n""Certo che ho altri stendardi protettivi. Ma a cosa ti servono?""\n\n""È una richiesta della Gilda?"""
NPC_TAMSIN_RESPONSE_318c96e3-24a5-4e51-9c31-9398cb2e5e14,"""È proprio questo il punto: non so cosa lo provochi. Da qui ho provato tutto il possibile, ma non posso uscire a indagare di persona, non adesso. Per questo mi serve una mano.""\n\n""Questi sono i luoghi che mi preoccupano di più. Te li ho segnati. Dimmi cosa trovi."""
NPC_TAMSIN_RESPONSE_3545e0b1-ccd3-4379-95ae-5f1408bd5b4c,"""Mi ha cercata nella sala e mi ha chiesto se sapevo che le coperte venivano rivendute. Ho detto di no e le ho chiesto di spiegarsi. Mi ha raccontato che da tempo i rifugiati parlano di un venditore fuori dal villaggio, nelle terre coltivate. Si scambiano perfino consigli sui percorsi più sicuri, ma serve di rado. La gente continua a farsi male. Continua a perdere le coperte. Le prendono i goblin, oppure le persone non tornano affatto. Eppure continuano ad andarci."""
NPC_TAMSIN_RESPONSE_35d4466e-c865-4a44-b158-c44b1655db2e,"""Sono nata ad Aldoron, in Aldoria. Ho studiato anche all'accademia, ma non torno a casa da anni.""\n\n""A volte mi preoccupo per i miei genitori, ma Aldoron resta il posto più sicuro che conosca."""
NPC_TAMSIN_RESPONSE_3740b998-3db4-4776-b386-445d4d11df8e,"""Vuoi sentirla? Va bene. Da quando sono arrivata, me l'ha raccontata una dolce nonnina dopo l'altra.""\n\n""Si dice che un tempo Earlwood abbia abbattuto gli alberi della costa, attirandosi lo scontento di Ceres. I raccolti andarono perduti e i worp erano l'unica cosa che cresceva ancora. I pescatori li portavano nei lunghi viaggi. Li mordevano, sputavano in mare quei bocconi disgustosi e scoprivano che i pesci accorrevano, attirati dal sapore. La pesca prosperò.""\n\n""Poi due fratelli avidi misero esche con una doppia dose di worp su entrambi i lati della barca, sperando di prendere qualcosa di enorme. JJ abboccò a tutte e quattro le esche. Due ami fecero presa. I fratelli si contesero il pescato finché la barca si rovesciò. I worp caddero in acqua e i fratelli andarono alla deriva per quattro giorni. Alla fine, il pesce li guidò a casa. Giurarono di rinunciare all'avidità e all'invidia.""\n\n""Così gli abitanti venerano JJ come un emissario di Marina per conto di Ceres. Coltivano i worp accanto a spaventapasseri a forma di pesce, con le sembianze di JJ, e ogni anno offrono worp all'oceano, convinti che le dee abbiano perdonato Earlwood e ridato vita ai suoi raccolti. Ecco cosa sono quei buffi spaventapasseri. Sono JJ."""
NPC_TAMSIN_RESPONSE_3c95e3ff-ef82-4994-a8ca-2c5a9b1ea0aa,"""Raccontami tutto. Anche il più piccolo dettaglio potrebbe contare più di quanto pensiamo."""
NPC_TAMSIN_RESPONSE_3db0640d-51eb-4740-bdcf-cf99112f7704,"""Piante di Worp, sì! Una di quelle cose di Earlwood che capisci solo quando qualcuno te le spiega. Sono originarie di qui. Non le troverai negli altri villaggi, e per la gente del posto hanno… un gran significato."""
NPC_TAMSIN_RESPONSE_3fb0c6c3-2cf1-48e5-a897-3416b05c91e8,"""Un appuntamento?""\n\n*Resta immobile per un battito, poi si lascia sfuggire una risatina sorpresa.*\n\n""Non pensavo di chiamarlo così, ma… è una bella idea. Sì. Puoi contarci."""
NPC_TAMSIN_RESPONSE_40a3aeaf-6d14-4341-a39f-c06b91b5c493,"*Tamsin scoppia in una risata gioiosa.*\n\n""Colpo di fulmine per il suo fascino elfico, eh? Ti capisco benissimo.""\n\n""Ma buona fortuna: è ottuso quanto il didietro di un golem."""
NPC_TAMSIN_RESPONSE_4275c500-6c1c-49f6-a8c1-c9851e765691,"""Sì. È proprio questa la crudeltà. Costringere persone disperate a uscire dal villaggio solo per ricomprare ciò che doveva essere un dono. Alcuni tornano feriti. È così che si è cominciato a parlarne. Non lo sopporto."""
NPC_TAMSIN_RESPONSE_45040302-bca0-4c14-931d-982f13a719f0,"""I Principi Primi e le Grandi Iniquità vanno a coppie. A ogni Principio si oppone un'Iniquità. Adlan, giustizia. Ira, ira.""\n\n""Non sono metafore. Sono forze vere, con un'influenza reale.""\n\n""Il Codex ti aiuta a riconoscere la loro pressione nelle tue scelte, così puoi resistere prima che ti trascini."""
NPC_TAMSIN_RESPONSE_4509f651-0c6a-4475-97b4-f36db0f63893,*Si apre in un sorriso radioso e agita allegramente le dita per salutarti mentre ti volti per andare via.*
NPC_TAMSIN_RESPONSE_45465754-8e00-433e-9602-490ca18f204a,"""In effetti… una cosa c'è.""\n\n""Volevo ringraziarti. Per quello che hai fatto per il villaggio, e per me.""\n\n""Prima gli stendardi, poi… quello che hai fatto quando le mie donazioni venivano usate per sfruttare la gente.""\n\n""Continuo a cercare le parole giuste e continuano a sfuggirmi, ma ho bisogno che te lo dica io.""\n\n""Noi… io non ce l'avrei fatta a reggere tutto questo senza di te."""
NPC_TAMSIN_RESPONSE_45c26219-22e0-4718-9d2c-8808fe88d206,"""Le grandi radici sono quelle radici enormi che vedi spuntare dal terreno in tutta la foresta. Appartengono tutte all'albero antico presso il Trono della Foresta. Da alcune cola linfa dove la corteccia è danneggiata. È quella che cerchi."""
NPC_TAMSIN_RESPONSE_471a421d-57de-4864-80b9-00308309ef9d,"""Sono contenta che tu mi abbia aiutata. Davvero.""\n\n\n\n""Ora… cosa ne faccio? Un gagliardetto per risollevare il morale, stendardi protettivi per i Margini della Foresta, o uno stendardo di luce per gli esploratori sui sentieri più bui. Il Glimmerflax apre così tante possibilità, e io continuo a volerle provare tutte insieme."""
NPC_TAMSIN_RESPONSE_47e66ee0-dbfb-43a4-a618-0567845eb198,"""È proprio vero. È tutto diverso da Aldoria. Un po' strani, sì, ma è quello che dà loro carattere."""
NPC_TAMSIN_RESPONSE_4917c392-c7f6-4706-a1e7-93c1b9a4db1b,"*Sorride, con un misto di gioia e nostalgia negli occhi.*\n\n""Earlwood era conosciuta come un rifugio per chi non trovava davvero il suo posto altrove. Mi attirava per questo.""\n\n""Una volta arrivata, ci ho messo poco. Sapevo di essere a casa. Voglio proteggere quella sensazione.""\n\n""E anche Rahaner viene da Aldoria. Parlare con lui mi aiuta quando ne sento la mancanza."""
NPC_TAMSIN_RESPONSE_49ce9733-3e5e-43c1-b610-33b421b44b5b,"*La sua espressione si spegne un poco.*\n\n""Lo so, non sembra granché. Ma questo villaggio è casa mia."""
NPC_TAMSIN_RESPONSE_4b9488e5-5f33-4996-b241-317865172dc8,"*Tamsin spalanca gli occhi e ti fissa. La speranza le risolleva il corpo, fragile all'inizio, come se temesse che sparisca muovendosi troppo in fretta.*\n\n""Davvero? L'hai trovato. Oh, grazie. Ti prego, dimmi cos'hai fatto. Non l'hai ucciso, vero?"""
NPC_TAMSIN_RESPONSE_4d2fe248-1a94-4fb2-a00c-73d287094eb3,"""Le gemme del custode venivano incastonate nelle sale e nei santuari elfici, come una specie di benedizione costante. Quasi tutte quelle nelle zone più esterne sono state saccheggiate secoli fa, ma più all'interno, dove i razziatori non osavano andare, dovrebbe essercene ancora qualcuna. Ti ho segnato sulla mappa alcune rovine promettenti. Ti prego, non restare lì più del necessario."""
NPC_TAMSIN_RESPONSE_4dc8b2ff-7c34-469e-aac4-d6283c6305b1,"""All'Accademia c'erano tanti minotauri. Molti professori di magia della terra erano minotauri, e la mia era… hmm. La signora Duratianus. Sì, ecco. Era una grande insegnante.""\n\n*Alza gli occhi quando la coglie un pensiero, rapido e sincero.*\n\n""Sai, anche se l'Impero e Aldoria sono in guerra da una vita, Aldoria accoglie ancora gli studiosi minotauri che arrivano dall'Impero. Se succedesse più spesso, forse potrebbero… forse potrebbero lasciarselo alle spalle."""
NPC_TAMSIN_RESPONSE_537e4a46-2df7-4e15-a9d1-5f65b0c3bbde,"""La magia corrotta è rara. È la volontà di Elaria, corrotta da un Dio Oscuro, una delle Grandi Iniquità. L'abbiamo studiata all'Accademia. Di solito la si vede solo nella regione dei troll di Mor’daneth, a nord di Dimraeth. Ma da quando Sylbos minaccia Mirkea, si sta diffondendo per il paese.""\n\n""Se è arrivata a Earlwood, non voglio immaginare cosa significhi.""\n\n""Il mistero è tutt'altro che risolto, ma il tuo aiuto ci ha avvicinati di un passo alla soluzione. Passa quando vuoi: nel mio negozio sarai sempre il benvenuto."""
NPC_TAMSIN_RESPONSE_54cc24e5-8d65-4773-a796-fdfee88d16fd,"""Come… come puoi dire una cosa simile? È pericoloso solo per chi minaccia ciò che ama. E comunque non impugna un'arma dall'ultima Crisi dei Goblin.""\n\n\n\n*Tamsin alza le mani mentre parla, tracciando piccole forme nell'aria, come se cercasse di tessere i pensieri in qualcosa di ordinato. Si accorge di sorridere di nuovo, quasi imbarazzata.*\n\n""Manga, Alaric e Rahaner… sembrano i tre padri di Earlwood.""\n\n""Padri. Zii. Un padre, uno zio, un fratello maggiore. Ma poi chi è chi? Oh, non ha poi tanta importanza.""\n\n""Guidano senza costringere nessuno. Aiutano, insegnano. Sono dove gli altri hanno bisogno di loro. E ognuno è un esempio a modo suo. Io… vorrei essere utile così."""
NPC_TAMSIN_RESPONSE_58065457-1632-4811-86d7-cf764fb106f1,"""Anche se l'hai trovato per caso, hai comunque scelto di portarmelo. Questo conta.""\n\n\n\n""Ora… cosa ne faccio? Un gagliardetto per risollevare il morale, stendardi protettivi per i Margini della Foresta, o uno stendardo di luce per gli esploratori sui sentieri più bui. Il Glimmerflax apre così tante possibilità, e io continuo a volerle provare tutte insieme."""
NPC_TAMSIN_RESPONSE_5c76580d-6f8d-4a5f-9e8e-4e2a4fd43a3a,"*Lo sguardo le si fa distante.*\n\n""Sì, credo che siano sempre in pensiero.""\n\n""Non hanno mai capito perché abbia lasciato l'accademia e scelto Earlwood."""
NPC_TAMSIN_RESPONSE_5fd0e94a-928d-45ae-8c3d-95b69a6c1ae3,"*Ride piano, coprendosi per un attimo la bocca prima di sfoderare un sorriso.*\n\n""Oh, tu! Che adulatore. Ci vediamo!"""
NPC_TAMSIN_RESPONSE_6001a334-bef1-4f92-8e71-fe996d666920,"""È un fuso incantato per tessere stendardi. Mantiene costante la tensione del filo, così l'incantesimo non devia mentre lavoro. Vuol dire una protezione più precisa e uno stendardo che regge quando serve.""\n\n\n\n""Con questo fuso potrò proteggere il villaggio molto meglio. Che sollievo. Continuavo a temere di deludere tutti, e poi mi dicevo che ero sciocca. Però."""
NPC_TAMSIN_RESPONSE_63fa9b35-e8dc-4da0-9432-b4307cb2b09e,"*Tamsin ride alle tue parole.*\n\n""E dici poco.""\n\n""È un elfo: nei giovani elfi le emozioni intense fanno parte del pacchetto. Ne ho conosciuti tanti all'accademia."""
NPC_TAMSIN_RESPONSE_66269cda-7dac-4b0a-a6ad-904e5b1e8cdc,"""Certo. È la Scriptura Principiorum, il testo più diffuso sui Principi Primi. È la fede che trovi quasi ovunque in Aldoria.""\n\n""Earlwood è un po' particolare. Qui molti restano legati alla vecchia religione, anche fra gli umani.""\n\n""Tu segui i Principi?"""
NPC_TAMSIN_RESPONSE_66dbfcc4-0ac0-482f-8b48-fff7dcd9e392,"*Il sorriso di Tamsin sboccia, luminoso come il mattino, mentre affiorano ricordi affettuosi. Inclina appena il capo, come se stesse già scegliendo da quale storia cominciare.*\n\n""Oh, non è un tesoro? Lo conosco da quando sono arrivata a Earlwood. È sempre stato accogliente, sempre attento a me. Se mi vede portare qualcosa, qualsiasi cosa, un attimo dopo quelle manone me l'hanno già tolta dalle mani.""\n\n*Il sorriso resta, ma si addolcisce; abbassa gli occhi e si fa più seria.*\n\n""Quando sono stata male, mi ha portata dove dovevo andare. Lui e Saqi si sono presi tanta cura di me. Gliene sono grata. Davvero."""
NPC_TAMSIN_RESPONSE_67f4cce0-d447-457c-9e85-d94b69dd399d,"""Lo è. Una delle persone più determinate che conosca.""\n\n\n\n*La voce di Tamsin si addolcisce mentre parla. L'entusiasmo c'è ancora, ma temperato da qualcosa di più personale. Giocherella con le dita come se torcesse un filo sciolto per rimetterlo in ordine.*\n\n""È stata lei a insegnarmi che puoi essere utile senza mai impugnare un'arma. Quando sono arrivata a Earlwood non conoscevo nessuno. Non parlavo con nessuno. Saqi mi aveva vista in giro e mi salutava, ma senza insistere. Poi una sera ho finalmente trovato il coraggio di entrare nella taverna. Mi ha guardata dritta negli occhi e ha sorriso come se se lo aspettasse. Come se sapesse che ero pronta. Mi ha presentata a tutti. Abbiamo mangiato, bevuto, parlato, e da allora… non ero più sola.""\n\n""Tiene alto il morale. Trasforma un villaggio in una comunità che vale la pena proteggere. E mentre Alaric ci tiene al sicuro, Saqi ci fa sentire a casa."""
NPC_TAMSIN_RESPONSE_6e2ecf67-653d-4ea1-b13b-4ee8a1b02262,"""Lo so. C'è sempre qualcosa. Solo… pensaci. Anche una sola tazza bevuta in pace può rendere tutto il resto meno duro."""
NPC_TAMSIN_RESPONSE_706cdae0-3599-4c67-9a78-add7f77da467,"""L'esilio… là fuori è quasi una condanna a morte. Goblin, bestie, il freddo. …Capisco perché l'hai fatto. Almeno non potrà rifarlo. E se ha lasciato le scorte, la Gilda potrà recuperarle e riportarle a casa.""\n\n\n\n""Mentre eri via, ho riflettuto. Devo fermarmi e fare più attenzione. Non posso continuare ad aiutare chiunque me lo chieda, senza badare a chi sia. Adesso lo vedo. Del mio lavoro si può abusare. La mia gentilezza può diventare uno strumento di crudeltà. E io… io mi consumo per persone che vogliono soltanto prendere."""
NPC_TAMSIN_RESPONSE_72afd2b9-60da-4418-ae4e-6d3d2ce834a4,"""Oh, grazie per avermelo chiesto. Continuavo a rimandare perché mi sembra di chiedere ancora una volta le forze degli altri, ma sì. Mi serve una fibra particolare da Wildwood. Ne basta poca, ma è importante, e da sola non posso andare a prenderla.""\n\n\n\n""Il fuso farà quello che deve solo se lego la sua magia a questo luogo. Devo metterlo in sintonia con Earlwood. Per farlo mi serve un lino della foresta molto particolare, il Glimmerflax. Se lo filo, la trama protettiva tiene meglio e gli stendardi non cedono più ai bordi. È raro. Non impossibile da trovare. Solo raro."""
NPC_TAMSIN_RESPONSE_7561dc0f-d081-449e-8ad9-aef77dabf4f0,"*Tamsin si anima subito, gli occhi le brillano e le mani sono già quasi tese verso una pila di fogli che ancora non c'è.*\n\n""Oh, sì! Sto passando in rassegna ogni frammento che ci resta sui rituali di Ceres: appunti, preghiere ricopiate, perfino vecchi resoconti delle feste. Gran parte delle usanze di Earlwood veniva dai riti elfici insegnati ai primi coloni quando arrivarono qui."""
NPC_TAMSIN_RESPONSE_75e9a0ac-6c15-41dc-95b0-70ec2bf412fe,"""Davvero? Cioè… penso di sì, ma mi sembra comunque che le cose continuino a peggiorare.""\n\n\n\n""Quindi… ho avuto un'idea.""\n\n""Invece di cercare parole migliori, ho pensato che potrei invitarti per un tè.""\n\n""Non quello di Tenderberry o Thaumablossom che si trova qui. I miei mi hanno mandato una piccola scatola di latta con del vero tè di Aldoria. Per me è… speciale.""\n\n""Da bambina lo bevevo con loro nella sala di lettura, mentre lavoravano e fingevano di non guardarmi armeggiare con ogni pagina.""\n\n""Lo tenevo da parte. E mi piacerebbe dividerlo con te."""
NPC_TAMSIN_RESPONSE_7e278e4c-08f4-4019-83b7-74db662d02c9,"""Era proprio quello che temevo. Di aver deluso tutti…""\n\n\n\n*Tamsin alza lo sguardo, la mascella serrata. La tristezza c'è ancora, ma è stata messa da parte da una rabbia dura e lucida.*\n\n""Non posso lasciar correre. Devo trovarli. Devo farla finire."""
NPC_TAMSIN_RESPONSE_863b24f2-1cec-4366-bd41-4390ee5085d7,"""Grazie. Io… non so cosa farei se dovessi affrontare tutto questo da sola."""
NPC_TAMSIN_RESPONSE_8a893aaf-7fdf-4f5a-9333-3f8a73ea3ac4,"""Da Alaric. È stata una scelta saggia. Mi fido ciecamente di lui. Solo… mi preoccupa come andrà quando sentirà chi è stato ferito.""\n\n\n\n""Mentre eri via, ho riflettuto. Devo fermarmi e fare più attenzione. Non posso continuare ad aiutare chiunque me lo chieda, senza badare a chi sia. Adesso lo vedo. Del mio lavoro si può abusare. La mia gentilezza può diventare uno strumento di crudeltà. E io… io mi consumo per persone che vogliono soltanto prendere."""
NPC_TAMSIN_RESPONSE_8aa8b47a-2511-43d1-b4b3-28267a492117,"""Mi dispiace che tu non la veda come me, ma su questo non cambio idea. È la strada giusta per me. Non sono mai stata così sicura. Ora possiamo rimettere insieme i pezzi e andare avanti."""
NPC_TAMSIN_RESPONSE_8d91d6e7-0641-4819-bd6a-0c2dfd48263e,"*Negli occhi di Tamsin passa un lieve stupore, poi il divertimento.*\n\n""Mi sa che qualcuno non stava attento alle lezioni sull'Antica Fede. Ceres è la dea della natura. Marina è la dea del mare. Sono entrambe mogli di Agir, il grande dio del cielo e re degli dèi. In tre dominano il mondo materiale: natura, cielo e mare."""
NPC_TAMSIN_RESPONSE_92c9d407-b030-420f-8131-f94a3f8029eb,"*Sorride dolcemente, visibilmente commossa.*\n\n""È molto gentile da parte tua. Grazie."""
NPC_TAMSIN_RESPONSE_93bb04ec-b832-472f-8ac9-1f3afd42004c,"""Quanti segreti… hmm.""\n\n*Ci pensa un momento, con la guancia appoggiata alle nocche.*\n\n""Beh, dopo tutto quello che hai fatto per noi, mi fido. Ecco. Prendine un po'."""
NPC_TAMSIN_RESPONSE_945f777a-5b3f-420b-b113-1037a0b8b234,"""Un giardino?""\n\n*Esita, socchiudendo gli occhi pensierosa, come se confrontasse l'idea con uno schema che conosce.*\n\n""È… bello. Strano, ma bello. E dopo tutto quello che hai fatto per Earlwood, sarebbe sbagliato non fidarmi di te. Ecco. Prendine un po'. Gratis."""
NPC_TAMSIN_RESPONSE_94a84fc0-0426-4937-b9b5-7f88a97d1af8,"""Grazie. Davvero. E fai attenzione: una magia così dirompente di rado viaggia sola."""
NPC_TAMSIN_RESPONSE_95d713bf-28b9-4954-8bc6-c110f24c2911,"""Ci ho pensato tanto, e credo di saperlo.""\n\n\n\n""La gentilezza conta ancora. Ci credo. È così che vivo. È così che le persone diventano un villaggio, invece di una folla. Che ci diamo forza a vicenda, rialziamo chi è caduto e andiamo avanti quando il mondo cerca di falcidiarci. Ma la gentilezza senza giudizio… non è gentilezza, non davvero. È incoscienza. Ti brucia dentro fino a svuotarti, e lascia spazio a chi sa ferire per farlo. Credo che il pezzo mancante sia saper scegliere. Dedicare le tue forze dove faranno del bene. A chi condivide i tuoi valori, o sta cercando sinceramente di avvicinarsi. E se qualcuno vuole soltanto prendere… allora smetti di passargli il filo."""
NPC_TAMSIN_RESPONSE_969dd201-72ce-494c-8e0d-7c91b73a744a,"""Anch'io. Sono le persone come lui a rendere Earlwood quella che è.""\n\n\n\n*Tamsin alza le mani mentre parla, tracciando piccole forme nell'aria, come se cercasse di tessere i pensieri in qualcosa di ordinato. Si accorge di sorridere di nuovo, quasi imbarazzata.*\n\n""Manga, Alaric e Rahaner… sembrano i tre padri di Earlwood.""\n\n""Padri. Zii. Un padre, uno zio, un fratello maggiore. Ma poi chi è chi? Oh, non ha poi tanta importanza.""\n\n""Guidano senza costringere nessuno. Aiutano, insegnano. Sono dove gli altri hanno bisogno di loro. E ognuno è un esempio a modo suo. Io… vorrei essere utile così."""
NPC_TAMSIN_RESPONSE_9c3379be-b2ee-466a-9158-4da95ad6ebc7,"""Attento. Il tuo posto è al sicuro, promesso… e se continui a parlare così mi farai arrossire.""\n\n\n\n""Ora… cosa ne faccio? Un gagliardetto per risollevare il morale, stendardi protettivi per i Margini della Foresta, o uno stendardo di luce per gli esploratori sui sentieri più bui. Il Glimmerflax apre così tante possibilità, e io continuo a volerle provare tutte insieme."""
NPC_TAMSIN_RESPONSE_9d43daa4-bbc2-4c5e-94eb-0bda6939fc66,"""G-grazie… Non ne sono sicura. Non so ancora cosa pensare… Una parte di me si sente ancora responsabile.""\n\n\n\n*Tamsin alza lo sguardo, la mascella serrata. La tristezza c'è ancora, ma è stata messa da parte da una rabbia dura e lucida.*\n\n""Non posso lasciar correre. Devo trovarli. Devo farla finire."""
NPC_TAMSIN_RESPONSE_9ea6f1fb-127b-4df6-8633-7f39f0b5779d,"""Sì, è vero. Eppure… meriti comunque un grazie per quello che hai fatto.""\n\n\n\n*Tamsin stringe e scioglie le mani mentre parla, come se cercasse di non riversare fuori i pensieri troppo in fretta.*\n\n""Dovevo dirtelo prima di convincermi a lasciar perdere.""\n\n""La gente non dice grazie abbastanza. La gratitudine la sente, credo. Solo che è sempre tutto urgente.""\n\n""E continuo a sentire il tuo nome. Sei ovunque, nelle piccole storie.""\n\n""Nel modo in cui aiuti, in cui resti. In cui ti fai carico dei problemi che gli altri sono troppo stanchi per affrontare.""\n\n""Facciamo tutti il possibile, ma certi giorni… certi giorni sembra che stiamo solo resistendo.""\n\n""E tu ci fai sentire che potremmo reagire."""
NPC_TAMSIN_RESPONSE_9f55022f-8d8d-4fad-aa29-e95dc5f06802,"""Oh. Sì. Hai ragione. Dovrei lasciare parlare le mani. Torna presto, va bene?"""
NPC_TAMSIN_RESPONSE_9f8e72a4-28ad-4c5a-b2e0-7fa621c2f7f0,"""Giusto, gli stendardi. Sto piazzando protezioni intorno al villaggio, dirigendo l'energia per rafforzare le nostre difese, ma qualcosa sta disfacendo il mio lavoro.""\n\n""È quasi impercettibile, ma la magia viene risucchiata, come se qualcosa la consumasse."""
NPC_TAMSIN_RESPONSE_a05647ec-5df8-4c36-9cb6-95b6e465ec3c,"""Proprio no. Per costruire un futuro migliore, dobbiamo capire da dove veniamo."""
NPC_TAMSIN_RESPONSE_a14c25dd-fe48-4d04-a307-3bfecc11c28b,"""No. Ti prego. Non uccidere nessuno. Riportali qui. Lascia che la Gilda veda cos'hanno fatto."""
NPC_TAMSIN_RESPONSE_a2df761f-f9ab-404c-a150-e1ae078aa8f5,"""Qui molti sarebbero d'accordo con te. La vecchia religione è ancora ben radicata fra molti popoli di Mirkea, soprattutto fra gli elfi.""\n\n\n\n""Io non vedo la vecchia fede e i Principi Primi come rivali. Rispondono a domande diverse.""\n\n""La vecchia fede è il linguaggio con cui si parla di Mirkea stessa: gli dèi, i loro domini, l'ordine del mondo. Serve a dare un nome a ciò che esiste.""\n\n""I Principi riguardano più da vicino ciò che abbiamo dentro. Parlano della Volontà. Di ciò che plasma una persona, che la rafforza o la corrode.""\n\n""Quindi gli antichi dèi sono gli dèi del mondo.""\n\n""E i Principi Primi e le Grandi Iniquità sono le potenze che agiscono su di noi."""
NPC_TAMSIN_RESPONSE_a6088dd8-3085-4e06-9fc1-f5f55190d19d,"""Ah, sì, certo. Dritta al punto. Prendo i libri.""\n\n\n\n*Tamsin tira fuori una pila di libri da sotto il banco e comincia a sfogliarli, con gli occhi fissi sulle pagine anche mentre parla.*\n\n""A Earlwood quasi tutto questo è stato dimenticato, da quando le generazioni più giovani hanno abbracciato gli insegnamenti dei Principi Primi, ma i libri sono ancora qui. In questo c'è un rito, una supplica a Ceres perché apra la via al Trono della Foresta, così da portare offerte al suo emissario. Servono tre reagenti rari di Wildwood e, una volta raccolti, usi il rituale per sintonizzare due pietre protettive. Dovrebbe bastare ad aprire il passaggio."""
NPC_TAMSIN_RESPONSE_a78a6905-fcf7-4a05-8170-b78d905495dd,"""Non credo sia idolatria. È avere vicino qualcuno da ammirare, qualcuno di reale. Hanno i loro difetti, eppure sono qui. E scelgono di farsi carico del peso."""
NPC_TAMSIN_RESPONSE_a9948883-0932-4f5c-8981-80ca42566539,"*Spalanca gli occhi e perde la sicurezza che mostrava.*\n\n""Giusto. Certo. Fa' come se non te l'avessi chiesto. Se cambi idea… sai dove trovarmi."""
NPC_TAMSIN_RESPONSE_aad44c92-fac7-49ce-8c66-6ad66e01ae1b,"""Un bel po', in realtà! Ci sono schemi e varianti e… scusa, fammi prendere i libri, così puoi vedere.""\n\n\n\n*Tamsin tira fuori una pila di libri da sotto il banco e comincia a sfogliarli, con gli occhi fissi sulle pagine anche mentre parla.*\n\n""A Earlwood quasi tutto questo è stato dimenticato, da quando le generazioni più giovani hanno abbracciato gli insegnamenti dei Principi Primi, ma i libri sono ancora qui. In questo c'è un rito, una supplica a Ceres perché apra la via al Trono della Foresta, così da portare offerte al suo emissario. Servono tre reagenti rari di Wildwood e, una volta raccolti, usi il rituale per sintonizzare due pietre protettive. Dovrebbe bastare ad aprire il passaggio."""
NPC_TAMSIN_RESPONSE_ad2e3bd7-c3ec-4420-871e-37c397d768bd,"""Vero? Aspetta, cerco il passaggio esatto.""\n\n\n\n*Tamsin volta in fretta qualche altra pagina, con una mezza dozzina di segnalibri che spuntano storti, mentre scorre righe di scrittura fitta.*\n\n""Eccola, la lista. Allora, tre reagenti. Primo: linfa dell'albero antico, estratta direttamente da una delle grandi radici che passano sotto Wildwood. Secondo: acqua toccata dalle driadi, che dovrebbe venire dalla pozza di una Rivercaller. Di solito viene donata, ma non abbiamo tempo per le cerimonie. E terzo: una gemma del custode, un'antica gemma elfica legata alla tutela della foresta. Di solito si trovano nascoste nelle rovine elfiche, dove ormai quasi nessuno che abbia un po' di buon senso mette più piede."""
NPC_TAMSIN_RESPONSE_af06ea58-c3d6-41f7-abec-e18566af7436,"""Sono tanto contenta che tu capisca. Mi dispiace che tu mi abbia trovata in un momento così buio, ma mi hai aiutata davvero. Ora possiamo rimettere insieme i pezzi e andare avanti."""
NPC_TAMSIN_RESPONSE_afb6b4ef-ac8f-4daf-806f-769e0e477877,"*Tamsin parla un po' più forte, come se cercasse di cucire sicurezza nella propria voce.*\n\n""Certo che sono preoccupata. È casa mia, e non voglio deluderli. Qui tutti lavorano tanto e tengono duro. Alaric, Rahaner, Saqi, Manga, Corin… perfino Eldorian. Voglio fare la mia parte."""
NPC_TAMSIN_RESPONSE_b0d94a77-beba-4db0-b9c8-1249fa83fb17,"""Oh, Saqi? È la migliore. Per me è come una sorella maggiore.""\n\n""Di sicuro l'hai vista oggi. Di solito manda avanti la taverna giù al villaggio, ma quando conta esserci, lei c'è."""
NPC_TAMSIN_RESPONSE_b125cb1d-a3cf-444e-857b-4a12773262f9,"""Oh. Scusa. Non volevo darlo a vedere. Davvero. Odio guastare l'atmosfera quando entra qualcuno.""\n\n\n\n""Sai che sto incantando tessuti per i rifugiati. Coperte riscaldanti, vestiti, tutto quello che riesco a fare. Un'anziana mi ha detto che qualcuno prende quei capi e li rivende ai rifugiati fuori dal villaggio. Come se la disperazione fosse una borsa da svuotare."""
NPC_TAMSIN_RESPONSE_b13e1979-996a-4e95-8417-10d6e06fadde,"""Per gli anziani hanno un vero valore religioso. Le generazioni più giovani hanno quasi tutte lasciato la vecchia fede per i Principi Primi.""\n\n\n\n""I worp si usano per pescare. Gli abitanti li pestano, li essiccano, a volte li masticano perfino, poi sputano nell'acqua quella poltiglia amara come esca. Nella vecchia fede sono considerati un dono di Marina e Ceres per far prosperare chi vive fra la foresta e il mare. E c'è una regola: coltivi i worp, poi li dai ai pesci. Non li mangi tu. È come un rito di passaggio del dono. Un dono del regno di Ceres, portato da mani mortali nelle acque di Marina.""\n\n\n\n""Raccontano perfino una vecchia storia su un pesce gigante chiamato JJ. Serve a spaventare i pescatori per allontanarli dall'avidità."""
NPC_TAMSIN_RESPONSE_b4291e92-7cd4-4530-89e4-01ab6822ddaa,"""È più capace di quanto sembri; non si farà ammazzare.""\n\n""Dagli un po' di fiducia. Come tutti noi, si impegna a proteggere il villaggio."""
NPC_TAMSIN_RESPONSE_b470ea46-f2b0-4692-b7d4-a7c20d3b687f,"""È molto carino da parte tua chiedermelo. Vengo da Aldoria. I miei genitori sono studiosi dell'Accademia, laggiù. Nessuno dei due si è appassionato all'arte degli incantamenti come me, ma sono maghi capaci. Quando possono mi mandano pacchi di cose utili. Mi aiutano, anche se a volte mi fanno sentire la mancanza di casa più di quanto mi aspetti."""
NPC_TAMSIN_RESPONSE_b53fe9a8-71dc-4012-bcf9-313445441c4b,"""Le pietre protettive sono piuttosto comuni a Wildwood e nella Foresta Eterna. Sono santuari per i seguaci degli Antichi Dei, soprattutto di Ceres: opere davvero affascinanti. Una volta ottenuti i reagenti, per sintonizzarle basta incanalare la magia nelle pietre. Ma dubito che gli spiriti della foresta te lo lasceranno fare senza combattere, quindi… preparati."""
NPC_TAMSIN_RESPONSE_b7e5a07c-04e7-48d3-96ff-a53bee1f492f,"""Oh, no. Non intendevo questo. Non smetterei mai di aiutare. Solo… non posso continuare a dare le mie forze a chiunque tenda la mano.""\n\n\n\n""La gentilezza conta ancora. Ci credo. È così che vivo. È così che le persone diventano un villaggio, invece di una folla. Che ci diamo forza a vicenda, rialziamo chi è caduto e andiamo avanti quando il mondo cerca di falcidiarci. Ma la gentilezza senza giudizio… non è gentilezza, non davvero. È incoscienza. Ti brucia dentro fino a svuotarti, e lascia spazio a chi sa ferire per farlo. Credo che il pezzo mancante sia saper scegliere. Dedicare le tue forze dove faranno del bene. A chi condivide i tuoi valori, o sta cercando sinceramente di avvicinarsi. E se qualcuno vuole soltanto prendere… allora smetti di passargli il filo."""
NPC_TAMSIN_RESPONSE_b985279d-b43d-4ebc-bb03-a995c6aa355e,"""Sono tanto contenta che tu sia d'accordo. Resta ancora un po' e sono sicura che troverai nuovi motivi ogni giorno."""
NPC_TAMSIN_RESPONSE_baa37edb-a206-4857-9ef6-36ea7bbc87de,"""Dimorano nel regno di Numen, separato dal mondo materiale.""\n\n""I contatti sono rari. Nessun mortale vi ha camminato, e nessun dio ha messo piede qui. Ma esseri minori hanno attraversato il confine.""\n\n""Alcuni studiosi collegano i goblin al regno di Numen, come progenie di Akolasis.""\n\n""E la parte strana sono la Volontà e la magia. Toccano entrambi i regni: per questo fanno da ponte a qualunque influenza."""
NPC_TAMSIN_RESPONSE_be512b4a-befe-467b-80f2-cc585c68f217,"""Lo so. Davvero. È solo che fa male sentirselo dire così. Odio dipendere da loro, e per peggiorare le cose non mi basta nemmeno il fuso…""\n\n\n\n""Il fuso farà quello che deve solo se lego la sua magia a questo luogo. Devo metterlo in sintonia con Earlwood. Per farlo mi serve un lino della foresta molto particolare, il Glimmerflax. Se lo filo, la trama protettiva tiene meglio e gli stendardi non cedono più ai bordi. È raro. Non impossibile da trovare. Solo raro."""
NPC_TAMSIN_RESPONSE_c324a98b-a02b-44f3-852b-c456d56cf055,"""So che non ne puoi più delle liste. Non te lo chiederei se non fosse indispensabile. Contiamo tutti su di te."""
NPC_TAMSIN_RESPONSE_c9ca40e6-01fd-4fae-8933-ae3641f6b771,"""Capisco. Davvero. Non spetta a te cercare piante per il mio lavoro. Chiederò a Eldorian, o a un altro esploratore, di tenerle d'occhio quando è già nella foresta."""
NPC_TAMSIN_RESPONSE_cb3c0539-9163-4078-9d16-95354977a788,"""Non farti sentire dagli abitanti. Potresti offendere qualcuno. Però ammetto che hanno una forma strana, e a quanto dicono qui il sapore è terribile.""\n\n\n\n""I worp si usano per pescare. Gli abitanti li pestano, li essiccano, a volte li masticano perfino, poi sputano nell'acqua quella poltiglia amara come esca. Nella vecchia fede sono considerati un dono di Marina e Ceres per far prosperare chi vive fra la foresta e il mare. E c'è una regola: coltivi i worp, poi li dai ai pesci. Non li mangi tu. È come un rito di passaggio del dono. Un dono del regno di Ceres, portato da mani mortali nelle acque di Marina.""\n\n\n\n""Raccontano perfino una vecchia storia su un pesce gigante chiamato JJ. Serve a spaventare i pescatori per allontanarli dall'avidità."""
NPC_TAMSIN_RESPONSE_d3a39791-51f3-424c-9ed3-e38fefcc3b60,"""Anch'io. Ho cominciato con i miei genitori, ovviamente, poi li ho studiati per bene all'Accademia.""\n\n\n\n""Io non vedo la vecchia fede e i Principi Primi come rivali. Rispondono a domande diverse.""\n\n""La vecchia fede è il linguaggio con cui si parla di Mirkea stessa: gli dèi, i loro domini, l'ordine del mondo. Serve a dare un nome a ciò che esiste.""\n\n""I Principi riguardano più da vicino ciò che abbiamo dentro. Parlano della Volontà. Di ciò che plasma una persona, che la rafforza o la corrode.""\n\n""Quindi gli antichi dèi sono gli dèi del mondo.""\n\n""E i Principi Primi e le Grandi Iniquità sono le potenze che agiscono su di noi."""
NPC_TAMSIN_RESPONSE_d3ab64a3-6e33-4a06-b7b0-1ce835f06e93,"*Le guance le si arrossano e si agita un poco.*\n\n""Oh cielo, l'ho lasciato in giro? Che imbarazzo.""\n\n""Quando mi manca casa, ne leggo la storia. Mi fa sentire di nuovo legata a lei."""
NPC_TAMSIN_RESPONSE_d4f1c94b-0656-4577-9bc6-8d5e514a69f1,"""Lo so… sono stata incauta… ma mi hanno ingannata. È che… non so ancora cosa pensare.""\n\n\n\n*Tamsin alza lo sguardo, la mascella serrata. La tristezza c'è ancora, ma è stata messa da parte da una rabbia dura e lucida.*\n\n""Non posso lasciar correre. Devo trovarli. Devo farla finire."""
NPC_TAMSIN_RESPONSE_d729f711-8c58-4019-be25-56bc3e395e3b,"""Sì. E non me ne vergogno affatto."""
NPC_TAMSIN_RESPONSE_d984521d-e932-4720-a4cc-5b57bb6d975b,"""Per aiutare i rifugiati, ovviamente. Ha un cuore enorme e forse è la migliore organizzatrice di tutto il villaggio."""
NPC_TAMSIN_RESPONSE_e2063756-e319-4f0a-aaa9-17c7d539dbe1,"""È mostruoso. Continuo a sentire le sue parole e a pensare: no, non è possibile… e invece.""\n\n\n\n""Penso che la causa sia io. Per colpa mia i rifugiati vengono sfruttati proprio qui, nel nostro villaggio. Ho passato notti senza dormire, a tessere e tessere, perché pensavo che non avessimo abbastanza scorte. E ora le coperte vengono rivendute in cambio delle razioni della gente, e qualcuno resta senza mangiare. Sono furiosa. E ferita. E sto male al pensiero di aver contribuito a tutto questo. Oh, scusa. Non avrei dovuto rovesciarti tutto addosso così. Dovrei cavarmela da sola…"""
NPC_TAMSIN_RESPONSE_e3d92df1-8fa9-4c63-89ae-c1662f9a4166,"""Addio. Se ripassi, sarò qui. Mi farebbe piacere."""
NPC_TAMSIN_RESPONSE_e3f91888-3f4e-45a1-8892-a549ee1c6fe3,"""Oh, tu…""\n\n*Il sorriso si fa timido per un momento, come se cercasse un posto dove mettere le mani.*\n\n""È pericoloso dirmi una cosa del genere. Ma è bello. Davvero. Grazie.""\n\n\n\n*Tamsin stringe e scioglie le mani mentre parla, come se cercasse di non riversare fuori i pensieri troppo in fretta.*\n\n""Dovevo dirtelo prima di convincermi a lasciar perdere.""\n\n""La gente non dice grazie abbastanza. La gratitudine la sente, credo. Solo che è sempre tutto urgente.""\n\n""E continuo a sentire il tuo nome. Sei ovunque, nelle piccole storie.""\n\n""Nel modo in cui aiuti, in cui resti. In cui ti fai carico dei problemi che gli altri sono troppo stanchi per affrontare.""\n\n""Facciamo tutti il possibile, ma certi giorni… certi giorni sembra che stiamo solo resistendo.""\n\n""E tu ci fai sentire che potremmo reagire."""
NPC_TAMSIN_RESPONSE_e7d018bf-d169-45fb-b383-293f2e2c2ce4,"""Oh, perdonami, ma… le guardie non hanno modo di fermare Saqi. È più facile che si facciano da parte, piuttosto che discutere con lei. Perfino più che con Manga."""
NPC_TAMSIN_RESPONSE_e8adb8d0-f628-4098-9b11-b27bbbc85c6b,"""Grazie. Davvero. Solo… torna con altre storie, non con altri nomi per il muro dei caduti, va bene?"""
NPC_TAMSIN_RESPONSE_e8ef450e-fdc4-4e50-857e-b200952e83c7,"""Va bene. Non ti chiamerò così. Ma qui hai cambiato le cose. Questo è un fatto, che tu voglia quel nome o no.""\n\n\n\n""Quindi… ho avuto un'idea.""\n\n""Invece di cercare parole migliori, ho pensato che potrei invitarti per un tè.""\n\n""Non quello di Tenderberry o Thaumablossom che si trova qui. I miei mi hanno mandato una piccola scatola di latta con del vero tè di Aldoria. Per me è… speciale.""\n\n""Da bambina lo bevevo con loro nella sala di lettura, mentre lavoravano e fingevano di non guardarmi armeggiare con ogni pagina.""\n\n""Lo tenevo da parte. E mi piacerebbe dividerlo con te."""
NPC_TAMSIN_RESPONSE_f1678e6c-5ab8-4db1-9ef5-625f64bbbf05,"""Grazie. Davvero. E ti prego, non correre per me. Se ci vuole tempo, ci vuole tempo. Preferisco che tu torni al sicuro, piuttosto che avere subito il lino."""
NPC_TAMSIN_RESPONSE_f2075d17-898e-41f5-95d9-4ac877c89429,"""Oh, Eldorian? Per me è come un fratello.""\n\n""Difficile dire se maggiore o minore: di anni ne ha più di me, ma si comporta al contrario.""\n\n""Comunque è proprio una brava persona."""
NPC_TAMSIN_RESPONSE_f863d9bc-0d2a-455b-a3a1-3aecf0bdb040,"*Le mani di Tamsin esitano sopra il Glimmerflax, come se temesse di schiacciarlo. Poi alza gli occhi con un sorriso luminoso e grato, che cerca di rendere più composto.*\n\n""L'hai portato! Oh, meraviglioso. Cerco di ringraziarti come si deve, ma le parole continuano a sfuggirmi. Però credimi, ti prego. Per me significa tanto."""
NPC_TAMSIN_RESPONSE_f972bdd8-4d33-44a7-a90d-41f9b0fbd5e1,"""Io? Oh, te ne sei accorto… Scusa. Cercherò di ricompormi. Non voglio buttare giù il morale a tutti.""\n\n\n\n""Sai che sto incantando tessuti per i rifugiati. Coperte riscaldanti, vestiti, tutto quello che riesco a fare. Un'anziana mi ha detto che qualcuno prende quei capi e li rivende ai rifugiati fuori dal villaggio. Come se la disperazione fosse una borsa da svuotare."""
NPC_TAMSIN_RESPONSE_fab58fd2-089e-4c1b-a3c2-31540f8fdddb,"""Mi dispiace che tu la veda così. Spero che un giorno qualcuno riesca a mostrarti il contrario."""
NPC_TAMSIN_RESPONSE_fea7ef39-4ac1-4180-b51e-d2e3bad2045b,"""Non è saggio liquidare gli dèi, antichi o nuovi. Viviamo ancora nel loro dominio, secondo il loro ordine."""
NPC_TAMSIN_TITLE,La Tessitrice di Stendardi di Earlwood
