Key,Text
SKILL_BRAWLER_E1_DESC,Aumenta il tuo Danno contundente di 6%
SKILL_BRAWLER_E1_NAME,Aumento di Danno contundente
SKILL_BRAWLER_E10_DESC,Aumenta l'Accumulo di stordimento del 10% \n Aumenta la tua Probabilità di critico del 4%.
SKILL_BRAWLER_E10_NAME,Precisione
SKILL_BRAWLER_E16_DESC,Aumenta il tuo danno contro i nemici storditi dell'8%. \n Aumenta di 2 la Furia massima che puoi accumulare.
SKILL_BRAWLER_E16_NAME,Fervore combattivo
SKILL_BRAWLER_E4_DESC,Aumenta il tuo Vigore massimo di 6. \n Aumenta il tuo Danno contundente del 6%
SKILL_BRAWLER_E4_NAME,Possanza del Rissoso
SKILL_BRAWLER_EBL11_DESC,Aumenta di 4% il tuo danno contro i nemici storditi.
SKILL_BRAWLER_EBL11_NAME,Danno vs. stordito
SKILL_BRAWLER_EBL12_DESC,Aumenta di 4% il tuo danno contro i nemici storditi.
SKILL_BRAWLER_EBL12_NAME,Danno vs. stordito
SKILL_BRAWLER_EBL14_DESC,Aumenta di 4% il tuo danno contro i nemici storditi.
SKILL_BRAWLER_EBL14_NAME,Danno vs. stordito
SKILL_BRAWLER_EBL15_DESC,Aumenta di 4% il tuo danno contro i nemici storditi.
SKILL_BRAWLER_EBL15_NAME,Danno vs. stordito
SKILL_BRAWLER_EBL17_DESC,Aumenta il tuo Danno critico di 6%
SKILL_BRAWLER_EBL17_NAME,Aumento di Danno critico
SKILL_BRAWLER_EBL18_DESC,Aumenta il tuo Danno critico di 18%
SKILL_BRAWLER_EBL18_NAME,Aumento di Danno critico
SKILL_BRAWLER_EBL2_DESC,Aumenta il tuo Danno contundente di 3%
SKILL_BRAWLER_EBL2_NAME,Aumento di Danno contundente
SKILL_BRAWLER_EBL2R1_DESC,Aumenta il tuo Danno contundente di 3%
SKILL_BRAWLER_EBL2R1_NAME,Aumento di Danno contundente
SKILL_BRAWLER_EBL2R2_DESC,Aumenta il tuo Danno contundente di 9%
SKILL_BRAWLER_EBL2R2_NAME,Aumento di Danno contundente
SKILL_BRAWLER_EBL2R3_DESC,Aumenta di 3% tutto il Danno fisico
SKILL_BRAWLER_EBL2R3_NAME,Aumento di Danno fisico
SKILL_BRAWLER_EBL2R4_DESC,"Quando uccidi un nemico con Danno contundente, ottieni il 20% di Danno fisico per 5 secondi."
SKILL_BRAWLER_EBL2R4_NAME,Esecuzione Contundente
SKILL_BRAWLER_EBL3_DESC,Aumenta il tuo Danno contundente di 3%
SKILL_BRAWLER_EBL3_NAME,Aumento di Danno contundente
SKILL_BRAWLER_EBL5_DESC,Aumenta l'Accumulo di stordimento di 5%
SKILL_BRAWLER_EBL5_NAME,Aumento di l'Accumulo di stordimento
SKILL_BRAWLER_EBL5R1_DESC,Aumenta l'Accumulo di stordimento di 5%
SKILL_BRAWLER_EBL5R1_NAME,Aumento di l'Accumulo di stordimento
SKILL_BRAWLER_EBL5R2_DESC,Aumenta l'Accumulo di stordimento di 15%
SKILL_BRAWLER_EBL5R2_NAME,Aumento di l'Accumulo di stordimento
SKILL_BRAWLER_EBL5R3_DESC,Aumenta la tua Velocità d'attacco di 3%
SKILL_BRAWLER_EBL5R3_NAME,Aumento di Velocità d'attacco
SKILL_BRAWLER_EBL5R4_DESC,Aumenta la tua Velocità d'attacco di 3%
SKILL_BRAWLER_EBL5R4_NAME,Aumento di Velocità d'attacco
SKILL_BRAWLER_EBL5R5_DESC,Aumenta la tua Velocità d'attacco di 9%
SKILL_BRAWLER_EBL5R5_NAME,Aumento di Velocità d'attacco
SKILL_BRAWLER_EBL5R6_DESC,Aumenta la tua Velocità d'attacco di 3%
SKILL_BRAWLER_EBL5R6_NAME,Aumento di Velocità d'attacco
SKILL_BRAWLER_EBL5R7_DESC,"Quando stordisci un nemico, ottieni il 25% di Velocità d'attacco per 3 secondi."
SKILL_BRAWLER_EBL5R7_NAME,Tempo Stordente
SKILL_BRAWLER_EBL7_DESC,Aumenta l'Accumulo di stordimento di 5%
SKILL_BRAWLER_EBL7_NAME,Aumento di l'Accumulo di stordimento
SKILL_BRAWLER_EBL9_DESC,Aumenta l'Accumulo di stordimento di 5%
SKILL_BRAWLER_EBL9_NAME,Aumento di l'Accumulo di stordimento
SKILL_BRAWLER_EBR11_DESC,Aumenta di 1 il valore massimo di Furia che puoi mantenere.
SKILL_BRAWLER_EBR11_NAME,Aumento di Furia max
SKILL_BRAWLER_EBR12_DESC,Aumenta di 1 il valore massimo di Furia che puoi mantenere.
SKILL_BRAWLER_EBR12_NAME,Aumento di Furia max
SKILL_BRAWLER_EBR14_DESC,Aumenta di 1 il valore massimo di Furia che puoi mantenere.
SKILL_BRAWLER_EBR14_NAME,Aumento di Furia max
SKILL_BRAWLER_EBR15_DESC,Aumenta di 1 il valore massimo di Furia che puoi mantenere.
SKILL_BRAWLER_EBR15_NAME,Aumento di Furia max
SKILL_BRAWLER_EBR17_DESC,Aumenta di 1 secondo la durata della tua Furia.
SKILL_BRAWLER_EBR17_NAME,Aumento di Durata Furia
SKILL_BRAWLER_EBR18_DESC,Aumenta di 2 secondi la durata della tua Furia.
SKILL_BRAWLER_EBR18_NAME,Aumento di Durata Furia
SKILL_BRAWLER_EBR2_DESC,Aumenta di 3 il valore massimo di Vigore.
SKILL_BRAWLER_EBR2_NAME,Potenziamento di Vigore
SKILL_BRAWLER_EBR2R1_DESC,Aumenta di 3 il valore massimo di Vigore.
SKILL_BRAWLER_EBR2R1_NAME,Potenziamento di Vigore
SKILL_BRAWLER_EBR2R2_DESC,Aumenta di 9 il valore massimo di Vigore.
SKILL_BRAWLER_EBR2R2_NAME,Potenziamento di Vigore
SKILL_BRAWLER_EBR2R3_DESC,Aumenta la tua Rigenerazione del vigore di 4%
SKILL_BRAWLER_EBR2R3_NAME,Aumento di Rigenerazione del vigore
SKILL_BRAWLER_EBR2R4_DESC,"Quando stordisci un nemico, recuperi il 20% del tuo Vigore massimo."
SKILL_BRAWLER_EBR2R4_NAME,Riserve da Knockout
SKILL_BRAWLER_EBR3_DESC,Aumenta di 3 il valore massimo di Vigore.
SKILL_BRAWLER_EBR3_NAME,Potenziamento di Vigore
SKILL_BRAWLER_EBR5_DESC,Aumenta la tua Probabilità di critico di 2%
SKILL_BRAWLER_EBR5_NAME,Aumento della probabilità di critico da Taglio
SKILL_BRAWLER_EBR5R1_DESC,Aumenta la tua Probabilità di critico di 2%
SKILL_BRAWLER_EBR5R1_NAME,Aumento della probabilità di critico da Taglio
SKILL_BRAWLER_EBR5R2_DESC,Aumenta la tua Probabilità di critico di 4%
SKILL_BRAWLER_EBR5R2_NAME,Aumento della probabilità di critico da Taglio
SKILL_BRAWLER_EBR5R3_DESC,Aumenta la tua Velocità di movimento di 2%
SKILL_BRAWLER_EBR5R3_NAME,Aumento di Velocità di movimento
SKILL_BRAWLER_EBR5R4_DESC,Aumenta la tua Velocità di movimento di 2%
SKILL_BRAWLER_EBR5R4_NAME,Aumento di Velocità di movimento
SKILL_BRAWLER_EBR5R5_DESC,Aumenta la tua Velocità di movimento di 6%
SKILL_BRAWLER_EBR5R5_NAME,Aumento di Velocità di movimento
SKILL_BRAWLER_EBR5R6_DESC,Aumenta la tua Velocità di movimento di 2%
SKILL_BRAWLER_EBR5R6_NAME,Aumento di Velocità di movimento
SKILL_BRAWLER_EBR5R7_DESC,"Quando infliggi un colpo critico a un nemico, ottieni il 20% di Velocità di movimento per 3 secondi."
SKILL_BRAWLER_EBR5R7_NAME,Falcata Improvvisa
SKILL_BRAWLER_EBR7_DESC,Aumenta la tua Probabilità di critico di 2%
SKILL_BRAWLER_EBR7_NAME,Aumento della probabilità di critico da Taglio
SKILL_BRAWLER_EBR9_DESC,Aumenta la tua Probabilità di critico di 2%
SKILL_BRAWLER_EBR9_NAME,Aumento della probabilità di critico da Taglio
SKILL_BRAWLER_ES1_DESC,Jab rapido ora ripristina 5 Vigore al colpo.
SKILL_BRAWLER_ES1_NAME,Colpo ristoratore
SKILL_BRAWLER_ES1B1_DESC,Aumenta del 6% per punto il bonus al Danno fisico conferito da Jab rapido.
SKILL_BRAWLER_ES1B1_NAME,Aumento bonus fisico di Jab rapido I
SKILL_BRAWLER_ES1B10_DESC,Aumenta di 1 per punto la Furia ottenuta con Jab Infuriante.
SKILL_BRAWLER_ES1B10_NAME,Aumento Jab Infuriante II
SKILL_BRAWLER_ES1B11_DESC,Aumenta di 1 il numero massimo di colpi aggiuntivi.
SKILL_BRAWLER_ES1B11_NAME,Aumento Jab Furente II
SKILL_BRAWLER_ES1B12_DESC,Aumenta di 1 per punto la Furia ottenuta con Jab Infuriante.
SKILL_BRAWLER_ES1B12_NAME,Aumento Jab Infuriante III
SKILL_BRAWLER_ES1B13_DESC,Aumenta di 1 il numero massimo di colpi aggiuntivi.
SKILL_BRAWLER_ES1B13_NAME,Aumento Jab Furente III
SKILL_BRAWLER_ES1B2_DESC,Aumenta del 6% per punto il bonus al Danno fisico conferito da Jab rapido.
SKILL_BRAWLER_ES1B2_NAME,Aumento bonus fisico di Jab rapido II
SKILL_BRAWLER_ES1B3_DESC,Aumenta del 6% per punto il bonus al Danno fisico conferito da Jab rapido.
SKILL_BRAWLER_ES1B3_NAME,Aumento bonus fisico di Jab rapido III
SKILL_BRAWLER_ES1B4_DESC,Aumenta di 1 il numero di cariche disponibili di Jab rapido.
SKILL_BRAWLER_ES1B4_NAME,Aumento cariche di Jab rapido I
SKILL_BRAWLER_ES1B5_DESC,Aumenta di 1 il numero di cariche disponibili di Jab rapido.
SKILL_BRAWLER_ES1B5_NAME,Aumento cariche di Jab rapido II
SKILL_BRAWLER_ES1B6_DESC,Aumenta di 8% per punto il danno di Jab rapido.
SKILL_BRAWLER_ES1B6_NAME,Aumento del danno da Jab rapido I
SKILL_BRAWLER_ES1B7_DESC,Aumenta di 8% per punto il danno di Jab rapido.
SKILL_BRAWLER_ES1B7_NAME,Aumento del danno da Jab rapido II
SKILL_BRAWLER_ES1B8_DESC,Aumenta di 1 per punto la Furia ottenuta con Jab Infuriante.
SKILL_BRAWLER_ES1B8_NAME,Aumento Jab Infuriante I
SKILL_BRAWLER_ES1B9_DESC,Aumenta di 1 il numero massimo di colpi aggiuntivi.
SKILL_BRAWLER_ES1B9_NAME,Aumento Jab Furente I
SKILL_BRAWLER_ES1U1_DESC,"Ogni Jab rapido lanciato entro 2 secondi dal precedente ne aumenta il danno del 12%, fino a 3 accumuli."
SKILL_BRAWLER_ES1U1_NAME,Colpi rapidi
SKILL_BRAWLER_ES1U2_DESC,"Colpire un nemico con Jab rapido riduce di 1 secondo il tempo di recupero di un incantesimo casuale, ma Jab rapido non aumenta più il tuo Danno fisico."
SKILL_BRAWLER_ES1U2_NAME,Colpi ciclici
SKILL_BRAWLER_ES1U3_DESC,"Jab rapido conferisce 2 Furia al colpo, ma il suo bonus al Danno fisico è ridotto del 12%."
SKILL_BRAWLER_ES1U3_NAME,Jab Infuriante
SKILL_BRAWLER_ES1U4_DESC,"Jab rapido consuma fino a 10 Furia per colpire il bersaglio più volte, consumando 2 Furia per colpo aggiuntivo, fino a 5 colpi aggiuntivi. I colpi aggiuntivi non possono attivare Colpo ristoratore, Colpi ciclici o Colpi rapidi."
SKILL_BRAWLER_ES1U4_NAME,Jab Furente
SKILL_BRAWLER_ES2_DESC,"Premi per lanciare. Sferra un gancio pesante, infliggendo Danno contundente con elevato Accumulo di stordimento e interrompendo il nemico."
SKILL_BRAWLER_ES2_NAME,Gancio potente
SKILL_BRAWLER_ES2B1_DESC,Aumenta di 10% per punto l'Accumulo di stordimento di Gancio potente.
SKILL_BRAWLER_ES2B1_NAME,Aumento Accumulo di stordimento di Gancio potente I
SKILL_BRAWLER_ES2B10_DESC,Aumenta di 1 per punto ogni applicazione di Sanguinamento di Gancio Lacerante.
SKILL_BRAWLER_ES2B10_NAME,Aumento di Gancio Lacerante I
SKILL_BRAWLER_ES2B11_DESC,Aumenta di 1 per punto il valore di Furia ottenuto da Gancio Infuriante.
SKILL_BRAWLER_ES2B11_NAME,Aumento di Gancio Infuriante I
SKILL_BRAWLER_ES2B12_DESC,Aumenta del 2% per punto l'Accumulo di stordimento ottenuto per Furia consumata e del 6% per punto l'aumento massimo dell'Accumulo di stordimento.
SKILL_BRAWLER_ES2B12_NAME,Aumento di Gancio Furente I
SKILL_BRAWLER_ES2B13_DESC,Aumenta di 1 per punto ogni applicazione di Sanguinamento di Gancio Lacerante.
SKILL_BRAWLER_ES2B13_NAME,Aumento di Gancio Lacerante II
SKILL_BRAWLER_ES2B14_DESC,Aumenta di 1 per punto il valore di Furia ottenuto da Gancio Infuriante.
SKILL_BRAWLER_ES2B14_NAME,Aumento di Gancio Infuriante II
SKILL_BRAWLER_ES2B15_DESC,Aumenta del 2% per punto l'Accumulo di stordimento ottenuto per Furia consumata e del 6% per punto l'aumento massimo dell'Accumulo di stordimento.
SKILL_BRAWLER_ES2B15_NAME,Aumento di Gancio Furente II
SKILL_BRAWLER_ES2B16_DESC,Aumenta di 1 per punto ogni applicazione di Sanguinamento di Gancio Lacerante.
SKILL_BRAWLER_ES2B16_NAME,Aumento di Gancio Lacerante III
SKILL_BRAWLER_ES2B17_DESC,Aumenta di 1 per punto il valore di Furia ottenuto da Gancio Infuriante.
SKILL_BRAWLER_ES2B17_NAME,Aumento di Gancio Infuriante III
SKILL_BRAWLER_ES2B18_DESC,Aumenta del 2% per punto l'Accumulo di stordimento ottenuto per Furia consumata e del 6% per punto l'aumento massimo dell'Accumulo di stordimento.
SKILL_BRAWLER_ES2B18_NAME,Aumento di Gancio Furente III
SKILL_BRAWLER_ES2B2_DESC,Aumenta di 10% per punto l'Accumulo di stordimento di Gancio potente.
SKILL_BRAWLER_ES2B2_NAME,Aumento Accumulo di stordimento di Gancio potente II
SKILL_BRAWLER_ES2B3_DESC,Aumenta di 10% per punto l'Accumulo di stordimento di Gancio potente.
SKILL_BRAWLER_ES2B3_NAME,Aumento Accumulo di stordimento di Gancio potente III
SKILL_BRAWLER_ES2B4_DESC,Aumenta di 8% per punto il danno di Gancio potente.
SKILL_BRAWLER_ES2B4_NAME,Aumento del danno da Gancio potente I
SKILL_BRAWLER_ES2B5_DESC,Riduce di 10% per punto il tempo di recupero di Gancio potente.
SKILL_BRAWLER_ES2B5_NAME,Riduzione del Tempo di recupero di Gancio potente I
SKILL_BRAWLER_ES2B6_DESC,Aumenta di 8% per punto il danno di Gancio potente.
SKILL_BRAWLER_ES2B6_NAME,Aumento del danno da Gancio potente II
SKILL_BRAWLER_ES2B7_DESC,Riduce di 10% per punto il tempo di recupero di Gancio potente.
SKILL_BRAWLER_ES2B7_NAME,Riduzione del Tempo di recupero di Gancio potente II
SKILL_BRAWLER_ES2B8_DESC,Aumenta di 8% per punto il danno di Gancio potente.
SKILL_BRAWLER_ES2B8_NAME,Aumento del danno da Gancio potente III
SKILL_BRAWLER_ES2B9_DESC,Riduce di 10% per punto il tempo di recupero di Gancio potente.
SKILL_BRAWLER_ES2B9_NAME,Riduzione del Tempo di recupero di Gancio potente III
SKILL_BRAWLER_ES2U1_DESC,"Gancio potente infligge il 40% di danno in più, ma il suo arco d'impatto è ridotto del 35% e non interrompe più gli attacchi nemici."
SKILL_BRAWLER_ES2U1_NAME,Gancio Focalizzato
SKILL_BRAWLER_ES2U2_DESC,Gancio potente infligge Danno da taglio anziché Danno contundente.
SKILL_BRAWLER_ES2U2_NAME,Gancio tagliente
SKILL_BRAWLER_ES2U3_DESC,"L'arco d'impatto di Gancio potente aumenta del 40%, ma il suo danno è ridotto del 20%."
SKILL_BRAWLER_ES2U3_NAME,Gancio spazzante
SKILL_BRAWLER_ES2U4_DESC,"Gancio potente applica 3 cariche di Sanguinamento ai nemici colpiti. Se colpisce un solo nemico, applica altre 3 cariche di Sanguinamento."
SKILL_BRAWLER_ES2U4_NAME,Gancio Lacerante
SKILL_BRAWLER_ES2U5_DESC,Gancio potente ora genera 2 cariche di Furia per ogni nemico colpito.
SKILL_BRAWLER_ES2U5_NAME,Gancio Infuriante
SKILL_BRAWLER_ES2U6_DESC,"Gancio potente consuma fino a 10 Furia per aumentare il suo Accumulo di stordimento del 4% per Furia consumata, fino al 40%."
SKILL_BRAWLER_ES2U6_NAME,Gancio Furente
SKILL_BRAWLER_ES3_DESC,"Tieni premuto per caricare. Rilascia per sferrare un diretto pesante, infliggendo Danno contundente e interrompendo i nemici davanti a te. Il danno aumenta con il tempo di carica. Diretto potente consuma fino a 10 Furia al rilascio, aumentando il suo Accumulo di stordimento del 3% per Furia consumata, fino al 30%."
SKILL_BRAWLER_ES3_NAME,Diretto potente
SKILL_BRAWLER_ES3B1_DESC,Aumenta di 8% per punto il danno di Diretto potente.
SKILL_BRAWLER_ES3B1_NAME,Aumento del danno da Diretto potente I
SKILL_BRAWLER_ES3B10_DESC,Aumenta di 1 per punto la Furia conferita da Diretto Infuriante.
SKILL_BRAWLER_ES3B10_NAME,Aumento di Diretto Infuriante I
SKILL_BRAWLER_ES3B11_DESC,Aumenta del 2% per punto il danno ottenuto per Furia consumata e del 6% per punto l'aumento massimo del danno.
SKILL_BRAWLER_ES3B11_NAME,Aumento di Diretto Furente I
SKILL_BRAWLER_ES3B12_DESC,Aumenta di 2% per punto il danno ottenuto per ogni Sanguinamento consumato e di 6% per punto l'aumento massimo di danno.
SKILL_BRAWLER_ES3B12_NAME,Aumento di Diretto Mietente II
SKILL_BRAWLER_ES3B13_DESC,Aumenta di 1 per punto la Furia conferita da Diretto Infuriante.
SKILL_BRAWLER_ES3B13_NAME,Aumento di Diretto Infuriante II
SKILL_BRAWLER_ES3B14_DESC,Aumenta del 2% per punto il danno ottenuto per Furia consumata e del 6% per punto l'aumento massimo del danno.
SKILL_BRAWLER_ES3B14_NAME,Aumento di Diretto Furente II
SKILL_BRAWLER_ES3B15_DESC,Aumenta di 2% per punto il danno ottenuto per ogni Sanguinamento consumato e di 6% per punto l'aumento massimo di danno.
SKILL_BRAWLER_ES3B15_NAME,Aumento di Diretto Mietente III
SKILL_BRAWLER_ES3B16_DESC,Aumenta di 1 per punto la Furia conferita da Diretto Infuriante.
SKILL_BRAWLER_ES3B16_NAME,Aumento di Diretto Infuriante III
SKILL_BRAWLER_ES3B17_DESC,Aumenta del 2% per punto il danno ottenuto per Furia consumata e del 6% per punto l'aumento massimo del danno.
SKILL_BRAWLER_ES3B17_NAME,Aumento di Diretto Furente III
SKILL_BRAWLER_ES3B2_DESC,Aumenta di 8% per punto il danno di Diretto potente.
SKILL_BRAWLER_ES3B2_NAME,Aumento del danno da Diretto potente II
SKILL_BRAWLER_ES3B3_DESC,Aumenta di 8% per punto il danno di Diretto potente.
SKILL_BRAWLER_ES3B3_NAME,Aumento del danno da Diretto potente III
SKILL_BRAWLER_ES3B4_DESC,Aumenta del 15% per punto la velocità di carica di Diretto potente.
SKILL_BRAWLER_ES3B4_NAME,Aumento velocità di carica di Diretto potente I
SKILL_BRAWLER_ES3B5_DESC,Riduce di 10% per punto il tempo di recupero di Diretto potente.
SKILL_BRAWLER_ES3B5_NAME,Riduzione del Tempo di recupero di Diretto potente I
SKILL_BRAWLER_ES3B6_DESC,Riduce di 15% per punto il costo in Vigore di Diretto potente.
SKILL_BRAWLER_ES3B6_NAME,Riduzione del costo in Diretto potente I
SKILL_BRAWLER_ES3B7_DESC,Aumenta del 15% per punto la velocità di carica di Diretto potente.
SKILL_BRAWLER_ES3B7_NAME,Aumento velocità di carica di Diretto potente II
SKILL_BRAWLER_ES3B8_DESC,Riduce di 10% per punto il tempo di recupero di Diretto potente.
SKILL_BRAWLER_ES3B8_NAME,Riduzione del Tempo di recupero di Diretto potente II
SKILL_BRAWLER_ES3B9_DESC,Aumenta di 2% per punto il danno ottenuto per ogni Sanguinamento consumato e di 6% per punto l'aumento massimo di danno.
SKILL_BRAWLER_ES3B9_NAME,Aumento di Diretto Mietente I
SKILL_BRAWLER_ES3U1_DESC,"Diretto potente infligge il 30% di danno extra ai bersagli storditi, ma il 25% di danno in meno a quelli non storditi"
SKILL_BRAWLER_ES3U1_NAME,Diretto punitivo
SKILL_BRAWLER_ES3U2_DESC,"Diretto potente può essere caricato per il 50% più a lungo, aumentandone il tempo di carica massimo e il danno potenziale, ma la sua velocità di carica è ridotta del 20%."
SKILL_BRAWLER_ES3U2_NAME,Diretto costante
SKILL_BRAWLER_ES3U3_DESC,Diretto potente ora ti fa scattare in avanti.
SKILL_BRAWLER_ES3U3_NAME,Affondo diretto
SKILL_BRAWLER_ES3U4_DESC,Diretto potente si carica automaticamente al lancio.
SKILL_BRAWLER_ES3U4_NAME,Colpo automatico
SKILL_BRAWLER_ES3U5_DESC,"Diretto potente consuma il Sanguinamento sui nemici colpiti per ottenere il 6% di danno in più per carica di Sanguinamento consumata, fino al 60%."
SKILL_BRAWLER_ES3U5_NAME,Diretto Mietente
SKILL_BRAWLER_ES3U6_DESC,"Diretto potente non consuma più Furia. Conferisce invece 2 Furia al colpo, più altre 4 Furia se rilasciato a carica completa."
SKILL_BRAWLER_ES3U6_NAME,Diretto Infuriante
SKILL_BRAWLER_ES3U7_DESC,"Diretto potente non aumenta più il suo Accumulo di stordimento con la Furia consumata. Ottiene invece l'8% di danno in più per Furia consumata, fino all'80%."
SKILL_BRAWLER_ES3U7_NAME,Diretto Furente
SKILL_BRAWLER_START1_DESC,"Premi per lanciare. Sferra un jab rapido, infliggendo Danno contundente e potenziando il tuo Danno fisico per 2 secondi."
SKILL_BRAWLER_START1_NAME,Jab rapido
SKILL_BRAWLER_W1_DESC,Aumenta il tuo Danno da taglio di 6%
SKILL_BRAWLER_W1_NAME,Aumento di Danno da taglio
SKILL_BRAWLER_W10_DESC,Aumenta il tuo Danno critico di 12% \n Aumenta la tua Celerità magica di 4.
SKILL_BRAWLER_W10_NAME,Furia sanguinaria
SKILL_BRAWLER_W16_DESC,Aumenta il tuo danno contro i nemici sanguinanti del 12% \n Aumenta di 2 il Sanguinamento massimo che puoi applicare.
SKILL_BRAWLER_W16_NAME,Nato dal sangue
SKILL_BRAWLER_W4_DESC,Aumenta il tuo Danno da taglio del 6%. \n Aumenta la tua Salute massima di 15.
SKILL_BRAWLER_W4_NAME,Sangue del berserker
SKILL_BRAWLER_WBL11_DESC,Aumenta di 6% il tuo danno contro i nemici sanguinanti
SKILL_BRAWLER_WBL11_NAME,Danno aumentato vs. sanguinanti
SKILL_BRAWLER_WBL12_DESC,Aumenta di 6% il tuo danno contro i nemici sanguinanti
SKILL_BRAWLER_WBL12_NAME,Danno aumentato vs. sanguinanti
SKILL_BRAWLER_WBL14_DESC,Aumenta di 6% il tuo danno contro i nemici sanguinanti
SKILL_BRAWLER_WBL14_NAME,Danno aumentato vs. sanguinanti
SKILL_BRAWLER_WBL15_DESC,Aumenta di 6% il tuo danno contro i nemici sanguinanti
SKILL_BRAWLER_WBL15_NAME,Danno aumentato vs. sanguinanti
SKILL_BRAWLER_WBL17_DESC,Aumenta la tua Probabilità di critico di 2%
SKILL_BRAWLER_WBL17_NAME,Aumento della probabilità di critico da Taglio
SKILL_BRAWLER_WBL18_DESC,Aumenta la tua Probabilità di critico di 4%
SKILL_BRAWLER_WBL18_NAME,Aumento della probabilità di critico da Taglio
SKILL_BRAWLER_WBL2_DESC,Aumenta il tuo Danno da taglio di 3%
SKILL_BRAWLER_WBL2_NAME,Aumento di Danno da taglio
SKILL_BRAWLER_WBL2R1_DESC,Aumenta il tuo Danno da taglio di 3%
SKILL_BRAWLER_WBL2R1_NAME,Aumento di Danno da taglio
SKILL_BRAWLER_WBL2R2_DESC,Aumenta il tuo Danno da taglio di 9%
SKILL_BRAWLER_WBL2R2_NAME,Aumento di Danno da taglio
SKILL_BRAWLER_WBL2R3_DESC,Aumenta di 3% tutto il Danno fisico
SKILL_BRAWLER_WBL2R3_NAME,Aumento di Danno fisico
SKILL_BRAWLER_WBL2R4_DESC,"Quando uccidi un nemico con Danno da taglio, ottieni il 20% di Danno fisico per 5 secondi."
SKILL_BRAWLER_WBL2R4_NAME,Taglia e Percuoti
SKILL_BRAWLER_WBL3_DESC,Aumenta il tuo Danno da taglio di 3%
SKILL_BRAWLER_WBL3_NAME,Aumento di Danno da taglio
SKILL_BRAWLER_WBL5_DESC,Aumenta il tuo Danno critico di 6%
SKILL_BRAWLER_WBL5_NAME,Aumento di Danno critico
SKILL_BRAWLER_WBL5R1_DESC,Aumenta il tuo Danno critico di 6%
SKILL_BRAWLER_WBL5R1_NAME,Aumento di Danno critico
SKILL_BRAWLER_WBL5R2_DESC,Aumenta il tuo Danno critico di 18%
SKILL_BRAWLER_WBL5R2_NAME,Aumento di Danno critico
SKILL_BRAWLER_WBL5R3_DESC,Aumenta la tua Probabilità di critico di 2%
SKILL_BRAWLER_WBL5R3_NAME,Aumento della probabilità di critico da Taglio
SKILL_BRAWLER_WBL5R4_DESC,Aumenta la tua Probabilità di critico di 2%
SKILL_BRAWLER_WBL5R4_NAME,Aumento della probabilità di critico da Taglio
SKILL_BRAWLER_WBL5R5_DESC,Aumenta la tua Probabilità di critico di 4%
SKILL_BRAWLER_WBL5R5_NAME,Aumento della probabilità di critico da Taglio
SKILL_BRAWLER_WBL5R6_DESC,Aumenta la tua Probabilità di critico di 2%
SKILL_BRAWLER_WBL5R6_NAME,Aumento della probabilità di critico da Taglio
SKILL_BRAWLER_WBL5R7_DESC,"Al colpo critico, ottieni +25% Velocità d'attacco per 3 secondi"
SKILL_BRAWLER_WBL5R7_NAME,Ritmo Letale
SKILL_BRAWLER_WBL7_DESC,Aumenta il tuo Danno critico di 6%
SKILL_BRAWLER_WBL7_NAME,Aumento di Danno critico
SKILL_BRAWLER_WBL9_DESC,Aumenta il tuo Danno critico di 6%
SKILL_BRAWLER_WBL9_NAME,Aumento di Danno critico
SKILL_BRAWLER_WBR11_DESC,Aumenta di 1 il valore massimo di Sanguinamento applicabile.
SKILL_BRAWLER_WBR11_NAME,Aumento di Sanguinamento max
SKILL_BRAWLER_WBR12_DESC,Aumenta di 1 il valore massimo di Sanguinamento applicabile.
SKILL_BRAWLER_WBR12_NAME,Aumento di Sanguinamento max
SKILL_BRAWLER_WBR14_DESC,Aumenta di 1 il valore massimo di Sanguinamento applicabile.
SKILL_BRAWLER_WBR14_NAME,Aumento di Sanguinamento max
SKILL_BRAWLER_WBR15_DESC,Aumenta di 1 il valore massimo di Sanguinamento applicabile.
SKILL_BRAWLER_WBR15_NAME,Aumento di Sanguinamento max
SKILL_BRAWLER_WBR17_DESC,Aumenta di 1 secondo la durata del tuo Sanguinamento.
SKILL_BRAWLER_WBR17_NAME,Aumento di Durata Sanguinamento
SKILL_BRAWLER_WBR18_DESC,Aumenta di 2 secondi la durata del tuo Sanguinamento.
SKILL_BRAWLER_WBR18_NAME,Aumento di Durata Sanguinamento
SKILL_BRAWLER_WBR2_DESC,Aumenta di 8 il valore massimo di Salute.
SKILL_BRAWLER_WBR2_NAME,Potenziamento di Salute
SKILL_BRAWLER_WBR2R1_DESC,Aumenta di 8 il valore massimo di Salute.
SKILL_BRAWLER_WBR2R1_NAME,Potenziamento di Salute
SKILL_BRAWLER_WBR2R2_DESC,Aumenta di 15 il valore massimo di Salute.
SKILL_BRAWLER_WBR2R2_NAME,Potenziamento di Salute
SKILL_BRAWLER_WBR2R3_DESC,Aumenta di 3% il valore massimo di Salute
SKILL_BRAWLER_WBR2R3_NAME,Aumento di Salute max
SKILL_BRAWLER_WBR2R4_DESC,"Quando subisci danno che ti porterebbe sotto il 40% di HP, il danno si dimezza. Può verificarsi solo una volta ogni 30 secondi."
SKILL_BRAWLER_WBR2R4_NAME,Pelle Spessa
SKILL_BRAWLER_WBR3_DESC,Aumenta di 8 il valore massimo di Salute.
SKILL_BRAWLER_WBR3_NAME,Potenziamento di Salute
SKILL_BRAWLER_WBR5_DESC,Aumenta la tua Celerità magica di 2.
SKILL_BRAWLER_WBR5_NAME,Celerità magica
SKILL_BRAWLER_WBR5R1_DESC,Aumenta la tua Celerità magica di 2.
SKILL_BRAWLER_WBR5R1_NAME,Celerità magica
SKILL_BRAWLER_WBR5R2_DESC,Aumenta la tua Celerità magica di 6.
SKILL_BRAWLER_WBR5R2_NAME,Celerità magica
SKILL_BRAWLER_WBR5R3_DESC,Aumenta la tua Rigenerazione del vigore di 4%
SKILL_BRAWLER_WBR5R3_NAME,Aumento di Rigenerazione del vigore
SKILL_BRAWLER_WBR5R4_DESC,Aumenta la tua Rigenerazione del vigore di 4%
SKILL_BRAWLER_WBR5R4_NAME,Aumento di Rigenerazione del vigore
SKILL_BRAWLER_WBR5R5_DESC,Aumenta la tua Rigenerazione del vigore di 12%
SKILL_BRAWLER_WBR5R5_NAME,Aumento di Rigenerazione del vigore
SKILL_BRAWLER_WBR5R6_DESC,Aumenta la tua Rigenerazione del vigore di 4%
SKILL_BRAWLER_WBR5R6_NAME,Aumento di Rigenerazione del vigore
SKILL_BRAWLER_WBR5R7_DESC,"Quando lanci un incantesimo o un'abilità il cui costo in Vigore supera il 30% del tuo massimo, recuperi il 50% del costo. Questo effetto può verificarsi solo una volta ogni 15 secondi."
SKILL_BRAWLER_WBR5R7_NAME,Secondo Respiro
SKILL_BRAWLER_WBR7_DESC,Aumenta la tua Celerità magica di 2.
SKILL_BRAWLER_WBR7_NAME,Celerità magica
SKILL_BRAWLER_WBR9_DESC,Aumenta la tua Celerità magica di 2.
SKILL_BRAWLER_WBR9_NAME,Celerità magica
SKILL_BRAWLER_WS1_DESC,"Premi per lanciare. Scatta verso il bersaglio e colpisci, infliggendo Danno da taglio. Il lancio costa Salute."
SKILL_BRAWLER_WS1_NAME,Colpo furioso
SKILL_BRAWLER_WS1B1_DESC,Aumenta di 8% per punto il danno di Colpo furioso.
SKILL_BRAWLER_WS1B1_NAME,Aumento del danno da Colpo furioso I
SKILL_BRAWLER_WS1B10_DESC,Aumenta di 1 per punto il valore di Sanguinamento applicato da Colpo Lacerante.
SKILL_BRAWLER_WS1B10_NAME,Aumento di Colpo Lacerante I
SKILL_BRAWLER_WS1B11_DESC,Aumenta di 1 per punto la Furia conferita da Colpo Infuriante ogni 3 cariche di Sanguinamento sul bersaglio.
SKILL_BRAWLER_WS1B11_NAME,Aumento di Colpo Infuriante I
SKILL_BRAWLER_WS1B12_DESC,Aumenta di 2% per punto il danno ottenuto per ogni Sanguinamento consumato e di 6% per punto l'aumento massimo di danno.
SKILL_BRAWLER_WS1B12_NAME,Aumento di Colpo Mietente I
SKILL_BRAWLER_WS1B13_DESC,Aumenta di 1 per punto il valore di Sanguinamento applicato da Colpo Lacerante.
SKILL_BRAWLER_WS1B13_NAME,Aumento di Colpo Lacerante II
SKILL_BRAWLER_WS1B14_DESC,Aumenta di 1 per punto la Furia conferita da Colpo Infuriante ogni 3 cariche di Sanguinamento sul bersaglio.
SKILL_BRAWLER_WS1B14_NAME,Aumento di Colpo Infuriante II
SKILL_BRAWLER_WS1B15_DESC,Aumenta di 2% per punto il danno ottenuto per ogni Sanguinamento consumato e di 6% per punto l'aumento massimo di danno.
SKILL_BRAWLER_WS1B15_NAME,Aumento di Colpo Mietente II
SKILL_BRAWLER_WS1B16_DESC,Aumenta di 1 per punto il valore di Sanguinamento applicato da Colpo Lacerante.
SKILL_BRAWLER_WS1B16_NAME,Aumento di Colpo Lacerante III
SKILL_BRAWLER_WS1B17_DESC,Aumenta di 1 per punto la Furia conferita da Colpo Infuriante ogni 3 cariche di Sanguinamento sul bersaglio.
SKILL_BRAWLER_WS1B17_NAME,Aumento di Colpo Infuriante III
SKILL_BRAWLER_WS1B18_DESC,Aumenta di 2% per punto il danno ottenuto per ogni Sanguinamento consumato e di 6% per punto l'aumento massimo di danno.
SKILL_BRAWLER_WS1B18_NAME,Aumento di Colpo Mietente III
SKILL_BRAWLER_WS1B2_DESC,Aumenta di 8% per punto il danno di Colpo furioso.
SKILL_BRAWLER_WS1B2_NAME,Aumento del danno da Colpo furioso II
SKILL_BRAWLER_WS1B3_DESC,Aumenta di 8% per punto il danno di Colpo furioso.
SKILL_BRAWLER_WS1B3_NAME,Aumento del danno da Colpo furioso III
SKILL_BRAWLER_WS1B4_DESC,Riduce di 10% per punto il tempo di recupero di Colpo furioso.
SKILL_BRAWLER_WS1B4_NAME,Riduzione del Tempo di recupero di Colpo furioso I
SKILL_BRAWLER_WS1B5_DESC,Riduce di 10% per punto il tempo di recupero di Colpo furioso.
SKILL_BRAWLER_WS1B5_NAME,Riduzione del Tempo di recupero di Colpo furioso II
SKILL_BRAWLER_WS1B6_DESC,Riduce del 10% per punto la Salute sacrificata da Colpo furioso.
SKILL_BRAWLER_WS1B6_NAME,Riduzione costo in Salute di Colpo furioso I
SKILL_BRAWLER_WS1B7_DESC,Riduce di 10% per punto il tempo di recupero di Colpo furioso.
SKILL_BRAWLER_WS1B7_NAME,Riduzione del Tempo di recupero di Colpo furioso III
SKILL_BRAWLER_WS1B8_DESC,Riduce del 10% per punto la Salute sacrificata da Colpo furioso.
SKILL_BRAWLER_WS1B8_NAME,Riduzione costo in Salute di Colpo furioso II
SKILL_BRAWLER_WS1B9_DESC,Riduce del 10% per punto la Salute sacrificata da Colpo furioso.
SKILL_BRAWLER_WS1B9_NAME,Riduzione costo in Salute di Colpo furioso III
SKILL_BRAWLER_WS1U1_DESC,Il tempo di recupero di Colpo furioso si azzera all'uccisione.
SKILL_BRAWLER_WS1U1_NAME,Colpo Ripetuto
SKILL_BRAWLER_WS1U2_DESC,"Colpo furioso ora infligge Danno contundente, ma infligge il 20% di danno in meno."
SKILL_BRAWLER_WS1U2_NAME,Colpo Contundente
SKILL_BRAWLER_WS1U3_DESC,"Colpo furioso infligge il 20% di danno in meno, ma al colpo fa spruzzare sangue al bersaglio in una piccola area, infliggendo danno ai nemici vicini. Il colpo ad area eredita il modificatore della soglia effetto selezionato per Colpo furioso."
SKILL_BRAWLER_WS1U3_NAME,Colpo scheggiante
SKILL_BRAWLER_WS1U4_DESC,Colpo furioso applica 5 cariche di Sanguinamento.
SKILL_BRAWLER_WS1U4_NAME,Colpo Lacerante
SKILL_BRAWLER_WS1U5_DESC,Colpo furioso conferisce 1 Furia ogni 3 cariche di Sanguinamento sul bersaglio.
SKILL_BRAWLER_WS1U5_NAME,Colpo Infuriante
SKILL_BRAWLER_WS1U6_DESC,"Colpo furioso consuma il Sanguinamento sul bersaglio per infliggere il 6% di danno in più per carica di Sanguinamento consumata, fino al 60%."
SKILL_BRAWLER_WS1U6_NAME,Colpo Mietente
SKILL_BRAWLER_WS2_DESC,Premi per lanciare. Ottieni 5 Furia e il 50% di Velocità d'attacco in più per 2 secondi.
SKILL_BRAWLER_WS2_NAME,Frenesia
SKILL_BRAWLER_WS2B1_DESC,Aumenta del 5% la Velocità d'attacco ottenuta con Frenesia.
SKILL_BRAWLER_WS2B1_NAME,Aumento di Velocità d'attacco Frenesia I
SKILL_BRAWLER_WS2B10_DESC,Aumenta dell'1% per punto la Velocità d'attacco ottenuta per carica di Sanguinamento consumata e del 3% per punto l'aumento massimo della Velocità d'attacco.
SKILL_BRAWLER_WS2B10_NAME,Aumento di Frenesia Mietente I
SKILL_BRAWLER_WS2B11_DESC,Aumenta di 1 per punto il valore di Sanguinamento applicato da Frenesia Lacerante.
SKILL_BRAWLER_WS2B11_NAME,Aumento di Frenesia Lacerante I
SKILL_BRAWLER_WS2B12_DESC,Aumenta di 1 per punto la Furia aggiuntiva conferita da Frenesia Infuriante.
SKILL_BRAWLER_WS2B12_NAME,Aumento di Frenesia Infuriante I
SKILL_BRAWLER_WS2B13_DESC,Aumenta del 2% per punto la durata ottenuta per Furia consumata e del 6% per punto l'aumento massimo della durata.
SKILL_BRAWLER_WS2B13_NAME,Aumento di Frenesia Furente I
SKILL_BRAWLER_WS2B14_DESC,Aumenta dell'1% per punto la Velocità d'attacco ottenuta per carica di Sanguinamento consumata e del 3% per punto l'aumento massimo della Velocità d'attacco.
SKILL_BRAWLER_WS2B14_NAME,Aumento di Frenesia Mietente II
SKILL_BRAWLER_WS2B15_DESC,Aumenta di 1 per punto il valore di Sanguinamento applicato da Frenesia Lacerante.
SKILL_BRAWLER_WS2B15_NAME,Aumento di Frenesia Lacerante II
SKILL_BRAWLER_WS2B16_DESC,Aumenta di 1 per punto la Furia aggiuntiva conferita da Frenesia Infuriante.
SKILL_BRAWLER_WS2B16_NAME,Aumento di Frenesia Infuriante II
SKILL_BRAWLER_WS2B17_DESC,Aumenta del 2% per punto la durata ottenuta per Furia consumata e del 6% per punto l'aumento massimo della durata.
SKILL_BRAWLER_WS2B17_NAME,Aumento di Frenesia Furente II
SKILL_BRAWLER_WS2B18_DESC,Aumenta dell'1% per punto la Velocità d'attacco ottenuta per carica di Sanguinamento consumata e del 3% per punto l'aumento massimo della Velocità d'attacco.
SKILL_BRAWLER_WS2B18_NAME,Aumento di Frenesia Mietente III
SKILL_BRAWLER_WS2B19_DESC,Aumenta di 1 per punto il valore di Sanguinamento applicato da Frenesia Lacerante.
SKILL_BRAWLER_WS2B19_NAME,Aumento di Frenesia Lacerante III
SKILL_BRAWLER_WS2B2_DESC,Aumenta del 5% la Velocità d'attacco ottenuta con Frenesia.
SKILL_BRAWLER_WS2B2_NAME,Aumento di Velocità d'attacco Frenesia II
SKILL_BRAWLER_WS2B20_DESC,Aumenta di 1 per punto la Furia aggiuntiva conferita da Frenesia Infuriante.
SKILL_BRAWLER_WS2B20_NAME,Aumento di Frenesia Infuriante III
SKILL_BRAWLER_WS2B21_DESC,Aumenta del 2% per punto la durata ottenuta per Furia consumata e del 6% per punto l'aumento massimo della durata.
SKILL_BRAWLER_WS2B21_NAME,Aumento di Frenesia Furente III
SKILL_BRAWLER_WS2B3_DESC,Aumenta del 5% la Velocità d'attacco ottenuta con Frenesia.
SKILL_BRAWLER_WS2B3_NAME,Aumento di Velocità d'attacco Frenesia III
SKILL_BRAWLER_WS2B4_DESC,Aumenta di 1 per punto la Furia ottenuta con Frenesia.
SKILL_BRAWLER_WS2B4_NAME,Aumento Furia ottenuta con Frenesia I
SKILL_BRAWLER_WS2B5_DESC,Aumenta la durata di Frenesia di 0.5 secondi.
SKILL_BRAWLER_WS2B5_NAME,Aumento di Durata Frenesia I
SKILL_BRAWLER_WS2B6_DESC,Aumenta di 1 per punto la Furia ottenuta con Frenesia.
SKILL_BRAWLER_WS2B6_NAME,Aumento Furia ottenuta con Frenesia II
SKILL_BRAWLER_WS2B7_DESC,Aumenta la durata di Frenesia di 0.5 secondi.
SKILL_BRAWLER_WS2B7_NAME,Aumento di Durata Frenesia II
SKILL_BRAWLER_WS2B8_DESC,Aumenta di 1 per punto la Furia ottenuta con Frenesia.
SKILL_BRAWLER_WS2B8_NAME,Aumento Furia ottenuta con Frenesia III
SKILL_BRAWLER_WS2B9_DESC,Aumenta la durata di Frenesia di 0.5 secondi.
SKILL_BRAWLER_WS2B9_NAME,Aumento di Durata Frenesia III
SKILL_BRAWLER_WS2U1_DESC,"Aumenta la durata di Frenesia del 100%, ma riduce la Velocità d'attacco ottenuta del 60%."
SKILL_BRAWLER_WS2U1_NAME,Frenesia persistente
SKILL_BRAWLER_WS2U2_DESC,"Mentre Frenesia è attiva, ottieni il 30% di Velocità di movimento."
SKILL_BRAWLER_WS2U2_NAME,Frenesia del sangue impetuoso
SKILL_BRAWLER_WS2U3_DESC,"Frenesia consuma il Sanguinamento sui nemici vicini per ottenere l'1% di Velocità d'attacco in più per carica di Sanguinamento consumata, fino al 25%."
SKILL_BRAWLER_WS2U3_NAME,Frenesia Mietente
SKILL_BRAWLER_WS2U4_DESC,"Frenesia non conferisce più Furia. Invece, mentre Frenesia è attiva, ogni terzo attacco applica 2 cariche di Sanguinamento."
SKILL_BRAWLER_WS2U4_NAME,Frenesia Lacerante
SKILL_BRAWLER_WS2U5_DESC,"Frenesia conferisce altre 3 Furia al lancio, ma il suo bonus alla Velocità d'attacco è ridotto del 25%"
SKILL_BRAWLER_WS2U5_NAME,Frenesia Infuriante
SKILL_BRAWLER_WS2U6_DESC,Frenesia non conferisce più Furia. Consuma invece fino a 10 Furia per aumentare la sua durata del 10% per Furia consumata.
SKILL_BRAWLER_WS2U6_NAME,Frenesia Furente
SKILL_BRAWLER_WS3_DESC,"Premi per lanciare. Evoca pugni schiaccianti che colpiscono il terreno attorno a te, infliggendo Danno contundente ai nemici vicini. Consuma fino a 10 Furia, aumentando il danno del 5% per Furia consumata."
SKILL_BRAWLER_WS3_NAME,Polverizza
SKILL_BRAWLER_WS3B1_DESC,Aumenta di 8% per punto il danno di Polverizza.
SKILL_BRAWLER_WS3B1_NAME,Aumento del danno da Polverizza I
SKILL_BRAWLER_WS3B10_DESC,Aumenta di 2 per punto la Furia massima che Polverizza può consumare.
SKILL_BRAWLER_WS3B10_NAME,Aumento capacità di Furia di Polverizza II
SKILL_BRAWLER_WS3B11_DESC,Aumenta dell'1% per punto il danno ottenuto per ogni Furia consumata da Polverizza.
SKILL_BRAWLER_WS3B11_NAME,Efficienza della Furia di Polverizza II
SKILL_BRAWLER_WS3B12_DESC,Aumenta del 2% per punto la riduzione dell'Armatura ottenuta per Furia consumata e del 6% per punto la riduzione massima dell'Armatura.
SKILL_BRAWLER_WS3B12_NAME,Aumento di Polverizza Furente I
SKILL_BRAWLER_WS3B13_DESC,Ottieni 1 Furia aggiuntiva per ogni nemico colpito da Polverizza Infuriante.
SKILL_BRAWLER_WS3B13_NAME,Aumento di Polverizza Infuriante I
SKILL_BRAWLER_WS3B14_DESC,"Se consumi almeno 6 Furia, applica 1 carica aggiuntiva di Sanguinamento per punto."
SKILL_BRAWLER_WS3B14_NAME,Aumento di Polverizza Lacerante I
SKILL_BRAWLER_WS3B15_DESC,Aumenta di 2% per punto il danno ottenuto per ogni Sanguinamento consumato e di 6% per punto l'aumento massimo di danno.
SKILL_BRAWLER_WS3B15_NAME,Aumento di Polverizza Mietente I
SKILL_BRAWLER_WS3B16_DESC,Aumenta del 2% per punto la riduzione dell'Armatura ottenuta per Furia consumata e del 6% per punto la riduzione massima dell'Armatura.
SKILL_BRAWLER_WS3B16_NAME,Aumento di Polverizza Furente II
SKILL_BRAWLER_WS3B17_DESC,Ottieni 1 Furia aggiuntiva per ogni nemico colpito da Polverizza Infuriante.
SKILL_BRAWLER_WS3B17_NAME,Aumento di Polverizza Infuriante II
SKILL_BRAWLER_WS3B18_DESC,"Se consumi almeno 6 Furia, applica 1 carica aggiuntiva di Sanguinamento per punto."
SKILL_BRAWLER_WS3B18_NAME,Aumento di Polverizza Lacerante II
SKILL_BRAWLER_WS3B19_DESC,Aumenta di 2% per punto il danno ottenuto per ogni Sanguinamento consumato e di 6% per punto l'aumento massimo di danno.
SKILL_BRAWLER_WS3B19_NAME,Aumento di Polverizza Mietente II
SKILL_BRAWLER_WS3B2_DESC,Riduce di 15% per punto il tempo di recupero di Polverizza.
SKILL_BRAWLER_WS3B2_NAME,Riduzione del Tempo di recupero di Polverizza I
SKILL_BRAWLER_WS3B20_DESC,Aumenta del 2% per punto la riduzione dell'Armatura ottenuta per Furia consumata e del 6% per punto la riduzione massima dell'Armatura.
SKILL_BRAWLER_WS3B20_NAME,Aumento di Polverizza Furente III
SKILL_BRAWLER_WS3B21_DESC,Ottieni 1 Furia aggiuntiva per ogni nemico colpito da Polverizza Infuriante.
SKILL_BRAWLER_WS3B21_NAME,Aumento di Polverizza Infuriante III
SKILL_BRAWLER_WS3B22_DESC,"Se consumi almeno 6 Furia, applica 1 carica aggiuntiva di Sanguinamento per punto."
SKILL_BRAWLER_WS3B22_NAME,Aumento di Polverizza Lacerante III
SKILL_BRAWLER_WS3B23_DESC,Aumenta di 2% per punto il danno ottenuto per ogni Sanguinamento consumato e di 6% per punto l'aumento massimo di danno.
SKILL_BRAWLER_WS3B23_NAME,Aumento di Polverizza Mietente III
SKILL_BRAWLER_WS3B3_DESC,Aumenta di 8% per punto il danno di Polverizza.
SKILL_BRAWLER_WS3B3_NAME,Aumento del danno da Polverizza II
SKILL_BRAWLER_WS3B4_DESC,Riduce di 15% per punto il tempo di recupero di Polverizza.
SKILL_BRAWLER_WS3B4_NAME,Riduzione del Tempo di recupero di Polverizza II
SKILL_BRAWLER_WS3B5_DESC,Aumenta di 8% per punto il danno di Polverizza.
SKILL_BRAWLER_WS3B5_NAME,Aumento del danno da Polverizza III
SKILL_BRAWLER_WS3B6_DESC,Riduce di 15% per punto il tempo di recupero di Polverizza.
SKILL_BRAWLER_WS3B6_NAME,Riduzione del Tempo di recupero di Polverizza III
SKILL_BRAWLER_WS3B7_DESC,Aumenta di 2 per punto la Furia massima che Polverizza può consumare.
SKILL_BRAWLER_WS3B7_NAME,Aumento capacità di Furia di Polverizza I
SKILL_BRAWLER_WS3B8_DESC,Aumenta dell'1% per punto il danno ottenuto per ogni Furia consumata da Polverizza.
SKILL_BRAWLER_WS3B8_NAME,Efficienza della Furia di Polverizza I
SKILL_BRAWLER_WS3B9_DESC,Riduce di 15% per punto il costo in Vigore di Polverizza.
SKILL_BRAWLER_WS3B9_NAME,Riduzione costo di Polverizza I
SKILL_BRAWLER_WS3U1_DESC,"Polverizza può essere lanciato su una posizione bersaglio, ma il suo tempo di recupero aumenta del 30%."
SKILL_BRAWLER_WS3U1_NAME,Polverizza proiettato
SKILL_BRAWLER_WS3U2_DESC,"Polverizza infligge il 35% di danno in più ai nemici sotto il 40% di Salute, ma il 20% di danno in meno ai nemici sopra il 70% di Salute."
SKILL_BRAWLER_WS3U2_NAME,Polverizza esecutore
SKILL_BRAWLER_WS3U3_DESC,Il raggio di Polverizza aumenta del 15%.
SKILL_BRAWLER_WS3U3_NAME,Polverizza costante
SKILL_BRAWLER_WS3U4_DESC,"Riduce drasticamente il tempo di lancio di Polverizza (0.2s), ma il suo danno è ridotto del 20%."
SKILL_BRAWLER_WS3U4_NAME,Polverizza remoto
SKILL_BRAWLER_WS3U5_DESC,Polverizza ora infligge Danno da taglio.
SKILL_BRAWLER_WS3U5_NAME,Polverizza tagliente
SKILL_BRAWLER_WS3U6_DESC,"Polverizza consuma fino a 10 Furia per aumentare il suo danno del 5% per Furia consumata, fino al 50%, e ridurre l'Armatura dei nemici colpiti del 4% per Furia consumata per 6 secondi, fino al 40%."
SKILL_BRAWLER_WS3U6_NAME,Polverizza Furente
SKILL_BRAWLER_WS3U7_DESC,Ottieni 2 Furia per ogni nemico colpito.
SKILL_BRAWLER_WS3U7_NAME,Polverizza Infuriante
SKILL_BRAWLER_WS3U8_DESC,"Polverizza non aumenta più il suo danno con la Furia consumata. Consuma invece fino a 10 Furia per applicare 1 carica di Sanguinamento ai nemici colpiti ogni 2 Furia consumate, fino a 5 cariche di Sanguinamento."
SKILL_BRAWLER_WS3U8_NAME,Polverizza Lacerante
SKILL_BRAWLER_WS3U9_DESC,"Polverizza non aumenta più il suo danno con la Furia consumata. Consuma invece il Sanguinamento sui nemici colpiti per infliggere il 5% di danno in più per carica di Sanguinamento consumata, fino al 50%."
SKILL_BRAWLER_WS3U9_NAME,Polverizza Mietente
SKILL_EARTHSHAKER_E10BL1_DESC,Aumenta la tua Velocità d'attacco di 3%
SKILL_EARTHSHAKER_E10BL1_NAME,Aumento di Velocità d'attacco
SKILL_EARTHSHAKER_E10BL2_DESC,Aumenta la tua Velocità d'attacco di 3%
SKILL_EARTHSHAKER_E10BL2_NAME,Aumento di Velocità d'attacco
SKILL_EARTHSHAKER_E10BL3_DESC,Aumenta la tua Velocità d'attacco di 3%
SKILL_EARTHSHAKER_E10BL3_NAME,Aumento di Velocità d'attacco
SKILL_EARTHSHAKER_E10BL4_DESC,Aumenta la tua Velocità d'attacco di 3%
SKILL_EARTHSHAKER_E10BL4_NAME,Aumento di Velocità d'attacco
SKILL_EARTHSHAKER_E10BR1_DESC,Aumenta il tuo Danno da fuoco di 3%
SKILL_EARTHSHAKER_E10BR1_NAME,Aumento di Danno da fuoco
SKILL_EARTHSHAKER_E10BR2_DESC,Aumenta il tuo Danno da fuoco di 3%
SKILL_EARTHSHAKER_E10BR2_NAME,Aumento di Danno da fuoco
SKILL_EARTHSHAKER_E10BR3_DESC,Aumenta il tuo Danno da fuoco di 3%
SKILL_EARTHSHAKER_E10BR3_NAME,Aumento di Danno da fuoco
SKILL_EARTHSHAKER_E10BR4_DESC,Aumenta il tuo Danno da fuoco di 3%
SKILL_EARTHSHAKER_E10BR4_NAME,Aumento di Danno da fuoco
SKILL_EARTHSHAKER_E16BL1_DESC,Aumenta il tuo Danno critico contro i nemici ustionati di 10%
SKILL_EARTHSHAKER_E16BL1_NAME,Danno critico vs. ustione
SKILL_EARTHSHAKER_E16BL2_DESC,Aumenta il tuo Danno critico contro i nemici ustionati di 10%
SKILL_EARTHSHAKER_E16BL2_NAME,Danno critico vs. ustione
SKILL_EARTHSHAKER_E16BL3_DESC,Aumenta il tuo Danno critico contro i nemici ustionati di 10%
SKILL_EARTHSHAKER_E16BL3_NAME,Danno critico vs. ustione
SKILL_EARTHSHAKER_E16BL4_DESC,Aumenta il tuo Danno critico contro i nemici ustionati di 10%
SKILL_EARTHSHAKER_E16BL4_NAME,Danno critico vs. ustione
SKILL_EARTHSHAKER_E16BR1_DESC,Aumenta di 20% il danno della tua Ustione
SKILL_EARTHSHAKER_E16BR1_NAME,Aumento del danno da Ustione
SKILL_EARTHSHAKER_E16BR2_DESC,Aumenta di 20% il danno della tua Ustione
SKILL_EARTHSHAKER_E16BR2_NAME,Aumento del danno da Ustione
SKILL_EARTHSHAKER_E16BR3_DESC,Aumenta di 20% il danno della tua Ustione
SKILL_EARTHSHAKER_E16BR3_NAME,Aumento del danno da Ustione
SKILL_EARTHSHAKER_E16BR4_DESC,Aumenta di 20% il danno della tua Ustione
SKILL_EARTHSHAKER_E16BR4_NAME,Aumento del danno da Ustione
SKILL_EARTHSHAKER_EBL1_DESC,Aumenta la tua Velocità d'attacco di 9% \n Aumenta il tuo Danno critico contro i nemici ustionati di 25%
SKILL_EARTHSHAKER_EBL1_NAME,Raffica di tempesta di brace
SKILL_EARTHSHAKER_EBR1_DESC,Aumenta il tuo Danno da fuoco del 9% \n Aumenta il danno della tua Ustione del 60%
SKILL_EARTHSHAKER_EBR1_NAME,Cuore di fornace
SKILL_EARTHSHAKER_HWYNE_DESC,Aumenta di 2 il Sanguinamento massimo che puoi applicare. \n Aumenta la tua Celerità magica di 4.
SKILL_EARTHSHAKER_HWYNE_NAME,Sangue di pietra abrasivo
SKILL_EARTHSHAKER_HWYNE1_DESC,Aumenta di 1 il valore massimo di Sanguinamento applicabile.
SKILL_EARTHSHAKER_HWYNE1_NAME,Aumento di Sanguinamento max
SKILL_EARTHSHAKER_HWYNE2_DESC,Aumenta la tua Celerità magica di 2
SKILL_EARTHSHAKER_HWYNE2_NAME,Celerità magica
SKILL_EARTHSHAKER_HWYNW_DESC,Aumenta la tua Velocità d'attacco di 6% \n Aumenta di 2 il valore massimo di Gelo applicabile.
SKILL_EARTHSHAKER_HWYNW_NAME,Falcata vincolata alla brina
SKILL_EARTHSHAKER_HWYNW1_DESC,Aumenta la tua Velocità d'attacco di 3%
SKILL_EARTHSHAKER_HWYNW1_NAME,Aumento di Velocità d'attacco
SKILL_EARTHSHAKER_HWYNW2_DESC,Aumenta di 1 il valore massimo di Gelo applicabile.
SKILL_EARTHSHAKER_HWYNW2_NAME,Aumento di Gelo max
SKILL_EARTHSHAKER_HWYSE_DESC,Aumenta la tua Celerità magica di 4. \n Aumenta di 2 il valore massimo di Ustione applicabile.
SKILL_EARTHSHAKER_HWYSE_NAME,Cadenza magmatica
SKILL_EARTHSHAKER_HWYSE1_DESC,Aumenta la tua Celerità magica di 2
SKILL_EARTHSHAKER_HWYSE1_NAME,Celerità magica
SKILL_EARTHSHAKER_HWYSE2_DESC,Aumenta di 1 il valore massimo di Ustione applicabile.
SKILL_EARTHSHAKER_HWYSE2_NAME,Aumento di Ustione max
SKILL_EARTHSHAKER_HWYSW_DESC,Aumenta l'Accumulo di stordimento del 10% \n Aumenta la tua Celerità magica di 4.
SKILL_EARTHSHAKER_HWYSW_NAME,Canto del tremore
SKILL_EARTHSHAKER_HWYSW1_DESC,Aumenta l'Accumulo di stordimento di 5%
SKILL_EARTHSHAKER_HWYSW1_NAME,Aumento di l'Accumulo di stordimento
SKILL_EARTHSHAKER_HWYSW2_DESC,Aumenta la tua Celerità magica di 2
SKILL_EARTHSHAKER_HWYSW2_NAME,Celerità magica
SKILL_EARTHSHAKER_KEYSTONENE_DESC,"Quando colpisci un nemico con il tuo terzo attacco, se il bersaglio è ustionato, scatena un'esplosione di Fuoco."
SKILL_EARTHSHAKER_KEYSTONENE_NAME,Detonazione di Brace
SKILL_EARTHSHAKER_KEYSTONENW_DESC,"Tutte le fonti di danno infliggono il 5% di Danno da stordimento in più per carica di Gelo sul bersaglio, fino a 10."
SKILL_EARTHSHAKER_KEYSTONENW_NAME,Scossa Gelida
SKILL_EARTHSHAKER_KEYSTONESE_DESC,"Dopo aver consumato Furia, ottieni un'Aura di Fuoco per 5 secondi, che brucia i nemici e applica cariche di Ustione. La durata aumenta di 0.5 secondi per ogni Furia consumata."
SKILL_EARTHSHAKER_KEYSTONESE_NAME,Ira Ardente
SKILL_EARTHSHAKER_KEYSTONESW_DESC,"Mentre sei in combattimento, ogni secondo un nemico assiderato vicino scelto a caso viene colpito da un tremore che infligge Danno contundente."
SKILL_EARTHSHAKER_KEYSTONESW_NAME,Sisma Gelido
SKILL_EARTHSHAKER_N10BL1_DESC,Aumenta l'Accumulo di stordimento di 5%
SKILL_EARTHSHAKER_N10BL1_NAME,Aumento di l'Accumulo di stordimento
SKILL_EARTHSHAKER_N10BL2_DESC,Aumenta l'Accumulo di stordimento di 5%
SKILL_EARTHSHAKER_N10BL2_NAME,Aumento di l'Accumulo di stordimento
SKILL_EARTHSHAKER_N10BL3_DESC,Aumenta l'Accumulo di stordimento di 5%
SKILL_EARTHSHAKER_N10BL3_NAME,Aumento di l'Accumulo di stordimento
SKILL_EARTHSHAKER_N10BL4_DESC,Aumenta l'Accumulo di stordimento di 5%
SKILL_EARTHSHAKER_N10BL4_NAME,Aumento di l'Accumulo di stordimento
SKILL_EARTHSHAKER_N10BR1_DESC,Aumenta di 5% il danno del tuo Attacchi
SKILL_EARTHSHAKER_N10BR1_NAME,Aumento del danno d'attacco
SKILL_EARTHSHAKER_N10BR2_DESC,Aumenta di 5% il danno del tuo Attacchi
SKILL_EARTHSHAKER_N10BR2_NAME,Aumento del danno d'attacco
SKILL_EARTHSHAKER_N10BR3_DESC,Aumenta di 5% il danno del tuo Attacchi
SKILL_EARTHSHAKER_N10BR3_NAME,Aumento del danno d'attacco
SKILL_EARTHSHAKER_N10BR4_DESC,Aumenta di 5% il danno del tuo Attacchi
SKILL_EARTHSHAKER_N10BR4_NAME,Aumento del danno d'attacco
SKILL_EARTHSHAKER_N16BL1_DESC,Aumenta il tuo Danno critico contro i nemici storditi di 10%
SKILL_EARTHSHAKER_N16BL1_NAME,Danno critico vs. stordito
SKILL_EARTHSHAKER_N16BL2_DESC,Aumenta il tuo Danno critico contro i nemici storditi di 10%
SKILL_EARTHSHAKER_N16BL2_NAME,Danno critico vs. stordito
SKILL_EARTHSHAKER_N16BL3_DESC,Aumenta il tuo Danno critico contro i nemici storditi di 10%
SKILL_EARTHSHAKER_N16BL3_NAME,Danno critico vs. stordito
SKILL_EARTHSHAKER_N16BL4_DESC,Aumenta il tuo Danno critico contro i nemici storditi di 10%
SKILL_EARTHSHAKER_N16BL4_NAME,Danno critico vs. stordito
SKILL_EARTHSHAKER_N16BR1_DESC,Aumenta la tua Probabilità di critico contro i nemici ustionati di 4%
SKILL_EARTHSHAKER_N16BR1_NAME,Probabilità di critico vs. ustione
SKILL_EARTHSHAKER_N16BR2_DESC,Aumenta la tua Probabilità di critico contro i nemici ustionati di 4%
SKILL_EARTHSHAKER_N16BR2_NAME,Probabilità di critico vs. ustione
SKILL_EARTHSHAKER_N16BR3_DESC,Aumenta la tua Probabilità di critico contro i nemici ustionati di 4%
SKILL_EARTHSHAKER_N16BR3_NAME,Probabilità di critico vs. ustione
SKILL_EARTHSHAKER_N16BR4_DESC,Aumenta la tua Probabilità di critico contro i nemici ustionati di 4%
SKILL_EARTHSHAKER_N16BR4_NAME,Probabilità di critico vs. ustione
SKILL_EARTHSHAKER_NBL1_DESC,Aumenta l'Accumulo di stordimento del 12% \n Aumenta il tuo Danno critico contro i nemici storditi del 25%
SKILL_EARTHSHAKER_NBL1_NAME,Slancio dello Scuotiterra
SKILL_EARTHSHAKER_NBR1_DESC,Aumenta il danno dei tuoi Attacchi del 12% \n Aumenta la tua Probabilità di critico contro i nemici ustionati dell'8%
SKILL_EARTHSHAKER_NBR1_NAME,Colpi di brace cruenta
SKILL_EARTHSHAKER_S10BL1_DESC,Aumenta il tuo Danno contundente di 3%
SKILL_EARTHSHAKER_S10BL1_NAME,Aumento di Danno contundente
SKILL_EARTHSHAKER_S10BL2_DESC,Aumenta il tuo Danno contundente di 3%
SKILL_EARTHSHAKER_S10BL2_NAME,Aumento di Danno contundente
SKILL_EARTHSHAKER_S10BL3_DESC,Aumenta il tuo Danno contundente di 3%
SKILL_EARTHSHAKER_S10BL3_NAME,Aumento di Danno contundente
SKILL_EARTHSHAKER_S10BL4_DESC,Aumenta il tuo Danno contundente di 3%
SKILL_EARTHSHAKER_S10BL4_NAME,Aumento di Danno contundente
SKILL_EARTHSHAKER_S10BR1_DESC,Aumenta di 1 secondi la durata della tua Furia.
SKILL_EARTHSHAKER_S10BR1_NAME,Aumento di Durata Furia
SKILL_EARTHSHAKER_S10BR2_DESC,Aumenta di 1 secondi la durata della tua Furia.
SKILL_EARTHSHAKER_S10BR2_NAME,Aumento di Durata Furia
SKILL_EARTHSHAKER_S10BR3_DESC,Aumenta di 1 secondi la durata della tua Furia.
SKILL_EARTHSHAKER_S10BR3_NAME,Aumento di Durata Furia
SKILL_EARTHSHAKER_S10BR4_DESC,Aumenta di 1 secondi la durata della tua Furia.
SKILL_EARTHSHAKER_S10BR4_NAME,Aumento di Durata Furia
SKILL_EARTHSHAKER_S16BL1_DESC,Aumenta il tuo Danno critico contro i nemici assiderati di 10%
SKILL_EARTHSHAKER_S16BL1_NAME,Danno critico vs. assiderato
SKILL_EARTHSHAKER_S16BL2_DESC,Aumenta il tuo Danno critico contro i nemici assiderati di 10%
SKILL_EARTHSHAKER_S16BL2_NAME,Danno critico vs. assiderato
SKILL_EARTHSHAKER_S16BL3_DESC,Aumenta il tuo Danno critico contro i nemici assiderati di 10%
SKILL_EARTHSHAKER_S16BL3_NAME,Danno critico vs. assiderato
SKILL_EARTHSHAKER_S16BL4_DESC,Aumenta il tuo Danno critico contro i nemici assiderati di 10%
SKILL_EARTHSHAKER_S16BL4_NAME,Danno critico vs. assiderato
SKILL_EARTHSHAKER_S16BR1_DESC,Aumenta la tua Probabilità di critico contro i nemici ustionati di 4%
SKILL_EARTHSHAKER_S16BR1_NAME,Probabilità di critico vs. ustione
SKILL_EARTHSHAKER_S16BR2_DESC,Aumenta la tua Probabilità di critico contro i nemici ustionati di 4%
SKILL_EARTHSHAKER_S16BR2_NAME,Probabilità di critico vs. ustione
SKILL_EARTHSHAKER_S16BR3_DESC,Aumenta la tua Probabilità di critico contro i nemici ustionati di 4%
SKILL_EARTHSHAKER_S16BR3_NAME,Probabilità di critico vs. ustione
SKILL_EARTHSHAKER_S16BR4_DESC,Aumenta la tua Probabilità di critico contro i nemici ustionati di 4%
SKILL_EARTHSHAKER_S16BR4_NAME,Probabilità di critico vs. ustione
SKILL_EARTHSHAKER_SBL1_DESC,Aumenta il tuo Danno contundente di 9% \n Aumenta il tuo Danno critico contro i nemici assiderati di 25%
SKILL_EARTHSHAKER_SBL1_NAME,Schianto spaccagelo
SKILL_EARTHSHAKER_SBR1_DESC,Aumenta la durata della tua Furia di 1 secondo. \n Aumenta la tua Probabilità di critico contro i nemici ustionati dell'8%
SKILL_EARTHSHAKER_SBR1_NAME,Frenesia del corno di brace
SKILL_EARTHSHAKER_STARTLINK1_DESC,Aumenta di 8 il valore massimo di Salute.
SKILL_EARTHSHAKER_STARTLINK1_NAME,Potenziamento di Salute
SKILL_EARTHSHAKER_STARTLINK2_DESC,Aumenta di 3 il valore massimo di Concentrazione.
SKILL_EARTHSHAKER_STARTLINK2_NAME,Potenziamento di Concentrazione
SKILL_EARTHSHAKER_W10BL1_DESC,Aumenta la tua Armatura di 4
SKILL_EARTHSHAKER_W10BL1_NAME,Aumento di Armatura
SKILL_EARTHSHAKER_W10BL2_DESC,Aumenta la tua Armatura di 4
SKILL_EARTHSHAKER_W10BL2_NAME,Aumento di Armatura
SKILL_EARTHSHAKER_W10BL3_DESC,Aumenta la tua Armatura di 4
SKILL_EARTHSHAKER_W10BL3_NAME,Aumento di Armatura
SKILL_EARTHSHAKER_W10BL4_DESC,Aumenta la tua Armatura di 4
SKILL_EARTHSHAKER_W10BL4_NAME,Aumento di Armatura
SKILL_EARTHSHAKER_W10BR1_DESC,Aumenta di 1 secondo la durata del tuo Gelo.
SKILL_EARTHSHAKER_W10BR1_NAME,Aumento di Durata Gelo
SKILL_EARTHSHAKER_W10BR2_DESC,Aumenta di 1 secondo la durata del tuo Gelo.
SKILL_EARTHSHAKER_W10BR2_NAME,Aumento di Durata Gelo
SKILL_EARTHSHAKER_W10BR3_DESC,Aumenta di 1 secondo la durata del tuo Gelo.
SKILL_EARTHSHAKER_W10BR3_NAME,Aumento di Durata Gelo
SKILL_EARTHSHAKER_W10BR4_DESC,Aumenta di 1 secondo la durata del tuo Gelo.
SKILL_EARTHSHAKER_W10BR4_NAME,Aumento di Durata Gelo
SKILL_EARTHSHAKER_W16BL1_DESC,Aumenta l'Accumulo di stordimento di 5%
SKILL_EARTHSHAKER_W16BL1_NAME,Aumento di l'Accumulo di stordimento
SKILL_EARTHSHAKER_W16BL2_DESC,Aumenta l'Accumulo di stordimento di 5%
SKILL_EARTHSHAKER_W16BL2_NAME,Aumento di l'Accumulo di stordimento
SKILL_EARTHSHAKER_W16BL3_DESC,Aumenta l'Accumulo di stordimento di 5%
SKILL_EARTHSHAKER_W16BL3_NAME,Aumento di l'Accumulo di stordimento
SKILL_EARTHSHAKER_W16BL4_DESC,Aumenta l'Accumulo di stordimento di 5%
SKILL_EARTHSHAKER_W16BL4_NAME,Aumento di l'Accumulo di stordimento
SKILL_EARTHSHAKER_W16BR1_DESC,Aumenta la tua Probabilità di critico contro i nemici assiderati di 4%
SKILL_EARTHSHAKER_W16BR1_NAME,Probabilità di critico vs. assiderato
SKILL_EARTHSHAKER_W16BR2_DESC,Aumenta la tua Probabilità di critico contro i nemici assiderati di 4%
SKILL_EARTHSHAKER_W16BR2_NAME,Probabilità di critico vs. assiderato
SKILL_EARTHSHAKER_W16BR3_DESC,Aumenta la tua Probabilità di critico contro i nemici assiderati di 4%
SKILL_EARTHSHAKER_W16BR3_NAME,Probabilità di critico vs. assiderato
SKILL_EARTHSHAKER_W16BR4_DESC,Aumenta la tua Probabilità di critico contro i nemici assiderati di 4%
SKILL_EARTHSHAKER_W16BR4_NAME,Probabilità di critico vs. assiderato
SKILL_EARTHSHAKER_WBL1_DESC,Aumenta la tua Armatura di 10 \n Aumenta l'Accumulo di stordimento di 12%
SKILL_EARTHSHAKER_WBL1_NAME,Pelle corazzata di gelo
SKILL_EARTHSHAKER_WBR1_DESC,Aumenta la durata del tuo Gelo di 1 secondo. \n Aumenta la tua Probabilità di critico contro i nemici assiderati dell'8%
SKILL_EARTHSHAKER_WBR1_NAME,Precisione della presa di brina
SKILL_ECHOWEAVER_E10BL1_DESC,Aumenta la tua Celerità magica di 2
SKILL_ECHOWEAVER_E10BL1_NAME,Celerità magica
SKILL_ECHOWEAVER_E10BL2_DESC,Aumenta la tua Celerità magica di 2
SKILL_ECHOWEAVER_E10BL2_NAME,Celerità magica
SKILL_ECHOWEAVER_E10BL3_DESC,Aumenta la tua Celerità magica di 2
SKILL_ECHOWEAVER_E10BL3_NAME,Celerità magica
SKILL_ECHOWEAVER_E10BL4_DESC,Aumenta la tua Celerità magica di 2
SKILL_ECHOWEAVER_E10BL4_NAME,Celerità magica
SKILL_ECHOWEAVER_E10BR1_DESC,Aumenta il tuo Danno da fuoco di 3%
SKILL_ECHOWEAVER_E10BR1_NAME,Aumento di Danno da fuoco
SKILL_ECHOWEAVER_E10BR2_DESC,Aumenta il tuo Danno da fuoco di 3%
SKILL_ECHOWEAVER_E10BR2_NAME,Aumento di Danno da fuoco
SKILL_ECHOWEAVER_E10BR3_DESC,Aumenta il tuo Danno da fuoco di 3%
SKILL_ECHOWEAVER_E10BR3_NAME,Aumento di Danno da fuoco
SKILL_ECHOWEAVER_E10BR4_DESC,Aumenta il tuo Danno da fuoco di 3%
SKILL_ECHOWEAVER_E10BR4_NAME,Aumento di Danno da fuoco
SKILL_ECHOWEAVER_E16BL1_DESC,Aumenta di 3% tutto il Danno magico
SKILL_ECHOWEAVER_E16BL1_NAME,Aumento di Danno magico
SKILL_ECHOWEAVER_E16BL2_DESC,Aumenta di 3% tutto il Danno magico
SKILL_ECHOWEAVER_E16BL2_NAME,Aumento di Danno magico
SKILL_ECHOWEAVER_E16BL3_DESC,Aumenta di 3% tutto il Danno magico
SKILL_ECHOWEAVER_E16BL3_NAME,Aumento di Danno magico
SKILL_ECHOWEAVER_E16BL4_DESC,Aumenta di 3% tutto il Danno magico
SKILL_ECHOWEAVER_E16BL4_NAME,Aumento di Danno magico
SKILL_ECHOWEAVER_E16BR1_DESC,Aumenta la tua Penetrazione da fuoco di 2.
SKILL_ECHOWEAVER_E16BR1_NAME,Penetrazione da fuoco
SKILL_ECHOWEAVER_E16BR2_DESC,Aumenta la tua Penetrazione da fuoco di 2.
SKILL_ECHOWEAVER_E16BR2_NAME,Penetrazione da fuoco
SKILL_ECHOWEAVER_E16BR3_DESC,Aumenta la tua Penetrazione da fuoco di 2.
SKILL_ECHOWEAVER_E16BR3_NAME,Penetrazione da fuoco
SKILL_ECHOWEAVER_E16BR4_DESC,Aumenta la tua Penetrazione da fuoco di 2.
SKILL_ECHOWEAVER_E16BR4_NAME,Penetrazione da fuoco
SKILL_ECHOWEAVER_EBL1_DESC,Aumenta la tua Celerità magica di 6 \n Aumenta tutto il Danno magico del 9%
SKILL_ECHOWEAVER_EBL1_NAME,Incantatore rapido
SKILL_ECHOWEAVER_EBR1_DESC,Aumenta il tuo Danno da fuoco del 9% \n Aumenta la tua Penetrazione da fuoco di 5.
SKILL_ECHOWEAVER_EBR1_NAME,Tessitore di brace
SKILL_ECHOWEAVER_HWYNE_DESC,Aumenta il tuo danno contro i nemici sotto il 40% di Salute del 10%. \n Aumenta la tua Celerità magica di 4.
SKILL_ECHOWEAVER_HWYNE_NAME,Filo calante
SKILL_ECHOWEAVER_HWYNE1_DESC,Aumenta di 5% il tuo danno contro i nemici sotto 40% di Salute.
SKILL_ECHOWEAVER_HWYNE1_NAME,Danno % vs. sotto 40% di Salute
SKILL_ECHOWEAVER_HWYNE2_DESC,Aumenta la tua Celerità magica di 2
SKILL_ECHOWEAVER_HWYNE2_NAME,Celerità magica
SKILL_ECHOWEAVER_HWYNW_DESC,Aumenta la tua Velocità d'attacco di 6% \n Aumenta di 2 il valore massimo di Gelo applicabile.
SKILL_ECHOWEAVER_HWYNW_NAME,Trama glaciale
SKILL_ECHOWEAVER_HWYNW1_DESC,Aumenta la tua Velocità d'attacco di 3%
SKILL_ECHOWEAVER_HWYNW1_NAME,Aumento di Velocità d'attacco
SKILL_ECHOWEAVER_HWYNW2_DESC,Aumenta di 1 il valore massimo di Gelo applicabile.
SKILL_ECHOWEAVER_HWYNW2_NAME,Aumento di Gelo max
SKILL_ECHOWEAVER_HWYSE_DESC,Aumenta il tuo danno contro i nemici affetti da Eco temporale del 12% \n Aumenta di 2 l'Ustione massima che puoi applicare.
SKILL_ECHOWEAVER_HWYSE_NAME,Eco di brace
SKILL_ECHOWEAVER_HWYSE1_DESC,Aumenta il tuo danno contro i nemici affetti da Eco temporale del 6%
SKILL_ECHOWEAVER_HWYSE1_NAME,Danno aumentato vs. riecheggiato
SKILL_ECHOWEAVER_HWYSE2_DESC,Aumenta di 1 il valore massimo di Ustione applicabile.
SKILL_ECHOWEAVER_HWYSE2_NAME,Aumento di Ustione max
SKILL_ECHOWEAVER_HWYSW_DESC,Aumenta la tua Velocità di movimento di 4% \n Aumenta la tua Celerità magica di 4.
SKILL_ECHOWEAVER_HWYSW_NAME,Cantore della scia
SKILL_ECHOWEAVER_HWYSW1_DESC,Aumenta la tua Velocità di movimento di 2%
SKILL_ECHOWEAVER_HWYSW1_NAME,Aumento di Velocità di movimento
SKILL_ECHOWEAVER_HWYSW2_DESC,Aumenta la tua Celerità magica di 2
SKILL_ECHOWEAVER_HWYSW2_NAME,Celerità magica
SKILL_ECHOWEAVER_KEYSTONENE_DESC,"Colpire un nemico con il tuo Attacco finale scatena una scarica di fuoco che infligge Danno da fuoco a tutti i nemici vicini. Il danno inflitto aumenta con il numero di cariche di Ondata temporale che possiedi, fino a 10."
SKILL_ECHOWEAVER_KEYSTONENE_NAME,Pugnali Nati dalla Fiamma
SKILL_ECHOWEAVER_KEYSTONENW_DESC,"Effetto: quando colpisci un nemico con il tuo Attacco finale, se il bersaglio ha almeno 5 cariche di Eco temporale, consuma tutta l'Eco temporale su quel nemico per scatenare una scarica di ghiaccio che applica a tutti i nemici vicini un numero di cariche di Gelo pari all'Eco temporale consumata."
SKILL_ECHOWEAVER_KEYSTONENW_NAME,Pugnali Nati dal Gelo
SKILL_ECHOWEAVER_KEYSTONESE_DESC,"Dopo aver usato un'abilità dell'Elfo, il tuo prossimo incantesimo di Fuoco consuma fino a 10 cariche di Ondata temporale per ridurre il proprio tempo di recupero del 4% per carica di Ondata temporale consumata. Questo effetto dura 5 secondi e ha un tempo di recupero di 10 secondi."
SKILL_ECHOWEAVER_KEYSTONESE_NAME,Fiamme Atemporali
SKILL_ECHOWEAVER_KEYSTONESW_DESC,"Ogni volta che viene consumato Gelo su un nemico, applica la stessa quantità di Eco temporale per la durata rimanente."
SKILL_ECHOWEAVER_KEYSTONESW_NAME,Echi di Ghiaccio
SKILL_ECHOWEAVER_N10BL1_DESC,Aumenta di 5% il danno del tuo Attacchi
SKILL_ECHOWEAVER_N10BL1_NAME,Aumento del danno d'attacco
SKILL_ECHOWEAVER_N10BL2_DESC,Aumenta di 5% il danno del tuo Attacchi
SKILL_ECHOWEAVER_N10BL2_NAME,Aumento del danno d'attacco
SKILL_ECHOWEAVER_N10BL3_DESC,Aumenta di 5% il danno del tuo Attacchi
SKILL_ECHOWEAVER_N10BL3_NAME,Aumento del danno d'attacco
SKILL_ECHOWEAVER_N10BL4_DESC,Aumenta di 5% il danno del tuo Attacchi
SKILL_ECHOWEAVER_N10BL4_NAME,Aumento del danno d'attacco
SKILL_ECHOWEAVER_N10BR1_DESC,Aumenta la tua Velocità d'attacco di 3%
SKILL_ECHOWEAVER_N10BR1_NAME,Aumento di Velocità d'attacco
SKILL_ECHOWEAVER_N10BR2_DESC,Aumenta la tua Velocità d'attacco di 3%
SKILL_ECHOWEAVER_N10BR2_NAME,Aumento di Velocità d'attacco
SKILL_ECHOWEAVER_N10BR3_DESC,Aumenta la tua Velocità d'attacco di 3%
SKILL_ECHOWEAVER_N10BR3_NAME,Aumento di Velocità d'attacco
SKILL_ECHOWEAVER_N10BR4_DESC,Aumenta la tua Velocità d'attacco di 3%
SKILL_ECHOWEAVER_N10BR4_NAME,Aumento di Velocità d'attacco
SKILL_ECHOWEAVER_N16BL1_DESC,Aumenta di 1 secondo la durata della tua Eco temporale.
SKILL_ECHOWEAVER_N16BL1_NAME,Durata Eco temporale
SKILL_ECHOWEAVER_N16BL2_DESC,Aumenta di 1 secondo la durata della tua Eco temporale.
SKILL_ECHOWEAVER_N16BL2_NAME,Durata Eco temporale
SKILL_ECHOWEAVER_N16BL3_DESC,Aumenta di 1 secondo la durata della tua Eco temporale.
SKILL_ECHOWEAVER_N16BL3_NAME,Durata Eco temporale
SKILL_ECHOWEAVER_N16BL4_DESC,Aumenta di 1 secondo la durata della tua Eco temporale.
SKILL_ECHOWEAVER_N16BL4_NAME,Durata Eco temporale
SKILL_ECHOWEAVER_N16BR1_DESC,Aumenta di 3% tutto il Danno fisico
SKILL_ECHOWEAVER_N16BR1_NAME,Aumento di Danno fisico
SKILL_ECHOWEAVER_N16BR2_DESC,Aumenta di 3% tutto il Danno fisico
SKILL_ECHOWEAVER_N16BR2_NAME,Aumento di Danno fisico
SKILL_ECHOWEAVER_N16BR3_DESC,Aumenta di 3% tutto il Danno fisico
SKILL_ECHOWEAVER_N16BR3_NAME,Aumento di Danno fisico
SKILL_ECHOWEAVER_N16BR4_DESC,Aumenta di 3% tutto il Danno fisico
SKILL_ECHOWEAVER_N16BR4_NAME,Aumento di Danno fisico
SKILL_ECHOWEAVER_NBL1_DESC,Aumenta il danno dei tuoi Attacchi del 10% \n Aumenta la durata della tua Eco temporale di 2 secondi.
SKILL_ECHOWEAVER_NBL1_NAME,Lama persistente
SKILL_ECHOWEAVER_NBR1_DESC,Aumenta la tua Velocità d'attacco del 9% \n Aumenta tutto il Danno fisico del 9%
SKILL_ECHOWEAVER_NBR1_NAME,Schermagliatore arcano
SKILL_ECHOWEAVER_S10BL1_DESC,Aumenta di 20% il potere rallentante della tua Eco temporale
SKILL_ECHOWEAVER_S10BL1_NAME,Aumento del potere eco
SKILL_ECHOWEAVER_S10BL2_DESC,Aumenta di 20% il potere rallentante della tua Eco temporale
SKILL_ECHOWEAVER_S10BL2_NAME,Aumento del potere eco
SKILL_ECHOWEAVER_S10BL3_DESC,Aumenta di 20% il potere rallentante della tua Eco temporale
SKILL_ECHOWEAVER_S10BL3_NAME,Aumento del potere eco
SKILL_ECHOWEAVER_S10BL4_DESC,Aumenta di 20% il potere rallentante della tua Eco temporale
SKILL_ECHOWEAVER_S10BL4_NAME,Aumento del potere eco
SKILL_ECHOWEAVER_S10BR1_DESC,Aumenta il tuo Danno da etere di 3%
SKILL_ECHOWEAVER_S10BR1_NAME,Aumento di Danno da etere
SKILL_ECHOWEAVER_S10BR2_DESC,Aumenta il tuo Danno da etere di 3%
SKILL_ECHOWEAVER_S10BR2_NAME,Aumento di Danno da etere
SKILL_ECHOWEAVER_S10BR3_DESC,Aumenta il tuo Danno da etere di 3%
SKILL_ECHOWEAVER_S10BR3_NAME,Aumento di Danno da etere
SKILL_ECHOWEAVER_S10BR4_DESC,Aumenta il tuo Danno da etere di 3%
SKILL_ECHOWEAVER_S10BR4_NAME,Aumento di Danno da etere
SKILL_ECHOWEAVER_S16BL1_DESC,Aumenta la tua Probabilità di critico contro i nemici riecheggiato di 4%
SKILL_ECHOWEAVER_S16BL1_NAME,Probabilità di critico vs. riecheggiato
SKILL_ECHOWEAVER_S16BL2_DESC,Aumenta la tua Probabilità di critico contro i nemici riecheggiato di 4%
SKILL_ECHOWEAVER_S16BL2_NAME,Probabilità di critico vs. riecheggiato
SKILL_ECHOWEAVER_S16BL3_DESC,Aumenta la tua Probabilità di critico contro i nemici riecheggiato di 4%
SKILL_ECHOWEAVER_S16BL3_NAME,Probabilità di critico vs. riecheggiato
SKILL_ECHOWEAVER_S16BL4_DESC,Aumenta la tua Probabilità di critico contro i nemici riecheggiato di 4%
SKILL_ECHOWEAVER_S16BL4_NAME,Probabilità di critico vs. riecheggiato
SKILL_ECHOWEAVER_S16BR1_DESC,Aumenta di 1 secondo la durata della tua Ondata temporale.
SKILL_ECHOWEAVER_S16BR1_NAME,Durata Ondata temporale
SKILL_ECHOWEAVER_S16BR2_DESC,Aumenta di 1 secondo la durata della tua Ondata temporale.
SKILL_ECHOWEAVER_S16BR2_NAME,Durata Ondata temporale
SKILL_ECHOWEAVER_S16BR3_DESC,Aumenta di 1 secondo la durata della tua Ondata temporale.
SKILL_ECHOWEAVER_S16BR3_NAME,Durata Ondata temporale
SKILL_ECHOWEAVER_S16BR4_DESC,Aumenta di 1 secondo la durata della tua Ondata temporale.
SKILL_ECHOWEAVER_S16BR4_NAME,Durata Ondata temporale
SKILL_ECHOWEAVER_SBL1_DESC,Aumenta il potere rallentante della tua Eco temporale del 50% \n Aumenta la tua Probabilità di critico contro i nemici riecheggiati dell'8%
SKILL_ECHOWEAVER_SBL1_NAME,Cercatore di risonanza
SKILL_ECHOWEAVER_SBR1_DESC,Aumenta il tuo Danno da etere del 9% \n Aumenta la durata della tua Ondata temporale di 1 secondo.
SKILL_ECHOWEAVER_SBR1_NAME,Falcata d'etere
SKILL_ECHOWEAVER_STARTLINK1_DESC,Aumenta di 8 il valore massimo di Salute.
SKILL_ECHOWEAVER_STARTLINK1_NAME,Potenziamento di Salute
SKILL_ECHOWEAVER_STARTLINK2_DESC,Aumenta di 3 il valore massimo di Concentrazione.
SKILL_ECHOWEAVER_STARTLINK2_NAME,Potenziamento di Concentrazione
SKILL_ECHOWEAVER_W10BL1_DESC,Aumenta il tuo Danno da ghiaccio di 3%
SKILL_ECHOWEAVER_W10BL1_NAME,Aumento di Danno da ghiaccio
SKILL_ECHOWEAVER_W10BL2_DESC,Aumenta il tuo Danno da ghiaccio di 3%
SKILL_ECHOWEAVER_W10BL2_NAME,Aumento di Danno da ghiaccio
SKILL_ECHOWEAVER_W10BL3_DESC,Aumenta il tuo Danno da ghiaccio di 3%
SKILL_ECHOWEAVER_W10BL3_NAME,Aumento di Danno da ghiaccio
SKILL_ECHOWEAVER_W10BL4_DESC,Aumenta il tuo Danno da ghiaccio di 3%
SKILL_ECHOWEAVER_W10BL4_NAME,Aumento di Danno da ghiaccio
SKILL_ECHOWEAVER_W10BR1_DESC,Aumenta di 3% tutto il Danno magico
SKILL_ECHOWEAVER_W10BR1_NAME,Aumento di Danno magico
SKILL_ECHOWEAVER_W10BR2_DESC,Aumenta di 3% tutto il Danno magico
SKILL_ECHOWEAVER_W10BR2_NAME,Aumento di Danno magico
SKILL_ECHOWEAVER_W10BR3_DESC,Aumenta di 3% tutto il Danno magico
SKILL_ECHOWEAVER_W10BR3_NAME,Aumento di Danno magico
SKILL_ECHOWEAVER_W10BR4_DESC,Aumenta di 3% tutto il Danno magico
SKILL_ECHOWEAVER_W10BR4_NAME,Aumento di Danno magico
SKILL_ECHOWEAVER_W16BL1_DESC,Aumenta di 1 secondo la durata del tuo Gelo.
SKILL_ECHOWEAVER_W16BL1_NAME,Aumento di Durata Gelo
SKILL_ECHOWEAVER_W16BL2_DESC,Aumenta di 1 secondo la durata del tuo Gelo.
SKILL_ECHOWEAVER_W16BL2_NAME,Aumento di Durata Gelo
SKILL_ECHOWEAVER_W16BL3_DESC,Aumenta di 1 secondo la durata del tuo Gelo.
SKILL_ECHOWEAVER_W16BL3_NAME,Aumento di Durata Gelo
SKILL_ECHOWEAVER_W16BL4_DESC,Aumenta di 1 secondo la durata del tuo Gelo.
SKILL_ECHOWEAVER_W16BL4_NAME,Aumento di Durata Gelo
SKILL_ECHOWEAVER_W16BR1_DESC,Aumenta la tua Probabilità di critico contro i nemici assiderati di 4%
SKILL_ECHOWEAVER_W16BR1_NAME,Probabilità di critico vs. assiderato
SKILL_ECHOWEAVER_W16BR2_DESC,Aumenta la tua Probabilità di critico contro i nemici assiderati di 4%
SKILL_ECHOWEAVER_W16BR2_NAME,Probabilità di critico vs. assiderato
SKILL_ECHOWEAVER_W16BR3_DESC,Aumenta la tua Probabilità di critico contro i nemici assiderati di 4%
SKILL_ECHOWEAVER_W16BR3_NAME,Probabilità di critico vs. assiderato
SKILL_ECHOWEAVER_W16BR4_DESC,Aumenta la tua Probabilità di critico contro i nemici assiderati di 4%
SKILL_ECHOWEAVER_W16BR4_NAME,Probabilità di critico vs. assiderato
SKILL_ECHOWEAVER_WBL1_DESC,Aumenta il tuo Danno da ghiaccio di 3% \n Aumenta di 2 secondi la durata del tuo Gelo.
SKILL_ECHOWEAVER_WBL1_NAME,Vincolagelo
SKILL_ECHOWEAVER_WBR1_DESC,Aumenta tutto il Danno magico del 9% \n Aumenta la tua Probabilità di critico contro i nemici assiderati dell'8%
SKILL_ECHOWEAVER_WBR1_NAME,Danzatore della frantumazione
SKILL_ELEMENTALRANGER_E10BL1_DESC,Aumenta la tua Velocità d'attacco di 3%
SKILL_ELEMENTALRANGER_E10BL1_NAME,Aumento di Velocità d'attacco
SKILL_ELEMENTALRANGER_E10BL2_DESC,Aumenta la tua Velocità d'attacco di 3%
SKILL_ELEMENTALRANGER_E10BL2_NAME,Aumento di Velocità d'attacco
SKILL_ELEMENTALRANGER_E10BL3_DESC,Aumenta la tua Velocità d'attacco di 3%
SKILL_ELEMENTALRANGER_E10BL3_NAME,Aumento di Velocità d'attacco
SKILL_ELEMENTALRANGER_E10BL4_DESC,Aumenta la tua Velocità d'attacco di 3%
SKILL_ELEMENTALRANGER_E10BL4_NAME,Aumento di Velocità d'attacco
SKILL_ELEMENTALRANGER_E10BR1_DESC,Aumenta il tuo Danno perforante di 3%
SKILL_ELEMENTALRANGER_E10BR1_NAME,Aumento di Danno perforante
SKILL_ELEMENTALRANGER_E10BR2_DESC,Aumenta il tuo Danno perforante di 3%
SKILL_ELEMENTALRANGER_E10BR2_NAME,Aumento di Danno perforante
SKILL_ELEMENTALRANGER_E10BR3_DESC,Aumenta il tuo Danno perforante di 3%
SKILL_ELEMENTALRANGER_E10BR3_NAME,Aumento di Danno perforante
SKILL_ELEMENTALRANGER_E10BR4_DESC,Aumenta il tuo Danno perforante di 3%
SKILL_ELEMENTALRANGER_E10BR4_NAME,Aumento di Danno perforante
SKILL_ELEMENTALRANGER_E16BL1_DESC,Aumenta il tuo Danno critico contro i nemici ustionati di 10%
SKILL_ELEMENTALRANGER_E16BL1_NAME,Danno critico vs. ustione
SKILL_ELEMENTALRANGER_E16BL2_DESC,Aumenta il tuo Danno critico contro i nemici ustionati di 10%
SKILL_ELEMENTALRANGER_E16BL2_NAME,Danno critico vs. ustione
SKILL_ELEMENTALRANGER_E16BL3_DESC,Aumenta il tuo Danno critico contro i nemici ustionati di 10%
SKILL_ELEMENTALRANGER_E16BL3_NAME,Danno critico vs. ustione
SKILL_ELEMENTALRANGER_E16BL4_DESC,Aumenta il tuo Danno critico contro i nemici ustionati di 10%
SKILL_ELEMENTALRANGER_E16BL4_NAME,Danno critico vs. ustione
SKILL_ELEMENTALRANGER_E16BR1_DESC,Aumenta la tua Probabilità di critico contro i nemici ustionati di 4%
SKILL_ELEMENTALRANGER_E16BR1_NAME,Probabilità di critico vs. ustione
SKILL_ELEMENTALRANGER_E16BR2_DESC,Aumenta la tua Probabilità di critico contro i nemici ustionati di 4%
SKILL_ELEMENTALRANGER_E16BR2_NAME,Probabilità di critico vs. ustione
SKILL_ELEMENTALRANGER_E16BR3_DESC,Aumenta la tua Probabilità di critico contro i nemici ustionati di 4%
SKILL_ELEMENTALRANGER_E16BR3_NAME,Probabilità di critico vs. ustione
SKILL_ELEMENTALRANGER_E16BR4_DESC,Aumenta la tua Probabilità di critico contro i nemici ustionati di 4%
SKILL_ELEMENTALRANGER_E16BR4_NAME,Probabilità di critico vs. ustione
SKILL_ELEMENTALRANGER_EBL1_DESC,Aumenta il tuo Danno critico contro i nemici ustionati del 25% \n Aumenta la tua Velocità d'attacco del 9%
SKILL_ELEMENTALRANGER_EBL1_NAME,Cacciatore dal sangue caldo
SKILL_ELEMENTALRANGER_EBR1_DESC,Aumenta il tuo Danno perforante di 9% \n Aumenta la tua Probabilità di critico contro i nemici ustionati di 8%
SKILL_ELEMENTALRANGER_EBR1_NAME,Mira termica
SKILL_ELEMENTALRANGER_HWYNE_DESC,Aumenta la tua Celerità magica di 8. \n Aumenta di 4 la Concentrazione che ottieni al colpo.
SKILL_ELEMENTALRANGER_HWYNE_NAME,Slancio arcano
SKILL_ELEMENTALRANGER_HWYNE1_DESC,Aumenta la tua Celerità magica di 2
SKILL_ELEMENTALRANGER_HWYNE1_NAME,Celerità magica
SKILL_ELEMENTALRANGER_HWYNE2_DESC,Aumenta la tua Celerità magica di 2
SKILL_ELEMENTALRANGER_HWYNE2_NAME,Celerità magica
SKILL_ELEMENTALRANGER_HWYNW_DESC,Aumenta la tua Velocità d'attacco di 6% \n Aumenta di 2 il valore massimo di Gelo applicabile.
SKILL_ELEMENTALRANGER_HWYNW_NAME,Tiro gelido
SKILL_ELEMENTALRANGER_HWYNW1_DESC,Aumenta la tua Velocità d'attacco di 3%
SKILL_ELEMENTALRANGER_HWYNW1_NAME,Aumento di Velocità d'attacco
SKILL_ELEMENTALRANGER_HWYNW2_DESC,Aumenta di 1 il valore massimo di Gelo applicabile.
SKILL_ELEMENTALRANGER_HWYNW2_NAME,Aumento di Gelo max
SKILL_ELEMENTALRANGER_HWYSE_DESC,Aumenta di 2 il Veleno massimo che puoi applicare. \n Aumenta di 2 l'Ustione massima che puoi applicare.
SKILL_ELEMENTALRANGER_HWYSE_NAME,Faretra del fuoco infetto
SKILL_ELEMENTALRANGER_HWYSE1_DESC,Aumenta di 1 il valore massimo di Veleno applicabile.
SKILL_ELEMENTALRANGER_HWYSE1_NAME,Aumento di Veleno max
SKILL_ELEMENTALRANGER_HWYSE2_DESC,Aumenta di 1 il valore massimo di Ustione applicabile.
SKILL_ELEMENTALRANGER_HWYSE2_NAME,Aumento di Ustione max
SKILL_ELEMENTALRANGER_HWYSW_DESC,Aumenta di 2 il Sanguinamento massimo che puoi applicare. \n Aumenta la tua Celerità magica di 4.
SKILL_ELEMENTALRANGER_HWYSW_NAME,Concentrazione ravvivata dal sangue
SKILL_ELEMENTALRANGER_HWYSW1_DESC,Aumenta di 1 il valore massimo di Sanguinamento applicabile.
SKILL_ELEMENTALRANGER_HWYSW1_NAME,Aumento di Sanguinamento max
SKILL_ELEMENTALRANGER_HWYSW2_DESC,Aumenta la tua Celerità magica di 2
SKILL_ELEMENTALRANGER_HWYSW2_NAME,Celerità magica
SKILL_ELEMENTALRANGER_KEYSTONENE_DESC,"Colpire un nemico con il tuo terzo attacco in mischia conferisce un bonus cumulabile del 5% al Danno da fuoco per carica di Ustione sul nemico, fino a 10 cariche. Il bonus viene consumato dal tuo prossimo incantesimo di Fuoco."
SKILL_ELEMENTALRANGER_KEYSTONENE_NAME,Colpo Innesco
SKILL_ELEMENTALRANGER_KEYSTONENW_DESC,Lanciare un incantesimo di ghiaccio aumenta il tuo Danno fisico del 25% per 5 secondi.
SKILL_ELEMENTALRANGER_KEYSTONENW_NAME,Possanza Forgiata dal Gelo
SKILL_ELEMENTALRANGER_KEYSTONESE_DESC,"Colpire un nemico ustionato con un attacco a distanza lancia una piccola palla di fuoco contro il bersaglio. Il numero di palle di fuoco aumenta con il numero di cariche di Ustione, fino a 10."
SKILL_ELEMENTALRANGER_KEYSTONESE_NAME,Cascata di Brace
SKILL_ELEMENTALRANGER_KEYSTONESW_DESC,"Quando colpisci un nemico con il tuo terzo attacco a distanza, se il bersaglio è assiderato, scocca da dietro di lui una freccia di ghiaccio gigante che trafigge tutti i nemici colpiti, infliggendo Danno da ghiaccio."
SKILL_ELEMENTALRANGER_KEYSTONESW_NAME,Freccia del Freddo Profondo
SKILL_ELEMENTALRANGER_N10BL1_DESC,Aumenta di 3% tutto il Danno fisico
SKILL_ELEMENTALRANGER_N10BL1_NAME,Aumento di Danno fisico
SKILL_ELEMENTALRANGER_N10BL2_DESC,Aumenta di 3% tutto il Danno fisico
SKILL_ELEMENTALRANGER_N10BL2_NAME,Aumento di Danno fisico
SKILL_ELEMENTALRANGER_N10BL3_DESC,Aumenta di 3% tutto il Danno fisico
SKILL_ELEMENTALRANGER_N10BL3_NAME,Aumento di Danno fisico
SKILL_ELEMENTALRANGER_N10BL4_DESC,Aumenta di 3% tutto il Danno fisico
SKILL_ELEMENTALRANGER_N10BL4_NAME,Aumento di Danno fisico
SKILL_ELEMENTALRANGER_N10BR1_DESC,Aumenta di 20% il danno della tua Ustione
SKILL_ELEMENTALRANGER_N10BR1_NAME,Aumento del danno da Ustione
SKILL_ELEMENTALRANGER_N10BR2_DESC,Aumenta di 20% il danno della tua Ustione
SKILL_ELEMENTALRANGER_N10BR2_NAME,Aumento del danno da Ustione
SKILL_ELEMENTALRANGER_N10BR3_DESC,Aumenta di 20% il danno della tua Ustione
SKILL_ELEMENTALRANGER_N10BR3_NAME,Aumento del danno da Ustione
SKILL_ELEMENTALRANGER_N10BR4_DESC,Aumenta di 20% il danno della tua Ustione
SKILL_ELEMENTALRANGER_N10BR4_NAME,Aumento del danno da Ustione
SKILL_ELEMENTALRANGER_N16BL1_DESC,Aumenta il tuo Danno critico contro i nemici assiderati di 10%
SKILL_ELEMENTALRANGER_N16BL1_NAME,Danno critico vs. assiderato
SKILL_ELEMENTALRANGER_N16BL2_DESC,Aumenta il tuo Danno critico contro i nemici assiderati di 10%
SKILL_ELEMENTALRANGER_N16BL2_NAME,Danno critico vs. assiderato
SKILL_ELEMENTALRANGER_N16BL3_DESC,Aumenta il tuo Danno critico contro i nemici assiderati di 10%
SKILL_ELEMENTALRANGER_N16BL3_NAME,Danno critico vs. assiderato
SKILL_ELEMENTALRANGER_N16BL4_DESC,Aumenta il tuo Danno critico contro i nemici assiderati di 10%
SKILL_ELEMENTALRANGER_N16BL4_NAME,Danno critico vs. assiderato
SKILL_ELEMENTALRANGER_N16BR1_DESC,Aumenta il tuo Danno da fuoco di 3%
SKILL_ELEMENTALRANGER_N16BR1_NAME,Aumento di Danno da fuoco
SKILL_ELEMENTALRANGER_N16BR2_DESC,Aumenta il tuo Danno da fuoco di 3%
SKILL_ELEMENTALRANGER_N16BR2_NAME,Aumento di Danno da fuoco
SKILL_ELEMENTALRANGER_N16BR3_DESC,Aumenta il tuo Danno da fuoco di 3%
SKILL_ELEMENTALRANGER_N16BR3_NAME,Aumento di Danno da fuoco
SKILL_ELEMENTALRANGER_N16BR4_DESC,Aumenta il tuo Danno da fuoco di 3%
SKILL_ELEMENTALRANGER_N16BR4_NAME,Aumento di Danno da fuoco
SKILL_ELEMENTALRANGER_NBL1_DESC,Aumenta tutto il Danno fisico del 9% \n Aumenta il tuo Danno critico contro i nemici assiderati del 25%
SKILL_ELEMENTALRANGER_NBL1_NAME,Precisione focalizzata sul gelo
SKILL_ELEMENTALRANGER_NBR1_DESC,Aumenta il danno della tua Ustione del 60% \n Aumenta il tuo Danno da fuoco del 9%
SKILL_ELEMENTALRANGER_NBR1_NAME,Cacciatore della terra bruciata
SKILL_ELEMENTALRANGER_S10BL1_DESC,Aumenta la tua Probabilità di critico contro i nemici assiderati di 4%
SKILL_ELEMENTALRANGER_S10BL1_NAME,Probabilità di critico vs. assiderato
SKILL_ELEMENTALRANGER_S10BL2_DESC,Aumenta la tua Probabilità di critico contro i nemici assiderati di 4%
SKILL_ELEMENTALRANGER_S10BL2_NAME,Probabilità di critico vs. assiderato
SKILL_ELEMENTALRANGER_S10BL3_DESC,Aumenta la tua Probabilità di critico contro i nemici assiderati di 4%
SKILL_ELEMENTALRANGER_S10BL3_NAME,Probabilità di critico vs. assiderato
SKILL_ELEMENTALRANGER_S10BL4_DESC,Aumenta la tua Probabilità di critico contro i nemici assiderati di 4%
SKILL_ELEMENTALRANGER_S10BL4_NAME,Probabilità di critico vs. assiderato
SKILL_ELEMENTALRANGER_S10BR1_DESC,Aumenta la tua Velocità di movimento di 2%
SKILL_ELEMENTALRANGER_S10BR1_NAME,Aumento di Velocità di movimento
SKILL_ELEMENTALRANGER_S10BR2_DESC,Aumenta la tua Velocità di movimento di 2%
SKILL_ELEMENTALRANGER_S10BR2_NAME,Aumento di Velocità di movimento
SKILL_ELEMENTALRANGER_S10BR3_DESC,Aumenta la tua Velocità di movimento di 2%
SKILL_ELEMENTALRANGER_S10BR3_NAME,Aumento di Velocità di movimento
SKILL_ELEMENTALRANGER_S10BR4_DESC,Aumenta la tua Velocità di movimento di 2%
SKILL_ELEMENTALRANGER_S10BR4_NAME,Aumento di Velocità di movimento
SKILL_ELEMENTALRANGER_S16BL1_DESC,Aumenta il tuo Danno perforante di 3%
SKILL_ELEMENTALRANGER_S16BL1_NAME,Aumento di Danno perforante
SKILL_ELEMENTALRANGER_S16BL2_DESC,Aumenta il tuo Danno perforante di 3%
SKILL_ELEMENTALRANGER_S16BL2_NAME,Aumento di Danno perforante
SKILL_ELEMENTALRANGER_S16BL3_DESC,Aumenta il tuo Danno perforante di 3%
SKILL_ELEMENTALRANGER_S16BL3_NAME,Aumento di Danno perforante
SKILL_ELEMENTALRANGER_S16BL4_DESC,Aumenta il tuo Danno perforante di 3%
SKILL_ELEMENTALRANGER_S16BL4_NAME,Aumento di Danno perforante
SKILL_ELEMENTALRANGER_S16BR1_DESC,Aumenta di 1 il valore massimo di Ustione applicabile.
SKILL_ELEMENTALRANGER_S16BR1_NAME,Aumento di Ustione max
SKILL_ELEMENTALRANGER_S16BR2_DESC,Aumenta di 1 il valore massimo di Ustione applicabile.
SKILL_ELEMENTALRANGER_S16BR2_NAME,Aumento di Ustione max
SKILL_ELEMENTALRANGER_S16BR3_DESC,Aumenta di 1 il valore massimo di Ustione applicabile.
SKILL_ELEMENTALRANGER_S16BR3_NAME,Aumento di Ustione max
SKILL_ELEMENTALRANGER_S16BR4_DESC,Aumenta di 1 il valore massimo di Ustione applicabile.
SKILL_ELEMENTALRANGER_S16BR4_NAME,Aumento di Ustione max
SKILL_ELEMENTALRANGER_SBL1_DESC,Aumenta la tua Probabilità di critico contro i nemici assiderati dell'8% \n Aumenta il tuo Danno perforante del 9%
SKILL_ELEMENTALRANGER_SBL1_NAME,Mira focalizzata sul tempo
SKILL_ELEMENTALRANGER_SBR1_DESC,Aumenta la tua Velocità di movimento di 5% \n Aumenta di 3 il valore massimo di Ustione applicabile.
SKILL_ELEMENTALRANGER_SBR1_NAME,Ranger dell'Incendio Selvaggio
SKILL_ELEMENTALRANGER_STARTLINK1_DESC,Aumenta di 8 il valore massimo di Salute.
SKILL_ELEMENTALRANGER_STARTLINK1_NAME,Potenziamento di Salute
SKILL_ELEMENTALRANGER_STARTLINK2_DESC,Aumenta di 3 il valore massimo di Concentrazione.
SKILL_ELEMENTALRANGER_STARTLINK2_NAME,Potenziamento di Concentrazione
SKILL_ELEMENTALRANGER_W10BL1_DESC,Aumenta di 1 secondo la durata del tuo Gelo.
SKILL_ELEMENTALRANGER_W10BL1_NAME,Aumento di Durata Gelo
SKILL_ELEMENTALRANGER_W10BL2_DESC,Aumenta di 1 secondo la durata del tuo Gelo.
SKILL_ELEMENTALRANGER_W10BL2_NAME,Aumento di Durata Gelo
SKILL_ELEMENTALRANGER_W10BL3_DESC,Aumenta di 1 secondo la durata del tuo Gelo.
SKILL_ELEMENTALRANGER_W10BL3_NAME,Aumento di Durata Gelo
SKILL_ELEMENTALRANGER_W10BL4_DESC,Aumenta di 1 secondo la durata del tuo Gelo.
SKILL_ELEMENTALRANGER_W10BL4_NAME,Aumento di Durata Gelo
SKILL_ELEMENTALRANGER_W10BR1_DESC,Aumenta il tuo Danno da ghiaccio di 3%
SKILL_ELEMENTALRANGER_W10BR1_NAME,Aumento di Danno da ghiaccio
SKILL_ELEMENTALRANGER_W10BR2_DESC,Aumenta il tuo Danno da ghiaccio di 3%
SKILL_ELEMENTALRANGER_W10BR2_NAME,Aumento di Danno da ghiaccio
SKILL_ELEMENTALRANGER_W10BR3_DESC,Aumenta il tuo Danno da ghiaccio di 3%
SKILL_ELEMENTALRANGER_W10BR3_NAME,Aumento di Danno da ghiaccio
SKILL_ELEMENTALRANGER_W10BR4_DESC,Aumenta il tuo Danno da ghiaccio di 3%
SKILL_ELEMENTALRANGER_W10BR4_NAME,Aumento di Danno da ghiaccio
SKILL_ELEMENTALRANGER_W16BL1_DESC,Aumenta la tua Velocità d'attacco di 3%
SKILL_ELEMENTALRANGER_W16BL1_NAME,Aumento di Velocità d'attacco
SKILL_ELEMENTALRANGER_W16BL2_DESC,Aumenta la tua Velocità d'attacco di 3%
SKILL_ELEMENTALRANGER_W16BL2_NAME,Aumento di Velocità d'attacco
SKILL_ELEMENTALRANGER_W16BL3_DESC,Aumenta la tua Velocità d'attacco di 3%
SKILL_ELEMENTALRANGER_W16BL3_NAME,Aumento di Velocità d'attacco
SKILL_ELEMENTALRANGER_W16BL4_DESC,Aumenta la tua Velocità d'attacco di 3%
SKILL_ELEMENTALRANGER_W16BL4_NAME,Aumento di Velocità d'attacco
SKILL_ELEMENTALRANGER_W16BR1_DESC,Aumenta la tua Celerità magica di 2
SKILL_ELEMENTALRANGER_W16BR1_NAME,Celerità magica
SKILL_ELEMENTALRANGER_W16BR2_DESC,Aumenta la tua Celerità magica di 2
SKILL_ELEMENTALRANGER_W16BR2_NAME,Celerità magica
SKILL_ELEMENTALRANGER_W16BR3_DESC,Aumenta la tua Celerità magica di 2
SKILL_ELEMENTALRANGER_W16BR3_NAME,Celerità magica
SKILL_ELEMENTALRANGER_W16BR4_DESC,Aumenta la tua Celerità magica di 2
SKILL_ELEMENTALRANGER_W16BR4_NAME,Celerità magica
SKILL_ELEMENTALRANGER_WBL1_DESC,Aumenta la durata del tuo Gelo di 2 secondi. \n Aumenta la tua Velocità d'attacco del 9%
SKILL_ELEMENTALRANGER_WBL1_NAME,Inseguitore focalizzato sul gelo
SKILL_ELEMENTALRANGER_WBR1_DESC,Aumenta il tuo Danno da ghiaccio del 9% \n Aumenta la tua Celerità magica di 5
SKILL_ELEMENTALRANGER_WBR1_NAME,Determinazione del ranger del gelo
SKILL_ELF_N1_DESC,Aumenta di 6 il valore massimo di Vigore.
SKILL_ELF_N1_NAME,Potenziamento di Vigore
SKILL_ELF_N10_DESC,Aumenta la tua Velocità d'attacco del 6% \n Aumenta il tuo danno contro i nemici sotto il 40% di Salute del 10%.
SKILL_ELF_N10_NAME,Finezza dei favoriti
SKILL_ELF_N16_DESC,Aumenta la tua Penetrazione fisica di 4. \n Aumenta di 2 il valore massimo di Ondata temporale applicabile.
SKILL_ELF_N16_NAME,Capacità senza tempo
SKILL_ELF_N4_DESC,Aumenta il tuo Vigore massimo di 6. \n Aumenta il tuo Danno perforante del 6%
SKILL_ELF_N4_NAME,Forma elfica
SKILL_ELF_NBL11_DESC,Aumenta la tua Penetrazione fisica di 2.
SKILL_ELF_NBL11_NAME,Penetrazione fisica
SKILL_ELF_NBL12_DESC,Aumenta la tua Penetrazione fisica di 2.
SKILL_ELF_NBL12_NAME,Penetrazione fisica
SKILL_ELF_NBL14_DESC,Aumenta la tua Penetrazione fisica di 2.
SKILL_ELF_NBL14_NAME,Penetrazione fisica
SKILL_ELF_NBL15_DESC,Aumenta la tua Penetrazione fisica di 2.
SKILL_ELF_NBL15_NAME,Penetrazione fisica
SKILL_ELF_NBL17_DESC,Aumenta la tua Probabilità di critico di 2%
SKILL_ELF_NBL17_NAME,Aumento della probabilità di critico da Taglio
SKILL_ELF_NBL18_DESC,Aumenta la tua Probabilità di critico di 4%
SKILL_ELF_NBL18_NAME,Aumento della probabilità di critico da Taglio
SKILL_ELF_NBL2_DESC,Aumenta di 3 il valore massimo di Vigore.
SKILL_ELF_NBL2_NAME,Potenziamento di Vigore
SKILL_ELF_NBL2R1_DESC,Aumenta di 3 il valore massimo di Vigore.
SKILL_ELF_NBL2R1_NAME,Potenziamento di Vigore
SKILL_ELF_NBL2R2_DESC,Aumenta di 6 il valore massimo di Vigore.
SKILL_ELF_NBL2R2_NAME,Potenziamento di Vigore
SKILL_ELF_NBL2R3_DESC,Aumenta la tua Rigenerazione del vigore di 3%
SKILL_ELF_NBL2R3_NAME,Aumento di Rigenerazione del vigore
SKILL_ELF_NBL2R4_DESC,Dissolvenza perfetta conferisce 5 cariche di Ondata temporale.
SKILL_ELF_NBL2R4_NAME,Dissolvenza Montante
SKILL_ELF_NBL3_DESC,Aumenta di 3 il valore massimo di Vigore.
SKILL_ELF_NBL3_NAME,Potenziamento di Vigore
SKILL_ELF_NBL5_DESC,Aumenta la tua Velocità d'attacco di 3%
SKILL_ELF_NBL5_NAME,Aumento di Velocità d'attacco
SKILL_ELF_NBL5R1_DESC,Aumenta la tua Velocità d'attacco di 3%
SKILL_ELF_NBL5R1_NAME,Aumento di Velocità d'attacco
SKILL_ELF_NBL5R2_DESC,Aumenta la tua Velocità d'attacco di 9%
SKILL_ELF_NBL5R2_NAME,Aumento di Velocità d'attacco
SKILL_ELF_NBL5R3_DESC,Aumenta la tua Velocità di movimento di 2%
SKILL_ELF_NBL5R3_NAME,Aumento di Velocità di movimento
SKILL_ELF_NBL5R4_DESC,Aumenta la tua Velocità di movimento di 2%
SKILL_ELF_NBL5R4_NAME,Aumento di Velocità di movimento
SKILL_ELF_NBL5R5_DESC,Aumenta la tua Velocità di movimento di 4%
SKILL_ELF_NBL5R5_NAME,Aumento di Velocità di movimento
SKILL_ELF_NBL5R6_DESC,Aumenta la tua Velocità di movimento di 2%
SKILL_ELF_NBL5R6_NAME,Aumento di Velocità di movimento
SKILL_ELF_NBL5R7_DESC,"Dopo aver usato un'abilità dell'Elfo, ottieni +15% Movimento per 2 secondi."
SKILL_ELF_NBL5R7_NAME,Velocità Elfica
SKILL_ELF_NBL7_DESC,Aumenta la tua Velocità d'attacco di 3%
SKILL_ELF_NBL7_NAME,Aumento di Velocità d'attacco
SKILL_ELF_NBL9_DESC,Aumenta la tua Velocità d'attacco di 3%
SKILL_ELF_NBL9_NAME,Aumento di Velocità d'attacco
SKILL_ELF_NBR11_DESC,Aumenta di 1 il valore massimo di Ondata temporale applicabile.
SKILL_ELF_NBR11_NAME,Aumento di Ondata temporale max
SKILL_ELF_NBR12_DESC,Aumenta di 1 il valore massimo di Ondata temporale applicabile.
SKILL_ELF_NBR12_NAME,Aumento di Ondata temporale max
SKILL_ELF_NBR14_DESC,Aumenta di 1 il valore massimo di Ondata temporale applicabile.
SKILL_ELF_NBR14_NAME,Aumento di Ondata temporale max
SKILL_ELF_NBR15_DESC,Aumenta di 1 il valore massimo di Ondata temporale applicabile.
SKILL_ELF_NBR15_NAME,Aumento di Ondata temporale max
SKILL_ELF_NBR17_DESC,Aumenta di 1 secondo la durata della tua Ondata temporale.
SKILL_ELF_NBR17_NAME,Durata Ondata temporale
SKILL_ELF_NBR18_DESC,Aumenta di 2 secondi la durata della tua Ondata temporale.
SKILL_ELF_NBR18_NAME,Durata Ondata temporale
SKILL_ELF_NBR2_DESC,Aumenta il tuo Danno perforante di 3%
SKILL_ELF_NBR2_NAME,Aumento di Danno perforante
SKILL_ELF_NBR2R1_DESC,Aumenta il tuo Danno perforante di 3%
SKILL_ELF_NBR2R1_NAME,Aumento di Danno perforante
SKILL_ELF_NBR2R2_DESC,Aumenta il tuo Danno perforante di 9%
SKILL_ELF_NBR2R2_NAME,Aumento di Danno perforante
SKILL_ELF_NBR2R3_DESC,Aumenta di 3% tutto il Danno fisico
SKILL_ELF_NBR2R3_NAME,Aumento di Danno fisico
SKILL_ELF_NBR2R4_DESC,"Dopo aver usato un'abilità dell'Elfo, ottieni +15% Danno d'attacco per 3 secondi."
SKILL_ELF_NBR2R4_NAME,Assalto Focalizzato
SKILL_ELF_NBR3_DESC,Aumenta il tuo Danno perforante di 3%
SKILL_ELF_NBR3_NAME,Aumento di Danno perforante
SKILL_ELF_NBR5_DESC,Aumenta di 5% il tuo danno contro i nemici sotto 40% di Salute.
SKILL_ELF_NBR5_NAME,Danno % vs. sotto 40% di Salute
SKILL_ELF_NBR5R1_DESC,Aumenta di 5% il tuo danno contro i nemici sotto 40% di Salute.
SKILL_ELF_NBR5R1_NAME,Danno % contro bersagli sotto il 40% di Salute
SKILL_ELF_NBR5R2_DESC,Aumenta di 5% il tuo danno contro i nemici sotto 40% di Salute.
SKILL_ELF_NBR5R2_NAME,Danno % contro bersagli sotto il 40% di Salute
SKILL_ELF_NBR5R3_DESC,Aumenta la tua Probabilità di critico di 4% contro i nemici sotto 40% di Salute.
SKILL_ELF_NBR5R3_NAME,Probabilità di critico contro bersagli sotto il 40% di Salute
SKILL_ELF_NBR5R4_DESC,Aumenta la tua Probabilità di critico di 4% contro i nemici sotto 40% di Salute.
SKILL_ELF_NBR5R4_NAME,Probabilità di critico contro bersagli sotto il 40% di Salute
SKILL_ELF_NBR5R5_DESC,Aumenta la tua Probabilità di critico di 8% contro i nemici sotto 40% di Salute.
SKILL_ELF_NBR5R5_NAME,Probabilità di critico contro bersagli sotto il 40% di Salute
SKILL_ELF_NBR5R6_DESC,Aumenta la tua Probabilità di critico di 4% contro i nemici sotto 40% di Salute.
SKILL_ELF_NBR5R6_NAME,Probabilità di critico contro bersagli sotto il 40% di Salute
SKILL_ELF_NBR5R7_DESC,"Quando infliggi un colpo critico a un nemico sotto il 40% di Salute, ottieni il 20% di Danno critico in più per 3 secondi."
SKILL_ELF_NBR5R7_NAME,Filo Finale
SKILL_ELF_NBR7_DESC,Aumenta di 5% il tuo danno contro i nemici sotto 40% di Salute.
SKILL_ELF_NBR7_NAME,Danno % vs. sotto 40% di Salute
SKILL_ELF_NBR9_DESC,Aumenta di 5% il tuo danno contro i nemici sotto 40% di Salute.
SKILL_ELF_NBR9_NAME,Danno % vs. sotto 40% di Salute
SKILL_ELF_NS1_DESC,"I nemici colpiti vengono rallentati del 15% per 2 secondi, ma Colpo in arretramento infligge il 20% di danno in meno."
SKILL_ELF_NS1_NAME,Passo indietro storpiante
SKILL_ELF_NS1B1_DESC,Aumenta di 1 per punto l'Ondata temporale ottenuta con Colpo in arretramento. (non esclude gli altri modificatori della soglia effetto)
SKILL_ELF_NS1B1_NAME,Aumento di Passo indietro Montante I
SKILL_ELF_NS1B10_DESC,Aumenta di 2 per punto il valore massimo di Eco temporale consumato da Passo indietro Riecheggiato.
SKILL_ELF_NS1B10_NAME,Aumento di Passo indietro Riecheggiato I
SKILL_ELF_NS1B11_DESC,Aumenta di 1 per punto il valore di Eco temporale applicato da Passo indietro Echeggiante.
SKILL_ELF_NS1B11_NAME,Aumento di Passo indietro Echeggiante I
SKILL_ELF_NS1B12_DESC,Aumenta di 1 per punto il valore di Sanguinamento applicato da Passo indietro Lacerante.
SKILL_ELF_NS1B12_NAME,Aumento di Passo indietro Lacerante I
SKILL_ELF_NS1B13_DESC,Aumenta di 2 per punto il valore massimo di Ondata temporale consumato da Passo indietro Montante.
SKILL_ELF_NS1B13_NAME,Aumento di Passo indietro Montante I
SKILL_ELF_NS1B14_DESC,Aumenta di 2 per punto il valore massimo di Eco temporale consumato da Passo indietro Riecheggiato.
SKILL_ELF_NS1B14_NAME,Aumento di Passo indietro Riecheggiato II
SKILL_ELF_NS1B15_DESC,Aumenta di 1 per punto il valore di Eco temporale applicato da Passo indietro Echeggiante.
SKILL_ELF_NS1B15_NAME,Aumento di Passo indietro Echeggiante II
SKILL_ELF_NS1B16_DESC,Aumenta di 1 per punto il valore di Sanguinamento applicato da Passo indietro Lacerante.
SKILL_ELF_NS1B16_NAME,Aumento di Passo indietro Lacerante II
SKILL_ELF_NS1B17_DESC,Aumenta di 2 per punto il valore massimo di Ondata temporale consumato da Passo indietro Montante.
SKILL_ELF_NS1B17_NAME,Aumento di Passo indietro Montante II
SKILL_ELF_NS1B18_DESC,Aumenta di 2 per punto il valore massimo di Eco temporale consumato da Passo indietro Riecheggiato.
SKILL_ELF_NS1B18_NAME,Aumento di Passo indietro Riecheggiato III
SKILL_ELF_NS1B19_DESC,Aumenta di 1 per punto il valore di Eco temporale applicato da Passo indietro Echeggiante.
SKILL_ELF_NS1B19_NAME,Aumento di Passo indietro Echeggiante III
SKILL_ELF_NS1B2_DESC,Aumenta di 1 per punto l'Ondata temporale ottenuta con Colpo in arretramento. (non esclude gli altri modificatori della soglia effetto)
SKILL_ELF_NS1B2_NAME,Aumento di Passo indietro Montante II
SKILL_ELF_NS1B20_DESC,Aumenta di 1 per punto il valore di Sanguinamento applicato da Passo indietro Lacerante.
SKILL_ELF_NS1B20_NAME,Aumento di Passo indietro Lacerante III
SKILL_ELF_NS1B21_DESC,Aumenta di 2 per punto il valore massimo di Ondata temporale consumato da Passo indietro Montante.
SKILL_ELF_NS1B21_NAME,Aumento di Passo indietro Montante III
SKILL_ELF_NS1B3_DESC,Aumenta di 1 per punto l'Ondata temporale ottenuta con Colpo in arretramento. (non esclude gli altri modificatori della soglia effetto)
SKILL_ELF_NS1B3_NAME,Aumento di Passo indietro Montante III
SKILL_ELF_NS1B4_DESC,Riduce il costo in Vigore del 10% per punto.
SKILL_ELF_NS1B4_NAME,Riduzione del costo in Colpo in arretramento I
SKILL_ELF_NS1B5_DESC,Riduce il tempo di recupero del 10% per punto.
SKILL_ELF_NS1B5_NAME,Riduzione del Tempo di recupero di Colpo in arretramento I
SKILL_ELF_NS1B6_DESC,Riduce il costo in Vigore del 10% per punto.
SKILL_ELF_NS1B6_NAME,Riduzione del costo in Colpo in arretramento II
SKILL_ELF_NS1B7_DESC,Riduce il tempo di recupero del 10% per punto.
SKILL_ELF_NS1B7_NAME,Riduzione del Tempo di recupero di Colpo in arretramento II
SKILL_ELF_NS1B8_DESC,Riduce il costo in Vigore del 10% per punto.
SKILL_ELF_NS1B8_NAME,Riduzione del costo in Colpo in arretramento III
SKILL_ELF_NS1B9_DESC,Riduce il tempo di recupero del 10% per punto.
SKILL_ELF_NS1B9_NAME,Riduzione del Tempo di recupero di Colpo in arretramento III
SKILL_ELF_NS1U1_DESC,"Infliggi il 30% di danno extra ai nemici sotto il 40% di HP, ma il 50% di danno in meno sopra tale soglia."
SKILL_ELF_NS1U1_NAME,Passo indietro esecutore
SKILL_ELF_NS1U2_DESC,"Al termine dello scatto, colpisci di nuovo in un'area più ampia. Se entrambi gli attacchi vanno a segno, riduci il tempo di recupero di Colpo in arretramento del 50%."
SKILL_ELF_NS1U2_NAME,Passo indietro Ripetuto
SKILL_ELF_NS1U3_DESC,"Se Colpo in arretramento colpisce almeno 1 nemico, puoi rilanciarlo entro 2 secondi per scattare in avanti e colpire di nuovo con il 50% del danno. Il secondo colpo non può conferire Ondata temporale."
SKILL_ELF_NS1U3_NAME,Passo indietro inseguitore
SKILL_ELF_NS1U4_DESC,"Consuma fino a 5 cariche di Eco temporale sui nemici colpiti per infliggere il 5% di Danno da stordimento extra per Eco consumata, ma Colpo in arretramento non conferisce più Ondata temporale."
SKILL_ELF_NS1U4_NAME,Passo indietro Riecheggiato
SKILL_ELF_NS1U5_DESC,Applica 3 cariche di Eco temporale a tutti i nemici colpiti.
SKILL_ELF_NS1U5_NAME,Passo indietro Echeggiante
SKILL_ELF_NS1U6_DESC,Applica 3 cariche di Sanguinamento a tutti i nemici colpiti.
SKILL_ELF_NS1U6_NAME,Passo indietro Lacerante
SKILL_ELF_NS1U7_DESC,"Non ottieni più Ondata temporale quando colpisci un nemico. Invece, se hai Ondata temporale, consumala per infliggere istanze aggiuntive di danno. Ottieni 1 istanza extra per carica di Ondata temporale consumata, fino a 5."
SKILL_ELF_NS1U7_NAME,Passo indietro Montante
SKILL_ELF_NS2_DESC,"Premi per lanciare. Scatta in avanti e colpisci 3 volte, infliggendo Danno perforante a tutti i nemici a portata e convertendo fino a 10 cariche di Ondata temporale in cariche di Colpo doppio. Colpo doppio fa sì che ogni istanza di danno dei tuoi attacchi colpisca due volte."
SKILL_ELF_NS2_NAME,Echi di mutilazione
SKILL_ELF_NS2B1_DESC,Aumenta di 1 il numero massimo di cariche temporali convertite.
SKILL_ELF_NS2B1_NAME,Aumento cariche massime convertite di Echi di mutilazione I
SKILL_ELF_NS2B10_DESC,Aumenta di 1 per punto il limite di Colpo doppio ottenuto con Mutilazione Mietente.
SKILL_ELF_NS2B10_NAME,Aumento di Mutilazione Mietente I
SKILL_ELF_NS2B11_DESC,Il colpo finale applica 1 carica aggiuntiva di Sanguinamento per punto.
SKILL_ELF_NS2B11_NAME,Aumento di Mutilazione Lacerante I
SKILL_ELF_NS2B12_DESC,Aumenta il Danno da stordimento extra del 5% per punto.
SKILL_ELF_NS2B12_NAME,Aumento di Mutilazione Riecheggiato I
SKILL_ELF_NS2B13_DESC,Aumenta di 1 l'Eco temporale applicata da ogni colpo di Mutilazione Echeggiante.
SKILL_ELF_NS2B13_NAME,Aumento di Mutilazione Echeggiante I
SKILL_ELF_NS2B14_DESC,Aumenta di 1 per punto il limite di Colpo doppio ottenuto con Mutilazione Mietente.
SKILL_ELF_NS2B14_NAME,Aumento di Mutilazione Mietente II
SKILL_ELF_NS2B15_DESC,Il colpo finale applica 1 carica aggiuntiva di Sanguinamento per punto.
SKILL_ELF_NS2B15_NAME,Aumento di Mutilazione Lacerante II
SKILL_ELF_NS2B16_DESC,Aumenta il Danno da stordimento extra del 5% per punto.
SKILL_ELF_NS2B16_NAME,Aumento di Mutilazione Riecheggiato II
SKILL_ELF_NS2B17_DESC,Aumenta di 1 l'Eco temporale applicata da ogni colpo di Mutilazione Echeggiante.
SKILL_ELF_NS2B17_NAME,Aumento di Mutilazione Echeggiante II
SKILL_ELF_NS2B18_DESC,Aumenta di 1 per punto il limite di Colpo doppio ottenuto con Mutilazione Mietente.
SKILL_ELF_NS2B18_NAME,Aumento di Mutilazione Mietente III
SKILL_ELF_NS2B19_DESC,Il colpo finale applica 1 carica aggiuntiva di Sanguinamento per punto.
SKILL_ELF_NS2B19_NAME,Aumento di Mutilazione Lacerante III
SKILL_ELF_NS2B2_DESC,Aumenta di 1 il numero massimo di cariche temporali convertite.
SKILL_ELF_NS2B2_NAME,Aumento cariche massime convertite di Echi di mutilazione III
SKILL_ELF_NS2B20_DESC,Aumenta il Danno da stordimento extra del 5% per punto.
SKILL_ELF_NS2B20_NAME,Aumento di Mutilazione Riecheggiato III
SKILL_ELF_NS2B21_DESC,Aumenta di 1 l'Eco temporale applicata da ogni colpo di Mutilazione Echeggiante.
SKILL_ELF_NS2B21_NAME,Aumento di Mutilazione Echeggiante III
SKILL_ELF_NS2B3_DESC,Aumenta di 1 il numero massimo di cariche temporali convertite.
SKILL_ELF_NS2B3_NAME,Aumento cariche massime convertite di Echi di mutilazione II
SKILL_ELF_NS2B4_DESC,Aumenta di 1 i colpi iniziali di Echi di mutilazione.
SKILL_ELF_NS2B4_NAME,Aumento colpi di Echi di mutilazione I
SKILL_ELF_NS2B5_DESC,Riduce di 10% per punto il tempo di recupero di Echi di mutilazione.
SKILL_ELF_NS2B5_NAME,Riduzione del Tempo di recupero di Echi di mutilazione I
SKILL_ELF_NS2B6_DESC,Aumenta di 1 i colpi iniziali di Echi di mutilazione.
SKILL_ELF_NS2B6_NAME,Aumento colpi di Echi di mutilazione II
SKILL_ELF_NS2B7_DESC,Riduce di 10% per punto il tempo di recupero di Echi di mutilazione.
SKILL_ELF_NS2B7_NAME,Riduzione del Tempo di recupero di Echi di mutilazione II
SKILL_ELF_NS2B8_DESC,Aumenta di 1 i colpi iniziali di Echi di mutilazione.
SKILL_ELF_NS2B8_NAME,Aumento colpi di Echi di mutilazione III
SKILL_ELF_NS2B9_DESC,Riduce di 10% per punto il tempo di recupero di Echi di mutilazione.
SKILL_ELF_NS2B9_NAME,Riduzione del Tempo di recupero di Echi di mutilazione III
SKILL_ELF_NS2U1_DESC,"Aumenta il raggio dei colpi del 50%, ma ogni colpo infligge il 20% di danno in meno."
SKILL_ELF_NS2U1_NAME,Mutilazione espansiva
SKILL_ELF_NS2U2_DESC,"Al termine dello scatto, un'immagine residua ripete i colpi con il 40% del danno. Echi di mutilazione conferisce il 50% di cariche di Colpo doppio in meno."
SKILL_ELF_NS2U2_NAME,Mutilazione Ripetuta
SKILL_ELF_NS2U3_DESC,"Se almeno un nemico viene colpito da tutti i colpi, puoi rilanciare entro 2 secondi per scattare verso un bersaglio vicino e ripetere il colpo finale con il 50% del danno. Il rilancio non può conferire Colpo doppio."
SKILL_ELF_NS2U3_NAME,Mutilazione inseguitrice
SKILL_ELF_NS2U4_DESC,"Dopo il colpo finale, scatta indietro per una breve distanza."
SKILL_ELF_NS2U4_NAME,Mutilazione in ritirata
SKILL_ELF_NS2U5_DESC,"Consuma tutto il Sanguinamento sui nemici colpiti dal colpo finale. Per ogni carica di Sanguinamento consumata, ottieni 1 carica di Colpo doppio, fino a un limite di 10. Echi di mutilazione non ottiene più Colpo doppio da Ondata temporale."
SKILL_ELF_NS2U5_NAME,Mutilazione Mietente
SKILL_ELF_NS2U6_DESC,I colpi iniziali applicano Sanguinamento.
SKILL_ELF_NS2U6_NAME,Mutilazione Lacerante
SKILL_ELF_NS2U7_DESC,"Consuma tutta l'Eco temporale sui nemici colpiti dal colpo finale per infliggere il 15% di Danno da stordimento extra e rallentarli del 30% per 2 secondi, ma Echi di mutilazione non conferisce più Colpo doppio."
SKILL_ELF_NS2U7_NAME,Mutilazione Riecheggiato
SKILL_ELF_NS2U8_DESC,"Applica 1 carica di Eco temporale con ogni colpo, ma Echi di mutilazione conferisce il 50% di cariche di Colpo doppio in meno."
SKILL_ELF_NS2U8_NAME,Mutilazione Echeggiante
SKILL_ELF_NS3_DESC,"Premi per lanciare. Sospendi il tempo, sfrecciando tra i nemici e colpendo una volta per carica di Eco temporale consumata, infliggendo Danno perforante con ogni colpo, fino a 10 colpi per nemico. L'assalto continua finché tutta l'Eco temporale non viene consumata."
SKILL_ELF_NS3_NAME,Assalto illimitato
SKILL_ELF_NS3B1_DESC,Aumenta di 6% per punto il danno di Assalto illimitato.
SKILL_ELF_NS3B1_NAME,Aumento del danno da Assalto illimitato I
SKILL_ELF_NS3B10_DESC,Aumenta di 1 per punto il valore di Ondata temporale ottenuto da Assalto Montante.
SKILL_ELF_NS3B10_NAME,Aumento di Assalto Montante I
SKILL_ELF_NS3B11_DESC,Aumenta di 1 per punto il Colpo doppio massimo ottenibile.
SKILL_ELF_NS3B11_NAME,Aumento di Assalto Montante I
SKILL_ELF_NS3B12_DESC,Aumenta di 1 per punto il valore di Sanguinamento applicato da Assalto Lacerante.
SKILL_ELF_NS3B12_NAME,Aumento di Assalto Lacerante I
SKILL_ELF_NS3B13_DESC,Aumenta dello 0.5% per punto la riduzione del tempo di recupero ottenuta per carica di Sanguinamento consumata da Assalto Mietente
SKILL_ELF_NS3B13_NAME,Aumento di Assalto Mietente I
SKILL_ELF_NS3B14_DESC,Aumenta dell'1% per punto il danno ottenuto per carica di Eco temporale consumata da Assalto Riecheggiato.
SKILL_ELF_NS3B14_NAME,Aumento di Assalto Riecheggiato II
SKILL_ELF_NS3B15_DESC,Aumenta di 1 per punto il valore di Eco temporale applicato da Assalto Echeggiante.
SKILL_ELF_NS3B15_NAME,Aumento di Assalto Echeggiante II
SKILL_ELF_NS3B16_DESC,Aumenta di 1 per punto il valore di Ondata temporale ottenuto da Assalto Montante.
SKILL_ELF_NS3B16_NAME,Aumento di Assalto Montante II
SKILL_ELF_NS3B17_DESC,Aumenta di 1 per punto il Colpo doppio massimo ottenibile.
SKILL_ELF_NS3B17_NAME,Aumento di Assalto Montante II
SKILL_ELF_NS3B18_DESC,Aumenta di 1 per punto il valore di Sanguinamento applicato da Assalto Lacerante.
SKILL_ELF_NS3B18_NAME,Aumento di Assalto Lacerante II
SKILL_ELF_NS3B19_DESC,Aumenta dello 0.5% per punto la riduzione del tempo di recupero ottenuta per carica di Sanguinamento consumata da Assalto Mietente
SKILL_ELF_NS3B19_NAME,Aumento di Assalto Mietente II
SKILL_ELF_NS3B2_DESC,Aumenta di 6% per punto il danno di Assalto illimitato.
SKILL_ELF_NS3B2_NAME,Aumento del danno da Assalto illimitato II
SKILL_ELF_NS3B20_DESC,Aumenta dell'1% per punto il danno ottenuto per carica di Eco temporale consumata da Assalto Riecheggiato.
SKILL_ELF_NS3B20_NAME,Aumento di Assalto Riecheggiato III
SKILL_ELF_NS3B21_DESC,Aumenta di 1 per punto il valore di Eco temporale applicato da Assalto Echeggiante.
SKILL_ELF_NS3B21_NAME,Aumento di Assalto Echeggiante III
SKILL_ELF_NS3B22_DESC,Aumenta di 1 per punto il valore di Ondata temporale ottenuto da Assalto Montante.
SKILL_ELF_NS3B22_NAME,Aumento di Assalto Montante III
SKILL_ELF_NS3B23_DESC,Aumenta di 1 per punto il Colpo doppio massimo ottenibile.
SKILL_ELF_NS3B23_NAME,Aumento di Assalto Montante III
SKILL_ELF_NS3B24_DESC,Aumenta di 1 per punto il valore di Sanguinamento applicato da Assalto Lacerante.
SKILL_ELF_NS3B24_NAME,Aumento di Assalto Lacerante III
SKILL_ELF_NS3B25_DESC,Aumenta dello 0.5% per punto la riduzione del tempo di recupero ottenuta per carica di Sanguinamento consumata da Assalto Mietente
SKILL_ELF_NS3B25_NAME,Aumento di Assalto Mietente III
SKILL_ELF_NS3B3_DESC,Aumenta di 6% per punto il danno di Assalto illimitato.
SKILL_ELF_NS3B3_NAME,Aumento del danno da Assalto illimitato III
SKILL_ELF_NS3B4_DESC,Riduce di 10% per punto il tempo di recupero di Assalto illimitato.
SKILL_ELF_NS3B4_NAME,Riduzione del Tempo di recupero di Assalto illimitato I
SKILL_ELF_NS3B5_DESC,Riduce il costo in Vigore e Concentrazione di Assalto illimitato del 12% per punto.
SKILL_ELF_NS3B5_NAME,Riduzione costo di Assalto illimitato I
SKILL_ELF_NS3B6_DESC,Riduce di 10% per punto il tempo di recupero di Assalto illimitato.
SKILL_ELF_NS3B6_NAME,Riduzione del Tempo di recupero di Assalto illimitato II
SKILL_ELF_NS3B7_DESC,Riduce il costo in Vigore e Concentrazione di Assalto illimitato del 12% per punto.
SKILL_ELF_NS3B7_NAME,Riduzione costo di Assalto illimitato II
SKILL_ELF_NS3B8_DESC,Aumenta dell'1% per punto il danno ottenuto per carica di Eco temporale consumata da Assalto Riecheggiato.
SKILL_ELF_NS3B8_NAME,Aumento di Assalto Riecheggiato I
SKILL_ELF_NS3B9_DESC,Aumenta di 1 per punto il valore di Eco temporale applicato da Assalto Echeggiante.
SKILL_ELF_NS3B9_NAME,Aumento di Assalto Echeggiante I
SKILL_ELF_NS3U1_DESC,"Aumenta la portata del 40%, ma riduce di 5 i colpi massimi per nemico."
SKILL_ELF_NS3U1_NAME,Assalto dispersivo
SKILL_ELF_NS3U2_DESC,"Riduce la portata del 40%, ma aumenta di 5 i colpi massimi per nemico."
SKILL_ELF_NS3U2_NAME,Assalto Focalizzato
SKILL_ELF_NS3U3_DESC,"Per ogni carica di Eco temporale consumata, il danno dei colpi successivi nella sequenza aumenta dell'8%, ma il numero massimo di colpi per nemico si riduce di 5."
SKILL_ELF_NS3U3_NAME,Assalto Riecheggiato
SKILL_ELF_NS3U4_DESC,"Assalto illimitato non consuma più Eco temporale. Invece, colpisci una volta ogni nemico a portata e applica 4 cariche di Eco temporale a ogni nemico colpito."
SKILL_ELF_NS3U4_NAME,Assalto Echeggiante
SKILL_ELF_NS3U5_DESC,"Ottieni 1 carica di Ondata temporale per ogni nemico distinto colpito, fino a 5, ma i colpi infliggono il 30% di danno in meno."
SKILL_ELF_NS3U5_NAME,Assalto Montante
SKILL_ELF_NS3U6_DESC,"Consuma Ondata temporale al lancio. Per ogni carica di Ondata consumata, ottieni 1 carica di Colpo doppio per ogni nemico distinto colpito, fino a un limite di 5. Assalto illimitato può consumare un massimo di 5 cariche di Ondata temporale."
SKILL_ELF_NS3U6_NAME,Assalto Montante
SKILL_ELF_NS3U7_DESC,"Ogni colpo applica 1 carica di Sanguinamento, ma il Danno da taglio è ridotto del 30%."
SKILL_ELF_NS3U7_NAME,Assalto Lacerante
SKILL_ELF_NS3U8_DESC,L'ultimo colpo su ogni nemico consuma tutto il Sanguinamento su quel bersaglio per ripristinare Vigore e Concentrazione e ridurre il tempo di recupero di questo incantesimo del 2% per carica di Sanguinamento consumata.
SKILL_ELF_NS3U8_NAME,Assalto Mietente
SKILL_ELF_S1_DESC,Aumenta di 6 il valore massimo di Concentrazione.
SKILL_ELF_S1_NAME,Potenziamento di Concentrazione
SKILL_ELF_S10_DESC,Aumenta la tua Velocità di movimento del 4% \n Aumenta il tuo danno contro i nemici affetti da Eco temporale del 12%
SKILL_ELF_S10_NAME,Adepto del tempo
SKILL_ELF_S16_DESC,Aumenta la tua Penetrazione magica di 4. \n Aumenta di 2 l'Eco temporale massima che puoi applicare.
SKILL_ELF_S16_NAME,Maestro del dominio temporale
SKILL_ELF_S4_DESC,Aumenta la tua Concentrazione massima di 6. \n Aumenta il tuo Danno da etere del 6%
SKILL_ELF_S4_NAME,Novizio temporale
SKILL_ELF_SBL11_DESC,Aumenta la tua Penetrazione magica di 2.
SKILL_ELF_SBL11_NAME,Penetrazione magica
SKILL_ELF_SBL12_DESC,Aumenta la tua Penetrazione magica di 2.
SKILL_ELF_SBL12_NAME,Penetrazione magica
SKILL_ELF_SBL14_DESC,Aumenta la tua Penetrazione magica di 2.
SKILL_ELF_SBL14_NAME,Penetrazione magica
SKILL_ELF_SBL15_DESC,Aumenta la tua Penetrazione magica di 2.
SKILL_ELF_SBL15_NAME,Penetrazione magica
SKILL_ELF_SBL17_DESC,Aumenta il tuo Danno critico di 6%
SKILL_ELF_SBL17_NAME,Aumento di Danno critico
SKILL_ELF_SBL18_DESC,Aumenta il tuo Danno critico di 18%
SKILL_ELF_SBL18_NAME,Aumento di Danno critico
SKILL_ELF_SBL2_DESC,Aumenta di 3 il valore massimo di Concentrazione.
SKILL_ELF_SBL2_NAME,Potenziamento di Concentrazione
SKILL_ELF_SBL2R1_DESC,Aumenta di 3 il valore massimo di Concentrazione.
SKILL_ELF_SBL2R1_NAME,Potenziamento di Concentrazione
SKILL_ELF_SBL2R2_DESC,Aumenta di 6 il valore massimo di Concentrazione.
SKILL_ELF_SBL2R2_NAME,Potenziamento di Concentrazione
SKILL_ELF_SBL2R3_DESC,Aumenta di 2 il recupero di Concentrazione al colpo.
SKILL_ELF_SBL2R3_NAME,Concentrazione al colpo
SKILL_ELF_SBL2R4_DESC,"Quando un nemico vicino ha più di 5 cariche di Eco, ottieni il 15% di rigenerazione della concentrazione."
SKILL_ELF_SBL2R4_NAME,Concentrazione Riecheggiata
SKILL_ELF_SBL3_DESC,Aumenta di 3 il valore massimo di Concentrazione.
SKILL_ELF_SBL3_NAME,Potenziamento di Concentrazione
SKILL_ELF_SBL5_DESC,Aumenta la tua Velocità di movimento di 2%
SKILL_ELF_SBL5_NAME,Aumento di Velocità di movimento
SKILL_ELF_SBL5R1_DESC,Aumenta la tua Velocità di movimento di 2%
SKILL_ELF_SBL5R1_NAME,Aumento di Velocità di movimento
SKILL_ELF_SBL5R2_DESC,Aumenta la tua Velocità di movimento di 4%
SKILL_ELF_SBL5R2_NAME,Aumento di Velocità di movimento
SKILL_ELF_SBL5R3_DESC,Aumenta la tua Velocità d'attacco di 3%
SKILL_ELF_SBL5R3_NAME,Aumento di Velocità d'attacco
SKILL_ELF_SBL5R4_DESC,Aumenta la tua Velocità d'attacco di 3%
SKILL_ELF_SBL5R4_NAME,Aumento di Velocità d'attacco
SKILL_ELF_SBL5R5_DESC,Aumenta la tua Velocità d'attacco di 9%
SKILL_ELF_SBL5R5_NAME,Aumento di Velocità d'attacco
SKILL_ELF_SBL5R6_DESC,Aumenta la tua Velocità d'attacco di 3%
SKILL_ELF_SBL5R6_NAME,Aumento di Velocità d'attacco
SKILL_ELF_SBL5R7_DESC,"Dopo aver usato un'abilità dell'Elfo, ottieni +15% Velocità di movimento per 3 secondi e +15% Velocità d'attacco per 3 secondi"
SKILL_ELF_SBL5R7_NAME,Lancio Accelerato
SKILL_ELF_SBL7_DESC,Aumenta la tua Velocità di movimento di 2%
SKILL_ELF_SBL7_NAME,Aumento di Velocità di movimento
SKILL_ELF_SBL9_DESC,Aumenta la tua Velocità di movimento di 2%
SKILL_ELF_SBL9_NAME,Aumento di Velocità di movimento
SKILL_ELF_SBR11_DESC,Aumenta di 1 il valore massimo di Eco temporale applicabile.
SKILL_ELF_SBR11_NAME,Aumento di Eco temporale max
SKILL_ELF_SBR12_DESC,Aumenta di 1 il valore massimo di Eco temporale applicabile.
SKILL_ELF_SBR12_NAME,Aumento di Eco temporale max
SKILL_ELF_SBR14_DESC,Aumenta di 1 il valore massimo di Eco temporale applicabile.
SKILL_ELF_SBR14_NAME,Aumento di Eco temporale max
SKILL_ELF_SBR15_DESC,Aumenta di 1 il valore massimo di Eco temporale applicabile.
SKILL_ELF_SBR15_NAME,Aumento di Eco temporale max
SKILL_ELF_SBR17_DESC,Aumenta di 1 secondo la durata della tua Eco temporale.
SKILL_ELF_SBR17_NAME,Durata Eco temporale
SKILL_ELF_SBR18_DESC,Aumenta di 2 secondi la durata della tua Eco temporale.
SKILL_ELF_SBR18_NAME,Durata Eco temporale
SKILL_ELF_SBR2_DESC,Aumenta il tuo Danno da etere di 3%
SKILL_ELF_SBR2_NAME,Aumento di Danno da etere
SKILL_ELF_SBR2R1_DESC,Aumenta il tuo Danno da etere di 3%
SKILL_ELF_SBR2R1_NAME,Aumento di Danno da etere
SKILL_ELF_SBR2R2_DESC,Aumenta il tuo Danno da etere di 3%
SKILL_ELF_SBR2R2_NAME,Aumento di Danno da etere
SKILL_ELF_SBR2R3_DESC,Aumenta di 3% tutto il Danno magico
SKILL_ELF_SBR2R3_NAME,Aumento di Danno magico
SKILL_ELF_SBR2R4_DESC,"Quando ottieni Ondata temporale, il tuo prossimo incantesimo ha +15% Danno magico; l'effetto dura 5 secondi."
SKILL_ELF_SBR2R4_NAME,Lancio d'Ondata
SKILL_ELF_SBR3_DESC,Aumenta il tuo Danno da etere di 3%
SKILL_ELF_SBR3_NAME,Aumento di Danno da etere
SKILL_ELF_SBR5_DESC,Aumenta il tuo danno contro i nemici affetti da Eco temporale del 6%
SKILL_ELF_SBR5_NAME,Danno aumentato vs. riecheggiato
SKILL_ELF_SBR5R1_DESC,Aumenta di 6% il tuo danno contro i nemici riecheggiato
SKILL_ELF_SBR5R1_NAME,Danno aumentato vs. riecheggiato
SKILL_ELF_SBR5R2_DESC,Aumenta di 6% il tuo danno contro i nemici riecheggiato
SKILL_ELF_SBR5R2_NAME,Danno aumentato vs. riecheggiato
SKILL_ELF_SBR5R3_DESC,Aumenta di 20% il potere rallentante della tua Eco temporale
SKILL_ELF_SBR5R3_NAME,Potenza dell'Eco temporale
SKILL_ELF_SBR5R4_DESC,Aumenta di 20% il potere rallentante della tua Eco temporale
SKILL_ELF_SBR5R4_NAME,Potenza dell'Eco temporale
SKILL_ELF_SBR5R5_DESC,Aumenta di 20% il potere rallentante della tua Eco temporale
SKILL_ELF_SBR5R5_NAME,Potenza dell'Eco temporale
SKILL_ELF_SBR5R6_DESC,Aumenta di 20% il potere rallentante della tua Eco temporale
SKILL_ELF_SBR5R6_NAME,Potenza dell'Eco temporale
SKILL_ELF_SBR5R7_DESC,Dissolvenza perfetta applica 5 cariche di Eco temporale.
SKILL_ELF_SBR5R7_NAME,Dissolvenza Echeggiante
SKILL_ELF_SBR7_DESC,Aumenta il tuo danno contro i nemici affetti da Eco temporale del 6%
SKILL_ELF_SBR7_NAME,Danno aumentato vs. riecheggiato
SKILL_ELF_SBR9_DESC,Aumenta il tuo danno contro i nemici affetti da Eco temporale del 6%
SKILL_ELF_SBR9_NAME,Danno aumentato vs. riecheggiato
SKILL_ELF_SS1_DESC,"Premi per lanciare. Compi un breve passo nella direzione scelta, poi lancia una spina temporale che cerca il nemico con più cariche di danno nel tempo. La spina infligge Danno da etere e anticipa Ustione, Veleno e Sanguinamento del bersaglio: il danno rimanente viene inflitto tutto insieme e ogni carica anticipata aggiunge Danno da etere bonus."
SKILL_ELF_SS1_NAME,Spina cronale
SKILL_ELF_SS1B1_DESC,Aumenta di 2 per punto il numero di cariche che possono essere consumate.
SKILL_ELF_SS1B1_NAME,Aumento consumo cariche di Spina cronale I
SKILL_ELF_SS1B10_DESC,Aumenta di 1 per punto il numero massimo di effetti ad accumulo aggiunti.
SKILL_ELF_SS1B10_NAME,Aumento Spina invertente II
SKILL_ELF_SS1B11_DESC,Aumenta del 10% per punto il rallentamento di Spina storpiante.
SKILL_ELF_SS1B11_NAME,Aumento Spina storpiante III
SKILL_ELF_SS1B12_DESC,Aumenta di 8% per punto il valore di Danno da etere inflitto da Spina cronale.
SKILL_ELF_SS1B12_NAME,Aumento del danno da Spina cronale III
SKILL_ELF_SS1B13_DESC,Riduce di 10% per punto il tempo di recupero di Spina cronale.
SKILL_ELF_SS1B13_NAME,Riduzione del Tempo di recupero di Spina cronale II
SKILL_ELF_SS1B14_DESC,Aumenta di 1 per punto il numero massimo di effetti ad accumulo aggiunti.
SKILL_ELF_SS1B14_NAME,Aumento Spina invertente III
SKILL_ELF_SS1B15_DESC,Riduce di 10% per punto il tempo di recupero di Spina cronale.
SKILL_ELF_SS1B15_NAME,Riduzione del Tempo di recupero di Spina cronale III
SKILL_ELF_SS1B16_DESC,Aumenta di 1 per punto il valore di Eco temporale applicato da Spina Echeggiante.
SKILL_ELF_SS1B16_NAME,Aumento di Spina Echeggiante I
SKILL_ELF_SS1B17_DESC,Aumenta di 1 per punto il valore di Sanguinamento applicato da Spina Lacerante.
SKILL_ELF_SS1B17_NAME,Aumento di Spina Lacerante I
SKILL_ELF_SS1B18_DESC,Aumenta di 1 per punto l'Ondata temporale conferita da Spina Montante.
SKILL_ELF_SS1B18_NAME,Aumento di Spina Montante I
SKILL_ELF_SS1B19_DESC,Aumenta di 1 per punto il valore di Eco temporale applicato da Spina Echeggiante.
SKILL_ELF_SS1B19_NAME,Aumento di Spina Echeggiante II
SKILL_ELF_SS1B2_DESC,Aumenta di 2 per punto il numero di cariche che possono essere consumate.
SKILL_ELF_SS1B2_NAME,Aumento consumo cariche di Spina cronale II
SKILL_ELF_SS1B20_DESC,Aumenta di 1 per punto il valore di Sanguinamento applicato da Spina Lacerante.
SKILL_ELF_SS1B20_NAME,Aumento di Spina Lacerante II
SKILL_ELF_SS1B21_DESC,Aumenta di 1 per punto l'Ondata temporale conferita da Spina Montante.
SKILL_ELF_SS1B21_NAME,Aumento di Spina Montante II
SKILL_ELF_SS1B22_DESC,Aumenta di 1 per punto il valore di Eco temporale applicato da Spina Echeggiante.
SKILL_ELF_SS1B22_NAME,Aumento di Spina Echeggiante III
SKILL_ELF_SS1B23_DESC,Aumenta di 1 per punto il valore di Sanguinamento applicato da Spina Lacerante.
SKILL_ELF_SS1B23_NAME,Aumento di Spina Lacerante III
SKILL_ELF_SS1B24_DESC,Aumenta di 1 per punto l'Ondata temporale conferita da Spina Montante.
SKILL_ELF_SS1B24_NAME,Aumento di Spina Montante III
SKILL_ELF_SS1B3_DESC,Aumenta di 2 per punto il numero di cariche che possono essere consumate.
SKILL_ELF_SS1B3_NAME,Aumento consumo cariche di Spina cronale III
SKILL_ELF_SS1B4_DESC,Aumenta del 10% per punto il rallentamento di Spina storpiante.
SKILL_ELF_SS1B4_NAME,Aumento Spina storpiante I
SKILL_ELF_SS1B5_DESC,Aumenta di 8% per punto il valore di Danno da etere inflitto da Spina cronale.
SKILL_ELF_SS1B5_NAME,Aumento del danno da Spina cronale I
SKILL_ELF_SS1B6_DESC,Aumenta di 1 per punto il numero massimo di effetti ad accumulo aggiunti.
SKILL_ELF_SS1B6_NAME,Aumento Spina invertente I
SKILL_ELF_SS1B7_DESC,Aumenta del 10% per punto il rallentamento di Spina storpiante.
SKILL_ELF_SS1B7_NAME,Aumento Spina storpiante II
SKILL_ELF_SS1B8_DESC,Aumenta di 8% per punto il valore di Danno da etere inflitto da Spina cronale.
SKILL_ELF_SS1B8_NAME,Aumento del danno da Spina cronale II
SKILL_ELF_SS1B9_DESC,Riduce di 10% per punto il tempo di recupero di Spina cronale.
SKILL_ELF_SS1B9_NAME,Riduzione del Tempo di recupero di Spina cronale I
SKILL_ELF_SS1U1_DESC,"I nemici colpiti da Spina cronale vengono rallentati del 20% per 2 secondi, ma Spina cronale non dà più priorità ai nemici affetti da danno nel tempo."
SKILL_ELF_SS1U1_NAME,Spina storpiante
SKILL_ELF_SS1U2_DESC,"Genera 3 proiettili anziché 1, ciascuno diretto verso un bersaglio diverso e con il 33% del danno iniziale. Il danno bonus resta invariato. I nemici colpiti da più proiettili subiscono molto meno danno dai colpi consecutivi."
SKILL_ELF_SS1U2_NAME,Spina Scindente
SKILL_ELF_SS1U3_DESC,"Non anticipa più le cariche di danno nel tempo. Invece le raddoppia, aggiungendone fino a un massimo di 5 per tipo di effetto ad accumulo."
SKILL_ELF_SS1U3_NAME,Spina invertente
SKILL_ELF_SS1U4_DESC,Le cariche anticipate vengono convertite in Eco temporale anziché infliggere Danno da etere bonus. Il loro danno rimanente viene comunque inflitto tutto insieme.
SKILL_ELF_SS1U4_NAME,Spina Echeggiante
SKILL_ELF_SS1U5_DESC,Le cariche anticipate vengono convertite in Sanguinamento anziché infliggere Danno da etere bonus. Il loro danno rimanente viene comunque inflitto tutto insieme.
SKILL_ELF_SS1U5_NAME,Spina Lacerante
SKILL_ELF_SS1U6_DESC,Usare Spina cronale conferisce 3 cariche di Ondata temporale.
SKILL_ELF_SS1U6_NAME,Spina Montante
SKILL_ELF_SS2_DESC,"Premi per lanciare. Scatta verso una posizione bersaglio e scatena una scarica di energia temporale, infliggendo Danno da etere e rallentando i nemici colpiti del 15% per 2 secondi. Dopo un breve ritardo, la scarica riecheggia nella stessa posizione con danno ridotto. Se entrambe le scariche colpiscono, rimborsa il 35% del tuo tempo di recupero più breve."
SKILL_ELF_SS2_NAME,Fenditura d'eco
SKILL_ELF_SS2B1_DESC,Aumenta del 2% per punto il tempo di recupero rimborsato da Fenditura d'eco.
SKILL_ELF_SS2B1_NAME,Aumento rimborso recupero di Fenditura d'eco I
SKILL_ELF_SS2B10_DESC,Aumenta del 10% per punto il danno del secondo o terzo impulso della Fenditura.
SKILL_ELF_SS2B10_NAME,Aumento del danno da Fenditura d'eco I
SKILL_ELF_SS2B11_DESC,Aumenta del 3% per punto il rallentamento di Fenditura d'eco.
SKILL_ELF_SS2B11_NAME,Aumento di Rallentamento Fenditura d'eco I
SKILL_ELF_SS2B12_DESC,Aumenta del 10% per punto il danno del secondo o terzo impulso della Fenditura.
SKILL_ELF_SS2B12_NAME,Aumento del danno da Fenditura d'eco II
SKILL_ELF_SS2B13_DESC,Aumenta del 3% per punto il rallentamento di Fenditura d'eco.
SKILL_ELF_SS2B13_NAME,Aumento di Rallentamento Fenditura d'eco II
SKILL_ELF_SS2B14_DESC,Aumenta di 1 per punto l'Ondata temporale ottenuta da ogni nemico colpito da Fenditura Montante.
SKILL_ELF_SS2B14_NAME,Aumento di Fenditura Montante I
SKILL_ELF_SS2B15_DESC,Aumenta di 1 per punto il valore massimo di Ondata temporale consumato da Fenditura Montante.
SKILL_ELF_SS2B15_NAME,Aumento di Fenditura Montante I
SKILL_ELF_SS2B16_DESC,Aumenta di 1 per punto il valore di Eco temporale applicato da Fenditura Echeggiante.
SKILL_ELF_SS2B16_NAME,Aumento di Fenditura Echeggiante I
SKILL_ELF_SS2B17_DESC,Aumenta di 2 per punto il valore massimo di Eco temporale consumato da Fenditura Riecheggiato.
SKILL_ELF_SS2B17_NAME,Aumento di Fenditura Riecheggiato I
SKILL_ELF_SS2B18_DESC,Aumenta di 1 per punto l'Ondata temporale ottenuta da ogni nemico colpito da Fenditura Montante.
SKILL_ELF_SS2B18_NAME,Aumento di Fenditura Montante II
SKILL_ELF_SS2B19_DESC,Aumenta di 1 per punto il valore massimo di Ondata temporale consumato da Fenditura Montante.
SKILL_ELF_SS2B19_NAME,Aumento di Fenditura Montante II
SKILL_ELF_SS2B2_DESC,Riduce di 10% per punto il tempo di recupero di Fenditura d'eco.
SKILL_ELF_SS2B2_NAME,Riduzione del Tempo di recupero di Fenditura d'eco I
SKILL_ELF_SS2B20_DESC,Aumenta di 1 per punto il valore di Eco temporale applicato da Fenditura Echeggiante.
SKILL_ELF_SS2B20_NAME,Aumento di Fenditura Echeggiante II
SKILL_ELF_SS2B21_DESC,Aumenta di 2 per punto il valore massimo di Eco temporale consumato da Fenditura Riecheggiato.
SKILL_ELF_SS2B21_NAME,Aumento di Fenditura Riecheggiato II
SKILL_ELF_SS2B22_DESC,Aumenta di 1 per punto l'Ondata temporale ottenuta da ogni nemico colpito da Fenditura Montante.
SKILL_ELF_SS2B22_NAME,Aumento di Fenditura Montante III
SKILL_ELF_SS2B23_DESC,Aumenta di 1 per punto il valore massimo di Ondata temporale consumato da Fenditura Montante.
SKILL_ELF_SS2B23_NAME,Aumento di Fenditura Montante III
SKILL_ELF_SS2B24_DESC,Aumenta di 1 per punto il valore di Eco temporale applicato da Fenditura Echeggiante.
SKILL_ELF_SS2B24_NAME,Aumento di Fenditura Echeggiante III
SKILL_ELF_SS2B25_DESC,Aumenta di 2 per punto il valore massimo di Eco temporale consumato da Fenditura Riecheggiato.
SKILL_ELF_SS2B25_NAME,Aumento di Fenditura Riecheggiato III
SKILL_ELF_SS2B26_DESC,Aumenta del 10% per punto il danno del secondo o terzo impulso della Fenditura.
SKILL_ELF_SS2B26_NAME,Aumento del danno da Fenditura d'eco III
SKILL_ELF_SS2B27_DESC,Aumenta del 3% per punto il rallentamento di Fenditura d'eco.
SKILL_ELF_SS2B27_NAME,Aumento di Rallentamento Fenditura d'eco III
SKILL_ELF_SS2B3_DESC,Aumenta del 2% per punto il tempo di recupero rimborsato da Fenditura d'eco.
SKILL_ELF_SS2B3_NAME,Aumento rimborso recupero di Fenditura d'eco II
SKILL_ELF_SS2B4_DESC,Riduce di 10% per punto il tempo di recupero di Fenditura d'eco.
SKILL_ELF_SS2B4_NAME,Riduzione del Tempo di recupero di Fenditura d'eco II
SKILL_ELF_SS2B5_DESC,Aumenta del 2% per punto il tempo di recupero rimborsato da Fenditura d'eco.
SKILL_ELF_SS2B5_NAME,Aumento rimborso recupero di Fenditura d'eco III
SKILL_ELF_SS2B6_DESC,Riduce di 10% per punto il tempo di recupero di Fenditura d'eco.
SKILL_ELF_SS2B6_NAME,Riduzione del Tempo di recupero di Fenditura d'eco III
SKILL_ELF_SS2U1_DESC,"Dopo il secondo impulso, crea un terzo impulso ritardato con il 33% del danno. Fenditura d'eco non rimborsa più il tempo di recupero."
SKILL_ELF_SS2U1_NAME,Fenditura fratturata
SKILL_ELF_SS2U2_DESC,"Riduce il raggio della Fenditura del 35%, ma conferisce un ulteriore rimborso del 10% del tempo di recupero quando entrambi gli impulsi colpiscono."
SKILL_ELF_SS2U2_NAME,Fenditura Focalizzata
SKILL_ELF_SS2U3_DESC,"Il secondo impulso si verifica nella tua posizione attuale anziché nel punto di lancio originale, ma infligge solo il 60% del danno."
SKILL_ELF_SS2U3_NAME,Fenditura recedente
SKILL_ELF_SS2U4_DESC,"Dopo il secondo impulso, ottieni 2 cariche di Ondata temporale per ogni nemico colpito due volte."
SKILL_ELF_SS2U4_NAME,Fenditura Montante
SKILL_ELF_SS2U5_DESC,"Al lancio, consuma fino a 5 cariche di Ondata temporale. Per ogni carica di Ondata consumata, aumenta del 4% il rimborso del tempo di recupero di Fenditura d'eco."
SKILL_ELF_SS2U5_NAME,Fenditura Montante
SKILL_ELF_SS2U6_DESC,"Il secondo impulso applica 3 cariche di Eco temporale a ogni nemico colpito, ma non infligge più danno."
SKILL_ELF_SS2U6_NAME,Fenditura Echeggiante
SKILL_ELF_SS2U7_DESC,"Il primo impulso consuma fino a 10 cariche di Eco temporale sui nemici colpiti. Per ogni carica di Eco temporale consumata, aumenta il raggio del secondo impulso del 4% e il suo Rallentamento del 5%"
SKILL_ELF_SS2U7_NAME,Fenditura Riecheggiato
SKILL_ELF_SS3_DESC,"Premi per lanciare. Crea un ampio dominio temporale. I nemici al suo interno subiscono Danno da etere nel tempo; il danno che infliggi loro, escluso quello degli effetti di stato, accumula Pressione temporale. Alla scadenza il dominio collassa, infliggendo a tutti i nemici al suo interno Danno da etere aumentato dalla Pressione accumulata."
SKILL_ELF_SS3_NAME,Vuoto eterno
SKILL_ELF_SS3B1_DESC,Aumenta del 12% per punto il danno massimo immagazzinato per nemico da Vuoto eterno.
SKILL_ELF_SS3B1_NAME,Aumento capacità di Vuoto eterno I
SKILL_ELF_SS3B10_DESC,Aumenta la durata di Vuoto eterno di 0.5 secondi per punto.
SKILL_ELF_SS3B10_NAME,Aumento di Durata Vuoto eterno II
SKILL_ELF_SS3B11_DESC,Riduce di 10% per punto il tempo di recupero di Vuoto eterno.
SKILL_ELF_SS3B11_NAME,Riduzione del Tempo di recupero di Vuoto eterno III
SKILL_ELF_SS3B12_DESC,Aumenta la durata di Vuoto eterno di 0.5 secondi per punto.
SKILL_ELF_SS3B12_NAME,Aumento di Durata Vuoto eterno III
SKILL_ELF_SS3B13_DESC,Aumenta di 1 per punto il valore di Eco temporale applicato da Vuoto Echeggiante.
SKILL_ELF_SS3B13_NAME,Aumento di Vuoto Echeggiante I
SKILL_ELF_SS3B14_DESC,Aumenta del 5% per punto la percentuale di danno applicata come Danno da stordimento da Vuoto Riecheggiato.
SKILL_ELF_SS3B14_NAME,Aumento di Vuoto Riecheggiato I
SKILL_ELF_SS3B15_DESC,Aumenta di 1 per punto le cariche di Sanguinamento applicate da Vuoto Lacerante.
SKILL_ELF_SS3B15_NAME,Aumento di Vuoto Lacerante I
SKILL_ELF_SS3B16_DESC,Aumenta di 1 per punto l'Ondata temporale massima consumabile.
SKILL_ELF_SS3B16_NAME,Aumento di Vuoto Montante I
SKILL_ELF_SS3B17_DESC,Aumenta di 1 per punto il valore di Ondata temporale ottenuto da Vuoto Montante.
SKILL_ELF_SS3B17_NAME,Aumento di Vuoto Montante I
SKILL_ELF_SS3B18_DESC,Aumenta di 1 per punto il valore di Eco temporale applicato da Vuoto Echeggiante.
SKILL_ELF_SS3B18_NAME,Aumento di Vuoto Echeggiante II
SKILL_ELF_SS3B19_DESC,Aumenta del 5% per punto la percentuale di danno applicata come Danno da stordimento da Vuoto Riecheggiato.
SKILL_ELF_SS3B19_NAME,Aumento di Vuoto Riecheggiato II
SKILL_ELF_SS3B2_DESC,Aumenta del 12% per punto il danno massimo immagazzinato per nemico da Vuoto eterno.
SKILL_ELF_SS3B2_NAME,Aumento capacità di Vuoto eterno II
SKILL_ELF_SS3B20_DESC,Aumenta di 1 per punto le cariche di Sanguinamento applicate da Vuoto Lacerante.
SKILL_ELF_SS3B20_NAME,Aumento di Vuoto Lacerante II
SKILL_ELF_SS3B21_DESC,Aumenta di 1 per punto l'Ondata temporale massima consumabile.
SKILL_ELF_SS3B21_NAME,Aumento di Vuoto Montante II
SKILL_ELF_SS3B22_DESC,Aumenta di 1 per punto il valore di Ondata temporale ottenuto da Vuoto Montante.
SKILL_ELF_SS3B22_NAME,Aumento di Vuoto Montante II
SKILL_ELF_SS3B23_DESC,Aumenta di 1 per punto il valore di Eco temporale applicato da Vuoto Echeggiante.
SKILL_ELF_SS3B23_NAME,Aumento di Vuoto Echeggiante III
SKILL_ELF_SS3B24_DESC,Aumenta del 5% per punto la percentuale di danno applicata come Danno da stordimento da Vuoto Riecheggiato.
SKILL_ELF_SS3B24_NAME,Aumento di Vuoto Riecheggiato III
SKILL_ELF_SS3B25_DESC,Aumenta di 1 per punto le cariche di Sanguinamento applicate da Vuoto Lacerante.
SKILL_ELF_SS3B25_NAME,Aumento di Vuoto Lacerante III
SKILL_ELF_SS3B26_DESC,Aumenta di 1 per punto l'Ondata temporale massima consumabile.
SKILL_ELF_SS3B26_NAME,Aumento di Vuoto Montante III
SKILL_ELF_SS3B27_DESC,Aumenta di 1 per punto il valore di Ondata temporale ottenuto da Vuoto Montante.
SKILL_ELF_SS3B27_NAME,Aumento di Vuoto Montante III
SKILL_ELF_SS3B3_DESC,Aumenta del 4% per punto la percentuale di danno immagazzinata per colpo da Vuoto eterno.
SKILL_ELF_SS3B3_NAME,Aumento ritenzione di Vuoto eterno I
SKILL_ELF_SS3B4_DESC,Aumenta del 12% per punto il danno massimo immagazzinato per nemico da Vuoto eterno.
SKILL_ELF_SS3B4_NAME,Aumento capacità di Vuoto eterno III
SKILL_ELF_SS3B5_DESC,Aumenta del 4% per punto la percentuale di danno immagazzinata per colpo da Vuoto eterno.
SKILL_ELF_SS3B5_NAME,Aumento ritenzione di Vuoto eterno II
SKILL_ELF_SS3B6_DESC,Aumenta del 4% per punto la percentuale di danno immagazzinata per colpo da Vuoto eterno.
SKILL_ELF_SS3B6_NAME,Aumento ritenzione di Vuoto eterno III
SKILL_ELF_SS3B7_DESC,Riduce di 10% per punto il tempo di recupero di Vuoto eterno.
SKILL_ELF_SS3B7_NAME,Riduzione del Tempo di recupero di Vuoto eterno I
SKILL_ELF_SS3B8_DESC,Aumenta la durata di Vuoto eterno di 0.5 secondi per punto.
SKILL_ELF_SS3B8_NAME,Aumento di Durata Vuoto eterno I
SKILL_ELF_SS3B9_DESC,Riduce di 10% per punto il tempo di recupero di Vuoto eterno.
SKILL_ELF_SS3B9_NAME,Riduzione del Tempo di recupero di Vuoto eterno II
SKILL_ELF_SS3U1_DESC,Riduce il raggio di Vuoto eterno del 40%. I nemici al suo interno possono immagazzinare il 30% di Pressione temporale in più e il danno loro inflitto immagazzina il 15% di Pressione in più.
SKILL_ELF_SS3U1_NAME,Vuoto Focalizzato
SKILL_ELF_SS3U2_DESC,"Quando Vuoto eterno collassa, gli alleati al suo interno ottengono uno scudo protettivo. La raccolta di Pressione temporale è ridotta del 20%."
SKILL_ELF_SS3U2_NAME,Vuoto protettivo
SKILL_ELF_SS3U3_DESC,I nemici all'interno di Vuoto eterno vengono rallentati del 30% e quelli sopravvissuti vengono nuovamente rallentati quando il dominio collassa. Vuoto eterno infligge il 25% di Danno da etere nel tempo in meno.
SKILL_ELF_SS3U3_NAME,Vuoto sigillato
SKILL_ELF_SS3U4_DESC,"Applica 5 cariche di Eco temporale a tutti i nemici nel dominio, ma non infligge più danno."
SKILL_ELF_SS3U4_NAME,Vuoto Echeggiante
SKILL_ELF_SS3U5_DESC,"Quando Vuoto eterno collassa, consuma tutta l'Eco temporale per infliggere il 10% del danno del collasso temporale per Eco consumata come Danno da stordimento extra."
SKILL_ELF_SS3U5_NAME,Vuoto Riecheggiato
SKILL_ELF_SS3U6_DESC,Il danno nel tempo inflitto da Vuoto eterno applica 1 carica di Sanguinamento.
SKILL_ELF_SS3U6_NAME,Vuoto Lacerante
SKILL_ELF_SS3U7_DESC,"Consuma Ondata temporale quando lanci Vuoto eterno, fino a 7 cariche. Per ogni carica di Ondata consumata, aumenta il raggio del dominio dell'8%."
SKILL_ELF_SS3U7_NAME,Vuoto Montante
SKILL_ELF_SS3U8_DESC,"Al lancio di Vuoto eterno e al suo collasso, gli alleati al suo interno ottengono 2 cariche di Ondata temporale. La raccolta di Pressione temporale è ridotta del 20%."
SKILL_ELF_SS3U8_NAME,Vuoto Montante
SKILL_ELF_START1_DESC,"Premi per lanciare. Colpisci i nemici davanti a te, infliggendo Danno perforante, poi scatta indietro. Colpire un nemico conferisce Ondata temporale."
SKILL_ELF_START1_NAME,Colpo in arretramento
SKILL_GLOOMSTALKER_E10BL1_DESC,Aumenta la tua Velocità d'attacco di 3%
SKILL_GLOOMSTALKER_E10BL1_NAME,Aumento di Velocità d'attacco
SKILL_GLOOMSTALKER_E10BL2_DESC,Aumenta la tua Velocità d'attacco di 3%
SKILL_GLOOMSTALKER_E10BL2_NAME,Aumento di Velocità d'attacco
SKILL_GLOOMSTALKER_E10BL3_DESC,Aumenta la tua Velocità d'attacco di 3%
SKILL_GLOOMSTALKER_E10BL3_NAME,Aumento di Velocità d'attacco
SKILL_GLOOMSTALKER_E10BL4_DESC,Aumenta la tua Velocità d'attacco di 3%
SKILL_GLOOMSTALKER_E10BL4_NAME,Aumento di Velocità d'attacco
SKILL_GLOOMSTALKER_E10BR1_DESC,Aumenta il tuo Danno perforante di 3%
SKILL_GLOOMSTALKER_E10BR1_NAME,Aumento di Danno perforante
SKILL_GLOOMSTALKER_E10BR2_DESC,Aumenta il tuo Danno perforante di 3%
SKILL_GLOOMSTALKER_E10BR2_NAME,Aumento di Danno perforante
SKILL_GLOOMSTALKER_E10BR3_DESC,Aumenta il tuo Danno perforante di 3%
SKILL_GLOOMSTALKER_E10BR3_NAME,Aumento di Danno perforante
SKILL_GLOOMSTALKER_E10BR4_DESC,Aumenta il tuo Danno perforante di 3%
SKILL_GLOOMSTALKER_E10BR4_NAME,Aumento di Danno perforante
SKILL_GLOOMSTALKER_E16BL1_DESC,Aumenta di 0.5 secondi la durata del tuo Cloni d'ombra.
SKILL_GLOOMSTALKER_E16BL1_NAME,Aumento di Durata Clone d'ombra
SKILL_GLOOMSTALKER_E16BL2_DESC,Aumenta di 0.5 secondi la durata del tuo Cloni d'ombra.
SKILL_GLOOMSTALKER_E16BL2_NAME,Aumento di Durata Clone d'ombra
SKILL_GLOOMSTALKER_E16BL3_DESC,Aumenta di 0.5 secondi la durata del tuo Cloni d'ombra.
SKILL_GLOOMSTALKER_E16BL3_NAME,Aumento di Durata Clone d'ombra
SKILL_GLOOMSTALKER_E16BL4_DESC,Aumenta di 0.5 secondi la durata del tuo Cloni d'ombra.
SKILL_GLOOMSTALKER_E16BL4_NAME,Aumento di Durata Clone d'ombra
SKILL_GLOOMSTALKER_E16BR1_DESC,Aumenta la tua Probabilità di critico contro i nemici sotto il 40% di Salute del 4%
SKILL_GLOOMSTALKER_E16BR1_NAME,Probabilità di critico vs. salute bassa
SKILL_GLOOMSTALKER_E16BR2_DESC,Aumenta la tua Probabilità di critico contro i nemici sotto il 40% di Salute del 4%
SKILL_GLOOMSTALKER_E16BR2_NAME,Probabilità di critico vs. salute bassa
SKILL_GLOOMSTALKER_E16BR3_DESC,Aumenta la tua Probabilità di critico contro i nemici sotto il 40% di Salute del 4%
SKILL_GLOOMSTALKER_E16BR3_NAME,Probabilità di critico vs. salute bassa
SKILL_GLOOMSTALKER_E16BR4_DESC,Aumenta la tua Probabilità di critico contro i nemici sotto il 40% di Salute del 4%
SKILL_GLOOMSTALKER_E16BR4_NAME,Probabilità di critico vs. salute bassa
SKILL_GLOOMSTALKER_EBL1_DESC,Aumenta la tua Velocità d'attacco di 9% \n Aumenta di 1.5 secondi la durata del tuo Cloni d'ombra.
SKILL_GLOOMSTALKER_EBL1_NAME,Cacciatore dalla lama rapida
SKILL_GLOOMSTALKER_EBR1_DESC,Aumenta il tuo Danno perforante del 9% \n Aumenta la tua Probabilità di critico contro i nemici sotto il 40% di Salute dell'8%
SKILL_GLOOMSTALKER_EBR1_NAME,Tiratore scelto fantasma
SKILL_GLOOMSTALKER_HWYNE_DESC,Aumenta la tua Celerità magica di 4. \n Aumenta la tua Velocità d'attacco del 6%
SKILL_GLOOMSTALKER_HWYNE_NAME,Estrazione rapida d'ombra
SKILL_GLOOMSTALKER_HWYNE1_DESC,Aumenta la tua Celerità magica di 2
SKILL_GLOOMSTALKER_HWYNE1_NAME,Celerità magica
SKILL_GLOOMSTALKER_HWYNE2_DESC,Aumenta la tua Velocità d'attacco di 3%
SKILL_GLOOMSTALKER_HWYNE2_NAME,Aumento di Velocità d'attacco
SKILL_GLOOMSTALKER_HWYNW_DESC,Aumenta la tua Velocità d'attacco di 6% \n Aumenta la tua Celerità magica di 4.
SKILL_GLOOMSTALKER_HWYNW_NAME,Alacrità silenziosa
SKILL_GLOOMSTALKER_HWYNW1_DESC,Aumenta la tua Velocità d'attacco di 3%
SKILL_GLOOMSTALKER_HWYNW1_NAME,Aumento di Velocità d'attacco
SKILL_GLOOMSTALKER_HWYNW2_DESC,Aumenta la tua Celerità magica di 2
SKILL_GLOOMSTALKER_HWYNW2_NAME,Celerità magica
SKILL_GLOOMSTALKER_HWYSE_DESC,Aumenta di 2 il valore massimo di Veleno applicabile. \n Aumenta la tua Probabilità di critico di 4%
SKILL_GLOOMSTALKER_HWYSE_NAME,Occhio del cercatore di marciume
SKILL_GLOOMSTALKER_HWYSE1_DESC,Aumenta di 1 il valore massimo di Veleno applicabile.
SKILL_GLOOMSTALKER_HWYSE1_NAME,Aumento di Veleno max
SKILL_GLOOMSTALKER_HWYSE2_DESC,Aumenta la tua Probabilità di critico di 2%
SKILL_GLOOMSTALKER_HWYSE2_NAME,Aumento della probabilità di critico da Taglio
SKILL_GLOOMSTALKER_HWYSW_DESC,Aumenta di 2 il valore massimo di Sanguinamento applicabile. \n Aumenta il tuo Danno critico di 12%
SKILL_GLOOMSTALKER_HWYSW_NAME,Vena aperta
SKILL_GLOOMSTALKER_HWYSW1_DESC,Aumenta di 1 il valore massimo di Sanguinamento applicabile.
SKILL_GLOOMSTALKER_HWYSW1_NAME,Aumento di Sanguinamento max
SKILL_GLOOMSTALKER_HWYSW2_DESC,Aumenta il tuo Danno critico di 6%
SKILL_GLOOMSTALKER_HWYSW2_NAME,Aumento di Danno critico
SKILL_GLOOMSTALKER_KEYSTONENE_DESC,"Usare Cambio arma per passare alla spada conferisce Furtività per 3 secondi. Il tuo prossimo attacco in mischia dalla Furtività conta come Attacco finale. Colpire un nemico con questo Attacco finale crea un Clone d'ombra sul bersaglio per 8 secondi, poi fa scattare i Cloni d'ombra vicini, incluso quello creato, verso quel nemico per colpirlo, infliggendo Danno da taglio. Questo effetto ha un tempo di recupero di 6 secondi."
SKILL_GLOOMSTALKER_KEYSTONENE_NAME,Duellante d'Ombra
SKILL_GLOOMSTALKER_KEYSTONENW_DESC,"Colpire un nemico con un Attacco finale consuma fino a 10 cariche di Veleno dal bersaglio per applicare Sanguinamento pari al Veleno consumato. Se vengono consumate almeno 5 cariche di Veleno, ottieni 5 cariche di Inoculazione. Questo effetto ha un tempo di recupero di 6 secondi."
SKILL_GLOOMSTALKER_KEYSTONENW_NAME,Tempo di Sangue Nero
SKILL_GLOOMSTALKER_KEYSTONESE_DESC,"Dopo aver usato Cambio arma per passare alla balestra, il tuo prossimo Attacco finale a distanza che colpisce un nemico crea un Clone d'ombra vicino al bersaglio per 8 secondi, poi fa lanciare ai Cloni d'ombra vicini, incluso quello creato, un Pugnale d'ombra verso quel nemico. Questo effetto ha un tempo di recupero di 8 secondi."
SKILL_GLOOMSTALKER_KEYSTONESE_NAME,Fuoco Incrociato Fantasma
SKILL_GLOOMSTALKER_KEYSTONESW_DESC,"Colpire un nemico con un Attacco finale a distanza, Tiro mirato o un dardo di balestra di Cambio arma consuma 5 cariche di Veleno dal bersaglio per creare una scarica tossica, infliggendo Danno da decadimento ai nemici vicini. Può verificarsi solo se il bersaglio ha almeno 5 cariche di Veleno. Questo effetto ha un tempo di recupero di 2 secondi."
SKILL_GLOOMSTALKER_KEYSTONESW_NAME,Tiro della Peste
SKILL_GLOOMSTALKER_N10BL1_DESC,Aumenta di 1 secondo la durata del tuo Sanguinamento.
SKILL_GLOOMSTALKER_N10BL1_NAME,Aumento di Durata Sanguinamento
SKILL_GLOOMSTALKER_N10BL2_DESC,Aumenta di 1 secondo la durata del tuo Sanguinamento.
SKILL_GLOOMSTALKER_N10BL2_NAME,Aumento di Durata Sanguinamento
SKILL_GLOOMSTALKER_N10BL3_DESC,Aumenta di 1 secondo la durata del tuo Sanguinamento.
SKILL_GLOOMSTALKER_N10BL3_NAME,Aumento di Durata Sanguinamento
SKILL_GLOOMSTALKER_N10BL4_DESC,Aumenta di 1 secondo la durata del tuo Sanguinamento.
SKILL_GLOOMSTALKER_N10BL4_NAME,Aumento di Durata Sanguinamento
SKILL_GLOOMSTALKER_N10BR1_DESC,Aumenta il tuo Danno da taglio di 3%
SKILL_GLOOMSTALKER_N10BR1_NAME,Aumento di Danno da taglio
SKILL_GLOOMSTALKER_N10BR2_DESC,Aumenta il tuo Danno da taglio di 3%
SKILL_GLOOMSTALKER_N10BR2_NAME,Aumento di Danno da taglio
SKILL_GLOOMSTALKER_N10BR3_DESC,Aumenta il tuo Danno da taglio di 3%
SKILL_GLOOMSTALKER_N10BR3_NAME,Aumento di Danno da taglio
SKILL_GLOOMSTALKER_N10BR4_DESC,Aumenta il tuo Danno da taglio di 3%
SKILL_GLOOMSTALKER_N10BR4_NAME,Aumento di Danno da taglio
SKILL_GLOOMSTALKER_N16BL1_DESC,Aumenta la tua Probabilità di critico contro i nemici sanguinanti di 4%
SKILL_GLOOMSTALKER_N16BL1_NAME,Probabilità di critico vs. sanguinamento
SKILL_GLOOMSTALKER_N16BL2_DESC,Aumenta la tua Probabilità di critico contro i nemici sanguinanti di 4%
SKILL_GLOOMSTALKER_N16BL2_NAME,Probabilità di critico vs. sanguinamento
SKILL_GLOOMSTALKER_N16BL3_DESC,Aumenta la tua Probabilità di critico contro i nemici sanguinanti di 4%
SKILL_GLOOMSTALKER_N16BL3_NAME,Probabilità di critico vs. sanguinamento
SKILL_GLOOMSTALKER_N16BL4_DESC,Aumenta la tua Probabilità di critico contro i nemici sanguinanti di 4%
SKILL_GLOOMSTALKER_N16BL4_NAME,Probabilità di critico vs. sanguinamento
SKILL_GLOOMSTALKER_N16BR1_DESC,Aumenta di 4% il tuo danno contro i nemici sotto 40% di Salute.
SKILL_GLOOMSTALKER_N16BR1_NAME,Danno vs. salute bassa
SKILL_GLOOMSTALKER_N16BR2_DESC,Aumenta di 4% il tuo danno contro i nemici sotto 40% di Salute.
SKILL_GLOOMSTALKER_N16BR2_NAME,Danno vs. salute bassa
SKILL_GLOOMSTALKER_N16BR3_DESC,Aumenta di 4% il tuo danno contro i nemici sotto 40% di Salute.
SKILL_GLOOMSTALKER_N16BR3_NAME,Danno vs. salute bassa
SKILL_GLOOMSTALKER_N16BR4_DESC,Aumenta di 4% il tuo danno contro i nemici sotto 40% di Salute.
SKILL_GLOOMSTALKER_N16BR4_NAME,Danno vs. salute bassa
SKILL_GLOOMSTALKER_NBL1_DESC,Aumenta la durata del tuo Sanguinamento di 2 secondi. \n Aumenta la tua Probabilità di critico contro i nemici sanguinanti dell'8%
SKILL_GLOOMSTALKER_NBL1_NAME,Adepto del sangue nero
SKILL_GLOOMSTALKER_NBR1_DESC,Aumenta il tuo Danno da taglio del 9% \n Aumenta il tuo danno contro i nemici sotto il 40% di Salute del 12%.
SKILL_GLOOMSTALKER_NBR1_NAME,Duellante del crepuscolo
SKILL_GLOOMSTALKER_S10BL1_DESC,Aumenta di 1 il valore massimo di Veleno applicabile.
SKILL_GLOOMSTALKER_S10BL1_NAME,Aumento di Veleno max
SKILL_GLOOMSTALKER_S10BL2_DESC,Aumenta di 1 il valore massimo di Veleno applicabile.
SKILL_GLOOMSTALKER_S10BL2_NAME,Aumento di Veleno max
SKILL_GLOOMSTALKER_S10BL3_DESC,Aumenta di 1 il valore massimo di Veleno applicabile.
SKILL_GLOOMSTALKER_S10BL3_NAME,Aumento di Veleno max
SKILL_GLOOMSTALKER_S10BL4_DESC,Aumenta di 1 il valore massimo di Veleno applicabile.
SKILL_GLOOMSTALKER_S10BL4_NAME,Aumento di Veleno max
SKILL_GLOOMSTALKER_S10BR1_DESC,Aumenta di 1 il valore massimo di Sanguinamento applicabile.
SKILL_GLOOMSTALKER_S10BR1_NAME,Aumento di Sanguinamento max
SKILL_GLOOMSTALKER_S10BR2_DESC,Aumenta di 1 il valore massimo di Sanguinamento applicabile.
SKILL_GLOOMSTALKER_S10BR2_NAME,Aumento di Sanguinamento max
SKILL_GLOOMSTALKER_S10BR3_DESC,Aumenta di 1 il valore massimo di Sanguinamento applicabile.
SKILL_GLOOMSTALKER_S10BR3_NAME,Aumento di Sanguinamento max
SKILL_GLOOMSTALKER_S10BR4_DESC,Aumenta di 1 il valore massimo di Sanguinamento applicabile.
SKILL_GLOOMSTALKER_S10BR4_NAME,Aumento di Sanguinamento max
SKILL_GLOOMSTALKER_S16BL1_DESC,Aumenta di 4% il tuo danno contro i nemici avvelenati.
SKILL_GLOOMSTALKER_S16BL1_NAME,Danno vs. avvelenato
SKILL_GLOOMSTALKER_S16BL2_DESC,Aumenta di 4% il tuo danno contro i nemici avvelenati.
SKILL_GLOOMSTALKER_S16BL2_NAME,Danno vs. avvelenato
SKILL_GLOOMSTALKER_S16BL3_DESC,Aumenta di 4% il tuo danno contro i nemici avvelenati.
SKILL_GLOOMSTALKER_S16BL3_NAME,Danno vs. avvelenato
SKILL_GLOOMSTALKER_S16BL4_DESC,Aumenta di 4% il tuo danno contro i nemici avvelenati.
SKILL_GLOOMSTALKER_S16BL4_NAME,Danno vs. avvelenato
SKILL_GLOOMSTALKER_S16BR1_DESC,Aumenta di 20% il danno del tuo Sanguinamento
SKILL_GLOOMSTALKER_S16BR1_NAME,Aumento del danno da Sanguinamento
SKILL_GLOOMSTALKER_S16BR2_DESC,Aumenta di 20% il danno del tuo Sanguinamento
SKILL_GLOOMSTALKER_S16BR2_NAME,Aumento del danno da Sanguinamento
SKILL_GLOOMSTALKER_S16BR3_DESC,Aumenta di 20% il danno del tuo Sanguinamento
SKILL_GLOOMSTALKER_S16BR3_NAME,Aumento del danno da Sanguinamento
SKILL_GLOOMSTALKER_S16BR4_DESC,Aumenta di 20% il danno del tuo Sanguinamento
SKILL_GLOOMSTALKER_S16BR4_NAME,Aumento del danno da Sanguinamento
SKILL_GLOOMSTALKER_SBL1_DESC,Aumenta di 3 il Veleno massimo che puoi applicare. \n Aumenta il tuo danno contro i nemici avvelenati del 12%.
SKILL_GLOOMSTALKER_SBL1_NAME,Dardi dalla punta tossica
SKILL_GLOOMSTALKER_SBR1_DESC,Aumenta di 3 il Sanguinamento massimo che puoi applicare. \n Aumenta il danno del tuo Sanguinamento del 60%
SKILL_GLOOMSTALKER_SBR1_NAME,Salva seghettata
SKILL_GLOOMSTALKER_STARTLINK1_DESC,Aumenta di 8 il valore massimo di Salute.
SKILL_GLOOMSTALKER_STARTLINK1_NAME,Potenziamento di Salute
SKILL_GLOOMSTALKER_STARTLINK2_DESC,Aumenta di 3 il valore massimo di Vigore.
SKILL_GLOOMSTALKER_STARTLINK2_NAME,Potenziamento di Vigore
SKILL_GLOOMSTALKER_W10BL1_DESC,Aumenta il tuo Danno da decadimento di 3%
SKILL_GLOOMSTALKER_W10BL1_NAME,Aumento di Danno da decadimento
SKILL_GLOOMSTALKER_W10BL2_DESC,Aumenta il tuo Danno da decadimento di 3%
SKILL_GLOOMSTALKER_W10BL2_NAME,Aumento di Danno da decadimento
SKILL_GLOOMSTALKER_W10BL3_DESC,Aumenta il tuo Danno da decadimento di 3%
SKILL_GLOOMSTALKER_W10BL3_NAME,Aumento di Danno da decadimento
SKILL_GLOOMSTALKER_W10BL4_DESC,Aumenta il tuo Danno da decadimento di 3%
SKILL_GLOOMSTALKER_W10BL4_NAME,Aumento di Danno da decadimento
SKILL_GLOOMSTALKER_W10BR1_DESC,Aumenta la tua Celerità magica di 2.
SKILL_GLOOMSTALKER_W10BR1_NAME,Aumento di Celerità magica
SKILL_GLOOMSTALKER_W10BR2_DESC,Aumenta la tua Celerità magica di 2.
SKILL_GLOOMSTALKER_W10BR2_NAME,Aumento di Celerità magica
SKILL_GLOOMSTALKER_W10BR3_DESC,Aumenta la tua Celerità magica di 2.
SKILL_GLOOMSTALKER_W10BR3_NAME,Aumento di Celerità magica
SKILL_GLOOMSTALKER_W10BR4_DESC,Aumenta la tua Celerità magica di 2.
SKILL_GLOOMSTALKER_W10BR4_NAME,Aumento di Celerità magica
SKILL_GLOOMSTALKER_W16BL1_DESC,Aumenta la tua Penetrazione da decadimento di 2.
SKILL_GLOOMSTALKER_W16BL1_NAME,Aumento di Penetrazione da decadimento
SKILL_GLOOMSTALKER_W16BL2_DESC,Aumenta la tua Penetrazione da decadimento di 2.
SKILL_GLOOMSTALKER_W16BL2_NAME,Aumento di Penetrazione da decadimento
SKILL_GLOOMSTALKER_W16BL3_DESC,Aumenta la tua Penetrazione da decadimento di 2.
SKILL_GLOOMSTALKER_W16BL3_NAME,Aumento di Penetrazione da decadimento
SKILL_GLOOMSTALKER_W16BL4_DESC,Aumenta la tua Penetrazione da decadimento di 2.
SKILL_GLOOMSTALKER_W16BL4_NAME,Aumento di Penetrazione da decadimento
SKILL_GLOOMSTALKER_W16BR1_DESC,Aumenta di 1 secondo la durata della tua Inoculazione.
SKILL_GLOOMSTALKER_W16BR1_NAME,Aumento di Durata Inoculazione
SKILL_GLOOMSTALKER_W16BR2_DESC,Aumenta di 1 secondo la durata della tua Inoculazione.
SKILL_GLOOMSTALKER_W16BR2_NAME,Aumento di Durata Inoculazione
SKILL_GLOOMSTALKER_W16BR3_DESC,Aumenta di 1 secondo la durata della tua Inoculazione.
SKILL_GLOOMSTALKER_W16BR3_NAME,Aumento di Durata Inoculazione
SKILL_GLOOMSTALKER_W16BR4_DESC,Aumenta di 1 secondo la durata della tua Inoculazione.
SKILL_GLOOMSTALKER_W16BR4_NAME,Aumento di Durata Inoculazione
SKILL_GLOOMSTALKER_WBL1_DESC,Aumenta il tuo Danno da decadimento del 9% \n Aumenta la tua Penetrazione da decadimento di 5.
SKILL_GLOOMSTALKER_WBL1_NAME,Preda decomposta
SKILL_GLOOMSTALKER_WBR1_DESC,Aumenta la tua Celerità magica di 6. \n Aumenta la durata della tua Inoculazione di 1 secondo.
SKILL_GLOOMSTALKER_WBR1_NAME,Cacciatore Inoculato
SKILL_HUMAN_N1_DESC,Aumenta di 6 il valore massimo di Vigore.
SKILL_HUMAN_N1_NAME,Potenziamento di Vigore
SKILL_HUMAN_N10_DESC,Aumenta la tua Velocità d'attacco di 6% \n Aumenta la tua Celerità magica di 4.
SKILL_HUMAN_N10_NAME,Rapidità adattiva
SKILL_HUMAN_N16_DESC,Aumenta il tuo danno contro i nemici sotto il 40% di Salute del 10%. \n Aumenta la tua Penetrazione fisica di 4.
SKILL_HUMAN_N16_NAME,Precisione ambidestra
SKILL_HUMAN_N4_DESC,Aumenta il tuo Danno da taglio del 6% \n Aumenta il tuo Vigore massimo di 6.
SKILL_HUMAN_N4_NAME,Resistenza umana
SKILL_HUMAN_NBL11_DESC,Aumenta la tua Penetrazione fisica di 2.
SKILL_HUMAN_NBL11_NAME,Penetrazione fisica
SKILL_HUMAN_NBL12_DESC,Aumenta la tua Penetrazione fisica di 2.
SKILL_HUMAN_NBL12_NAME,Penetrazione fisica
SKILL_HUMAN_NBL14_DESC,Aumenta la tua Penetrazione fisica di 2.
SKILL_HUMAN_NBL14_NAME,Penetrazione fisica
SKILL_HUMAN_NBL15_DESC,Aumenta la tua Penetrazione fisica di 2.
SKILL_HUMAN_NBL15_NAME,Penetrazione fisica
SKILL_HUMAN_NBL17_DESC,Aumenta la tua Probabilità di critico di 2%
SKILL_HUMAN_NBL17_NAME,Aumento della probabilità di critico da Taglio
SKILL_HUMAN_NBL18_DESC,Aumenta la tua Probabilità di critico di 4%
SKILL_HUMAN_NBL18_NAME,Aumento della probabilità di critico da Taglio
SKILL_HUMAN_NBL2_DESC,Aumenta di 3 il valore massimo di Vigore.
SKILL_HUMAN_NBL2_NAME,Potenziamento di Vigore
SKILL_HUMAN_NBL2R1_DESC,Aumenta di 3 il valore massimo di Vigore.
SKILL_HUMAN_NBL2R1_NAME,Potenziamento di Vigore
SKILL_HUMAN_NBL2R2_DESC,Aumenta di 9 il valore massimo di Vigore.
SKILL_HUMAN_NBL2R2_NAME,Potenziamento di Vigore
SKILL_HUMAN_NBL2R3_DESC,Aumenta la tua Rigenerazione del vigore di 3%
SKILL_HUMAN_NBL2R3_NAME,Aumento di Rigenerazione del vigore
SKILL_HUMAN_NBL2R4_DESC,Memoria ora aumenta il Vigore massimo di 5
SKILL_HUMAN_NBL2R4_NAME,Condotto Vitale
SKILL_HUMAN_NBL3_DESC,Aumenta di 3 il valore massimo di Vigore.
SKILL_HUMAN_NBL3_NAME,Potenziamento di Vigore
SKILL_HUMAN_NBL5_DESC,Aumenta la tua Velocità d'attacco di 3%
SKILL_HUMAN_NBL5_NAME,Aumento di Velocità d'attacco
SKILL_HUMAN_NBL5R1_DESC,Aumenta la tua Velocità d'attacco di 3%
SKILL_HUMAN_NBL5R1_NAME,Aumento di Velocità d'attacco
SKILL_HUMAN_NBL5R2_DESC,Aumenta la tua Velocità d'attacco di 9%
SKILL_HUMAN_NBL5R2_NAME,Aumento di Velocità d'attacco
SKILL_HUMAN_NBL5R3_DESC,Aumenta il tuo Danno critico di 6%
SKILL_HUMAN_NBL5R3_NAME,Aumento di Danno critico
SKILL_HUMAN_NBL5R4_DESC,Aumenta il tuo Danno critico di 6%
SKILL_HUMAN_NBL5R4_NAME,Aumento di Danno critico
SKILL_HUMAN_NBL5R5_DESC,Aumenta il tuo Danno critico di 18%
SKILL_HUMAN_NBL5R5_NAME,Aumento di Danno critico
SKILL_HUMAN_NBL5R6_DESC,Aumenta il tuo Danno critico di 6%
SKILL_HUMAN_NBL5R6_NAME,Aumento di Danno critico
SKILL_HUMAN_NBL5R7_DESC,"Dopo aver usato un incantesimo o un'abilità, il tuo prossimo Terzo Colpo ha +15% Probabilità di critico; l'effetto dura 5 secondi."
SKILL_HUMAN_NBL5R7_NAME,Conversione di Tempo
SKILL_HUMAN_NBL7_DESC,Aumenta la tua Velocità d'attacco di 3%
SKILL_HUMAN_NBL7_NAME,Aumento di Velocità d'attacco
SKILL_HUMAN_NBL9_DESC,Aumenta la tua Velocità d'attacco di 3%
SKILL_HUMAN_NBL9_NAME,Aumento di Velocità d'attacco
SKILL_HUMAN_NBR11_DESC,Aumenta di 5% il tuo danno contro i nemici sotto 40% di Salute.
SKILL_HUMAN_NBR11_NAME,Danno % vs. sotto 40% di Salute
SKILL_HUMAN_NBR12_DESC,Aumenta di 5% il tuo danno contro i nemici sotto 40% di Salute.
SKILL_HUMAN_NBR12_NAME,Danno % vs. sotto 40% di Salute
SKILL_HUMAN_NBR14_DESC,Aumenta di 5% il tuo danno contro i nemici sotto 40% di Salute.
SKILL_HUMAN_NBR14_NAME,Danno % vs. sotto 40% di Salute
SKILL_HUMAN_NBR15_DESC,Aumenta di 5% il tuo danno contro i nemici sotto 40% di Salute.
SKILL_HUMAN_NBR15_NAME,Danno % vs. sotto 40% di Salute
SKILL_HUMAN_NBR17_DESC,Aumenta il tuo Danno critico di 6%
SKILL_HUMAN_NBR17_NAME,Aumento di Danno critico
SKILL_HUMAN_NBR18_DESC,Aumenta il tuo Danno critico di 18%
SKILL_HUMAN_NBR18_NAME,Aumento di Danno critico
SKILL_HUMAN_NBR2_DESC,Aumenta il tuo Danno da taglio di 3%
SKILL_HUMAN_NBR2_NAME,Aumento di Danno da taglio
SKILL_HUMAN_NBR2R1_DESC,Aumenta il tuo Danno da taglio di 3%
SKILL_HUMAN_NBR2R1_NAME,Aumento di Danno da taglio
SKILL_HUMAN_NBR2R2_DESC,Aumenta il tuo Danno da taglio di 9%
SKILL_HUMAN_NBR2R2_NAME,Aumento di Danno da taglio
SKILL_HUMAN_NBR2R3_DESC,Aumenta di 3% tutto il Danno fisico
SKILL_HUMAN_NBR2R3_NAME,Aumento di Danno fisico
SKILL_HUMAN_NBR2R4_DESC,"Dopo una Parata riuscita, il tuo prossimo Terzo Colpo infligge il 30% di danno in più. Dura 6 secondi."
SKILL_HUMAN_NBR2R4_NAME,Disciplina della Riposta
SKILL_HUMAN_NBR3_DESC,Aumenta il tuo Danno da taglio di 3%
SKILL_HUMAN_NBR3_NAME,Aumento di Danno da taglio
SKILL_HUMAN_NBR5_DESC,Aumenta la tua Celerità magica di 2
SKILL_HUMAN_NBR5_NAME,Celerità magica
SKILL_HUMAN_NBR5R1_DESC,Aumenta la tua Celerità magica di 2
SKILL_HUMAN_NBR5R1_NAME,Celerità magica
SKILL_HUMAN_NBR5R2_DESC,Aumenta la tua Celerità magica di 6
SKILL_HUMAN_NBR5R2_NAME,Celerità magica
SKILL_HUMAN_NBR5R3_DESC,Aumenta la tua Probabilità di critico di 2%
SKILL_HUMAN_NBR5R3_NAME,Aumento della probabilità di critico da Taglio
SKILL_HUMAN_NBR5R4_DESC,Aumenta la tua Probabilità di critico di 2%
SKILL_HUMAN_NBR5R4_NAME,Aumento della probabilità di critico da Taglio
SKILL_HUMAN_NBR5R5_DESC,Aumenta la tua Probabilità di critico di 4%
SKILL_HUMAN_NBR5R5_NAME,Aumento della probabilità di critico da Taglio
SKILL_HUMAN_NBR5R6_DESC,Aumenta la tua Probabilità di critico di 2%
SKILL_HUMAN_NBR5R6_NAME,Aumento della probabilità di critico da Taglio
SKILL_HUMAN_NBR5R7_DESC,"Dopo un colpo critico, ottieni +25% Velocità d'attacco per 3 secondi."
SKILL_HUMAN_NBR5R7_NAME,Ondata di Maestria
SKILL_HUMAN_NBR7_DESC,Aumenta la tua Celerità magica di 2
SKILL_HUMAN_NBR7_NAME,Celerità magica
SKILL_HUMAN_NBR9_DESC,Aumenta la tua Celerità magica di 2
SKILL_HUMAN_NBR9_NAME,Celerità magica
SKILL_HUMAN_NS1_DESC,Cambio arma aumenta tutto il danno del 15% per 8 secondi.
SKILL_HUMAN_NS1_NAME,Guerriero Versatile
SKILL_HUMAN_NS1B1_DESC,Riduce di 10% per punto il tempo di recupero di Cambio arma.
SKILL_HUMAN_NS1B1_NAME,Riduzione del Tempo di recupero di Cambio arma I
SKILL_HUMAN_NS1B10_DESC,Aumenta di 8% per punto il valore di Danno perforante inflitto da Cambio a balestra.
SKILL_HUMAN_NS1B10_NAME,Aumento di Danno perforante Cambio arma II
SKILL_HUMAN_NS1B11_DESC,Aumenta di 8% per punto il valore di Danno da taglio inflitto da Cambio a spada.
SKILL_HUMAN_NS1B11_NAME,Aumento di Danno da taglio Cambio arma III
SKILL_HUMAN_NS1B12_DESC,Aumenta la durata di Guerriero Versatile di 0.5 secondi per punto.
SKILL_HUMAN_NS1B12_NAME,Aumento durata di Guerriero Versatile III
SKILL_HUMAN_NS1B13_DESC,Riduce il costo in Vigore e Concentrazione di Cambio arma del 12% per punto.
SKILL_HUMAN_NS1B13_NAME,Riduzione del costo in Cambio arma II
SKILL_HUMAN_NS1B14_DESC,Aumenta di 8% per punto il valore di Danno perforante inflitto da Cambio a balestra.
SKILL_HUMAN_NS1B14_NAME,Aumento di Danno perforante Cambio arma III
SKILL_HUMAN_NS1B15_DESC,Riduce il costo in Vigore e Concentrazione di Cambio arma del 12% per punto.
SKILL_HUMAN_NS1B15_NAME,Riduzione del costo in Cambio arma III
SKILL_HUMAN_NS1B16_DESC,Aumenta di 1 per punto il Sanguinamento applicato da Cambio a spada e da ogni tiro di Cambio a balestra.
SKILL_HUMAN_NS1B16_NAME,Aumento di Cambio Lacerante I
SKILL_HUMAN_NS1B17_DESC,Aumenta di 2 per punto il Vigore ripristinato da Cambio a spada e la Concentrazione ripristinata dal tiro di Cambio a balestra.
SKILL_HUMAN_NS1B17_NAME,Aumento di Cambio Mietente I
SKILL_HUMAN_NS1B18_DESC,Aumenta di 1 per punto il Veleno applicato dai tiri di Cambio a balestra e da Cambio a spada ai nemici sanguinanti.
SKILL_HUMAN_NS1B18_NAME,Aumento di Cambio Avvelenante I
SKILL_HUMAN_NS1B19_DESC,Aumenta di 1 per punto il Sanguinamento applicato da Cambio a spada e da ogni tiro di Cambio a balestra.
SKILL_HUMAN_NS1B19_NAME,Aumento di Cambio Lacerante II
SKILL_HUMAN_NS1B2_DESC,Riduce di 10% per punto il tempo di recupero di Cambio arma.
SKILL_HUMAN_NS1B2_NAME,Riduzione del Tempo di recupero di Cambio arma II
SKILL_HUMAN_NS1B20_DESC,Aumenta di 2 per punto il Vigore ripristinato da Cambio a spada e la Concentrazione ripristinata dal tiro di Cambio a balestra.
SKILL_HUMAN_NS1B20_NAME,Aumento di Cambio Mietente II
SKILL_HUMAN_NS1B21_DESC,Aumenta di 1 per punto il Veleno applicato dai tiri di Cambio a balestra e da Cambio a spada ai nemici sanguinanti.
SKILL_HUMAN_NS1B21_NAME,Aumento di Cambio Avvelenante II
SKILL_HUMAN_NS1B22_DESC,Aumenta di 1 per punto il Sanguinamento applicato da Cambio a spada e da ogni tiro di Cambio a balestra.
SKILL_HUMAN_NS1B22_NAME,Aumento di Cambio Lacerante III
SKILL_HUMAN_NS1B23_DESC,Aumenta di 2 per punto il Vigore ripristinato da Cambio a spada e la Concentrazione ripristinata dal tiro di Cambio a balestra.
SKILL_HUMAN_NS1B23_NAME,Aumento di Cambio Mietente III
SKILL_HUMAN_NS1B24_DESC,Aumenta di 1 per punto il Veleno applicato dai tiri di Cambio a balestra e da Cambio a spada ai nemici sanguinanti.
SKILL_HUMAN_NS1B24_NAME,Aumento di Cambio Avvelenante III
SKILL_HUMAN_NS1B3_DESC,Riduce di 10% per punto il tempo di recupero di Cambio arma.
SKILL_HUMAN_NS1B3_NAME,Riduzione del Tempo di recupero di Cambio arma III
SKILL_HUMAN_NS1B4_DESC,Aumenta di 8% per punto il valore di Danno da taglio inflitto da Cambio a spada.
SKILL_HUMAN_NS1B4_NAME,Aumento di Danno da taglio Cambio arma I
SKILL_HUMAN_NS1B5_DESC,Aumenta la durata di Guerriero Versatile di 0.5 secondi per punto.
SKILL_HUMAN_NS1B5_NAME,Aumento durata di Guerriero Versatile I
SKILL_HUMAN_NS1B6_DESC,Aumenta di 8% per punto il valore di Danno perforante inflitto da Cambio a balestra.
SKILL_HUMAN_NS1B6_NAME,Aumento di Danno perforante Cambio arma I
SKILL_HUMAN_NS1B7_DESC,Aumenta di 8% per punto il valore di Danno da taglio inflitto da Cambio a spada.
SKILL_HUMAN_NS1B7_NAME,Aumento di Danno da taglio Cambio arma II
SKILL_HUMAN_NS1B8_DESC,Aumenta la durata di Guerriero Versatile di 0.5 secondi per punto.
SKILL_HUMAN_NS1B8_NAME,Aumento durata di Guerriero Versatile II
SKILL_HUMAN_NS1B9_DESC,Riduce il costo in Vigore e Concentrazione di Cambio arma del 12% per punto.
SKILL_HUMAN_NS1B9_NAME,Riduzione del costo in Cambio arma I
SKILL_HUMAN_NS1U1_DESC,"Il tuo Cambio a spada scatena un fendente rotante al termine dello scatto, infliggendo Danno da taglio a tutti i nemici attorno a te."
SKILL_HUMAN_NS1U1_NAME,Giravolta dell'eroe
SKILL_HUMAN_NS1U2_DESC,Guerriero Versatile influenza anche gli alleati vicini.
SKILL_HUMAN_NS1U2_NAME,Versatilità di supporto
SKILL_HUMAN_NS1U3_DESC,"Il tuo Cambio a balestra scatena un ventaglio di dardi, ciascuno dei quali infligge Danno perforante pari al 30% del danno originale."
SKILL_HUMAN_NS1U3_NAME,Ventaglio di dardi
SKILL_HUMAN_NS1U4_DESC,Cambio arma esegue solo Cambio a spada. Non puoi usare la balestra.
SKILL_HUMAN_NS1U4_NAME,Disciplina della Lama
SKILL_HUMAN_NS1U5_DESC,Cambio arma esegue solo Cambio a balestra. Non puoi usare la spada.
SKILL_HUMAN_NS1U5_NAME,Disciplina della Balestra
SKILL_HUMAN_NS1U6_DESC,Cambio a spada applica 2 cariche di Sanguinamento ai nemici colpiti. I tiri di Cambio a balestra applicano 2 cariche di Sanguinamento.
SKILL_HUMAN_NS1U6_NAME,Cambio Lacerante
SKILL_HUMAN_NS1U7_DESC,"Cambio a spada consuma il Sanguinamento sui nemici colpiti per ripristinare 5 Vigore per carica di Sanguinamento, fino a 10 cariche. I tiri di Cambio a balestra consumano Sanguinamento per ripristinare 4 Concentrazione per carica di Sanguinamento, fino a 5 cariche."
SKILL_HUMAN_NS1U7_NAME,Cambio Mietente
SKILL_HUMAN_NS1U8_DESC,Cambio a balestra applica 3 cariche di Veleno con ogni tiro. Cambio a spada applica 3 cariche di Veleno ai nemici colpiti che sono già sanguinanti.
SKILL_HUMAN_NS1U8_NAME,Cambio Avvelenante
SKILL_HUMAN_NS2_DESC,"Premi per lanciare. Scatena una raffica di 5 colpi, ciascuno dei quali infligge Danno da taglio e applica Sanguinamento."
SKILL_HUMAN_NS2_NAME,Danza delle lame
SKILL_HUMAN_NS2B1_DESC,Aumenta di 1 il numero di colpi durante Danza delle lame. I colpi extra vengono sferrati in una rapida raffica al termine della danza.
SKILL_HUMAN_NS2B1_NAME,Colpi extra di Danza delle lame I
SKILL_HUMAN_NS2B10_DESC,Aumenta di 8% il danno inflitto da Danza delle lame.
SKILL_HUMAN_NS2B10_NAME,Aumento del danno da Danza delle lame III
SKILL_HUMAN_NS2B11_DESC,Aumenta dell'8% per punto il bonus massimo al danno di Danza Mietente.
SKILL_HUMAN_NS2B11_NAME,Aumento danno di Danza Mietente I
SKILL_HUMAN_NS2B12_DESC,Aumenta di 1 per punto il valore aggiuntivo di Sanguinamento applicato da Danza Coagulante.
SKILL_HUMAN_NS2B12_NAME,Aumento di Danza Coagulante I
SKILL_HUMAN_NS2B13_DESC,Aumenta di 1 per colpo per punto il Veleno applicato da Danza Avvelenante.
SKILL_HUMAN_NS2B13_NAME,Aumento di Danza Avvelenante I
SKILL_HUMAN_NS2B14_DESC,Aumenta di 1 per punto l'Inoculazione ottenuta con Danza Inoculante.
SKILL_HUMAN_NS2B14_NAME,Aumento di Danza Inoculante I
SKILL_HUMAN_NS2B15_DESC,Aumenta dell'8% per punto il bonus massimo al danno di Danza Mietente.
SKILL_HUMAN_NS2B15_NAME,Aumento danno di Danza Mietente II
SKILL_HUMAN_NS2B16_DESC,Aumenta di 1 per punto il valore aggiuntivo di Sanguinamento applicato da Danza Coagulante.
SKILL_HUMAN_NS2B16_NAME,Aumento di Danza Coagulante II
SKILL_HUMAN_NS2B17_DESC,Aumenta di 1 per colpo per punto il Veleno applicato da Danza Avvelenante.
SKILL_HUMAN_NS2B17_NAME,Aumento di Danza Avvelenante II
SKILL_HUMAN_NS2B18_DESC,Aumenta di 1 per punto l'Inoculazione ottenuta con Danza Inoculante.
SKILL_HUMAN_NS2B18_NAME,Aumento di Danza Inoculante II
SKILL_HUMAN_NS2B19_DESC,Aumenta dell'8% per punto il bonus massimo al danno di Danza Mietente.
SKILL_HUMAN_NS2B19_NAME,Aumento danno di Danza Mietente III
SKILL_HUMAN_NS2B2_DESC,Aumenta di 1 il numero di colpi durante Danza delle lame. I colpi extra vengono sferrati in una rapida raffica al termine della danza.
SKILL_HUMAN_NS2B2_NAME,Colpi extra di Danza delle lame II
SKILL_HUMAN_NS2B20_DESC,Aumenta di 1 per punto il valore aggiuntivo di Sanguinamento applicato da Danza Coagulante.
SKILL_HUMAN_NS2B20_NAME,Aumento di Danza Coagulante III
SKILL_HUMAN_NS2B21_DESC,Aumenta di 1 per colpo per punto il Veleno applicato da Danza Avvelenante.
SKILL_HUMAN_NS2B21_NAME,Aumento di Danza Avvelenante III
SKILL_HUMAN_NS2B22_DESC,Aumenta di 1 per punto l'Inoculazione ottenuta con Danza Inoculante.
SKILL_HUMAN_NS2B22_NAME,Aumento di Danza Inoculante III
SKILL_HUMAN_NS2B3_DESC,Aumenta di 1 il numero di colpi durante Danza delle lame. I colpi extra vengono sferrati in una rapida raffica al termine della danza.
SKILL_HUMAN_NS2B3_NAME,Colpi extra di Danza delle lame III
SKILL_HUMAN_NS2B4_DESC,Riduce di 10% per punto il tempo di recupero di Danza delle lame.
SKILL_HUMAN_NS2B4_NAME,Riduzione del Tempo di recupero di Danza delle lame I
SKILL_HUMAN_NS2B5_DESC,Aumenta di 8% il danno inflitto da Danza delle lame.
SKILL_HUMAN_NS2B5_NAME,Aumento del danno da Danza delle lame I
SKILL_HUMAN_NS2B6_DESC,Riduce di 10% per punto il tempo di recupero di Danza delle lame.
SKILL_HUMAN_NS2B6_NAME,Riduzione del Tempo di recupero di Danza delle lame II
SKILL_HUMAN_NS2B7_DESC,Riduce il costo in Vigore di Danza delle lame del 10% per punto.
SKILL_HUMAN_NS2B7_NAME,Riduzione del costo in Danza delle lame I
SKILL_HUMAN_NS2B8_DESC,Aumenta di 8% il danno inflitto da Danza delle lame.
SKILL_HUMAN_NS2B8_NAME,Aumento del danno da Danza delle lame II
SKILL_HUMAN_NS2B9_DESC,Riduce di 10% per punto il tempo di recupero di Danza delle lame.
SKILL_HUMAN_NS2B9_NAME,Riduzione del Tempo di recupero di Danza delle lame III
SKILL_HUMAN_NS2U1_DESC,"Dopo ogni colpo, Danza delle lame cerca un nuovo bersaglio vicino per il colpo successivo, se disponibile. Se non ci sono altri nemici a portata, continua a colpire il bersaglio originale."
SKILL_HUMAN_NS2U1_NAME,Danza rimbalzante
SKILL_HUMAN_NS2U2_DESC,Danza delle lame riduce l'Armatura del bersaglio del 10% per colpo per 5 secondi.
SKILL_HUMAN_NS2U2_NAME,Danza dilaniante
SKILL_HUMAN_NS2U3_DESC,"Ogni colpo di Danza delle lame infligge anche Danno da taglio in una piccola area attorno al bersaglio colpito, pari al 40% del danno, ma il colpo principale infligge il 20% di danno in meno."
SKILL_HUMAN_NS2U3_NAME,Danza spazzante
SKILL_HUMAN_NS2U4_DESC,Danza delle lame infligge Danno perforante.
SKILL_HUMAN_NS2U4_NAME,Danza delle stoccate
SKILL_HUMAN_NS2U5_DESC,"Ogni colpo di Danza delle lame consuma cariche di Sanguinamento sul bersaglio per infliggere l'8% di danno in più per carica, fino al 40% per colpo. Danza delle lame non applica più Sanguinamento."
SKILL_HUMAN_NS2U5_NAME,Danza Mietente
SKILL_HUMAN_NS2U6_DESC,Ogni colpo di Danza delle lame consuma 1 carica di Veleno sul bersaglio per applicare 2 cariche aggiuntive di Sanguinamento.
SKILL_HUMAN_NS2U6_NAME,Danza Coagulante
SKILL_HUMAN_NS2U7_DESC,Ogni colpo di Danza delle lame applica anche 1 carica di Veleno al bersaglio.
SKILL_HUMAN_NS2U7_NAME,Danza Avvelenante
SKILL_HUMAN_NS2U8_DESC,Ogni colpo di Danza delle lame conferisce 1 carica di Inoculazione se colpisce un bersaglio avvelenato.
SKILL_HUMAN_NS2U8_NAME,Danza Inoculante
SKILL_HUMAN_NS3_DESC,"Tieni premuto per caricare. Rilascia per inviare un'onda di energia in avanti, infliggendo Danno da taglio a tutti i nemici colpiti. Colpo d'onda consuma il Sanguinamento sui nemici colpiti per infliggere il 4% di danno bonus per carica, fino a 10."
SKILL_HUMAN_NS3_NAME,Colpo d'onda
SKILL_HUMAN_NS3B1_DESC,Aumenta di 8% il danno inflitto da Colpo d'onda.
SKILL_HUMAN_NS3B1_NAME,Aumento del danno da Colpo d'onda I
SKILL_HUMAN_NS3B10_DESC,Riduce di 10% per punto il tempo di recupero di Colpo d'onda.
SKILL_HUMAN_NS3B10_NAME,Riduzione del Tempo di recupero di Colpo d'onda III
SKILL_HUMAN_NS3B11_DESC,Aumenta dell'1% per punto il danno ottenuto per carica di Inoculazione consumata da Onda inoculata e del 6% per punto il suo massimo.
SKILL_HUMAN_NS3B11_NAME,Aumento di Onda Inoculata I
SKILL_HUMAN_NS3B12_DESC,Aumenta di 2 per punto il valore massimo di Veleno consumato da Onda Purgante.
SKILL_HUMAN_NS3B12_NAME,Aumento di Onda Purgante I
SKILL_HUMAN_NS3B13_DESC,Aumenta di 1 per punto l'Inoculazione ottenuta dai nemici colpiti da Onda Inoculante.
SKILL_HUMAN_NS3B13_NAME,Aumento di Onda Inoculante I
SKILL_HUMAN_NS3B14_DESC,Aumenta di 2 per punto il Veleno massimo applicato da Onda Corrompente.
SKILL_HUMAN_NS3B14_NAME,Aumento di Onda Corrompente I
SKILL_HUMAN_NS3B15_DESC,Aumenta di 1% per punto il danno bonus ottenuto da ogni Sanguinamento consumato oltre i primi 10.
SKILL_HUMAN_NS3B15_NAME,Aumento di Onda Mietente I
SKILL_HUMAN_NS3B16_DESC,Aumenta di 1 per punto il Sanguinamento applicato da Onda Lacerante. Vale sia per i valori normali sia per quelli a carica completa.
SKILL_HUMAN_NS3B16_NAME,Aumento di Onda Lacerante I
SKILL_HUMAN_NS3B17_DESC,Aumenta dell'1% per punto il danno ottenuto per carica di Inoculazione consumata da Onda inoculata e del 6% per punto il suo massimo.
SKILL_HUMAN_NS3B17_NAME,Aumento di Onda Inoculata II
SKILL_HUMAN_NS3B18_DESC,Aumenta di 2 per punto il valore massimo di Veleno consumato da Onda Purgante.
SKILL_HUMAN_NS3B18_NAME,Aumento di Onda Purgante II
SKILL_HUMAN_NS3B19_DESC,Aumenta di 1 per punto l'Inoculazione ottenuta dai nemici colpiti da Onda Inoculante.
SKILL_HUMAN_NS3B19_NAME,Aumento di Onda Inoculante II
SKILL_HUMAN_NS3B2_DESC,Aumenta di 8% il danno inflitto da Colpo d'onda.
SKILL_HUMAN_NS3B2_NAME,Aumento del danno da Colpo d'onda II
SKILL_HUMAN_NS3B20_DESC,Aumenta di 2 per punto il Veleno massimo applicato da Onda Corrompente.
SKILL_HUMAN_NS3B20_NAME,Aumento di Onda Corrompente II
SKILL_HUMAN_NS3B21_DESC,Aumenta di 1% per punto il danno bonus ottenuto da ogni Sanguinamento consumato oltre i primi 10.
SKILL_HUMAN_NS3B21_NAME,Aumento di Onda Mietente II
SKILL_HUMAN_NS3B22_DESC,Aumenta di 1 per punto il Sanguinamento applicato da Onda Lacerante. Vale sia per i valori normali sia per quelli a carica completa.
SKILL_HUMAN_NS3B22_NAME,Aumento di Onda Lacerante II
SKILL_HUMAN_NS3B23_DESC,Aumenta dell'1% per punto il danno ottenuto per carica di Inoculazione consumata da Onda inoculata e del 6% per punto il suo massimo.
SKILL_HUMAN_NS3B23_NAME,Aumento di Onda Inoculata III
SKILL_HUMAN_NS3B24_DESC,Aumenta di 2 per punto il valore massimo di Veleno consumato da Onda Purgante.
SKILL_HUMAN_NS3B24_NAME,Aumento di Onda Purgante III
SKILL_HUMAN_NS3B25_DESC,Aumenta di 1 per punto l'Inoculazione ottenuta dai nemici colpiti da Onda Inoculante.
SKILL_HUMAN_NS3B25_NAME,Aumento di Onda Inoculante III
SKILL_HUMAN_NS3B26_DESC,Aumenta di 2 per punto il Veleno massimo applicato da Onda Corrompente.
SKILL_HUMAN_NS3B26_NAME,Aumento di Onda Corrompente III
SKILL_HUMAN_NS3B27_DESC,Aumenta di 1% per punto il danno bonus ottenuto da ogni Sanguinamento consumato oltre i primi 10.
SKILL_HUMAN_NS3B27_NAME,Aumento di Onda Mietente III
SKILL_HUMAN_NS3B28_DESC,Aumenta di 1 per punto il Sanguinamento applicato da Onda Lacerante. Vale sia per i valori normali sia per quelli a carica completa.
SKILL_HUMAN_NS3B28_NAME,Aumento di Onda Lacerante III
SKILL_HUMAN_NS3B3_DESC,Aumenta di 8% il danno inflitto da Colpo d'onda.
SKILL_HUMAN_NS3B3_NAME,Aumento del danno da Colpo d'onda III
SKILL_HUMAN_NS3B4_DESC,Riduce il tempo di carica di Colpo d'onda del 15% per punto.
SKILL_HUMAN_NS3B4_NAME,Velocità di carica di Colpo d'onda I
SKILL_HUMAN_NS3B5_DESC,Riduce di 10% per punto il tempo di recupero di Colpo d'onda.
SKILL_HUMAN_NS3B5_NAME,Riduzione del Tempo di recupero di Colpo d'onda I
SKILL_HUMAN_NS3B6_DESC,Riduce il tempo di carica di Colpo d'onda del 15% per punto.
SKILL_HUMAN_NS3B6_NAME,Velocità di carica di Colpo d'onda II
SKILL_HUMAN_NS3B7_DESC,Riduce il costo in Vigore di Colpo d'onda del 20% per punto.
SKILL_HUMAN_NS3B7_NAME,Riduzione del costo in Colpo d'onda I
SKILL_HUMAN_NS3B8_DESC,Riduce di 10% per punto il tempo di recupero di Colpo d'onda.
SKILL_HUMAN_NS3B8_NAME,Riduzione del Tempo di recupero di Colpo d'onda II
SKILL_HUMAN_NS3B9_DESC,Riduce il tempo di carica di Colpo d'onda del 15% per punto.
SKILL_HUMAN_NS3B9_NAME,Velocità di carica di Colpo d'onda III
SKILL_HUMAN_NS3U1_DESC,"Dopo una carica completa, Colpo d'onda può essere rilanciato per un breve periodo. Il rilancio infligge danno ridotto e non può consumare Sanguinamento o Veleno."
SKILL_HUMAN_NS3U1_NAME,Colpo successivo
SKILL_HUMAN_NS3U10_DESC,"Colpo d'onda non consuma più Sanguinamento. Invece, Colpo d'onda applica 4 cariche di Sanguinamento a tutti i nemici colpiti, o 6 cariche di Sanguinamento se rilasciato a carica completa."
SKILL_HUMAN_NS3U10_NAME,Onda Lacerante
SKILL_HUMAN_NS3U2_DESC,"Colpo d'onda lancia 3 onde davanti a te, ciascuna con il 40% del danno"
SKILL_HUMAN_NS3U2_NAME,Onda Scindente
SKILL_HUMAN_NS3U3_DESC,"Colpo d'onda diventa un incantesimo canalizzato che emette onde continue, ciascuna con il 40% del danno. Ogni onda può consumare solo 1 carica di Sanguinamento o Veleno. Il tempo di recupero base di Colpo d'onda diventa di 3 secondi."
SKILL_HUMAN_NS3U3_NAME,Onda continua
SKILL_HUMAN_NS3U4_DESC,"Dopo aver raggiunto la portata massima, Colpo d'onda torna verso di te, infliggendo il 40% del danno ai nemici colpiti al ritorno. L'onda all'andata infligge il 20% di danno in meno."
SKILL_HUMAN_NS3U4_NAME,Onda di ritorno
SKILL_HUMAN_NS3U5_DESC,"Colpo d'onda consuma Inoculazione al rilascio. Ogni carica di Inoculazione consumata aumenta il danno di Colpo d'onda del 2%, fino al 30%."
SKILL_HUMAN_NS3U5_NAME,Onda Inoculata
SKILL_HUMAN_NS3U6_DESC,"Colpo d'onda consuma Veleno anziché Sanguinamento. Ogni carica di Veleno consumata aumenta il danno di Colpo d'onda del 4%, fino a 10 cariche di Veleno consumate."
SKILL_HUMAN_NS3U6_NAME,Onda Purgante
SKILL_HUMAN_NS3U7_DESC,"Colpo d'onda conferisce 2 cariche di Inoculazione per ogni nemico colpito. Se Colpo d'onda consuma Sanguinamento da quel nemico, ottieni 1 carica aggiuntiva di Inoculazione da quel nemico."
SKILL_HUMAN_NS3U7_NAME,Onda Inoculante
SKILL_HUMAN_NS3U8_DESC,"Colpo d'onda consuma il Sanguinamento sui nemici colpiti per applicare Veleno anziché ottenere danno bonus. Applica 1 carica di Veleno per carica di Sanguinamento consumata, fino a 10."
SKILL_HUMAN_NS3U8_NAME,Onda Corrompente
SKILL_HUMAN_NS3U9_DESC,Colpo d'onda consuma tutto il Sanguinamento sui nemici colpiti. Le prime 10 cariche di Sanguinamento consumate conferiscono il normale 4% di danno bonus per carica. Le cariche di Sanguinamento consumate oltre le 10 conferiscono il 2% di danno bonus per carica.
SKILL_HUMAN_NS3U9_NAME,Onda Mietente
SKILL_HUMAN_S1_DESC,Aumenta di 6 il valore massimo di Concentrazione.
SKILL_HUMAN_S1_NAME,Potenziamento di Concentrazione
SKILL_HUMAN_S10_DESC,Aumenta di 2 il Veleno massimo che puoi applicare. \n Aumenta di 2 il Sanguinamento massimo che puoi applicare.
SKILL_HUMAN_S10_NAME,Maestro delle afflizioni
SKILL_HUMAN_S16_DESC,Aumenta il tuo danno contro i nemici avvelenati del 12% \n Aumenta il tuo danno contro i nemici sanguinanti del 12%
SKILL_HUMAN_S16_NAME,Sfruttamento degli stati
SKILL_HUMAN_S4_DESC,Aumenta il tuo Danno perforante del 6% \n Aumenta la tua Concentrazione massima di 6.
SKILL_HUMAN_S4_NAME,Precisione tattica
SKILL_HUMAN_SBL11_DESC,Aumenta di 6% il tuo danno contro i nemici avvelenati
SKILL_HUMAN_SBL11_NAME,Danno aumentato vs. avvelenati
SKILL_HUMAN_SBL12_DESC,Aumenta di 6% il tuo danno contro i nemici avvelenati
SKILL_HUMAN_SBL12_NAME,Danno aumentato vs. avvelenati
SKILL_HUMAN_SBL14_DESC,Aumenta di 6% il tuo danno contro i nemici avvelenati
SKILL_HUMAN_SBL14_NAME,Danno aumentato vs. avvelenati
SKILL_HUMAN_SBL15_DESC,Aumenta di 6% il tuo danno contro i nemici avvelenati
SKILL_HUMAN_SBL15_NAME,Danno aumentato vs. avvelenati
SKILL_HUMAN_SBL17_DESC,Aumenta di 1 secondo la durata del tuo Sanguinamento.
SKILL_HUMAN_SBL17_NAME,Aumento di Durata Sanguinamento
SKILL_HUMAN_SBL18_DESC,Aumenta di 2 secondi la durata del tuo Sanguinamento.
SKILL_HUMAN_SBL18_NAME,Aumento di Durata Sanguinamento
SKILL_HUMAN_SBL2_DESC,Aumenta di 3 il valore massimo di Concentrazione.
SKILL_HUMAN_SBL2_NAME,Potenziamento di Concentrazione
SKILL_HUMAN_SBL2R1_DESC,Aumenta di 3 il valore massimo di Concentrazione.
SKILL_HUMAN_SBL2R1_NAME,Potenziamento di Concentrazione
SKILL_HUMAN_SBL2R2_DESC,Aumenta di 9 il valore massimo di Concentrazione.
SKILL_HUMAN_SBL2R2_NAME,Potenziamento di Concentrazione
SKILL_HUMAN_SBL2R3_DESC,Aumenta di 2 il recupero di Concentrazione al colpo.
SKILL_HUMAN_SBL2R3_NAME,Concentrazione al colpo
SKILL_HUMAN_SBL2R4_DESC,Energia ora aumenta la Concentrazione massima di 5
SKILL_HUMAN_SBL2R4_NAME,Resistenza Arcana
SKILL_HUMAN_SBL3_DESC,Aumenta di 3 il valore massimo di Concentrazione.
SKILL_HUMAN_SBL3_NAME,Potenziamento di Concentrazione
SKILL_HUMAN_SBL5_DESC,Aumenta di 1 il valore massimo di Sanguinamento applicabile.
SKILL_HUMAN_SBL5_NAME,Aumento di Sanguinamento max
SKILL_HUMAN_SBL5R1_DESC,Aumenta di 1 il valore massimo di Sanguinamento applicabile.
SKILL_HUMAN_SBL5R1_NAME,Aumento di Sanguinamento max
SKILL_HUMAN_SBL5R2_DESC,Aumenta di 3 il valore massimo di Sanguinamento applicabile.
SKILL_HUMAN_SBL5R2_NAME,Aumento di Sanguinamento max
SKILL_HUMAN_SBL5R3_DESC,Aumenta di 20% il danno del tuo Sanguinamento
SKILL_HUMAN_SBL5R3_NAME,Aumento del danno da Sanguinamento
SKILL_HUMAN_SBL5R4_DESC,Aumenta di 20% il danno del tuo Sanguinamento
SKILL_HUMAN_SBL5R4_NAME,Aumento del danno da Sanguinamento
SKILL_HUMAN_SBL5R5_DESC,Aumenta di 60% il danno del tuo Sanguinamento
SKILL_HUMAN_SBL5R5_NAME,Aumento del danno da Sanguinamento
SKILL_HUMAN_SBL5R6_DESC,Aumenta di 20% il danno del tuo Sanguinamento
SKILL_HUMAN_SBL5R6_NAME,Aumento del danno da Sanguinamento
SKILL_HUMAN_SBL5R7_DESC,Le Parate riuscite applicano Sanguinamento a tutti i nemici colpiti.
SKILL_HUMAN_SBL5R7_NAME,Contrattacco Tagliente
SKILL_HUMAN_SBL7_DESC,Aumenta di 1 il valore massimo di Sanguinamento applicabile.
SKILL_HUMAN_SBL7_NAME,Aumento di Sanguinamento max
SKILL_HUMAN_SBL9_DESC,Aumenta di 1 il valore massimo di Sanguinamento applicabile.
SKILL_HUMAN_SBL9_NAME,Aumento di Sanguinamento max
SKILL_HUMAN_SBR11_DESC,Aumenta di 6% il tuo danno contro i nemici sanguinanti
SKILL_HUMAN_SBR11_NAME,Danno aumentato vs. sanguinanti
SKILL_HUMAN_SBR12_DESC,Aumenta di 6% il tuo danno contro i nemici sanguinanti
SKILL_HUMAN_SBR12_NAME,Danno aumentato vs. sanguinanti
SKILL_HUMAN_SBR14_DESC,Aumenta di 6% il tuo danno contro i nemici sanguinanti
SKILL_HUMAN_SBR14_NAME,Danno aumentato vs. sanguinanti
SKILL_HUMAN_SBR15_DESC,Aumenta di 6% il tuo danno contro i nemici sanguinanti
SKILL_HUMAN_SBR15_NAME,Danno aumentato vs. sanguinanti
SKILL_HUMAN_SBR17_DESC,Aumenta di 1 secondo la durata del tuo Veleno.
SKILL_HUMAN_SBR17_NAME,Aumento di Durata Veleno
SKILL_HUMAN_SBR18_DESC,Aumenta di 2 secondi la durata del tuo Veleno.
SKILL_HUMAN_SBR18_NAME,Aumento di Durata Veleno
SKILL_HUMAN_SBR2_DESC,Aumenta il tuo Danno perforante di 3%
SKILL_HUMAN_SBR2_NAME,Aumento di Danno perforante
SKILL_HUMAN_SBR2R1_DESC,Aumenta il tuo Danno perforante di 3%
SKILL_HUMAN_SBR2R1_NAME,Aumento di Danno perforante
SKILL_HUMAN_SBR2R2_DESC,Aumenta il tuo Danno perforante di 9%
SKILL_HUMAN_SBR2R2_NAME,Aumento di Danno perforante
SKILL_HUMAN_SBR2R3_DESC,Aumenta di 3% tutto il Danno fisico
SKILL_HUMAN_SBR2R3_NAME,Aumento di Danno fisico
SKILL_HUMAN_SBR2R4_DESC,"Dopo una Parata riuscita, il tuo prossimo Attacco finale a distanza infligge il 30% di danno in più. Dura 6 secondi."
SKILL_HUMAN_SBR2R4_NAME,Disciplina del Controfuoco
SKILL_HUMAN_SBR3_DESC,Aumenta il tuo Danno perforante di 3%
SKILL_HUMAN_SBR3_NAME,Aumento di Danno perforante
SKILL_HUMAN_SBR5_DESC,Aumenta di 1 il valore massimo di Veleno applicabile.
SKILL_HUMAN_SBR5_NAME,Aumento di Veleno max
SKILL_HUMAN_SBR5R1_DESC,Aumenta di 1 il valore massimo di Veleno applicabile.
SKILL_HUMAN_SBR5R1_NAME,Aumento di Veleno max
SKILL_HUMAN_SBR5R2_DESC,Aumenta di 3 il valore massimo di Veleno applicabile.
SKILL_HUMAN_SBR5R2_NAME,Aumento di Veleno max
SKILL_HUMAN_SBR5R3_DESC,Aumenta di 20% il danno del tuo Veleno
SKILL_HUMAN_SBR5R3_NAME,Aumento del danno da Veleno
SKILL_HUMAN_SBR5R4_DESC,Aumenta di 20% il danno del tuo Veleno
SKILL_HUMAN_SBR5R4_NAME,Aumento del danno da Veleno
SKILL_HUMAN_SBR5R5_DESC,Aumenta di 60% il danno del tuo Veleno
SKILL_HUMAN_SBR5R5_NAME,Aumento del danno da Veleno
SKILL_HUMAN_SBR5R6_DESC,Aumenta di 20% il danno del tuo Veleno
SKILL_HUMAN_SBR5R6_NAME,Aumento del danno da Veleno
SKILL_HUMAN_SBR5R7_DESC,"Quando colpisci un nemico con 10 o più cariche di Veleno, ottieni +15% Probabilità di critico per 5 secondi."
SKILL_HUMAN_SBR5R7_NAME,Odore d'Infezione
SKILL_HUMAN_SBR7_DESC,Aumenta di 1 il valore massimo di Veleno applicabile.
SKILL_HUMAN_SBR7_NAME,Aumento di Veleno max
SKILL_HUMAN_SBR9_DESC,Aumenta di 1 il valore massimo di Veleno applicabile.
SKILL_HUMAN_SBR9_NAME,Aumento di Veleno max
SKILL_HUMAN_SS1_DESC,"Premi per lanciare. Prendi la mira, poi scocca una freccia che attraversa i nemici, infliggendo Danno perforante."
SKILL_HUMAN_SS1_NAME,Tiro mirato
SKILL_HUMAN_SS1B1_DESC,Aumenta il danno inflitto da Tiro mirato dell'8% per punto.
SKILL_HUMAN_SS1B1_NAME,Aumento del danno da Tiro mirato I
SKILL_HUMAN_SS1B10_DESC,Aumenta di 2 per punto il Sanguinamento massimo consumato e il Veleno massimo applicato da Freccia Corrompente.
SKILL_HUMAN_SS1B10_NAME,Aumento di Freccia Corrompente I
SKILL_HUMAN_SS1B11_DESC,Aumenta di 2 per punto il Veleno massimo consumato da Freccia Purgante.
SKILL_HUMAN_SS1B11_NAME,Aumento di Freccia Purgante I
SKILL_HUMAN_SS1B12_DESC,Aumenta di 1 per punto l'Inoculazione ottenuta dai nemici avvelenati colpiti da Freccia Inoculante.
SKILL_HUMAN_SS1B12_NAME,Aumento di Freccia Inoculante I
SKILL_HUMAN_SS1B13_DESC,Aumenta di 1 per punto il Veleno applicato da Freccia Avvelenante. Vale sia per il primo nemico colpito sia per quelli successivi.
SKILL_HUMAN_SS1B13_NAME,Aumento di Freccia Avvelenante I
SKILL_HUMAN_SS1B14_DESC,Aumenta di 1 per punto il Sanguinamento applicato da Freccia Lacerante.
SKILL_HUMAN_SS1B14_NAME,Aumento di Freccia Lacerante I
SKILL_HUMAN_SS1B15_DESC,Aumenta di 2 per punto il Sanguinamento massimo consumato e il Veleno massimo applicato da Freccia Corrompente.
SKILL_HUMAN_SS1B15_NAME,Aumento di Freccia Corrompente II
SKILL_HUMAN_SS1B16_DESC,Aumenta di 2 per punto il Veleno massimo consumato da Freccia Purgante.
SKILL_HUMAN_SS1B16_NAME,Aumento di Freccia Purgante II
SKILL_HUMAN_SS1B17_DESC,Aumenta di 1 per punto l'Inoculazione ottenuta dai nemici avvelenati colpiti da Freccia Inoculante.
SKILL_HUMAN_SS1B17_NAME,Aumento di Freccia Inoculante II
SKILL_HUMAN_SS1B18_DESC,Aumenta di 1 per punto il Veleno applicato da Freccia Avvelenante. Vale sia per il primo nemico colpito sia per quelli successivi.
SKILL_HUMAN_SS1B18_NAME,Aumento di Freccia Avvelenante II
SKILL_HUMAN_SS1B19_DESC,Aumenta di 1 per punto il Sanguinamento applicato da Freccia Lacerante.
SKILL_HUMAN_SS1B19_NAME,Aumento di Freccia Lacerante II
SKILL_HUMAN_SS1B2_DESC,Aumenta il danno inflitto da Tiro mirato dell'8% per punto.
SKILL_HUMAN_SS1B2_NAME,Aumento del danno da Tiro mirato II
SKILL_HUMAN_SS1B20_DESC,Aumenta di 2 per punto il Sanguinamento massimo consumato e il Veleno massimo applicato da Freccia Corrompente.
SKILL_HUMAN_SS1B20_NAME,Aumento di Freccia Corrompente III
SKILL_HUMAN_SS1B21_DESC,Aumenta di 2 per punto il Veleno massimo consumato da Freccia Purgante.
SKILL_HUMAN_SS1B21_NAME,Aumento di Freccia Purgante III
SKILL_HUMAN_SS1B22_DESC,Aumenta di 1 per punto l'Inoculazione ottenuta dai nemici avvelenati colpiti da Freccia Inoculante.
SKILL_HUMAN_SS1B22_NAME,Aumento di Freccia Inoculante III
SKILL_HUMAN_SS1B23_DESC,Aumenta di 1 per punto il Veleno applicato da Freccia Avvelenante. Vale sia per il primo nemico colpito sia per quelli successivi.
SKILL_HUMAN_SS1B23_NAME,Aumento di Freccia Avvelenante III
SKILL_HUMAN_SS1B24_DESC,Aumenta di 1 per punto il Sanguinamento applicato da Freccia Lacerante.
SKILL_HUMAN_SS1B24_NAME,Aumento di Freccia Lacerante III
SKILL_HUMAN_SS1B3_DESC,Aumenta il danno inflitto da Tiro mirato dell'8% per punto.
SKILL_HUMAN_SS1B3_NAME,Aumento del danno da Tiro mirato III
SKILL_HUMAN_SS1B4_DESC,Riduce di 10% per punto il costo in Vigore e Concentrazione di Tiro mirato.
SKILL_HUMAN_SS1B4_NAME,Riduzione del costo in Tiro mirato I
SKILL_HUMAN_SS1B5_DESC,Riduce di 10% per punto il tempo di recupero di Tiro mirato.
SKILL_HUMAN_SS1B5_NAME,Riduzione del Tempo di recupero di Tiro mirato I
SKILL_HUMAN_SS1B6_DESC,Riduce di 10% per punto il costo in Vigore e Concentrazione di Tiro mirato.
SKILL_HUMAN_SS1B6_NAME,Riduzione del costo in Tiro mirato II
SKILL_HUMAN_SS1B7_DESC,Riduce di 10% per punto il tempo di recupero di Tiro mirato.
SKILL_HUMAN_SS1B7_NAME,Riduzione del Tempo di recupero di Tiro mirato II
SKILL_HUMAN_SS1B8_DESC,Riduce di 10% per punto il costo in Vigore e Concentrazione di Tiro mirato.
SKILL_HUMAN_SS1B8_NAME,Riduzione del costo in Tiro mirato III
SKILL_HUMAN_SS1B9_DESC,Riduce di 10% per punto il tempo di recupero di Tiro mirato.
SKILL_HUMAN_SS1B9_NAME,Riduzione del Tempo di recupero di Tiro mirato III
SKILL_HUMAN_SS1U1_DESC,"Tiro mirato non attraversa più i nemici. Invece, li respinge fino alla portata massima."
SKILL_HUMAN_SS1U1_NAME,Tiro a punta larga
SKILL_HUMAN_SS1U2_DESC,Tiro mirato infligge il 60% di danno bonus ai nemici fuori dal combattimento.
SKILL_HUMAN_SS1U2_NAME,Tiro a sorpresa
SKILL_HUMAN_SS1U3_DESC,"Tiro mirato infligge il 50% di danno extra ai nemici oltre metà della portata, ma il 40% in meno ai nemici entro metà della portata."
SKILL_HUMAN_SS1U3_NAME,Tiro lungo
SKILL_HUMAN_SS1U4_DESC,Tiro mirato consuma fino a 10 cariche di Sanguinamento sui nemici colpiti e applica 1 carica di Veleno per carica di Sanguinamento consumata.
SKILL_HUMAN_SS1U4_NAME,Freccia Corrompente
SKILL_HUMAN_SS1U5_DESC,"Tiro mirato consuma il Veleno sui nemici colpiti per infliggere il 5% di danno in più per carica di Veleno consumata, fino a 10 cariche di Veleno."
SKILL_HUMAN_SS1U5_NAME,Freccia Purgante
SKILL_HUMAN_SS1U6_DESC,"Tiro mirato conferisce 2 cariche di Inoculazione per ogni nemico avvelenato colpito. Se Tiro mirato colpisce almeno 2 nemici avvelenati, ottieni altre 2 cariche di Inoculazione."
SKILL_HUMAN_SS1U6_NAME,Freccia Inoculante
SKILL_HUMAN_SS1U7_DESC,"Tiro mirato applica 4 cariche di Veleno ai nemici colpiti. Se Tiro mirato colpisce più di un nemico, quelli dopo il primo ricevono invece 2 cariche di Veleno."
SKILL_HUMAN_SS1U7_NAME,Freccia Avvelenante
SKILL_HUMAN_SS1U8_DESC,Tiro mirato applica 3 cariche di Sanguinamento ai nemici colpiti.
SKILL_HUMAN_SS1U8_NAME,Freccia Lacerante
SKILL_HUMAN_SS2_DESC,"Tieni premuto per canalizzare. Ogni 1 secondo, le frecce colpiscono l'area bersaglio, infliggendo Danno perforante a tutti i nemici al suo interno e applicando 2 cariche di Veleno."
SKILL_HUMAN_SS2_NAME,Pioggia di Frecce
SKILL_HUMAN_SS2B1_DESC,Aumenta la cadenza di tiro di Pioggia di Frecce del 12% per punto.
SKILL_HUMAN_SS2B1_NAME,Aumento cadenza di tiro di Pioggia di Frecce I
SKILL_HUMAN_SS2B10_DESC,Aumenta di 1 per punto il valore di Sanguinamento applicato da Grandine Lacerante.
SKILL_HUMAN_SS2B10_NAME,Aumento di Grandine Lacerante I
SKILL_HUMAN_SS2B11_DESC,Aumenta di 2 per punto il valore massimo di Veleno consumato da Grandine Purgante.
SKILL_HUMAN_SS2B11_NAME,Aumento di Grandine Purgante I
SKILL_HUMAN_SS2B12_DESC,Aumenta di 1 per punto l'Inoculazione ottenuta dai nemici avvelenati colpiti da Grandine Inoculante.
SKILL_HUMAN_SS2B12_NAME,Aumento di Grandine Inoculante I
SKILL_HUMAN_SS2B13_DESC,Aumenta di 1 per punto il Veleno aggiuntivo applicato da Grandine inoculata.
SKILL_HUMAN_SS2B13_NAME,Aumento di Grandine Inoculata I
SKILL_HUMAN_SS2B14_DESC,Aumenta di 1 per punto il valore massimo di Sanguinamento consumato e di Veleno applicato da Grandine Corrompente.
SKILL_HUMAN_SS2B14_NAME,Aumento di Grandine Corrompente I
SKILL_HUMAN_SS2B15_DESC,Aumenta di 1 per punto il valore di Sanguinamento applicato da Grandine Lacerante.
SKILL_HUMAN_SS2B15_NAME,Aumento di Grandine Lacerante II
SKILL_HUMAN_SS2B16_DESC,Aumenta di 2 per punto il valore massimo di Veleno consumato da Grandine Purgante.
SKILL_HUMAN_SS2B16_NAME,Aumento di Grandine Purgante II
SKILL_HUMAN_SS2B17_DESC,Aumenta di 1 per punto l'Inoculazione ottenuta dai nemici avvelenati colpiti da Grandine Inoculante.
SKILL_HUMAN_SS2B17_NAME,Aumento di Grandine Inoculante II
SKILL_HUMAN_SS2B18_DESC,Aumenta di 1 per punto il Veleno aggiuntivo applicato da Grandine inoculata.
SKILL_HUMAN_SS2B18_NAME,Aumento di Grandine Inoculata II
SKILL_HUMAN_SS2B19_DESC,Aumenta di 1 per punto il valore massimo di Sanguinamento consumato e di Veleno applicato da Grandine Corrompente.
SKILL_HUMAN_SS2B19_NAME,Aumento di Grandine Corrompente II
SKILL_HUMAN_SS2B2_DESC,Aumenta la cadenza di tiro di Pioggia di Frecce del 12% per punto.
SKILL_HUMAN_SS2B2_NAME,Aumento cadenza di tiro di Pioggia di Frecce III
SKILL_HUMAN_SS2B20_DESC,Aumenta di 1 per punto il valore di Sanguinamento applicato da Grandine Lacerante.
SKILL_HUMAN_SS2B20_NAME,Aumento di Grandine Lacerante III
SKILL_HUMAN_SS2B21_DESC,Aumenta di 2 per punto il valore massimo di Veleno consumato da Grandine Purgante.
SKILL_HUMAN_SS2B21_NAME,Aumento di Grandine Purgante III
SKILL_HUMAN_SS2B22_DESC,Aumenta di 1 per punto l'Inoculazione ottenuta dai nemici avvelenati colpiti da Grandine Inoculante.
SKILL_HUMAN_SS2B22_NAME,Aumento di Grandine Inoculante III
SKILL_HUMAN_SS2B23_DESC,Aumenta di 1 per punto il Veleno aggiuntivo applicato da Grandine inoculata.
SKILL_HUMAN_SS2B23_NAME,Aumento di Grandine Inoculata III
SKILL_HUMAN_SS2B24_DESC,Aumenta di 1 per punto il valore massimo di Sanguinamento consumato e di Veleno applicato da Grandine Corrompente.
SKILL_HUMAN_SS2B24_NAME,Aumento di Grandine Corrompente III
SKILL_HUMAN_SS2B3_DESC,Aumenta la cadenza di tiro di Pioggia di Frecce del 12% per punto.
SKILL_HUMAN_SS2B3_NAME,Aumento cadenza di tiro di Pioggia di Frecce II
SKILL_HUMAN_SS2B4_DESC,Aumenta il danno inflitto da Pioggia di Frecce dell'8% per punto.
SKILL_HUMAN_SS2B4_NAME,Aumento danno di Pioggia di Frecce I
SKILL_HUMAN_SS2B5_DESC,Aumenta di 1 per punto il Veleno applicato da Pioggia di Frecce.
SKILL_HUMAN_SS2B5_NAME,Aumento stato di Pioggia di Frecce I
SKILL_HUMAN_SS2B6_DESC,Aumenta il danno inflitto da Pioggia di Frecce dell'8% per punto.
SKILL_HUMAN_SS2B6_NAME,Aumento danno di Pioggia di Frecce II
SKILL_HUMAN_SS2B7_DESC,Aumenta di 1 per punto il Veleno applicato da Pioggia di Frecce.
SKILL_HUMAN_SS2B7_NAME,Aumento stato di Pioggia di Frecce II
SKILL_HUMAN_SS2B8_DESC,Aumenta il danno inflitto da Pioggia di Frecce dell'8% per punto.
SKILL_HUMAN_SS2B8_NAME,Aumento danno di Pioggia di Frecce III
SKILL_HUMAN_SS2B9_DESC,Aumenta di 1 per punto il Veleno applicato da Pioggia di Frecce.
SKILL_HUMAN_SS2B9_NAME,Aumento stato di Pioggia di Frecce III
SKILL_HUMAN_SS2U1_DESC,Pioggia di Frecce non è più canalizzata e ha un Tempo di recupero di 8 secondi. Premi per lanciare e richiama frecce che colpiscono fino a 6 nemici.
SKILL_HUMAN_SS2U1_NAME,Sbarramento di frecce
SKILL_HUMAN_SS2U2_DESC,Le frecce ora lasciano una Pozza d'Olio nel punto d'impatto
SKILL_HUMAN_SS2U2_NAME,Pozza d'Olio
SKILL_HUMAN_SS2U3_DESC,Le frecce ora lasciano una Pozza di Veleno nel punto d'impatto.
SKILL_HUMAN_SS2U3_NAME,Pozza di Veleno
SKILL_HUMAN_SS2U4_DESC,"Pioggia di Frecce rallenta i nemici del 35% per 2 secondi, ma i suoi impulsi sono più lenti del 20%"
SKILL_HUMAN_SS2U4_NAME,Grandine bloccante
SKILL_HUMAN_SS2U5_DESC,Pioggia di Frecce ora applica 2 cariche di Sanguinamento anziché Veleno.
SKILL_HUMAN_SS2U5_NAME,Grandine Lacerante
SKILL_HUMAN_SS2U6_DESC,"Pioggia di Frecce non applica più Veleno. Ogni impulso consuma fino a 10 cariche di Veleno sui nemici colpiti, infliggendo il 5% di danno in più per carica di Veleno consumata."
SKILL_HUMAN_SS2U6_NAME,Grandine Purgante
SKILL_HUMAN_SS2U7_DESC,Ogni impulso di Pioggia di Frecce conferisce 1 carica di Inoculazione per ogni nemico avvelenato colpito.
SKILL_HUMAN_SS2U7_NAME,Grandine Inoculante
SKILL_HUMAN_SS2U8_DESC,Pioggia di Frecce consuma Inoculazione durante la canalizzazione. Ogni impulso consuma 1 carica di Inoculazione per applicare 2 cariche aggiuntive di Veleno ai nemici colpiti.
SKILL_HUMAN_SS2U8_NAME,Grandine Inoculata
SKILL_HUMAN_SS2U9_DESC,Ogni impulso di Pioggia di Frecce consuma fino a 3 cariche di Sanguinamento sui nemici colpiti e applica 1 carica di Veleno per carica di Sanguinamento consumata.
SKILL_HUMAN_SS2U9_NAME,Grandine Corrompente
SKILL_HUMAN_SS3_DESC,"Premi per lanciare. Scocca una freccia che piazza una trappola per 10 secondi. I nemici che la attivano subiscono Danno perforante e Accumulo di stordimento aumentato. Trappola del Cacciatore consuma Veleno per infliggere il 4% di danno in più, fino al 40%. Se Trappola del Cacciatore uccide un mostro avvelenato, questo esplode in una Nebbia velenosa che applica Veleno e infligge Danno da decadimento. La Nebbia velenosa si dissipa dopo 6 secondi."
SKILL_HUMAN_SS3_NAME,Trappola del Cacciatore
SKILL_HUMAN_SS3B1_DESC,Aumenta il danno inflitto da Trappola del Cacciatore dell'8% per punto.
SKILL_HUMAN_SS3B1_NAME,Aumento danno di Trappola del Cacciatore I
SKILL_HUMAN_SS3B10_DESC,Aumenta di 1% per punto il danno bonus ottenuto da ogni Veleno consumato oltre i primi 10.
SKILL_HUMAN_SS3B10_NAME,Aumento di Trappola Purgante I
SKILL_HUMAN_SS3B11_DESC,Aumenta del 2% per punto l'Accumulo di stordimento ottenuto per carica di Inoculazione consumata e dell'1% per punto il Danno da decadimento di Nebbia velenosa ottenuto per carica di Inoculazione consumata.
SKILL_HUMAN_SS3B11_NAME,Aumento di Trappola Inoculata I
SKILL_HUMAN_SS3B12_DESC,Migliora di 1 per punto il tasso di conversione in Sanguinamento di Trappola Lacerante.
SKILL_HUMAN_SS3B12_NAME,Aumento di Trappola Lacerante I
SKILL_HUMAN_SS3B13_DESC,Aumenta di 2 per punto il valore massimo di Sanguinamento consumato e di Veleno applicato da Trappola Corrompente.
SKILL_HUMAN_SS3B13_NAME,Aumento di Trappola Corrompente I
SKILL_HUMAN_SS3B14_DESC,Aumenta di 2 per punto il valore massimo di Sanguinamento consumato da Trappola Mietente.
SKILL_HUMAN_SS3B14_NAME,Aumento di Trappola Mietente I
SKILL_HUMAN_SS3B15_DESC,Aumenta di 1% per punto il danno bonus ottenuto da ogni Veleno consumato oltre i primi 10.
SKILL_HUMAN_SS3B15_NAME,Aumento di Trappola Purgante II
SKILL_HUMAN_SS3B16_DESC,Aumenta del 2% per punto l'Accumulo di stordimento ottenuto per carica di Inoculazione consumata e dell'1% per punto il Danno da decadimento di Nebbia velenosa ottenuto per carica di Inoculazione consumata.
SKILL_HUMAN_SS3B16_NAME,Aumento di Trappola Inoculata II
SKILL_HUMAN_SS3B17_DESC,Migliora di 1 per punto il tasso di conversione in Sanguinamento di Trappola Lacerante.
SKILL_HUMAN_SS3B17_NAME,Aumento di Trappola Lacerante II
SKILL_HUMAN_SS3B18_DESC,Aumenta di 2 per punto il valore massimo di Sanguinamento consumato e di Veleno applicato da Trappola Corrompente.
SKILL_HUMAN_SS3B18_NAME,Aumento di Trappola Corrompente II
SKILL_HUMAN_SS3B19_DESC,Aumenta di 2 per punto il valore massimo di Sanguinamento consumato da Trappola Mietente.
SKILL_HUMAN_SS3B19_NAME,Aumento di Trappola Mietente II
SKILL_HUMAN_SS3B2_DESC,Aumenta il danno inflitto da Trappola del Cacciatore dell'8% per punto.
SKILL_HUMAN_SS3B2_NAME,Aumento danno di Trappola del Cacciatore III
SKILL_HUMAN_SS3B20_DESC,Aumenta di 1% per punto il danno bonus ottenuto da ogni Veleno consumato oltre i primi 10.
SKILL_HUMAN_SS3B20_NAME,Aumento di Trappola Purgante III
SKILL_HUMAN_SS3B21_DESC,Aumenta del 2% per punto l'Accumulo di stordimento ottenuto per carica di Inoculazione consumata e dell'1% per punto il Danno da decadimento di Nebbia velenosa ottenuto per carica di Inoculazione consumata.
SKILL_HUMAN_SS3B21_NAME,Aumento di Trappola Inoculata III
SKILL_HUMAN_SS3B22_DESC,Migliora di 1 per punto il tasso di conversione in Sanguinamento di Trappola Lacerante.
SKILL_HUMAN_SS3B22_NAME,Aumento di Trappola Lacerante III
SKILL_HUMAN_SS3B23_DESC,Aumenta di 2 per punto il valore massimo di Sanguinamento consumato e di Veleno applicato da Trappola Corrompente.
SKILL_HUMAN_SS3B23_NAME,Aumento di Trappola Corrompente III
SKILL_HUMAN_SS3B24_DESC,Aumenta di 2 per punto il valore massimo di Sanguinamento consumato da Trappola Mietente.
SKILL_HUMAN_SS3B24_NAME,Aumento di Trappola Mietente III
SKILL_HUMAN_SS3B3_DESC,Aumenta il danno inflitto da Trappola del Cacciatore dell'8% per punto.
SKILL_HUMAN_SS3B3_NAME,Aumento danno di Trappola del Cacciatore II
SKILL_HUMAN_SS3B4_DESC,Aumenta del 10% per punto l'Accumulo di stordimento extra inflitto da Trappola del Cacciatore.
SKILL_HUMAN_SS3B4_NAME,Accumulo di stordimento di Trappola del Cacciatore I
SKILL_HUMAN_SS3B5_DESC,Riduce di 10% per punto il tempo di recupero di Trappola (Cacciatore).
SKILL_HUMAN_SS3B5_NAME,Riduzione del tempo di recupero di Trappola del Cacciatore I
SKILL_HUMAN_SS3B6_DESC,Aumenta del 10% per punto l'Accumulo di stordimento extra inflitto da Trappola del Cacciatore.
SKILL_HUMAN_SS3B6_NAME,Accumulo di stordimento di Trappola del Cacciatore II
SKILL_HUMAN_SS3B7_DESC,Riduce di 10% per punto il tempo di recupero di Trappola (Cacciatore).
SKILL_HUMAN_SS3B7_NAME,Riduzione del tempo di recupero di Trappola del Cacciatore II
SKILL_HUMAN_SS3B8_DESC,Aumenta del 10% per punto l'Accumulo di stordimento extra inflitto da Trappola del Cacciatore.
SKILL_HUMAN_SS3B8_NAME,Accumulo di stordimento di Trappola del Cacciatore III
SKILL_HUMAN_SS3B9_DESC,Riduce di 10% per punto il tempo di recupero di Trappola (Cacciatore).
SKILL_HUMAN_SS3B9_NAME,Riduzione del tempo di recupero di Trappola del Cacciatore III
SKILL_HUMAN_SS3U1_DESC,Trappola del Cacciatore ora sparge 5 trappole casualmente in un'ampia area; il danno e l'Accumulo di stordimento di ogni trappola si riducono del 60% e le Cariche si riducono a 1.
SKILL_HUMAN_SS3U1_NAME,Trappola dispersiva
SKILL_HUMAN_SS3U10_DESC,"Trappola del Cacciatore consuma fino a 10 cariche di Sanguinamento sul nemico che la attiva. Ogni carica di Sanguinamento consumata aumenta il danno di Trappola del Cacciatore del 4%. Se Trappola del Cacciatore uccide il nemico, Nebbia velenosa applica 1 carica di Sanguinamento al secondo ai nemici al suo interno ogni 3 cariche di Sanguinamento consumate."
SKILL_HUMAN_SS3U10_NAME,Trappola Mietente
SKILL_HUMAN_SS3U2_DESC,"Trappola del Cacciatore non ha più un ritardo di attivazione, ma infligge il 20% di danno e Accumulo di stordimento in meno."
SKILL_HUMAN_SS3U2_NAME,Trappola rapida
SKILL_HUMAN_SS3U3_DESC,Trappola del Cacciatore rilascia sempre una Nebbia velenosa anche se il nemico sopravvive. Il danno di Nebbia velenosa è ridotto del 25%.
SKILL_HUMAN_SS3U3_NAME,Trappola a scarica velenosa
SKILL_HUMAN_SS3U4_DESC,La portata di Trappola del Cacciatore si riduce a quella da mischia e il suo danno e Accumulo di stordimento aumentano del 15%
SKILL_HUMAN_SS3U4_NAME,Trappola piazzata a mano
SKILL_HUMAN_SS3U5_DESC,"Quando Trappola del Cacciatore viene attivata, arma una seconda trappola più piccola nelle vicinanze dopo un breve ritardo. La seconda trappola infligge il 40% del danno e non può creare Nebbia velenosa."
SKILL_HUMAN_SS3U5_NAME,Trappola a catena
SKILL_HUMAN_SS3U6_DESC,Trappola del Cacciatore consuma tutto il Veleno sul nemico che la attiva. Le prime 10 cariche di Veleno consumate conferiscono il normale 4% di danno bonus per carica. Le cariche di Veleno consumate oltre le 10 conferiscono il 2% di danno bonus per carica.
SKILL_HUMAN_SS3U6_NAME,Trappola Purgante
SKILL_HUMAN_SS3U7_DESC,Trappola del Cacciatore consuma Inoculazione quando viene attivata. Ogni carica di Inoculazione consumata aumenta l'Accumulo di stordimento di Trappola del Cacciatore dell'8% e il Danno da decadimento di Nebbia velenosa del 5%.
SKILL_HUMAN_SS3U7_NAME,Trappola Inoculata
SKILL_HUMAN_SS3U8_DESC,"Trappola del Cacciatore consuma Veleno come di norma. Se viene consumato Veleno, Trappola del Cacciatore applica anche 1 carica di Sanguinamento ogni 4 cariche di Veleno consumate."
SKILL_HUMAN_SS3U8_NAME,Trappola Lacerante
SKILL_HUMAN_SS3U9_DESC,Trappola del Cacciatore consuma fino a 10 cariche di Sanguinamento sul nemico che la attiva e applica 1 carica di Veleno per carica di Sanguinamento consumata prima di infliggere danno.
SKILL_HUMAN_SS3U9_NAME,Trappola Corrompente
SKILL_HUMAN_START1_DESC,"Premi per lanciare. Alterna spada e balestra. Passare alla spada ti fa scattare in avanti, infliggendo Danno da taglio ai nemici sul tuo percorso. Passare alla balestra ti fa saltare indietro e sparare 2 colpi nella direzione bersaglio, ciascuno dei quali infligge Danno perforante."
SKILL_HUMAN_START1_NAME,Cambio arma
SKILL_MAGICIAN_E1_DESC,Aumenta il tuo Danno da fuoco di 6%
SKILL_MAGICIAN_E1_NAME,Aumento di Danno da fuoco
SKILL_MAGICIAN_E10_DESC,Aumenta la tua Celerità magica di 4. \n Aumenta di 2 il valore massimo di Ustione applicabile.
SKILL_MAGICIAN_E10_NAME,Adepto nato dalla brace
SKILL_MAGICIAN_E16_DESC,Aumenta il tuo danno contro i nemici con Salute massima del 10%. \n Aumenta il tuo danno contro i nemici ustionati del 12%
SKILL_MAGICIAN_E16_NAME,Signore delle braci
SKILL_MAGICIAN_E4_DESC,Aumenta il tuo Danno da fuoco del 6% \n Aumenta la tua Concentrazione massima di 6.
SKILL_MAGICIAN_E4_NAME,Apprendista del Fuoco
SKILL_MAGICIAN_EBL11_DESC,Aumenta di 5% il tuo danno contro i nemici salute massima.
SKILL_MAGICIAN_EBL11_NAME,Danno vs. salute massima
SKILL_MAGICIAN_EBL12_DESC,Aumenta di 5% il tuo danno contro i nemici salute massima.
SKILL_MAGICIAN_EBL12_NAME,Danno vs. salute massima
SKILL_MAGICIAN_EBL14_DESC,Aumenta di 5% il tuo danno contro i nemici salute massima.
SKILL_MAGICIAN_EBL14_NAME,Danno vs. salute massima
SKILL_MAGICIAN_EBL15_DESC,Aumenta di 5% il tuo danno contro i nemici salute massima.
SKILL_MAGICIAN_EBL15_NAME,Danno vs. salute massima
SKILL_MAGICIAN_EBL17_DESC,Aumenta di 1 secondo la durata della tua Ustione.
SKILL_MAGICIAN_EBL17_NAME,Aumento di Durata Ustione
SKILL_MAGICIAN_EBL18_DESC,Aumenta di 2 secondi la durata della tua Ustione.
SKILL_MAGICIAN_EBL18_NAME,Aumento di Durata Ustione
SKILL_MAGICIAN_EBL2_DESC,Aumenta il tuo Danno da fuoco di 3%
SKILL_MAGICIAN_EBL2_NAME,Aumento di Danno da fuoco
SKILL_MAGICIAN_EBL2R1_DESC,Aumenta il tuo Danno da fuoco di 3%
SKILL_MAGICIAN_EBL2R1_NAME,Aumento di Danno da fuoco
SKILL_MAGICIAN_EBL2R2_DESC,Aumenta il tuo Danno da fuoco di 9%
SKILL_MAGICIAN_EBL2R2_NAME,Aumento di Danno da fuoco
SKILL_MAGICIAN_EBL2R3_DESC,Aumenta di 3% tutto il Danno magico
SKILL_MAGICIAN_EBL2R3_NAME,Aumento di Danno magico
SKILL_MAGICIAN_EBL2R4_DESC,"Quando applichi Ustione a un nemico, ottieni Danno magico bonus pari alla quantità di Ustione sul nemico per 5 secondi."
SKILL_MAGICIAN_EBL2R4_NAME,Eco della Pira
SKILL_MAGICIAN_EBL3_DESC,Aumenta il tuo Danno da fuoco di 3%
SKILL_MAGICIAN_EBL3_NAME,Aumento di Danno da fuoco
SKILL_MAGICIAN_EBL5_DESC,Aumenta la tua Celerità magica di 2
SKILL_MAGICIAN_EBL5_NAME,Celerità magica
SKILL_MAGICIAN_EBL5R1_DESC,Aumenta la tua Celerità magica di 2
SKILL_MAGICIAN_EBL5R1_NAME,Celerità magica
SKILL_MAGICIAN_EBL5R2_DESC,Aumenta la tua Celerità magica di 6
SKILL_MAGICIAN_EBL5R2_NAME,Celerità magica
SKILL_MAGICIAN_EBL5R3_DESC,Aumenta la tua Velocità d'attacco di 3%
SKILL_MAGICIAN_EBL5R3_NAME,Aumento di Velocità d'attacco
SKILL_MAGICIAN_EBL5R4_DESC,Aumenta la tua Velocità d'attacco di 3%
SKILL_MAGICIAN_EBL5R4_NAME,Aumento di Velocità d'attacco
SKILL_MAGICIAN_EBL5R5_DESC,Aumenta la tua Velocità d'attacco di 9%
SKILL_MAGICIAN_EBL5R5_NAME,Aumento di Velocità d'attacco
SKILL_MAGICIAN_EBL5R6_DESC,Aumenta la tua Velocità d'attacco di 3%
SKILL_MAGICIAN_EBL5R6_NAME,Aumento di Velocità d'attacco
SKILL_MAGICIAN_EBL5R7_DESC,"Ogni volta che i tuoi incantesimi consumano Ustione, ottieni 2 Celerità magica e il 2% di Velocità d'attacco per carica consumata, fino al 24%, per 5 secondi."
SKILL_MAGICIAN_EBL5R7_NAME,Frenesia Nutrifiamma
SKILL_MAGICIAN_EBL7_DESC,Aumenta la tua Celerità magica di 2
SKILL_MAGICIAN_EBL7_NAME,Celerità magica
SKILL_MAGICIAN_EBL9_DESC,Aumenta la tua Celerità magica di 2
SKILL_MAGICIAN_EBL9_NAME,Celerità magica
SKILL_MAGICIAN_EBR11_DESC,Aumenta di 6% il tuo danno contro i nemici ustionati
SKILL_MAGICIAN_EBR11_NAME,Danno aumentato vs. ustionati
SKILL_MAGICIAN_EBR12_DESC,Aumenta di 6% il tuo danno contro i nemici ustionati
SKILL_MAGICIAN_EBR12_NAME,Danno aumentato vs. ustionati
SKILL_MAGICIAN_EBR14_DESC,Aumenta di 6% il tuo danno contro i nemici ustionati
SKILL_MAGICIAN_EBR14_NAME,Danno aumentato vs. ustionati
SKILL_MAGICIAN_EBR15_DESC,Aumenta di 6% il tuo danno contro i nemici ustionati
SKILL_MAGICIAN_EBR15_NAME,Danno aumentato vs. ustionati
SKILL_MAGICIAN_EBR17_DESC,Aumenta il tuo Danno critico di 6%
SKILL_MAGICIAN_EBR17_NAME,Aumento di Danno critico
SKILL_MAGICIAN_EBR18_DESC,Aumenta il tuo Danno critico di 18%
SKILL_MAGICIAN_EBR18_NAME,Aumento di Danno critico
SKILL_MAGICIAN_EBR2_DESC,Aumenta di 3 il valore massimo di Concentrazione.
SKILL_MAGICIAN_EBR2_NAME,Potenziamento di Concentrazione
SKILL_MAGICIAN_EBR2R1_DESC,Aumenta di 3 il valore massimo di Concentrazione.
SKILL_MAGICIAN_EBR2R1_NAME,Potenziamento di Concentrazione
SKILL_MAGICIAN_EBR2R2_DESC,Aumenta di 9 il valore massimo di Concentrazione.
SKILL_MAGICIAN_EBR2R2_NAME,Potenziamento di Concentrazione
SKILL_MAGICIAN_EBR2R3_DESC,Aumenta di 2 il recupero di Concentrazione al colpo.
SKILL_MAGICIAN_EBR2R3_NAME,Concentrazione al colpo
SKILL_MAGICIAN_EBR2R4_DESC,"Quando applichi Ustione a un nemico, ottieni il 15% di Rigenerazione della concentrazione per 5 secondi."
SKILL_MAGICIAN_EBR2R4_NAME,Concentrazione Ravvivata
SKILL_MAGICIAN_EBR3_DESC,Aumenta di 3 il valore massimo di Concentrazione.
SKILL_MAGICIAN_EBR3_NAME,Potenziamento di Concentrazione
SKILL_MAGICIAN_EBR5_DESC,Aumenta di 1 il valore massimo di Ustione applicabile.
SKILL_MAGICIAN_EBR5_NAME,Aumento di Ustione max
SKILL_MAGICIAN_EBR5R1_DESC,Aumenta di 1 il valore massimo di Ustione applicabile.
SKILL_MAGICIAN_EBR5R1_NAME,Aumento di Ustione max
SKILL_MAGICIAN_EBR5R2_DESC,Aumenta di 3 il valore massimo di Ustione applicabile.
SKILL_MAGICIAN_EBR5R2_NAME,Aumento di Ustione max
SKILL_MAGICIAN_EBR5R3_DESC,Aumenta di 20% il danno della tua Ustione
SKILL_MAGICIAN_EBR5R3_NAME,Aumento del danno da Ustione
SKILL_MAGICIAN_EBR5R4_DESC,Aumenta di 20% il danno della tua Ustione
SKILL_MAGICIAN_EBR5R4_NAME,Aumento del danno da Ustione
SKILL_MAGICIAN_EBR5R5_DESC,Aumenta di 60% il danno della tua Ustione
SKILL_MAGICIAN_EBR5R5_NAME,Aumento del danno da Ustione
SKILL_MAGICIAN_EBR5R6_DESC,Aumenta di 20% il danno della tua Ustione
SKILL_MAGICIAN_EBR5R6_NAME,Aumento del danno da Ustione
SKILL_MAGICIAN_EBR5R7_DESC,"Ogni volta che i tuoi incantesimi consumano Ustione, ottieni il 20% di Danno da ustione per carica consumata per 8 secondi."
SKILL_MAGICIAN_EBR5R7_NAME,Escalation di Cenere
SKILL_MAGICIAN_EBR7_DESC,Aumenta di 1 il valore massimo di Ustione applicabile.
SKILL_MAGICIAN_EBR7_NAME,Aumento di Ustione max
SKILL_MAGICIAN_EBR9_DESC,Aumenta di 1 il valore massimo di Ustione applicabile.
SKILL_MAGICIAN_EBR9_NAME,Aumento di Ustione max
SKILL_MAGICIAN_ES1_DESC,"All'impatto, Palla di fuoco ora scatena un'esplosione che infligge Danno da fuoco in un'area."
SKILL_MAGICIAN_ES1_NAME,Impatto esplosivo
SKILL_MAGICIAN_ES1B1_DESC,Aumenta di 8% per punto il valore di Danno da fuoco inflitto da Palla di fuoco.
SKILL_MAGICIAN_ES1B1_NAME,Aumento del danno da Palla di fuoco I
SKILL_MAGICIAN_ES1B10_DESC,Aumenta di 1 per punto il valore massimo di Ravvivato consumato da Palla di fuoco Fiammeggiante.
SKILL_MAGICIAN_ES1B10_NAME,Aumento di Palla di fuoco Fiammeggiante I
SKILL_MAGICIAN_ES1B11_DESC,Migliora di 1 passo per punto il rapporto di conversione da Gelo a Ustione di Palla di fuoco Incandescente.
SKILL_MAGICIAN_ES1B11_NAME,Aumento conversione di Palla di fuoco Incandescente I
SKILL_MAGICIAN_ES1B12_DESC,Aumenta di 1 per punto l'Ustione aggiuntiva applicata da Palla di fuoco incendiaria.
SKILL_MAGICIAN_ES1B12_NAME,Aumento Palla di fuoco incendiaria II
SKILL_MAGICIAN_ES1B13_DESC,Aumenta di 1 per punto l'Ustione massima consumata da Palla di fuoco comburente.
SKILL_MAGICIAN_ES1B13_NAME,Aumento Palla di fuoco comburente II
SKILL_MAGICIAN_ES1B14_DESC,Aumenta di 1 per punto le cariche di Ravvivato conferite da Palla di fuoco d'Innesco per ogni nemico ustionato colpito.
SKILL_MAGICIAN_ES1B14_NAME,Aumento di Palla di fuoco Innesco II
SKILL_MAGICIAN_ES1B15_DESC,Aumenta di 1 per punto il valore massimo di Ravvivato consumato da Palla di fuoco Fiammeggiante.
SKILL_MAGICIAN_ES1B15_NAME,Aumento di Palla di fuoco Fiammeggiante II
SKILL_MAGICIAN_ES1B16_DESC,Migliora di 1 passo per punto il rapporto di conversione da Gelo a Ustione di Palla di fuoco Incandescente.
SKILL_MAGICIAN_ES1B16_NAME,Aumento conversione di Palla di fuoco Incandescente II
SKILL_MAGICIAN_ES1B17_DESC,Aumenta di 1 per punto l'Ustione aggiuntiva applicata da Palla di fuoco incendiaria.
SKILL_MAGICIAN_ES1B17_NAME,Aumento Palla di fuoco incendiaria III
SKILL_MAGICIAN_ES1B18_DESC,Aumenta di 1 per punto l'Ustione massima consumata da Palla di fuoco comburente.
SKILL_MAGICIAN_ES1B18_NAME,Aumento Palla di fuoco comburente III
SKILL_MAGICIAN_ES1B19_DESC,Aumenta di 1 per punto le cariche di Ravvivato conferite da Palla di fuoco d'Innesco per ogni nemico ustionato colpito.
SKILL_MAGICIAN_ES1B19_NAME,Aumento di Palla di fuoco Innesco III
SKILL_MAGICIAN_ES1B2_DESC,Aumenta di 8% per punto il valore di Danno da fuoco inflitto da Palla di fuoco.
SKILL_MAGICIAN_ES1B2_NAME,Aumento del danno da Palla di fuoco II
SKILL_MAGICIAN_ES1B20_DESC,Aumenta di 1 per punto il valore massimo di Ravvivato consumato da Palla di fuoco Fiammeggiante.
SKILL_MAGICIAN_ES1B20_NAME,Aumento di Palla di fuoco Fiammeggiante III
SKILL_MAGICIAN_ES1B21_DESC,Migliora di 1 passo per punto il rapporto di conversione da Gelo a Ustione di Palla di fuoco Incandescente.
SKILL_MAGICIAN_ES1B21_NAME,Aumento conversione di Palla di fuoco Incandescente III
SKILL_MAGICIAN_ES1B3_DESC,Aumenta di 8% per punto il valore di Danno da fuoco inflitto da Palla di fuoco.
SKILL_MAGICIAN_ES1B3_NAME,Aumento del danno da Palla di fuoco III
SKILL_MAGICIAN_ES1B4_DESC,Riduce il tempo di recupero di Palla di fuoco del 10% per punto.
SKILL_MAGICIAN_ES1B4_NAME,Riduzione del Tempo di recupero di Palla di fuoco I
SKILL_MAGICIAN_ES1B5_DESC,Riduce il tempo di recupero di Palla di fuoco del 10% per punto.
SKILL_MAGICIAN_ES1B5_NAME,Riduzione del Tempo di recupero di Palla di fuoco II
SKILL_MAGICIAN_ES1B6_DESC,Riduce il tempo di recupero di Palla di fuoco del 10% per punto.
SKILL_MAGICIAN_ES1B6_NAME,Riduzione del Tempo di recupero di Palla di fuoco III
SKILL_MAGICIAN_ES1B7_DESC,Aumenta di 1 per punto l'Ustione aggiuntiva applicata da Palla di fuoco incendiaria.
SKILL_MAGICIAN_ES1B7_NAME,Aumento Palla di fuoco incendiaria I
SKILL_MAGICIAN_ES1B8_DESC,Aumenta di 1 per punto l'Ustione massima consumata da Palla di fuoco comburente.
SKILL_MAGICIAN_ES1B8_NAME,Aumento Palla di fuoco comburente I
SKILL_MAGICIAN_ES1B9_DESC,Aumenta di 1 per punto le cariche di Ravvivato conferite da Palla di fuoco d'Innesco per ogni nemico ustionato colpito.
SKILL_MAGICIAN_ES1B9_NAME,Aumento di Palla di fuoco Innesco I
SKILL_MAGICIAN_ES1U1_DESC,"Palla di fuoco diventa un incantesimo da caricare tenendo premuto. Carica Palla di fuoco per un massimo di 1.5 secondi. A carica completa, Palla di fuoco infligge il 50% di Danno da fuoco in più e viaggia il 20% più velocemente."
SKILL_MAGICIAN_ES1U1_NAME,Palla di fuoco carica
SKILL_MAGICIAN_ES1U2_DESC,"Il danno di Palla di fuoco è ridotto del 50%, ma il tempo di recupero si riduce del 40%."
SKILL_MAGICIAN_ES1U2_NAME,Braci rapide
SKILL_MAGICIAN_ES1U3_DESC,"Palla di fuoco attraversa i nemici, infliggendo danno a ogni nemico colpito e attivando Impatto esplosivo a ogni colpo, ma non alla fine. Palla di fuoco infligge il 30% di danno in meno."
SKILL_MAGICIAN_ES1U3_NAME,Palla di fuoco Penetrante
SKILL_MAGICIAN_ES1U4_DESC,Palla di fuoco applica 2 cariche aggiuntive di Ustione ai nemici colpiti.
SKILL_MAGICIAN_ES1U4_NAME,Palla di fuoco incendiaria
SKILL_MAGICIAN_ES1U5_DESC,"Palla di fuoco consuma fino a 10 cariche di Ustione da ogni nemico colpito. Per ogni carica di Ustione consumata, Palla di fuoco infligge il 12% di Danno da fuoco in più a quel nemico."
SKILL_MAGICIAN_ES1U5_NAME,Palla di fuoco comburente
SKILL_MAGICIAN_ES1U6_DESC,"Palla di fuoco non applica più Ustione, ma conferisce 1 carica di Ravvivato per ogni nemico ustionato colpito."
SKILL_MAGICIAN_ES1U6_NAME,Palla di fuoco Innesco
SKILL_MAGICIAN_ES1U7_DESC,"Palla di fuoco consuma fino a 10 delle tue cariche di Ravvivato al lancio. Per ogni carica di Ravvivato consumata, Palla di fuoco infligge il 10% di Danno da fuoco in più."
SKILL_MAGICIAN_ES1U7_NAME,Palla di fuoco Fiammeggiante
SKILL_MAGICIAN_ES1U8_DESC,Palla di fuoco consuma Gelo da ogni nemico colpito per applicare 1 carica di Ustione ogni 4 cariche di Gelo consumate.
SKILL_MAGICIAN_ES1U8_NAME,Palla di fuoco Incandescente
SKILL_MAGICIAN_ES2_DESC,"Premi per lanciare. Sprigiona un flusso di fuoco per 2.5 secondi, lanciando 6 proiettili che infliggono Danno da fuoco e applicano Ustione. Durante il lancio resti bloccato sul posto."
SKILL_MAGICIAN_ES2_NAME,Soffio del Drago
SKILL_MAGICIAN_ES2B1_DESC,Riduce di 15% per punto il tempo di recupero di Soffio (Drago).
SKILL_MAGICIAN_ES2B1_NAME,Riduzione del tempo di recupero di Soffio del Drago I
SKILL_MAGICIAN_ES2B10_DESC,Aumenta di 1 per proiettile per punto l'Ustione massima consumata da Drago comburente.
SKILL_MAGICIAN_ES2B10_NAME,Aumento Drago comburente I
SKILL_MAGICIAN_ES2B11_DESC,Aumenta del 5% per carica di Ravvivato consumata per punto il bonus al Danno da fuoco conferito da Drago Fiammeggiante.
SKILL_MAGICIAN_ES2B11_NAME,Aumento di Drago Fiammeggiante I
SKILL_MAGICIAN_ES2B12_DESC,Aumenta di 1 per punto il numero di nemici vicini influenzati da Drago dell'Incendio Selvaggio.
SKILL_MAGICIAN_ES2B12_NAME,Aumento Drago dell'Incendio Selvaggio I
SKILL_MAGICIAN_ES2B13_DESC,Aumenta di 1 per punto il valore di Gelo applicato da Drago Agghiacciante.
SKILL_MAGICIAN_ES2B13_NAME,Aumento di Drago Agghiacciante I
SKILL_MAGICIAN_ES2B14_DESC,Aumenta di 1 per proiettile per punto l'Ustione massima consumata da Drago comburente.
SKILL_MAGICIAN_ES2B14_NAME,Aumento Drago comburente II
SKILL_MAGICIAN_ES2B15_DESC,Aumenta del 5% per carica di Ravvivato consumata per punto il bonus al Danno da fuoco conferito da Drago Fiammeggiante.
SKILL_MAGICIAN_ES2B15_NAME,Aumento di Drago Fiammeggiante II
SKILL_MAGICIAN_ES2B16_DESC,Aumenta di 1 per punto il numero di nemici vicini influenzati da Drago dell'Incendio Selvaggio.
SKILL_MAGICIAN_ES2B16_NAME,Aumento Drago dell'Incendio Selvaggio II
SKILL_MAGICIAN_ES2B17_DESC,Aumenta di 1 per punto il valore di Gelo applicato da Drago Agghiacciante.
SKILL_MAGICIAN_ES2B17_NAME,Aumento di Drago Agghiacciante II
SKILL_MAGICIAN_ES2B18_DESC,Aumenta di 1 per proiettile per punto l'Ustione massima consumata da Drago comburente.
SKILL_MAGICIAN_ES2B18_NAME,Aumento Drago comburente III
SKILL_MAGICIAN_ES2B19_DESC,Aumenta del 5% per carica di Ravvivato consumata per punto il bonus al Danno da fuoco conferito da Drago Fiammeggiante.
SKILL_MAGICIAN_ES2B19_NAME,Aumento di Drago Fiammeggiante III
SKILL_MAGICIAN_ES2B2_DESC,Riduce di 15% per punto il tempo di recupero di Soffio (Drago).
SKILL_MAGICIAN_ES2B2_NAME,Riduzione del tempo di recupero di Soffio del Drago II
SKILL_MAGICIAN_ES2B20_DESC,Aumenta di 1 per punto il numero di nemici vicini influenzati da Drago dell'Incendio Selvaggio.
SKILL_MAGICIAN_ES2B20_NAME,Aumento Drago dell'Incendio Selvaggio III
SKILL_MAGICIAN_ES2B21_DESC,Aumenta di 1 per punto il valore di Gelo applicato da Drago Agghiacciante.
SKILL_MAGICIAN_ES2B21_NAME,Aumento di Drago Agghiacciante III
SKILL_MAGICIAN_ES2B3_DESC,Riduce di 15% per punto il tempo di recupero di Soffio (Drago).
SKILL_MAGICIAN_ES2B3_NAME,Riduzione del tempo di recupero di Soffio del Drago III
SKILL_MAGICIAN_ES2B4_DESC,Aumenta il Danno da fuoco inflitto da Soffio del Drago dell'8% per punto.
SKILL_MAGICIAN_ES2B4_NAME,Aumento danno di Soffio del Drago I
SKILL_MAGICIAN_ES2B5_DESC,Aumenta di 1 per punto il numero di proiettili lanciati da Soffio del Drago.
SKILL_MAGICIAN_ES2B5_NAME,Aumento cadenza di tiro di Soffio del Drago I
SKILL_MAGICIAN_ES2B6_DESC,Aumenta il Danno da fuoco inflitto da Soffio del Drago dell'8% per punto.
SKILL_MAGICIAN_ES2B6_NAME,Aumento danno di Soffio del Drago II
SKILL_MAGICIAN_ES2B7_DESC,Aumenta di 1 per punto il numero di proiettili lanciati da Soffio del Drago.
SKILL_MAGICIAN_ES2B7_NAME,Aumento cadenza di tiro di Soffio del Drago II
SKILL_MAGICIAN_ES2B8_DESC,Aumenta il Danno da fuoco inflitto da Soffio del Drago dell'8% per punto.
SKILL_MAGICIAN_ES2B8_NAME,Aumento danno di Soffio del Drago III
SKILL_MAGICIAN_ES2B9_DESC,Aumenta di 1 per punto il numero di proiettili lanciati da Soffio del Drago.
SKILL_MAGICIAN_ES2B9_NAME,Aumento cadenza di tiro di Soffio del Drago III
SKILL_MAGICIAN_ES2U1_DESC,"Soffio del Drago non applica più Ustione, ma infligge il 50% di Danno da fuoco in più."
SKILL_MAGICIAN_ES2U1_NAME,Drago concentrato
SKILL_MAGICIAN_ES2U2_DESC,"Soffio del Drago inizia il lancio dalla tua posizione attuale e non ti blocca più sul posto. Puoi muoverti dopo il lancio, ma Soffio del Drago resta nella posizione di lancio originale per tutta la sua durata."
SKILL_MAGICIAN_ES2U2_NAME,Drago remoto
SKILL_MAGICIAN_ES2U3_DESC,"Soffio del Drago diventa un incantesimo da canalizzare tenendo premuto. Durante la canalizzazione, Soffio del Drago lancia proiettili senza sosta, infliggendo Danno da fuoco ridotto del 25% e applicando Ustione. Rilasciare la canalizzazione termina Soffio del Drago in anticipo. Tempo di recupero ridotto a 3 secondi."
SKILL_MAGICIAN_ES2U3_NAME,Drago canalizzato
SKILL_MAGICIAN_ES2U4_DESC,"Ogni proiettile di Soffio del Drago consuma fino a 1 carica di Ustione da ogni nemico colpito. Per ogni carica di Ustione consumata, quel proiettile infligge il 12% di Danno da fuoco in più a quel nemico. Soffio del Drago non applica più Ustione."
SKILL_MAGICIAN_ES2U4_NAME,Drago comburente
SKILL_MAGICIAN_ES2U5_DESC,"Ogni proiettile di Soffio del Drago consuma 1 delle tue cariche di Ravvivato quando colpisce un nemico. Per ogni carica di Ravvivato consumata, quel proiettile infligge il 10% di Danno da fuoco in più."
SKILL_MAGICIAN_ES2U5_NAME,Drago Fiammeggiante
SKILL_MAGICIAN_ES2U6_DESC,"Quando un proiettile di Soffio del Drago applica Ustione a un nemico, applica anche 1 carica di Ustione a un massimo di 2 nemici vicini."
SKILL_MAGICIAN_ES2U6_NAME,Drago dell'Incendio Selvaggio
SKILL_MAGICIAN_ES2U7_DESC,Soffio del Drago infligge il 50% di Danno da fuoco e il 50% di Danno da ghiaccio e applica Gelo anziché Ustione.
SKILL_MAGICIAN_ES2U7_NAME,Drago Agghiacciante
SKILL_MAGICIAN_ES3_DESC,"Premi per lanciare. Assorbi Ustione dai nemici vicini e scatenala in una posizione bersaglio. Infligge Danno da fuoco a tutti i nemici e li interrompe. Il danno aumenta del 5% e la portata del 10% per carica di Ustione, fino a 10."
SKILL_MAGICIAN_ES3_NAME,Inferno
SKILL_MAGICIAN_ES3B1_DESC,Aumenta di 2 per punto le cariche massime che Inferno può consumare.
SKILL_MAGICIAN_ES3B1_NAME,Aumento consumo massimo di Inferno I
SKILL_MAGICIAN_ES3B10_DESC,Riduce di 15% per punto il tempo di recupero di Inferno.
SKILL_MAGICIAN_ES3B10_NAME,Riduzione del Tempo di recupero di Inferno III
SKILL_MAGICIAN_ES3B11_DESC,Aumenta dell'1% per carica di Ustione consumata il bonus aggiuntivo al Danno da fuoco conferito da Inferno comburente e del 4% per punto il suo massimo.
SKILL_MAGICIAN_ES3B11_NAME,Aumento Inferno comburente I
SKILL_MAGICIAN_ES3B12_DESC,Aumenta di 1 per punto le cariche di Ravvivato conferite da Inferno accumulabraci per ogni carica di Ustione in eccesso consumata.
SKILL_MAGICIAN_ES3B12_NAME,Aumento Inferno accumulabraci I
SKILL_MAGICIAN_ES3B13_DESC,Aumenta di 2 per punto il valore massimo di Ravvivato consumato da Inferno Fiammeggiante.
SKILL_MAGICIAN_ES3B13_NAME,Aumento di Inferno Fiammeggiante I
SKILL_MAGICIAN_ES3B14_DESC,Aumenta di 1 per punto il valore di Gelo applicato da Inferno Agghiacciante.
SKILL_MAGICIAN_ES3B14_NAME,Aumento di Inferno Agghiacciante I
SKILL_MAGICIAN_ES3B15_DESC,Aumenta del 25% per punto il valore in cariche di Ustione del Gelo conteggiato da Inferno Incandescente.
SKILL_MAGICIAN_ES3B15_NAME,Aumento di Inferno Incandescente I
SKILL_MAGICIAN_ES3B16_DESC,Aumenta dell'1% per carica di Ustione consumata il bonus aggiuntivo al Danno da fuoco conferito da Inferno comburente e del 4% per punto il suo massimo.
SKILL_MAGICIAN_ES3B16_NAME,Aumento Inferno comburente II
SKILL_MAGICIAN_ES3B17_DESC,Aumenta di 1 per punto le cariche di Ravvivato conferite da Inferno accumulabraci per ogni carica di Ustione in eccesso consumata.
SKILL_MAGICIAN_ES3B17_NAME,Aumento Inferno accumulabraci II
SKILL_MAGICIAN_ES3B18_DESC,Aumenta di 2 per punto il valore massimo di Ravvivato consumato da Inferno Fiammeggiante.
SKILL_MAGICIAN_ES3B18_NAME,Aumento di Inferno Fiammeggiante II
SKILL_MAGICIAN_ES3B19_DESC,Aumenta di 1 per punto il valore di Gelo applicato da Inferno Agghiacciante.
SKILL_MAGICIAN_ES3B19_NAME,Aumento di Inferno Agghiacciante II
SKILL_MAGICIAN_ES3B2_DESC,Aumenta di 2 per punto le cariche massime che Inferno può consumare.
SKILL_MAGICIAN_ES3B2_NAME,Aumento consumo massimo di Inferno II
SKILL_MAGICIAN_ES3B20_DESC,Aumenta del 25% per punto il valore in cariche di Ustione del Gelo conteggiato da Inferno Incandescente.
SKILL_MAGICIAN_ES3B20_NAME,Aumento di Inferno Incandescente II
SKILL_MAGICIAN_ES3B21_DESC,Aumenta dell'1% per carica di Ustione consumata il bonus aggiuntivo al Danno da fuoco conferito da Inferno comburente e del 4% per punto il suo massimo.
SKILL_MAGICIAN_ES3B21_NAME,Aumento Inferno comburente III
SKILL_MAGICIAN_ES3B22_DESC,Aumenta di 1 per punto le cariche di Ravvivato conferite da Inferno accumulabraci per ogni carica di Ustione in eccesso consumata.
SKILL_MAGICIAN_ES3B22_NAME,Aumento Inferno accumulabraci III
SKILL_MAGICIAN_ES3B23_DESC,Aumenta di 2 per punto il valore massimo di Ravvivato consumato da Inferno Fiammeggiante.
SKILL_MAGICIAN_ES3B23_NAME,Aumento di Inferno Fiammeggiante III
SKILL_MAGICIAN_ES3B24_DESC,Aumenta di 1 per punto il valore di Gelo applicato da Inferno Agghiacciante.
SKILL_MAGICIAN_ES3B24_NAME,Aumento di Inferno Agghiacciante III
SKILL_MAGICIAN_ES3B25_DESC,Aumenta del 25% per punto il valore in cariche di Ustione del Gelo conteggiato da Inferno Incandescente.
SKILL_MAGICIAN_ES3B25_NAME,Aumento di Inferno Incandescente III
SKILL_MAGICIAN_ES3B3_DESC,Aumenta di 2 per punto le cariche massime che Inferno può consumare.
SKILL_MAGICIAN_ES3B3_NAME,Aumento consumo massimo di Inferno III
SKILL_MAGICIAN_ES3B4_DESC,Aumenta di 8% per punto il valore di Danno da fuoco inflitto da Inferno.
SKILL_MAGICIAN_ES3B4_NAME,Aumento del danno da Inferno I
SKILL_MAGICIAN_ES3B5_DESC,Riduce di 15% per punto il tempo di recupero di Inferno.
SKILL_MAGICIAN_ES3B5_NAME,Riduzione del Tempo di recupero di Inferno I
SKILL_MAGICIAN_ES3B6_DESC,Aumenta di 8% per punto il valore di Danno da fuoco inflitto da Inferno.
SKILL_MAGICIAN_ES3B6_NAME,Aumento del danno da Inferno II
SKILL_MAGICIAN_ES3B7_DESC,Riduce di 25% per punto il costo in Concentrazione di Inferno.
SKILL_MAGICIAN_ES3B7_NAME,Riduzione del costo in Inferno I
SKILL_MAGICIAN_ES3B8_DESC,Riduce di 15% per punto il tempo di recupero di Inferno.
SKILL_MAGICIAN_ES3B8_NAME,Riduzione del Tempo di recupero di Inferno II
SKILL_MAGICIAN_ES3B9_DESC,Aumenta di 8% per punto il valore di Danno da fuoco inflitto da Inferno.
SKILL_MAGICIAN_ES3B9_NAME,Aumento del danno da Inferno III
SKILL_MAGICIAN_ES3U1_DESC,Inferno non infligge più danno all'impatto. Lascia invece una Tempesta di fuoco che infligge il 30% del danno di Inferno al secondo per 5 secondi.
SKILL_MAGICIAN_ES3U1_NAME,Tempesta di fuoco
SKILL_MAGICIAN_ES3U10_DESC,Inferno consuma anche il Gelo sui nemici vicini per aumentare danno e portata. Ogni carica di Gelo conta come il 25% di una carica di Ustione
SKILL_MAGICIAN_ES3U10_NAME,Inferno Incandescente
SKILL_MAGICIAN_ES3U2_DESC,"Inferno conferisce anche uno scudo protettivo agli alleati nella sua area, ma infligge il 30% di danno in meno"
SKILL_MAGICIAN_ES3U2_NAME,Inferno schermante
SKILL_MAGICIAN_ES3U3_DESC,"Inferno consuma anche le Fosse Ardenti nell'area, per un valore di 5 cariche di Ustione per fossa."
SKILL_MAGICIAN_ES3U3_NAME,Inferno delle fosse ardenti
SKILL_MAGICIAN_ES3U4_DESC,Inferno ottiene +50% area ma infligge il 50% di danno in meno.
SKILL_MAGICIAN_ES3U4_NAME,Inferno attenuato
SKILL_MAGICIAN_ES3U5_DESC,"Se Inferno uccide un nemico, attiva un'esplosione più piccola nella posizione di quel nemico, infliggendo il 30% del Danno da fuoco di Inferno"
SKILL_MAGICIAN_ES3U5_NAME,Inferno a cascata
SKILL_MAGICIAN_ES3U6_DESC,"Ogni carica di Ustione consumata da Inferno aumenta il Danno da fuoco di Inferno di un ulteriore 2%, fino al 20%."
SKILL_MAGICIAN_ES3U6_NAME,Inferno comburente
SKILL_MAGICIAN_ES3U7_DESC,L'Ustione consumata oltre il limite di cariche che potenziano Inferno conferisce 1 carica di Ravvivato per ogni carica di Ustione in eccesso consumata.
SKILL_MAGICIAN_ES3U7_NAME,Inferno accumulabraci
SKILL_MAGICIAN_ES3U8_DESC,Inferno consuma fino a 10 delle tue cariche di Ravvivato al lancio. Ogni carica di Ravvivato consumata conta come 1 carica di Ustione per aumentare danno e portata di Inferno.
SKILL_MAGICIAN_ES3U8_NAME,Inferno Fiammeggiante
SKILL_MAGICIAN_ES3U9_DESC,Inferno infligge il 50% di Danno da fuoco e il 50% di Danno da ghiaccio. Inferno applica 1 carica di Gelo ai nemici colpiti ogni 5 cariche di Ustione consumate.
SKILL_MAGICIAN_ES3U9_NAME,Inferno Agghiacciante
SKILL_MAGICIAN_START1_DESC,"Premi per lanciare. Lancia una palla di fuoco contro un nemico, infliggendo Danno da fuoco e applicando Ustione."
SKILL_MAGICIAN_START1_NAME,Palla di fuoco
SKILL_MAGICIAN_W1_DESC,Aumenta di 6% tutto il Danno magico
SKILL_MAGICIAN_W1_NAME,Aumento di Danno magico
SKILL_MAGICIAN_W10_DESC,Aumenta la tua Celerità magica di 4 \n Aumenta di 2 il valore massimo di Gelo applicabile.
SKILL_MAGICIAN_W10_NAME,Vincolatore del gelo
SKILL_MAGICIAN_W16_DESC,Aumenta il tuo danno contro i nemici storditi dell'8%. \n Aumenta il tuo danno contro i nemici assiderati del 12%
SKILL_MAGICIAN_W16_NAME,Maestro del Ghiaccio
SKILL_MAGICIAN_W4_DESC,Aumenta il tuo Danno magico del 6% \n Aumenta di 4 la Concentrazione che ottieni al colpo.
SKILL_MAGICIAN_W4_NAME,Accolito del Gelo
SKILL_MAGICIAN_WBL11_DESC,Aumenta di 4% il tuo danno contro i nemici storditi.
SKILL_MAGICIAN_WBL11_NAME,Danno vs. stordito
SKILL_MAGICIAN_WBL12_DESC,Aumenta di 4% il tuo danno contro i nemici storditi.
SKILL_MAGICIAN_WBL12_NAME,Danno vs. stordito
SKILL_MAGICIAN_WBL14_DESC,Aumenta di 4% il tuo danno contro i nemici storditi.
SKILL_MAGICIAN_WBL14_NAME,Danno vs. stordito
SKILL_MAGICIAN_WBL15_DESC,Aumenta di 4% il tuo danno contro i nemici storditi.
SKILL_MAGICIAN_WBL15_NAME,Danno vs. stordito
SKILL_MAGICIAN_WBL17_DESC,Aumenta di 1 secondo la durata del tuo Gelo.
SKILL_MAGICIAN_WBL17_NAME,Aumento di Durata Gelo
SKILL_MAGICIAN_WBL18_DESC,Aumenta di 2 secondi la durata del tuo Gelo.
SKILL_MAGICIAN_WBL18_NAME,Aumento di Durata Gelo
SKILL_MAGICIAN_WBL2_DESC,Aumenta di 3% tutto il Danno magico
SKILL_MAGICIAN_WBL2_NAME,Aumento di Danno magico
SKILL_MAGICIAN_WBL2R1_DESC,Aumenta di 3% tutto il Danno magico
SKILL_MAGICIAN_WBL2R1_NAME,Aumento di Danno magico
SKILL_MAGICIAN_WBL2R2_DESC,Aumenta di 9% tutto il Danno magico
SKILL_MAGICIAN_WBL2R2_NAME,Aumento di Danno magico
SKILL_MAGICIAN_WBL2R3_DESC,Aumenta il tuo Danno da ghiaccio di 3%
SKILL_MAGICIAN_WBL2R3_NAME,Aumento di Danno da ghiaccio
SKILL_MAGICIAN_WBL2R4_DESC,"Quando applichi Gelo a un nemico, ottieni Danno magico bonus pari alla quantità di Gelo sul nemico per 5 secondi."
SKILL_MAGICIAN_WBL2R4_NAME,Potere Scalato dal Freddo
SKILL_MAGICIAN_WBL3_DESC,Aumenta di 3% tutto il Danno magico
SKILL_MAGICIAN_WBL3_NAME,Aumento di Danno magico
SKILL_MAGICIAN_WBL5_DESC,Aumenta la tua Celerità magica di 2
SKILL_MAGICIAN_WBL5_NAME,Celerità magica
SKILL_MAGICIAN_WBL5R1_DESC,Aumenta la tua Celerità magica di 2
SKILL_MAGICIAN_WBL5R1_NAME,Celerità magica
SKILL_MAGICIAN_WBL5R2_DESC,Aumenta la tua Celerità magica di 6
SKILL_MAGICIAN_WBL5R2_NAME,Celerità magica
SKILL_MAGICIAN_WBL5R3_DESC,Aumenta la tua Velocità di movimento di 2%
SKILL_MAGICIAN_WBL5R3_NAME,Aumento di Velocità di movimento
SKILL_MAGICIAN_WBL5R4_DESC,Aumenta la tua Velocità di movimento di 2%
SKILL_MAGICIAN_WBL5R4_NAME,Aumento di Velocità di movimento
SKILL_MAGICIAN_WBL5R5_DESC,Aumenta la tua Velocità di movimento di 4%
SKILL_MAGICIAN_WBL5R5_NAME,Aumento di Velocità di movimento
SKILL_MAGICIAN_WBL5R6_DESC,Aumenta la tua Velocità di movimento di 2%
SKILL_MAGICIAN_WBL5R6_NAME,Aumento di Velocità di movimento
SKILL_MAGICIAN_WBL5R7_DESC,"Ogni volta che i tuoi incantesimi consumano Gelo, riduci i tempi di recupero dei tuoi incantesimi dell'1% per carica consumata."
SKILL_MAGICIAN_WBL5R7_NAME,Ritmo del Permafrost
SKILL_MAGICIAN_WBL7_DESC,Aumenta la tua Celerità magica di 2
SKILL_MAGICIAN_WBL7_NAME,Celerità magica
SKILL_MAGICIAN_WBL9_DESC,Aumenta la tua Celerità magica di 2
SKILL_MAGICIAN_WBL9_NAME,Celerità magica
SKILL_MAGICIAN_WBR11_DESC,Aumenta di 6% il tuo danno contro i nemici assiderati
SKILL_MAGICIAN_WBR11_NAME,Danno aumentato vs. assiderati
SKILL_MAGICIAN_WBR13_DESC,Aumenta di 6% il tuo danno contro i nemici assiderati
SKILL_MAGICIAN_WBR13_NAME,Danno aumentato vs. assiderati
SKILL_MAGICIAN_WBR14_DESC,Aumenta di 6% il tuo danno contro i nemici assiderati
SKILL_MAGICIAN_WBR14_NAME,Danno aumentato vs. assiderati
SKILL_MAGICIAN_WBR15_DESC,Aumenta di 6% il tuo danno contro i nemici assiderati
SKILL_MAGICIAN_WBR15_NAME,Danno aumentato vs. assiderati
SKILL_MAGICIAN_WBR17_DESC,Aumenta la tua Probabilità di critico di 2%
SKILL_MAGICIAN_WBR17_NAME,Aumento della probabilità di critico da Taglio
SKILL_MAGICIAN_WBR18_DESC,Aumenta la tua Probabilità di critico di 4%
SKILL_MAGICIAN_WBR18_NAME,Aumento della probabilità di critico da Taglio
SKILL_MAGICIAN_WBR2_DESC,Aumenta di 2 il recupero di Concentrazione al colpo.
SKILL_MAGICIAN_WBR2_NAME,Concentrazione al colpo
SKILL_MAGICIAN_WBR2R1_DESC,Aumenta di 2 il recupero di Concentrazione al colpo.
SKILL_MAGICIAN_WBR2R1_NAME,Concentrazione al colpo
SKILL_MAGICIAN_WBR2R2_DESC,Aumenta di 4 il recupero di Concentrazione al colpo.
SKILL_MAGICIAN_WBR2R2_NAME,Concentrazione al colpo
SKILL_MAGICIAN_WBR2R3_DESC,Aumenta di 3 il valore massimo di Concentrazione.
SKILL_MAGICIAN_WBR2R3_NAME,Potenziamento di Concentrazione
SKILL_MAGICIAN_WBR2R4_DESC,"Quando applichi Gelo a un nemico, ottieni il 15% di Rigenerazione della concentrazione per 5 secondi."
SKILL_MAGICIAN_WBR2R4_NAME,Concentrazione Invernale
SKILL_MAGICIAN_WBR3_DESC,Aumenta di 2 il recupero di Concentrazione al colpo.
SKILL_MAGICIAN_WBR3_NAME,Concentrazione al colpo
SKILL_MAGICIAN_WBR5_DESC,Aumenta di 1 il valore massimo di Gelo applicabile.
SKILL_MAGICIAN_WBR5_NAME,Aumento di Gelo max
SKILL_MAGICIAN_WBR5R1_DESC,Aumenta di 1 il valore massimo di Gelo applicabile.
SKILL_MAGICIAN_WBR5R1_NAME,Aumento di Gelo max
SKILL_MAGICIAN_WBR5R2_DESC,Aumenta di 3 il valore massimo di Gelo applicabile.
SKILL_MAGICIAN_WBR5R2_NAME,Aumento di Gelo max
SKILL_MAGICIAN_WBR5R3_DESC,Aumenta di 20% il potere rallentante del tuo Gelo
SKILL_MAGICIAN_WBR5R3_NAME,Aumento del potere del gelo
SKILL_MAGICIAN_WBR5R4_DESC,Aumenta di 20% il potere rallentante del tuo Gelo
SKILL_MAGICIAN_WBR5R4_NAME,Aumento del potere del gelo
SKILL_MAGICIAN_WBR5R5_DESC,Aumenta di 60% il potere rallentante del tuo Gelo
SKILL_MAGICIAN_WBR5R5_NAME,Aumento del potere del gelo
SKILL_MAGICIAN_WBR5R6_DESC,Aumenta di 20% il potere rallentante del tuo Gelo
SKILL_MAGICIAN_WBR5R6_NAME,Aumento del potere del gelo
SKILL_MAGICIAN_WBR5R7_DESC,"Ogni volta che i tuoi incantesimi consumano Gelo su un nemico, applicagli per 5 secondi un Rallentamento pari alla potenza delle tue cariche consumate."
SKILL_MAGICIAN_WBR5R7_NAME,Trascinamento Glaciale
SKILL_MAGICIAN_WBR7_DESC,Aumenta di 1 il valore massimo di Gelo applicabile.
SKILL_MAGICIAN_WBR7_NAME,Aumento di Gelo max
SKILL_MAGICIAN_WBR9_DESC,Aumenta di 1 il valore massimo di Gelo applicabile.
SKILL_MAGICIAN_WBR9_NAME,Aumento di Gelo max
SKILL_MAGICIAN_WS1_DESC,"Premi per lanciare. Crea una tormenta in una posizione bersaglio. Infligge Danno da ghiaccio, applica Gelo ogni secondo e lascia una Pozza di ghiaccio."
SKILL_MAGICIAN_WS1_NAME,Tormenta
SKILL_MAGICIAN_WS1B1_DESC,Aumenta la durata di Tormenta di 0.5 secondi per punto.
SKILL_MAGICIAN_WS1B1_NAME,Aumento di Durata Tormenta I
SKILL_MAGICIAN_WS1B10_DESC,Aumenta di 1 per punto il valore massimo di Gelo consumato da Tormenta Frantumante.
SKILL_MAGICIAN_WS1B10_NAME,Aumento di Tormenta Frantumante I
SKILL_MAGICIAN_WS1B11_DESC,Aumenta di 1 per punto il valore massimo di Vincolo gelido consumato da Tormenta Fratturante.
SKILL_MAGICIAN_WS1B11_NAME,Aumento di Tormenta Fratturante I
SKILL_MAGICIAN_WS1B12_DESC,Aumenta di 1 al secondo per punto il Gelo extra applicato da Tormenta Agghiacciante.
SKILL_MAGICIAN_WS1B12_NAME,Aumento di Tormenta Agghiacciante I
SKILL_MAGICIAN_WS1B13_DESC,Aumenta di 1 al secondo per punto il Vincolo gelido applicato da Tormenta del vincolo gelido.
SKILL_MAGICIAN_WS1B13_NAME,Aumento Tormenta del vincolo gelido I
SKILL_MAGICIAN_WS1B14_DESC,Aumenta di 1 per punto il valore massimo di Gelo consumato da Tormenta Frantumante.
SKILL_MAGICIAN_WS1B14_NAME,Aumento di Tormenta Frantumante II
SKILL_MAGICIAN_WS1B15_DESC,Aumenta di 1 per punto il valore massimo di Vincolo gelido consumato da Tormenta Fratturante.
SKILL_MAGICIAN_WS1B15_NAME,Aumento di Tormenta Fratturante II
SKILL_MAGICIAN_WS1B16_DESC,Aumenta di 1 al secondo per punto il Gelo extra applicato da Tormenta Agghiacciante.
SKILL_MAGICIAN_WS1B16_NAME,Aumento di Tormenta Agghiacciante II
SKILL_MAGICIAN_WS1B17_DESC,Aumenta di 1 al secondo per punto il Vincolo gelido applicato da Tormenta del vincolo gelido.
SKILL_MAGICIAN_WS1B17_NAME,Aumento Tormenta del vincolo gelido II
SKILL_MAGICIAN_WS1B18_DESC,Aumenta di 1 per punto il valore massimo di Gelo consumato da Tormenta Frantumante.
SKILL_MAGICIAN_WS1B18_NAME,Aumento di Tormenta Frantumante III
SKILL_MAGICIAN_WS1B19_DESC,Aumenta di 1 per punto il valore massimo di Vincolo gelido consumato da Tormenta Fratturante.
SKILL_MAGICIAN_WS1B19_NAME,Aumento di Tormenta Fratturante III
SKILL_MAGICIAN_WS1B2_DESC,Aumenta la durata di Tormenta di 0.5 secondi per punto.
SKILL_MAGICIAN_WS1B2_NAME,Aumento di Durata Tormenta II
SKILL_MAGICIAN_WS1B20_DESC,Aumenta di 1 al secondo per punto il Gelo extra applicato da Tormenta Agghiacciante.
SKILL_MAGICIAN_WS1B20_NAME,Aumento di Tormenta Agghiacciante III
SKILL_MAGICIAN_WS1B21_DESC,Aumenta di 1 al secondo per punto il Vincolo gelido applicato da Tormenta del vincolo gelido.
SKILL_MAGICIAN_WS1B21_NAME,Aumento Tormenta del vincolo gelido III
SKILL_MAGICIAN_WS1B3_DESC,Aumenta la durata di Tormenta di 0.5 secondi per punto.
SKILL_MAGICIAN_WS1B3_NAME,Aumento di Durata Tormenta III
SKILL_MAGICIAN_WS1B4_DESC,Aumenta di 8% per punto il valore di Danno da ghiaccio inflitto da Tormenta.
SKILL_MAGICIAN_WS1B4_NAME,Aumento del danno da Tormenta I
SKILL_MAGICIAN_WS1B5_DESC,Riduce di 10% per punto il costo in Concentrazione di Tormenta.
SKILL_MAGICIAN_WS1B5_NAME,Riduzione del costo in Tormenta I
SKILL_MAGICIAN_WS1B6_DESC,Aumenta di 8% per punto il valore di Danno da ghiaccio inflitto da Tormenta.
SKILL_MAGICIAN_WS1B6_NAME,Aumento del danno da Tormenta II
SKILL_MAGICIAN_WS1B7_DESC,Riduce di 10% per punto il costo in Concentrazione di Tormenta.
SKILL_MAGICIAN_WS1B7_NAME,Riduzione del costo in Tormenta II
SKILL_MAGICIAN_WS1B8_DESC,Aumenta di 8% per punto il valore di Danno da ghiaccio inflitto da Tormenta.
SKILL_MAGICIAN_WS1B8_NAME,Aumento del danno da Tormenta III
SKILL_MAGICIAN_WS1B9_DESC,Riduce di 10% per punto il costo in Concentrazione di Tormenta.
SKILL_MAGICIAN_WS1B9_NAME,Riduzione del costo in Tormenta III
SKILL_MAGICIAN_WS1U1_DESC,Tormenta cerca e segue il nemico più vicino. Il raggio e il danno di Tormenta sono ridotti del 20%
SKILL_MAGICIAN_WS1U1_NAME,Tormenta inseguitrice
SKILL_MAGICIAN_WS1U2_DESC,Il raggio di Tormenta aumenta del 15%
SKILL_MAGICIAN_WS1U2_NAME,Tormenta costante
SKILL_MAGICIAN_WS1U3_DESC,Tormenta viene lanciata nella tua posizione e ti segue. Il suo raggio e il suo danno aumentano del 25%.
SKILL_MAGICIAN_WS1U3_NAME,Tormenta centrata
SKILL_MAGICIAN_WS1U4_DESC,Tormenta consuma fino a 10 cariche di Gelo per infliggere il 10% di Danno da ghiaccio in più per carica consumata. Tormenta non applica più Gelo e non crea più una Pozza di ghiaccio.
SKILL_MAGICIAN_WS1U4_NAME,Tormenta Frantumante
SKILL_MAGICIAN_WS1U5_DESC,Tormenta consuma fino a 10 delle tue cariche di Vincolo gelido al lancio. La durata di Tormenta aumenta di 0.5 secondi per ogni carica di Vincolo gelido consumata.
SKILL_MAGICIAN_WS1U5_NAME,Tormenta Fratturante
SKILL_MAGICIAN_WS1U6_DESC,"Tormenta non infligge danno, ma applica 2 cariche aggiuntive di Gelo al secondo e ha un raggio aumentato del 50%."
SKILL_MAGICIAN_WS1U6_NAME,Tormenta Agghiacciante
SKILL_MAGICIAN_WS1U7_DESC,Tormenta applica 2 cariche di Vincolo gelido al secondo a tutti gli alleati al suo interno.
SKILL_MAGICIAN_WS1U7_NAME,Tormenta del vincolo gelido
SKILL_MAGICIAN_WS2_DESC,"Premi per lanciare. Scatta nella direzione di movimento, infliggendo Danno da ghiaccio e applicando Gelo a tutti i nemici sul tuo percorso. Lascia Pozze di ghiaccio. Puoi controllarla durante il movimento."
SKILL_MAGICIAN_WS2_NAME,Scivolata gelida
SKILL_MAGICIAN_WS2B1_DESC,Aumenta del 10% per punto la velocità con cui ti muovi durante Scivolata gelida.
SKILL_MAGICIAN_WS2B1_NAME,Aumento velocità di Scivolata gelida I
SKILL_MAGICIAN_WS2B10_DESC,Aumenta di 1 per punto il valore massimo di Gelo consumato da Scivolata Frantumante.
SKILL_MAGICIAN_WS2B10_NAME,Aumento di Scivolata Frantumante I
SKILL_MAGICIAN_WS2B11_DESC,Aumenta di 1 per punto il valore aggiuntivo di Gelo applicato da Scivolata Agghiacciante.
SKILL_MAGICIAN_WS2B11_NAME,Aumento di Scivolata Agghiacciante I
SKILL_MAGICIAN_WS2B12_DESC,Migliora di 1 passo per punto il rapporto di conversione da Gelo a Ustione di Scivolata Incandescente.
SKILL_MAGICIAN_WS2B12_NAME,Aumento di Scivolata Incandescente I
SKILL_MAGICIAN_WS2B13_DESC,Aumenta di 1 per punto il valore massimo di Vincolo gelido consumato da Ondata Fratturante.
SKILL_MAGICIAN_WS2B13_NAME,Aumento di Ondata Fratturante I
SKILL_MAGICIAN_WS2B14_DESC,Aumenta di 1 per punto il Vincolo gelido conferito da Scivolata del vincolo gelido per ogni nemico assiderato colpito.
SKILL_MAGICIAN_WS2B14_NAME,Aumento Scivolata del vincolo gelido I
SKILL_MAGICIAN_WS2B15_DESC,Aumenta di 1 per punto il valore massimo di Gelo consumato da Scivolata Frantumante.
SKILL_MAGICIAN_WS2B15_NAME,Aumento di Scivolata Frantumante II
SKILL_MAGICIAN_WS2B16_DESC,Aumenta di 1 per punto il valore aggiuntivo di Gelo applicato da Scivolata Agghiacciante.
SKILL_MAGICIAN_WS2B16_NAME,Aumento di Scivolata Agghiacciante II
SKILL_MAGICIAN_WS2B17_DESC,Migliora di 1 passo per punto il rapporto di conversione da Gelo a Ustione di Scivolata Incandescente.
SKILL_MAGICIAN_WS2B17_NAME,Aumento di Scivolata Incandescente II
SKILL_MAGICIAN_WS2B18_DESC,Aumenta di 1 per punto il valore massimo di Vincolo gelido consumato da Ondata Fratturante.
SKILL_MAGICIAN_WS2B18_NAME,Aumento di Ondata Fratturante II
SKILL_MAGICIAN_WS2B19_DESC,Aumenta di 1 per punto il Vincolo gelido conferito da Scivolata del vincolo gelido per ogni nemico assiderato colpito.
SKILL_MAGICIAN_WS2B19_NAME,Aumento Scivolata del vincolo gelido II
SKILL_MAGICIAN_WS2B2_DESC,Aumenta del 10% per punto la velocità con cui ti muovi durante Scivolata gelida.
SKILL_MAGICIAN_WS2B2_NAME,Aumento velocità di Scivolata gelida II
SKILL_MAGICIAN_WS2B20_DESC,Aumenta di 1 per punto il valore massimo di Gelo consumato da Scivolata Frantumante.
SKILL_MAGICIAN_WS2B20_NAME,Aumento di Scivolata Frantumante III
SKILL_MAGICIAN_WS2B21_DESC,Aumenta di 1 per punto il valore aggiuntivo di Gelo applicato da Scivolata Agghiacciante.
SKILL_MAGICIAN_WS2B21_NAME,Aumento di Scivolata Agghiacciante III
SKILL_MAGICIAN_WS2B22_DESC,Migliora di 1 passo per punto il rapporto di conversione da Gelo a Ustione di Scivolata Incandescente.
SKILL_MAGICIAN_WS2B22_NAME,Aumento di Scivolata Incandescente III
SKILL_MAGICIAN_WS2B23_DESC,Aumenta di 1 per punto il valore massimo di Vincolo gelido consumato da Ondata Fratturante.
SKILL_MAGICIAN_WS2B23_NAME,Aumento di Ondata Fratturante III
SKILL_MAGICIAN_WS2B24_DESC,Aumenta di 1 per punto il Vincolo gelido conferito da Scivolata del vincolo gelido per ogni nemico assiderato colpito.
SKILL_MAGICIAN_WS2B24_NAME,Aumento Scivolata del vincolo gelido III
SKILL_MAGICIAN_WS2B3_DESC,Aumenta del 10% per punto la velocità con cui ti muovi durante Scivolata gelida.
SKILL_MAGICIAN_WS2B3_NAME,Aumento velocità di Scivolata gelida III
SKILL_MAGICIAN_WS2B4_DESC,Aumenta di 8% per punto il valore di Danno da ghiaccio inflitto da Scivolata gelida.
SKILL_MAGICIAN_WS2B4_NAME,Aumento del danno da Scivolata gelida I
SKILL_MAGICIAN_WS2B5_DESC,Riduce il Tempo di recupero di Scivolata gelida del 10% per punto.
SKILL_MAGICIAN_WS2B5_NAME,Riduzione del Tempo di recupero di Scivolata gelida I
SKILL_MAGICIAN_WS2B6_DESC,Aumenta di 8% per punto il valore di Danno da ghiaccio inflitto da Scivolata gelida.
SKILL_MAGICIAN_WS2B6_NAME,Aumento del danno da Scivolata gelida II
SKILL_MAGICIAN_WS2B7_DESC,Riduce il Tempo di recupero di Scivolata gelida del 10% per punto.
SKILL_MAGICIAN_WS2B7_NAME,Riduzione del Tempo di recupero di Scivolata gelida II
SKILL_MAGICIAN_WS2B8_DESC,Aumenta di 8% per punto il valore di Danno da ghiaccio inflitto da Scivolata gelida.
SKILL_MAGICIAN_WS2B8_NAME,Aumento del danno da Scivolata gelida III
SKILL_MAGICIAN_WS2B9_DESC,Riduce il Tempo di recupero di Scivolata gelida del 10% per punto.
SKILL_MAGICIAN_WS2B9_NAME,Riduzione del Tempo di recupero di Scivolata gelida III
SKILL_MAGICIAN_WS2U1_DESC,"Scivolata gelida ottiene 1 carica extra, consentendo 2 lanci. Il danno di Scivolata gelida è ridotto del 30%."
SKILL_MAGICIAN_WS2U1_NAME,Carica extra di Scivolata gelida
SKILL_MAGICIAN_WS2U2_DESC,"Scivolata gelida consuma le Pozze di ghiaccio che attraversi, aumentando il Danno da ghiaccio di Scivolata gelida del 10% per Pozza di ghiaccio consumata. Scivolata gelida non lascia più Pozze di ghiaccio."
SKILL_MAGICIAN_WS2U2_NAME,Scivolata glaciale
SKILL_MAGICIAN_WS2U3_DESC,"Scivolata gelida rinnova la durata del Gelo sui nemici colpiti, ma infligge il 20% di danno in meno."
SKILL_MAGICIAN_WS2U3_NAME,Scivolata ricongelante
SKILL_MAGICIAN_WS2U4_DESC,"Scivolata gelida non ti sposta più. Invece, invii una scia gelida verso la posizione bersaglio che infligge Danno da ghiaccio, applica Gelo e lascia Pozze di ghiaccio."
SKILL_MAGICIAN_WS2U4_NAME,Scivolata ancorata
SKILL_MAGICIAN_WS2U5_DESC,Scivolata gelida consuma fino a 10 cariche di Gelo sui nemici per infliggere al nemico il 5% di danno in più per carica.
SKILL_MAGICIAN_WS2U5_NAME,Scivolata Frantumante
SKILL_MAGICIAN_WS2U6_DESC,Scivolata gelida applica 2 cariche aggiuntive di Gelo ai nemici colpiti
SKILL_MAGICIAN_WS2U6_NAME,Scivolata Agghiacciante
SKILL_MAGICIAN_WS2U7_DESC,Scivolata gelida consuma Gelo dai nemici colpiti per applicare 1 carica di Ustione ogni 4 cariche di Gelo consumate
SKILL_MAGICIAN_WS2U7_NAME,Scivolata Incandescente
SKILL_MAGICIAN_WS2U8_DESC,"Al termine di Scivolata gelida, consuma fino a 10 delle tue cariche di Vincolo gelido per creare un'Ondata criogenica che infligge il 10% del danno di Scivolata gelida per carica di Vincolo gelido consumata."
SKILL_MAGICIAN_WS2U8_NAME,Ondata Fratturante
SKILL_MAGICIAN_WS2U9_DESC,Scivolata gelida conferisce 2 cariche di Vincolo gelido per ogni nemico assiderato che colpisci. Scivolata gelida non applica più Gelo.
SKILL_MAGICIAN_WS2U9_NAME,Scivolata del vincolo gelido
SKILL_MAGICIAN_WS3_DESC,"Tieni premuto per caricare. Rilascia per lanciare un giavellotto di ghiaccio, infliggendo Danno da ghiaccio e consumando fino a 10 cariche di Gelo dal bersaglio per il 4% di danno e Accumulo di stordimento extra per carica. I nemici colpiti vengono rallentati del 30% per 6 secondi."
SKILL_MAGICIAN_WS3_NAME,Giavellotto gelido
SKILL_MAGICIAN_WS3B1_DESC,Aumenta di 8% per punto il valore di Danno da ghiaccio inflitto da Giavellotto gelido.
SKILL_MAGICIAN_WS3B1_NAME,Aumento del danno da Giavellotto gelido I
SKILL_MAGICIAN_WS3B10_DESC,Aumenta del 10% per punto il danno inflitto dall'Onda di Shock di Giavellotto Frantumante.
SKILL_MAGICIAN_WS3B10_NAME,Aumento di Giavellotto Frantumante I
SKILL_MAGICIAN_WS3B11_DESC,Migliora di 1 passo per punto il rapporto di conversione da Gelo a Ustione di Giavellotto Incandescente.
SKILL_MAGICIAN_WS3B11_NAME,Aumento di Giavellotto Incandescente I
SKILL_MAGICIAN_WS3B12_DESC,Aumenta di 1 per punto il valore di Gelo applicato da Giavellotto Agghiacciante.
SKILL_MAGICIAN_WS3B12_NAME,Aumento di Giavellotto Agghiacciante I
SKILL_MAGICIAN_WS3B13_DESC,Aumenta del 2% per carica di Ustione consumata il bonus al Danno da ghiaccio conferito da Giavellotto di fuoco gelido e del 6% per punto il suo massimo.
SKILL_MAGICIAN_WS3B13_NAME,Aumento Giavellotto di fuoco gelido I
SKILL_MAGICIAN_WS3B14_DESC,Aumenta del 10% per punto il danno inflitto dai frammenti di Giavellotto scheggiante.
SKILL_MAGICIAN_WS3B14_NAME,Aumento Giavellotto scheggiante I
SKILL_MAGICIAN_WS3B15_DESC,Aumenta del 2% per carica di Vincolo gelido consumata il bonus al Danno da ghiaccio e all'Accumulo di stordimento conferito da Giavellotto Fratturante e del 6% per punto il suo massimo.
SKILL_MAGICIAN_WS3B15_NAME,Aumento di Giavellotto Fratturante I
SKILL_MAGICIAN_WS3B16_DESC,Aumenta del 10% per punto il danno inflitto dall'Onda di Shock di Giavellotto Frantumante.
SKILL_MAGICIAN_WS3B16_NAME,Aumento di Giavellotto Frantumante II
SKILL_MAGICIAN_WS3B17_DESC,Migliora di 1 passo per punto il rapporto di conversione da Gelo a Ustione di Giavellotto Incandescente.
SKILL_MAGICIAN_WS3B17_NAME,Aumento di Giavellotto Incandescente II
SKILL_MAGICIAN_WS3B18_DESC,Aumenta di 1 per punto il valore di Gelo applicato da Giavellotto Agghiacciante.
SKILL_MAGICIAN_WS3B18_NAME,Aumento di Giavellotto Agghiacciante II
SKILL_MAGICIAN_WS3B19_DESC,Aumenta del 2% per carica di Ustione consumata il bonus al Danno da ghiaccio conferito da Giavellotto di fuoco gelido e del 6% per punto il suo massimo.
SKILL_MAGICIAN_WS3B19_NAME,Aumento Giavellotto di fuoco gelido II
SKILL_MAGICIAN_WS3B2_DESC,Aumenta di 8% per punto il valore di Danno da ghiaccio inflitto da Giavellotto gelido.
SKILL_MAGICIAN_WS3B2_NAME,Aumento del danno da Giavellotto gelido II
SKILL_MAGICIAN_WS3B20_DESC,Aumenta del 10% per punto il danno inflitto dai frammenti di Giavellotto scheggiante.
SKILL_MAGICIAN_WS3B20_NAME,Aumento Giavellotto scheggiante II
SKILL_MAGICIAN_WS3B21_DESC,Aumenta del 2% per carica di Vincolo gelido consumata il bonus al Danno da ghiaccio e all'Accumulo di stordimento conferito da Giavellotto Fratturante e del 6% per punto il suo massimo.
SKILL_MAGICIAN_WS3B21_NAME,Aumento di Giavellotto Fratturante II
SKILL_MAGICIAN_WS3B22_DESC,Aumenta del 10% per punto il danno inflitto dall'Onda di Shock di Giavellotto Frantumante.
SKILL_MAGICIAN_WS3B22_NAME,Aumento di Giavellotto Frantumante III
SKILL_MAGICIAN_WS3B23_DESC,Migliora di 1 passo per punto il rapporto di conversione da Gelo a Ustione di Giavellotto Incandescente.
SKILL_MAGICIAN_WS3B23_NAME,Aumento di Giavellotto Incandescente III
SKILL_MAGICIAN_WS3B24_DESC,Aumenta di 1 per punto il valore di Gelo applicato da Giavellotto Agghiacciante.
SKILL_MAGICIAN_WS3B24_NAME,Aumento di Giavellotto Agghiacciante III
SKILL_MAGICIAN_WS3B25_DESC,Aumenta del 2% per carica di Ustione consumata il bonus al Danno da ghiaccio conferito da Giavellotto di fuoco gelido e del 6% per punto il suo massimo.
SKILL_MAGICIAN_WS3B25_NAME,Aumento Giavellotto di fuoco gelido III
SKILL_MAGICIAN_WS3B26_DESC,Aumenta del 10% per punto il danno inflitto dai frammenti di Giavellotto scheggiante.
SKILL_MAGICIAN_WS3B26_NAME,Aumento Giavellotto scheggiante III
SKILL_MAGICIAN_WS3B27_DESC,Aumenta del 2% per carica di Vincolo gelido consumata il bonus al Danno da ghiaccio e all'Accumulo di stordimento conferito da Giavellotto Fratturante e del 6% per punto il suo massimo.
SKILL_MAGICIAN_WS3B27_NAME,Aumento di Giavellotto Fratturante III
SKILL_MAGICIAN_WS3B3_DESC,Aumenta di 8% per punto il valore di Danno da ghiaccio inflitto da Giavellotto gelido.
SKILL_MAGICIAN_WS3B3_NAME,Aumento del danno da Giavellotto gelido III
SKILL_MAGICIAN_WS3B4_DESC,Aumenta del 10% per punto l'Accumulo di stordimento inflitto da Giavellotto gelido.
SKILL_MAGICIAN_WS3B4_NAME,Aumento Accumulo di stordimento di Giavellotto gelido I
SKILL_MAGICIAN_WS3B5_DESC,Aumenta di 2 per punto le cariche massime consumate da Giavellotto gelido.
SKILL_MAGICIAN_WS3B5_NAME,Aumento consumo massimo di Giavellotto gelido I
SKILL_MAGICIAN_WS3B6_DESC,Aumenta del 10% per punto l'Accumulo di stordimento inflitto da Giavellotto gelido.
SKILL_MAGICIAN_WS3B6_NAME,Aumento Accumulo di stordimento di Giavellotto gelido II
SKILL_MAGICIAN_WS3B7_DESC,Aumenta di 2 per punto le cariche massime consumate da Giavellotto gelido.
SKILL_MAGICIAN_WS3B7_NAME,Aumento consumo massimo di Giavellotto gelido II
SKILL_MAGICIAN_WS3B8_DESC,Aumenta del 10% per punto l'Accumulo di stordimento inflitto da Giavellotto gelido.
SKILL_MAGICIAN_WS3B8_NAME,Aumento Accumulo di stordimento di Giavellotto gelido III
SKILL_MAGICIAN_WS3B9_DESC,Aumenta di 2 per punto le cariche massime consumate da Giavellotto gelido.
SKILL_MAGICIAN_WS3B9_NAME,Aumento consumo massimo di Giavellotto gelido III
SKILL_MAGICIAN_WS3U1_DESC,"Giavellotto gelido si frantuma all'impatto, infliggendo danno in un cono dietro il bersaglio."
SKILL_MAGICIAN_WS3U1_NAME,Giavellotto Scindente
SKILL_MAGICIAN_WS3U10_DESC,"Ogni 2 cariche di Gelo consumate, Giavellotto gelido lancia 1 frammento contro un nemico vicino, infliggendo il 20% del danno di Giavellotto gelido."
SKILL_MAGICIAN_WS3U10_NAME,Giavellotto scheggiante
SKILL_MAGICIAN_WS3U11_DESC,"Giavellotto gelido consuma fino a 10 delle tue cariche di Vincolo gelido al lancio. Per ogni carica di Vincolo gelido consumata, Giavellotto gelido infligge il 5% di Danno da ghiaccio e il 5% di Accumulo di stordimento in più, fino al 50%."
SKILL_MAGICIAN_WS3U11_NAME,Giavellotto Fratturante
SKILL_MAGICIAN_WS3U2_DESC,"Giavellotto gelido attraversa i nemici, infliggendo danno a ogni nemico attraversato."
SKILL_MAGICIAN_WS3U2_NAME,Giavellotto Penetrante
SKILL_MAGICIAN_WS3U3_DESC,La velocità del proiettile di Giavellotto gelido aumenta del 20%.
SKILL_MAGICIAN_WS3U3_NAME,Giavellotto costante
SKILL_MAGICIAN_WS3U4_DESC,"Giavellotto gelido viaggia il 25% più lentamente, ma infligge il 25% di Danno da ghiaccio e il 25% di Accumulo di stordimento in più."
SKILL_MAGICIAN_WS3U4_NAME,Giavellotto pesante
SKILL_MAGICIAN_WS3U5_DESC,"Giavellotto gelido diventa un incantesimo da canalizzare tenendo premuto. Durante la canalizzazione, lancia senza sosta Giavellotti gelidi minori che infliggono il 25% del danno e consumano il 50% in meno di cariche massime di Gelo per colpo. Il tempo di recupero si riduce a 3 secondi."
SKILL_MAGICIAN_WS3U5_NAME,Giavellotto canalizzato
SKILL_MAGICIAN_WS3U6_DESC,"Giavellotto gelido rilascia un'Onda di Shock all'impatto, infliggendo il 50% del danno di Giavellotto gelido ai nemici vicini e al primo nemico colpito. Il danno e il raggio dell'Onda di Shock aumentano in base al Gelo consumato dal primo bersaglio colpito"
SKILL_MAGICIAN_WS3U6_NAME,Giavellotto Frantumante
SKILL_MAGICIAN_WS3U7_DESC,Giavellotto gelido consuma Gelo dal primo nemico colpito per applicare 1 carica di Ustione ogni 4 cariche di Gelo consumate.
SKILL_MAGICIAN_WS3U7_NAME,Giavellotto Incandescente
SKILL_MAGICIAN_WS3U8_DESC,"Giavellotto gelido non consuma più Gelo, ma applica 5 cariche di Gelo ai nemici colpiti."
SKILL_MAGICIAN_WS3U8_NAME,Giavellotto Agghiacciante
SKILL_MAGICIAN_WS3U9_DESC,"Giavellotto gelido consuma fino a 10 cariche di Ustione dal primo nemico colpito. Per ogni carica di Ustione consumata, Giavellotto gelido infligge il 4% di Danno da ghiaccio in più, fino al 40%."
SKILL_MAGICIAN_WS3U9_NAME,Giavellotto di fuoco gelido
SKILL_MINOTAUR_N1_DESC,Aumenta di 15 il valore massimo di Salute.
SKILL_MINOTAUR_N1_NAME,Potenziamento di Salute
SKILL_MINOTAUR_N10_DESC,Aumenta la tua Velocità d'attacco di 6%. \n Aumenta di 2 il valore massimo di Sanguinamento applicabile.
SKILL_MINOTAUR_N10_NAME,Fervore bovino
SKILL_MINOTAUR_N16_DESC,Aumenta il tuo danno contro i nemici sanguinanti del 12%.\n Aumenta di 2 la Furia massima che puoi accumulare.
SKILL_MINOTAUR_N16_NAME,Possanza di Xwin
SKILL_MINOTAUR_N4_DESC,Aumenta la tua Salute massima di 15. \n Aumenta il tuo Danno da taglio del 6%
SKILL_MINOTAUR_N4_NAME,Sangue di Minotauro
SKILL_MINOTAUR_NBL11_DESC,Aumenta di 1 il valore massimo di Furia che puoi mantenere.
SKILL_MINOTAUR_NBL11_NAME,Aumento di Furia max
SKILL_MINOTAUR_NBL12_DESC,Aumenta di 1 il valore massimo di Furia che puoi mantenere.
SKILL_MINOTAUR_NBL12_NAME,Aumento di Furia max
SKILL_MINOTAUR_NBL14_DESC,Aumenta di 1 il valore massimo di Furia che puoi mantenere.
SKILL_MINOTAUR_NBL14_NAME,Aumento di Furia max
SKILL_MINOTAUR_NBL15_DESC,Aumenta di 1 il valore massimo di Furia che puoi mantenere.
SKILL_MINOTAUR_NBL15_NAME,Aumento di Furia max
SKILL_MINOTAUR_NBL17_DESC,Aumenta la tua Probabilità di critico di 2%
SKILL_MINOTAUR_NBL17_NAME,Aumento della probabilità di critico da Taglio
SKILL_MINOTAUR_NBL18_DESC,Aumenta la tua Probabilità di critico di 4%
SKILL_MINOTAUR_NBL18_NAME,Aumento della probabilità di critico da Taglio
SKILL_MINOTAUR_NBL2_DESC,Aumenta di 8 il valore massimo di Salute.
SKILL_MINOTAUR_NBL2_NAME,Potenziamento di Salute
SKILL_MINOTAUR_NBL2R1_DESC,Aumenta di 3% il valore massimo di Salute
SKILL_MINOTAUR_NBL2R1_NAME,Aumento di Salute max
SKILL_MINOTAUR_NBL2R2_DESC,Aumenta di 9% il valore massimo di Salute
SKILL_MINOTAUR_NBL2R2_NAME,Aumento di Salute max
SKILL_MINOTAUR_NBL2R3_DESC,Aumenta la tua Armatura di 4
SKILL_MINOTAUR_NBL2R3_NAME,Aumento di Armatura
SKILL_MINOTAUR_NBL2R4_DESC,Una Rappresaglia riuscita ti conferisce 5 Furia.
SKILL_MINOTAUR_NBL2R4_NAME,Rappresaglia Infuriante
SKILL_MINOTAUR_NBL3_DESC,Aumenta di 8 il valore massimo di Salute.
SKILL_MINOTAUR_NBL3_NAME,Potenziamento di Salute
SKILL_MINOTAUR_NBL5_DESC,Aumenta la tua Velocità d'attacco di 3%
SKILL_MINOTAUR_NBL5_NAME,Aumento di Velocità d'attacco
SKILL_MINOTAUR_NBL5R1_DESC,Aumenta la tua Velocità d'attacco di 3%
SKILL_MINOTAUR_NBL5R1_NAME,Aumento di Velocità d'attacco
SKILL_MINOTAUR_NBL5R2_DESC,Aumenta la tua Velocità d'attacco di 9%
SKILL_MINOTAUR_NBL5R2_NAME,Aumento di Velocità d'attacco
SKILL_MINOTAUR_NBL5R3_DESC,Aumenta la tua Velocità di movimento di 2%
SKILL_MINOTAUR_NBL5R3_NAME,Aumento di Velocità di movimento
SKILL_MINOTAUR_NBL5R4_DESC,Aumenta la tua Velocità di movimento di 2%
SKILL_MINOTAUR_NBL5R4_NAME,Aumento di Velocità di movimento
SKILL_MINOTAUR_NBL5R5_DESC,Aumenta la tua Velocità di movimento di 4%
SKILL_MINOTAUR_NBL5R5_NAME,Aumento di Velocità di movimento
SKILL_MINOTAUR_NBL5R6_DESC,Aumenta la tua Velocità di movimento di 2%
SKILL_MINOTAUR_NBL5R6_NAME,Aumento di Velocità di movimento
SKILL_MINOTAUR_NBL5R7_DESC,Una Rappresaglia riuscita ti conferisce il 15% di Velocità d'attacco per 6 secondi.
SKILL_MINOTAUR_NBL5R7_NAME,Difesa e Assalto
SKILL_MINOTAUR_NBL7_DESC,Aumenta la tua Velocità d'attacco di 3%
SKILL_MINOTAUR_NBL7_NAME,Aumento di Velocità d'attacco
SKILL_MINOTAUR_NBL9_DESC,Aumenta la tua Velocità d'attacco di 3%
SKILL_MINOTAUR_NBL9_NAME,Aumento di Velocità d'attacco
SKILL_MINOTAUR_NBR11_DESC,Aumenta di 6% il tuo danno contro i nemici sanguinanti
SKILL_MINOTAUR_NBR11_NAME,Danno aumentato vs. sanguinanti
SKILL_MINOTAUR_NBR12_DESC,Aumenta di 6% il tuo danno contro i nemici sanguinanti
SKILL_MINOTAUR_NBR12_NAME,Danno aumentato vs. sanguinanti
SKILL_MINOTAUR_NBR14_DESC,Aumenta di 6% il tuo danno contro i nemici sanguinanti
SKILL_MINOTAUR_NBR14_NAME,Danno aumentato vs. sanguinanti
SKILL_MINOTAUR_NBR15_DESC,Aumenta di 6% il tuo danno contro i nemici sanguinanti
SKILL_MINOTAUR_NBR15_NAME,Danno aumentato vs. sanguinanti
SKILL_MINOTAUR_NBR17_DESC,Aumenta di 1 secondo la durata della tua Furia.
SKILL_MINOTAUR_NBR17_NAME,Aumento di Durata Furia
SKILL_MINOTAUR_NBR18_DESC,Aumenta di 2 secondi la durata della tua Furia.
SKILL_MINOTAUR_NBR18_NAME,Aumento di Durata Furia
SKILL_MINOTAUR_NBR2_DESC,Aumenta il tuo Danno da taglio di 3%
SKILL_MINOTAUR_NBR2_NAME,Aumento di Danno da taglio
SKILL_MINOTAUR_NBR2R1_DESC,Aumenta il tuo Danno da taglio di 3%
SKILL_MINOTAUR_NBR2R1_NAME,Aumento di Danno da taglio
SKILL_MINOTAUR_NBR2R2_DESC,Aumenta il tuo Danno da taglio di 9%
SKILL_MINOTAUR_NBR2R2_NAME,Aumento di Danno da taglio
SKILL_MINOTAUR_NBR2R3_DESC,Aumenta di 3% tutto il Danno fisico
SKILL_MINOTAUR_NBR2R3_NAME,Aumento di Danno fisico
SKILL_MINOTAUR_NBR2R4_DESC,Il terzo attacco del Minotauro ripristina il 20% del tuo Vigore massimo se colpisce un nemico
SKILL_MINOTAUR_NBR2R4_NAME,Finisher Ristoratore
SKILL_MINOTAUR_NBR3_DESC,Aumenta il tuo Danno da taglio di 3%
SKILL_MINOTAUR_NBR3_NAME,Aumento di Danno da taglio
SKILL_MINOTAUR_NBR5_DESC,Aumenta di 1 il valore massimo di Sanguinamento applicabile.
SKILL_MINOTAUR_NBR5_NAME,Aumento di Sanguinamento max
SKILL_MINOTAUR_NBR5R1_DESC,Aumenta di 1 il valore massimo di Sanguinamento applicabile.
SKILL_MINOTAUR_NBR5R1_NAME,Aumento di Sanguinamento max
SKILL_MINOTAUR_NBR5R2_DESC,Aumenta di 3 il valore massimo di Sanguinamento applicabile.
SKILL_MINOTAUR_NBR5R2_NAME,Aumento di Sanguinamento max
SKILL_MINOTAUR_NBR5R3_DESC,Aumenta di 1 secondo la durata del tuo Sanguinamento.
SKILL_MINOTAUR_NBR5R3_NAME,Aumento di Durata Sanguinamento
SKILL_MINOTAUR_NBR5R4_DESC,Aumenta di 1 secondo la durata del tuo Sanguinamento.
SKILL_MINOTAUR_NBR5R4_NAME,Aumento di Durata Sanguinamento
SKILL_MINOTAUR_NBR5R5_DESC,Aumenta di 2 secondi la durata del tuo Sanguinamento.
SKILL_MINOTAUR_NBR5R5_NAME,Aumento di Durata Sanguinamento
SKILL_MINOTAUR_NBR5R6_DESC,Aumenta di 1 secondo la durata del tuo Sanguinamento.
SKILL_MINOTAUR_NBR5R6_NAME,Aumento di Durata Sanguinamento
SKILL_MINOTAUR_NBR5R7_DESC,"Quando colpisci un nemico con 10 o più cariche di Sanguinamento, ottieni +15% Probabilità di critico per 5 secondi."
SKILL_MINOTAUR_NBR5R7_NAME,Sangue nell'Acqua
SKILL_MINOTAUR_NBR7_DESC,Aumenta di 1 il valore massimo di Sanguinamento applicabile.
SKILL_MINOTAUR_NBR7_NAME,Aumento di Sanguinamento max
SKILL_MINOTAUR_NBR9_DESC,Aumenta di 1 il valore massimo di Sanguinamento applicabile.
SKILL_MINOTAUR_NBR9_NAME,Aumento di Sanguinamento max
SKILL_MINOTAUR_NS1_DESC,Carica di Cornu ora infligge danno in un'area più ampia all'impatto.
SKILL_MINOTAUR_NS1_NAME,Onda di Shock di Cornu
SKILL_MINOTAUR_NS1B1_DESC,Aumenta del 10% per punto il raggio del danno di Onda di Shock di Cornu.
SKILL_MINOTAUR_NS1B1_NAME,Aumento dimensioni di Onda di Shock di Cornu I
SKILL_MINOTAUR_NS1B10_DESC,Aumenta del 2% per punto l'Accumulo di stordimento ottenuto per carica di Sanguinamento consumata e del 6% per punto l'aumento massimo dell'Accumulo di stordimento.
SKILL_MINOTAUR_NS1B10_NAME,Aumento Carica Mietente I
SKILL_MINOTAUR_NS1B11_DESC,"Aumenta di 1 il Sanguinamento applicato da Carica Lacerante, o di 2 se vicino alla distanza massima."
SKILL_MINOTAUR_NS1B11_NAME,Aumento Carica Lacerante I
SKILL_MINOTAUR_NS1B12_DESC,Carica Infuriante conferisce 1 Furia aggiuntiva per punto.
SKILL_MINOTAUR_NS1B12_NAME,Aumento Carica Infuriante I
SKILL_MINOTAUR_NS1B13_DESC,"Aumenta del 2% per punto il danno di Carica Furente per carica consumata, fino a un massimo di +8%."
SKILL_MINOTAUR_NS1B13_NAME,Aumento Carica Furente I
SKILL_MINOTAUR_NS1B14_DESC,Aumenta del 2% per punto l'Accumulo di stordimento ottenuto per carica di Sanguinamento consumata e del 6% per punto l'aumento massimo dell'Accumulo di stordimento.
SKILL_MINOTAUR_NS1B14_NAME,Aumento Carica Mietente II
SKILL_MINOTAUR_NS1B15_DESC,"Aumenta di 1 il Sanguinamento applicato da Carica Lacerante, o di 2 se vicino alla distanza massima."
SKILL_MINOTAUR_NS1B15_NAME,Aumento Carica Lacerante II
SKILL_MINOTAUR_NS1B16_DESC,Carica Infuriante conferisce 1 Furia aggiuntiva per punto.
SKILL_MINOTAUR_NS1B16_NAME,Aumento Carica Infuriante II
SKILL_MINOTAUR_NS1B17_DESC,"Aumenta del 2% per punto il danno di Carica Furente per carica consumata, fino a un massimo di +8%."
SKILL_MINOTAUR_NS1B17_NAME,Aumento Carica Furente II
SKILL_MINOTAUR_NS1B18_DESC,Aumenta del 2% per punto l'Accumulo di stordimento ottenuto per carica di Sanguinamento consumata e del 6% per punto l'aumento massimo dell'Accumulo di stordimento.
SKILL_MINOTAUR_NS1B18_NAME,Aumento Carica Mietente III
SKILL_MINOTAUR_NS1B19_DESC,"Aumenta di 1 il Sanguinamento applicato da Carica Lacerante, o di 2 se vicino alla distanza massima."
SKILL_MINOTAUR_NS1B19_NAME,Aumento Carica Lacerante III
SKILL_MINOTAUR_NS1B2_DESC,Aumenta del 10% per punto il raggio del danno di Onda di Shock di Cornu.
SKILL_MINOTAUR_NS1B2_NAME,Aumento dimensioni di Onda di Shock di Cornu II
SKILL_MINOTAUR_NS1B20_DESC,Carica Infuriante conferisce 1 Furia aggiuntiva per punto.
SKILL_MINOTAUR_NS1B20_NAME,Aumento Carica Infuriante III
SKILL_MINOTAUR_NS1B21_DESC,"Aumenta del 2% per punto il danno di Carica Furente per carica consumata, fino a un massimo di +8%."
SKILL_MINOTAUR_NS1B21_NAME,Aumento Carica Furente III
SKILL_MINOTAUR_NS1B3_DESC,Aumenta del 10% per punto il raggio del danno di Onda di Shock di Cornu.
SKILL_MINOTAUR_NS1B3_NAME,Aumento dimensioni di Onda di Shock di Cornu III
SKILL_MINOTAUR_NS1B4_DESC,Riduce di 10% per punto il costo in Vigore di Carica di Cornu.
SKILL_MINOTAUR_NS1B4_NAME,Riduzione del costo in Carica di Cornu I
SKILL_MINOTAUR_NS1B5_DESC,Aumenta del 5% per punto la distanza massima percorsa da Carica di Cornu.
SKILL_MINOTAUR_NS1B5_NAME,Aumento portata di Carica di Cornu I
SKILL_MINOTAUR_NS1B6_DESC,Riduce di 10% per punto il costo in Vigore di Carica di Cornu.
SKILL_MINOTAUR_NS1B6_NAME,Riduzione del costo in Carica di Cornu II
SKILL_MINOTAUR_NS1B7_DESC,Aumenta del 5% per punto la distanza massima percorsa da Carica di Cornu.
SKILL_MINOTAUR_NS1B7_NAME,Aumento portata di Carica di Cornu II
SKILL_MINOTAUR_NS1B8_DESC,Riduce di 10% per punto il costo in Vigore di Carica di Cornu.
SKILL_MINOTAUR_NS1B8_NAME,Riduzione del costo in Carica di Cornu III
SKILL_MINOTAUR_NS1B9_DESC,Aumenta del 5% per punto la distanza massima percorsa da Carica di Cornu.
SKILL_MINOTAUR_NS1B9_NAME,Aumento portata di Carica di Cornu III
SKILL_MINOTAUR_NS1U1_DESC,Carica di Cornu rimborsa il 35% del proprio tempo di recupero quando colpisce un nemico sanguinante.
SKILL_MINOTAUR_NS1U1_NAME,Carica dell'odore del sangue
SKILL_MINOTAUR_NS1U2_DESC,Carica di Cornu infligge il 50% di danno extra ai bersagli storditi.
SKILL_MINOTAUR_NS1U2_NAME,Amplificazione della carica contro storditi
SKILL_MINOTAUR_NS1U3_DESC,"Carica di Cornu consuma il Sanguinamento sul nemico colpito per ottenere il 5% di Accumulo di stordimento aggiuntivo per carica di Sanguinamento consumata, fino al 50%."
SKILL_MINOTAUR_NS1U3_NAME,Carica Mietente
SKILL_MINOTAUR_NS1U4_DESC,Carica di Cornu applica 3 cariche di Sanguinamento al nemico colpito e altre 2 se vicino alla distanza massima.
SKILL_MINOTAUR_NS1U4_NAME,Carica Lacerante
SKILL_MINOTAUR_NS1U5_DESC,Carica di Cornu conferisce 5 Furia quando colpisce un nemico.
SKILL_MINOTAUR_NS1U5_NAME,Carica Infuriante
SKILL_MINOTAUR_NS1U6_DESC,"Carica di Cornu consuma Furia per infliggere il 5% di danno in più per carica di Furia, fino a un aumento del 50%."
SKILL_MINOTAUR_NS1U6_NAME,Carica Furente
SKILL_MINOTAUR_NS2_DESC,"Premi per lanciare. Ruota verso il bersaglio, infliggendo Danno da taglio e applicando Sanguinamento a tutti i nemici sul tuo percorso."
SKILL_MINOTAUR_NS2_NAME,Vortice
SKILL_MINOTAUR_NS2B1_DESC,Aumenta di 8% per punto il danno di Vortice.
SKILL_MINOTAUR_NS2B1_NAME,Aumento del danno da Vortice I
SKILL_MINOTAUR_NS2B10_DESC,Aumenta di 1 per punto il Sanguinamento applicato da Vortice.
SKILL_MINOTAUR_NS2B10_NAME,Aumento di Sanguinamento Vortice II
SKILL_MINOTAUR_NS2B11_DESC,Aumenta la durata di Tornado di 0.5 secondi per punto.
SKILL_MINOTAUR_NS2B11_NAME,Aumento durata di Tornado II
SKILL_MINOTAUR_NS2B12_DESC,Aumenta la distanza percorsa da Vortice del 7% per punto.
SKILL_MINOTAUR_NS2B12_NAME,Aumento portata di Vortice III
SKILL_MINOTAUR_NS2B13_DESC,Riduce di 10% per punto il tempo di recupero di Vortice.
SKILL_MINOTAUR_NS2B13_NAME,Riduzione del Tempo di recupero di Vortice III
SKILL_MINOTAUR_NS2B14_DESC,Aumenta di 1 per punto il Sanguinamento applicato da Vortice.
SKILL_MINOTAUR_NS2B14_NAME,Aumento di Sanguinamento Vortice III
SKILL_MINOTAUR_NS2B15_DESC,Aumenta la durata di Tornado di 0.5 secondi per punto.
SKILL_MINOTAUR_NS2B15_NAME,Aumento durata di Tornado III
SKILL_MINOTAUR_NS2B16_DESC,Aumenta di 1 per punto il valore di Furia ottenuto da Vortice Infuriante.
SKILL_MINOTAUR_NS2B16_NAME,Aumento di Vortice Infuriante I
SKILL_MINOTAUR_NS2B17_DESC,Aumenta del 2% per punto il raggio ottenuto per carica consumata e l'aumento massimo di Vortice Furente.
SKILL_MINOTAUR_NS2B17_NAME,Aumento di Vortice Furente I
SKILL_MINOTAUR_NS2B18_DESC,Aumenta di 2% per punto il danno ottenuto per ogni Sanguinamento consumato e di 6% per punto l'aumento massimo di danno.
SKILL_MINOTAUR_NS2B18_NAME,Aumento di Vortice Mietente I
SKILL_MINOTAUR_NS2B19_DESC,Aumenta di 1 per punto il valore di Furia ottenuto da Vortice Infuriante.
SKILL_MINOTAUR_NS2B19_NAME,Aumento di Vortice Infuriante II
SKILL_MINOTAUR_NS2B2_DESC,Aumenta di 8% per punto il danno di Vortice.
SKILL_MINOTAUR_NS2B2_NAME,Aumento del danno da Vortice II
SKILL_MINOTAUR_NS2B20_DESC,Aumenta del 2% per punto il raggio ottenuto per carica consumata e l'aumento massimo di Vortice Furente.
SKILL_MINOTAUR_NS2B20_NAME,Aumento di Vortice Furente II
SKILL_MINOTAUR_NS2B21_DESC,Aumenta di 2% per punto il danno ottenuto per ogni Sanguinamento consumato e di 6% per punto l'aumento massimo di danno.
SKILL_MINOTAUR_NS2B21_NAME,Aumento di Vortice Mietente II
SKILL_MINOTAUR_NS2B22_DESC,Aumenta di 1 per punto il valore di Furia ottenuto da Vortice Infuriante.
SKILL_MINOTAUR_NS2B22_NAME,Aumento di Vortice Infuriante III
SKILL_MINOTAUR_NS2B23_DESC,Aumenta del 2% per punto il raggio ottenuto per carica consumata e l'aumento massimo di Vortice Furente.
SKILL_MINOTAUR_NS2B23_NAME,Aumento di Vortice Furente III
SKILL_MINOTAUR_NS2B24_DESC,Aumenta di 2% per punto il danno ottenuto per ogni Sanguinamento consumato e di 6% per punto l'aumento massimo di danno.
SKILL_MINOTAUR_NS2B24_NAME,Aumento di Vortice Mietente III
SKILL_MINOTAUR_NS2B3_DESC,Aumenta di 8% per punto il danno di Vortice.
SKILL_MINOTAUR_NS2B3_NAME,Aumento del danno da Vortice III
SKILL_MINOTAUR_NS2B4_DESC,Aumenta la distanza percorsa da Vortice del 7% per punto.
SKILL_MINOTAUR_NS2B4_NAME,Aumento portata di Vortice I
SKILL_MINOTAUR_NS2B5_DESC,Riduce di 10% per punto il tempo di recupero di Vortice.
SKILL_MINOTAUR_NS2B5_NAME,Riduzione del Tempo di recupero di Vortice I
SKILL_MINOTAUR_NS2B6_DESC,Aumenta di 1 per punto il Sanguinamento applicato da Vortice.
SKILL_MINOTAUR_NS2B6_NAME,Aumento di Sanguinamento Vortice I
SKILL_MINOTAUR_NS2B7_DESC,Aumenta la durata di Tornado di 0.5 secondi per punto.
SKILL_MINOTAUR_NS2B7_NAME,Aumento durata di Tornado I
SKILL_MINOTAUR_NS2B8_DESC,Aumenta la distanza percorsa da Vortice del 7% per punto.
SKILL_MINOTAUR_NS2B8_NAME,Aumento portata di Vortice II
SKILL_MINOTAUR_NS2B9_DESC,Riduce di 10% per punto il tempo di recupero di Vortice.
SKILL_MINOTAUR_NS2B9_NAME,Riduzione del Tempo di recupero di Vortice II
SKILL_MINOTAUR_NS2U1_DESC,Vortice può essere rilanciato entro un breve intervallo. Il danno del secondo lancio è ridotto del 50%.
SKILL_MINOTAUR_NS2U1_NAME,Vortice Ripetuto
SKILL_MINOTAUR_NS2U2_DESC,"Aumenta il raggio di Vortice del 30%, ma non esegue più uno scatto"
SKILL_MINOTAUR_NS2U2_NAME,Vortice stabile
SKILL_MINOTAUR_NS2U3_DESC,Vortice non esegue più uno scatto. Puoi muoverti mentre ruoti e l'effetto persiste per 4 secondi.
SKILL_MINOTAUR_NS2U3_NAME,Tornado
SKILL_MINOTAUR_NS2U4_DESC,Vortice conferisce 2 Furia per ogni nemico colpito.
SKILL_MINOTAUR_NS2U4_NAME,Vortice Infuriante
SKILL_MINOTAUR_NS2U5_DESC,"Vortice consuma Furia per aumentare il proprio raggio d'impatto del 4% per carica di Furia consumata, fino a un aumento del 40%."
SKILL_MINOTAUR_NS2U5_NAME,Vortice Furente
SKILL_MINOTAUR_NS2U6_DESC,"Vortice non applica più Sanguinamento. Consuma invece il Sanguinamento sui nemici colpiti per infliggere il 5% di danno in più per carica di Sanguinamento consumata, fino a un aumento del 50%."
SKILL_MINOTAUR_NS2U6_NAME,Vortice Mietente
SKILL_MINOTAUR_NS3_DESC,"Tieni premuto per caricare. Rilascia per sferrare un fendente frontale che cresce con il tempo di carica, infliggendo Danno da taglio e respingendo i nemici. Consuma fino a 10 Furia per aumentare il danno, con maggiori benefici a carica più alta. Interrompe i nemici colpiti."
SKILL_MINOTAUR_NS3_NAME,Fendente veemente
SKILL_MINOTAUR_NS3B1_DESC,Aumenta di 8% per punto il danno di Fendente veemente.
SKILL_MINOTAUR_NS3B1_NAME,Aumento del danno da Fendente veemente I
SKILL_MINOTAUR_NS3B10_DESC,Aumenta di 1 per punto il valore di Furia ottenuto da Fendente Infuriante.
SKILL_MINOTAUR_NS3B10_NAME,Aumento di Fendente Infuriante I
SKILL_MINOTAUR_NS3B11_DESC,Aumenta la Penetrazione dell'armatura di Fendente Furente del 2% per Furia consumata per punto.
SKILL_MINOTAUR_NS3B11_NAME,Aumento di Fendente Furente I
SKILL_MINOTAUR_NS3B12_DESC,Aumenta di 2% per punto il danno ottenuto per ogni Sanguinamento consumato e di 6% per punto l'aumento massimo di danno.
SKILL_MINOTAUR_NS3B12_NAME,Aumento di Fendente Mietente I
SKILL_MINOTAUR_NS3B13_DESC,Aumenta di 1 per punto il Sanguinamento applicato ogni 3 Furia consumate.
SKILL_MINOTAUR_NS3B13_NAME,Aumento di Fendente Lacerante I
SKILL_MINOTAUR_NS3B14_DESC,Aumenta di 1 per punto il valore di Furia ottenuto da Fendente Infuriante.
SKILL_MINOTAUR_NS3B14_NAME,Aumento di Fendente Infuriante II
SKILL_MINOTAUR_NS3B15_DESC,Aumenta la Penetrazione dell'armatura di Fendente Furente del 2% per Furia consumata per punto.
SKILL_MINOTAUR_NS3B15_NAME,Aumento di Fendente Furente II
SKILL_MINOTAUR_NS3B16_DESC,Aumenta di 2% per punto il danno ottenuto per ogni Sanguinamento consumato e di 6% per punto l'aumento massimo di danno.
SKILL_MINOTAUR_NS3B16_NAME,Aumento di Fendente Mietente II
SKILL_MINOTAUR_NS3B17_DESC,Aumenta di 1 per punto il Sanguinamento applicato ogni 3 Furia consumate.
SKILL_MINOTAUR_NS3B17_NAME,Aumento di Fendente Lacerante II
SKILL_MINOTAUR_NS3B18_DESC,Aumenta di 1 per punto il valore di Furia ottenuto da Fendente Infuriante.
SKILL_MINOTAUR_NS3B18_NAME,Aumento di Fendente Infuriante III
SKILL_MINOTAUR_NS3B19_DESC,Aumenta la Penetrazione dell'armatura di Fendente Furente del 2% per Furia consumata per punto.
SKILL_MINOTAUR_NS3B19_NAME,Aumento di Fendente Furente III
SKILL_MINOTAUR_NS3B2_DESC,Aumenta di 8% per punto il danno di Fendente veemente.
SKILL_MINOTAUR_NS3B2_NAME,Aumento del danno da Fendente veemente II
SKILL_MINOTAUR_NS3B20_DESC,Aumenta di 2% per punto il danno ottenuto per ogni Sanguinamento consumato e di 6% per punto l'aumento massimo di danno.
SKILL_MINOTAUR_NS3B20_NAME,Aumento di Fendente Mietente III
SKILL_MINOTAUR_NS3B21_DESC,Aumenta di 1 per punto il Sanguinamento applicato ogni 3 Furia consumate.
SKILL_MINOTAUR_NS3B21_NAME,Aumento di Fendente Lacerante III
SKILL_MINOTAUR_NS3B3_DESC,Aumenta di 8% per punto il danno di Fendente veemente.
SKILL_MINOTAUR_NS3B3_NAME,Aumento del danno da Fendente veemente III
SKILL_MINOTAUR_NS3B4_DESC,Aumenta del 10% per punto la velocità di carica di Fendente veemente.
SKILL_MINOTAUR_NS3B4_NAME,Aumento velocità di carica di Fendente veemente I
SKILL_MINOTAUR_NS3B5_DESC,Riduce di 10% per punto il tempo di recupero di Fendente veemente.
SKILL_MINOTAUR_NS3B5_NAME,Riduzione del Tempo di recupero di Fendente veemente I
SKILL_MINOTAUR_NS3B6_DESC,Aumenta del 10% per punto la velocità di carica di Fendente veemente.
SKILL_MINOTAUR_NS3B6_NAME,Aumento velocità di carica di Fendente veemente II
SKILL_MINOTAUR_NS3B7_DESC,Riduce di 10% per punto il tempo di recupero di Fendente veemente.
SKILL_MINOTAUR_NS3B7_NAME,Riduzione del Tempo di recupero di Fendente veemente II
SKILL_MINOTAUR_NS3B8_DESC,Aumenta del 10% per punto la velocità di carica di Fendente veemente.
SKILL_MINOTAUR_NS3B8_NAME,Aumento velocità di carica di Fendente veemente III
SKILL_MINOTAUR_NS3B9_DESC,Riduce di 10% per punto il tempo di recupero di Fendente veemente.
SKILL_MINOTAUR_NS3B9_NAME,Riduzione del Tempo di recupero di Fendente veemente III
SKILL_MINOTAUR_NS3U1_DESC,"Fendente veemente infligge il 30% di danno in più ai nemici sotto il 40% di Salute, ma il 30% in meno ai nemici sopra il 60%"
SKILL_MINOTAUR_NS3U1_NAME,Fendente esecutore
SKILL_MINOTAUR_NS3U2_DESC,"Fendente veemente infligge Danno contundente, ma infligge il 30% di danno in meno."
SKILL_MINOTAUR_NS3U2_NAME,Fendente Contundente
SKILL_MINOTAUR_NS3U3_DESC,"Se Fendente veemente colpisce almeno un nemico con una carica elevata, sferra un secondo fendente più debole dopo un breve ritardo, con il 50% del danno. Il colpo iniziale di Fendente veemente infligge il 20% di danno in meno."
SKILL_MINOTAUR_NS3U3_NAME,Fendente Ripetuto
SKILL_MINOTAUR_NS3U4_DESC,"Fendente veemente non consuma più Furia. Conferisce invece 2 Furia per ogni nemico colpito, più altre 2 Furia se rilasciato a carica completa."
SKILL_MINOTAUR_NS3U4_NAME,Fendente Infuriante
SKILL_MINOTAUR_NS3U5_DESC,"Fendente veemente ignora il 4% dell'Armatura nemica per Furia consumata, fino al 40%"
SKILL_MINOTAUR_NS3U5_NAME,Fendente Furente
SKILL_MINOTAUR_NS3U6_DESC,"Fendente veemente consuma il Sanguinamento sui nemici colpiti per infliggere il 5% di danno in più per carica di Sanguinamento consumata, fino a un aumento del 50%."
SKILL_MINOTAUR_NS3U6_NAME,Fendente Mietente
SKILL_MINOTAUR_NS3U7_DESC,Fendente veemente applica 1 carica di Sanguinamento a tutti i nemici colpiti ogni 3 Furia consumate.
SKILL_MINOTAUR_NS3U7_NAME,Fendente Lacerante
SKILL_MINOTAUR_S1_DESC,Aumenta di 9 il valore massimo di Concentrazione.
SKILL_MINOTAUR_S1_NAME,Potenziamento di Concentrazione
SKILL_MINOTAUR_S10_DESC,Aumenta l'Accumulo di stordimento del 10% \n Aumenta la tua Celerità magica di 4.
SKILL_MINOTAUR_S10_NAME,Voce dell'oratore della terra
SKILL_MINOTAUR_S16_DESC,Aumenta il tuo danno contro i nemici storditi dell'8%. \n Aumenta il tuo danno contro i nemici con Salute massima del 10%.
SKILL_MINOTAUR_S16_NAME,Possanza spaccaterra
SKILL_MINOTAUR_S4_DESC,Aumenta la tua Concentrazione massima di 6. \n Aumenta il tuo Danno contundente del 6%
SKILL_MINOTAUR_S4_NAME,Forza bestiale
SKILL_MINOTAUR_SBL11_DESC,Aumenta di 4% il tuo danno contro i nemici storditi.
SKILL_MINOTAUR_SBL11_NAME,Danno vs. stordito
SKILL_MINOTAUR_SBL12_DESC,Aumenta di 4% il tuo danno contro i nemici storditi.
SKILL_MINOTAUR_SBL12_NAME,Danno vs. stordito
SKILL_MINOTAUR_SBL14_DESC,Aumenta di 4% il tuo danno contro i nemici storditi.
SKILL_MINOTAUR_SBL14_NAME,Danno vs. stordito
SKILL_MINOTAUR_SBL15_DESC,Aumenta di 4% il tuo danno contro i nemici storditi.
SKILL_MINOTAUR_SBL15_NAME,Danno vs. stordito
SKILL_MINOTAUR_SBL17_DESC,Aumenta il tuo Danno critico di 6%
SKILL_MINOTAUR_SBL17_NAME,Aumento di Danno critico
SKILL_MINOTAUR_SBL18_DESC,Aumenta il tuo Danno critico di 18%
SKILL_MINOTAUR_SBL18_NAME,Aumento di Danno critico
SKILL_MINOTAUR_SBL2_DESC,Aumenta di 3 il valore massimo di Concentrazione.
SKILL_MINOTAUR_SBL2_NAME,Potenziamento di Concentrazione
SKILL_MINOTAUR_SBL2R1_DESC,Aumenta di 3 il valore massimo di Concentrazione.
SKILL_MINOTAUR_SBL2R1_NAME,Aumento di Concentrazione max
SKILL_MINOTAUR_SBL2R2_DESC,Aumenta di 9 il valore massimo di Concentrazione.
SKILL_MINOTAUR_SBL2R2_NAME,Aumento di Concentrazione max
SKILL_MINOTAUR_SBL2R3_DESC,Aumenta di 2 il recupero di Concentrazione al colpo.
SKILL_MINOTAUR_SBL2R3_NAME,Concentrazione al colpo
SKILL_MINOTAUR_SBL2R4_DESC,Aumenta la tua rigenerazione della concentrazione al colpo del 2% per Furia.
SKILL_MINOTAUR_SBL2R4_NAME,Furia Ringiovanente
SKILL_MINOTAUR_SBL3_DESC,Aumenta di 3 il valore massimo di Concentrazione.
SKILL_MINOTAUR_SBL3_NAME,Potenziamento di Concentrazione
SKILL_MINOTAUR_SBL5_DESC,Aumenta l'Accumulo di stordimento di 5%
SKILL_MINOTAUR_SBL5_NAME,Aumento di l'Accumulo di stordimento
SKILL_MINOTAUR_SBL5R1_DESC,Aumenta l'Accumulo di stordimento di 5%
SKILL_MINOTAUR_SBL5R1_NAME,Aumento di l'Accumulo di stordimento
SKILL_MINOTAUR_SBL5R2_DESC,Aumenta l'Accumulo di stordimento di 15%
SKILL_MINOTAUR_SBL5R2_NAME,Aumento di l'Accumulo di stordimento
SKILL_MINOTAUR_SBL5R3_DESC,Aumenta la tua Velocità d'attacco di 3%
SKILL_MINOTAUR_SBL5R3_NAME,Aumento di Velocità d'attacco
SKILL_MINOTAUR_SBL5R4_DESC,Aumenta la tua Velocità d'attacco di 3%
SKILL_MINOTAUR_SBL5R4_NAME,Aumento di Velocità d'attacco
SKILL_MINOTAUR_SBL5R5_DESC,Aumenta la tua Velocità d'attacco di 9%
SKILL_MINOTAUR_SBL5R5_NAME,Aumento di Velocità d'attacco
SKILL_MINOTAUR_SBL5R6_DESC,Aumenta la tua Velocità d'attacco di 3%
SKILL_MINOTAUR_SBL5R6_NAME,Aumento di Velocità d'attacco
SKILL_MINOTAUR_SBL5R7_DESC,"Quando stordisci un nemico, ottieni 2 Furia."
SKILL_MINOTAUR_SBL5R7_NAME,Furia dalla Rovina
SKILL_MINOTAUR_SBL7_DESC,Aumenta l'Accumulo di stordimento di 5%
SKILL_MINOTAUR_SBL7_NAME,Aumento di l'Accumulo di stordimento
SKILL_MINOTAUR_SBL9_DESC,Aumenta l'Accumulo di stordimento di 5%
SKILL_MINOTAUR_SBL9_NAME,Aumento di l'Accumulo di stordimento
SKILL_MINOTAUR_SBR11_DESC,Aumenta di 5% il tuo danno contro i nemici salute massima.
SKILL_MINOTAUR_SBR11_NAME,Danno vs. salute massima
SKILL_MINOTAUR_SBR12_DESC,Aumenta di 5% il tuo danno contro i nemici salute massima.
SKILL_MINOTAUR_SBR12_NAME,Danno vs. salute massima
SKILL_MINOTAUR_SBR14_DESC,Aumenta di 5% il tuo danno contro i nemici salute massima.
SKILL_MINOTAUR_SBR14_NAME,Danno vs. salute massima
SKILL_MINOTAUR_SBR15_DESC,Aumenta di 5% il tuo danno contro i nemici salute massima.
SKILL_MINOTAUR_SBR15_NAME,Danno vs. salute massima
SKILL_MINOTAUR_SBR17_DESC,Aumenta di 1 secondo la durata della tua Furia.
SKILL_MINOTAUR_SBR17_NAME,Aumento di Durata Furia
SKILL_MINOTAUR_SBR18_DESC,Aumenta di 2 secondi la durata della tua Furia.
SKILL_MINOTAUR_SBR18_NAME,Aumento di Durata Furia
SKILL_MINOTAUR_SBR2_DESC,Aumenta il tuo Danno contundente di 3%
SKILL_MINOTAUR_SBR2_NAME,Aumento di Danno contundente
SKILL_MINOTAUR_SBR2R1_DESC,Aumenta il tuo Danno contundente di 3%
SKILL_MINOTAUR_SBR2R1_NAME,Aumento di Danno contundente
SKILL_MINOTAUR_SBR2R2_DESC,Aumenta il tuo Danno contundente di 9%
SKILL_MINOTAUR_SBR2R2_NAME,Aumento di Danno contundente
SKILL_MINOTAUR_SBR2R3_DESC,Aumenta di 3% tutto il Danno fisico
SKILL_MINOTAUR_SBR2R3_NAME,Aumento di Danno fisico
SKILL_MINOTAUR_SBR2R4_DESC,Rappresaglia attira i nemici anziché respingerli
SKILL_MINOTAUR_SBR2R4_NAME,Rappresaglia invertente
SKILL_MINOTAUR_SBR3_DESC,Aumenta il tuo Danno contundente di 3%
SKILL_MINOTAUR_SBR3_NAME,Aumento di Danno contundente
SKILL_MINOTAUR_SBR5_DESC,Aumenta la tua Celerità magica di 2
SKILL_MINOTAUR_SBR5_NAME,Celerità magica
SKILL_MINOTAUR_SBR5R1_DESC,Aumenta la tua Celerità magica di 2
SKILL_MINOTAUR_SBR5R1_NAME,Celerità magica
SKILL_MINOTAUR_SBR5R2_DESC,Aumenta la tua Celerità magica di 6
SKILL_MINOTAUR_SBR5R2_NAME,Celerità magica
SKILL_MINOTAUR_SBR5R3_DESC,Aumenta la tua Rigenerazione del vigore di 3%
SKILL_MINOTAUR_SBR5R3_NAME,Aumento di Rigenerazione del vigore
SKILL_MINOTAUR_SBR5R4_DESC,Aumenta la tua Rigenerazione del vigore di 3%
SKILL_MINOTAUR_SBR5R4_NAME,Aumento di Rigenerazione del vigore
SKILL_MINOTAUR_SBR5R5_DESC,Aumenta la tua Rigenerazione del vigore di 9%
SKILL_MINOTAUR_SBR5R5_NAME,Aumento di Rigenerazione del vigore
SKILL_MINOTAUR_SBR5R6_DESC,Aumenta la tua Rigenerazione del vigore di 3%
SKILL_MINOTAUR_SBR5R6_NAME,Aumento di Rigenerazione del vigore
SKILL_MINOTAUR_SBR5R7_DESC,La tua rigenerazione del vigore aumenta del 2% per carica di Furia.
SKILL_MINOTAUR_SBR5R7_NAME,Furia Recuperativa
SKILL_MINOTAUR_SBR7_DESC,Aumenta la tua Celerità magica di 2
SKILL_MINOTAUR_SBR7_NAME,Celerità magica
SKILL_MINOTAUR_SBR9_DESC,Aumenta la tua Celerità magica di 2
SKILL_MINOTAUR_SBR9_NAME,Celerità magica
SKILL_MINOTAUR_SS1_DESC,"Premi per lanciare. Scaglia un masso gigante nella posizione bersaglio, infliggendo Danno contundente e interrompendo tutti i nemici colpiti."
SKILL_MINOTAUR_SS1_NAME,Lancio di masso
SKILL_MINOTAUR_SS1B1_DESC,Riduce di 10% per punto il costo in Vigore e Concentrazione di Lancio di masso.
SKILL_MINOTAUR_SS1B1_NAME,Riduzione del costo in Lancio di masso I
SKILL_MINOTAUR_SS1B10_DESC,Aumenta di 2 per punto la Furia ottenuta con Masso Infuriante.
SKILL_MINOTAUR_SS1B10_NAME,Aumento Masso Infuriante I
SKILL_MINOTAUR_SS1B11_DESC,Aumenta dell'1% per punto l'Accumulo di stordimento aggiuntivo di Masso Furente e del 3% il massimo.
SKILL_MINOTAUR_SS1B11_NAME,Aumento Masso Furente I
SKILL_MINOTAUR_SS1B12_DESC,Aumenta di 2 per punto la Furia ottenuta con Masso Infuriante.
SKILL_MINOTAUR_SS1B12_NAME,Aumento Masso Infuriante II
SKILL_MINOTAUR_SS1B13_DESC,Aumenta dell'1% per punto l'Accumulo di stordimento aggiuntivo di Masso Furente e del 3% il massimo.
SKILL_MINOTAUR_SS1B13_NAME,Aumento Masso Furente II
SKILL_MINOTAUR_SS1B14_DESC,Aumenta di 2 per punto la Furia ottenuta con Masso Infuriante.
SKILL_MINOTAUR_SS1B14_NAME,Aumento Masso Infuriante III
SKILL_MINOTAUR_SS1B15_DESC,Aumenta dell'1% per punto l'Accumulo di stordimento aggiuntivo di Masso Furente e del 3% il massimo.
SKILL_MINOTAUR_SS1B15_NAME,Aumento Masso Furente III
SKILL_MINOTAUR_SS1B2_DESC,Riduce di 10% per punto il costo in Vigore e Concentrazione di Lancio di masso.
SKILL_MINOTAUR_SS1B2_NAME,Riduzione del costo in Lancio di masso II
SKILL_MINOTAUR_SS1B3_DESC,Riduce di 10% per punto il costo in Vigore e Concentrazione di Lancio di masso.
SKILL_MINOTAUR_SS1B3_NAME,Riduzione del costo in Lancio di masso III
SKILL_MINOTAUR_SS1B4_DESC,Riduce di 10% per punto il tempo di recupero di Lancio di masso.
SKILL_MINOTAUR_SS1B4_NAME,Riduzione del Tempo di recupero di Lancio di masso I
SKILL_MINOTAUR_SS1B5_DESC,Riduce di 10% per punto il tempo di recupero di Lancio di masso.
SKILL_MINOTAUR_SS1B5_NAME,Riduzione del Tempo di recupero di Lancio di masso II
SKILL_MINOTAUR_SS1B6_DESC,Aumenta di 10% per punto il valore di Danno da stordimento inflitto da Lancio di masso.
SKILL_MINOTAUR_SS1B6_NAME,Aumento di Danno da stordimento Lancio di masso I
SKILL_MINOTAUR_SS1B7_DESC,Riduce di 10% per punto il tempo di recupero di Lancio di masso.
SKILL_MINOTAUR_SS1B7_NAME,Riduzione del Tempo di recupero di Lancio di masso III
SKILL_MINOTAUR_SS1B8_DESC,Aumenta di 10% per punto il valore di Danno da stordimento inflitto da Lancio di masso.
SKILL_MINOTAUR_SS1B8_NAME,Aumento di Danno da stordimento Lancio di masso II
SKILL_MINOTAUR_SS1B9_DESC,Aumenta di 10% per punto il valore di Danno da stordimento inflitto da Lancio di masso.
SKILL_MINOTAUR_SS1B9_NAME,Aumento di Danno da stordimento Lancio di masso III
SKILL_MINOTAUR_SS1U1_DESC,"Il masso si frantuma all'impatto, spargendo ulteriori frammenti dannosi."
SKILL_MINOTAUR_SS1U1_NAME,Masso Frantumante
SKILL_MINOTAUR_SS1U2_DESC,Il tuo Lancio di masso lascia una Pozza d'Olio.
SKILL_MINOTAUR_SS1U2_NAME,Masso d'olio
SKILL_MINOTAUR_SS1U3_DESC,"Tempo di recupero ridotto a 4 secondi, ma la portata si riduce a quella da mischia e Lancio di masso infligge il 20% di danno in meno."
SKILL_MINOTAUR_SS1U3_NAME,Schianto di masso
SKILL_MINOTAUR_SS1U4_DESC,Lancio di masso conferisce 5 Furia se colpisce almeno 1 nemico.
SKILL_MINOTAUR_SS1U4_NAME,Masso Infuriante
SKILL_MINOTAUR_SS1U5_DESC,"Lancio di masso consuma Furia per aumentare il proprio Accumulo di stordimento del 3% per Furia consumata, fino al 30%."
SKILL_MINOTAUR_SS1U5_NAME,Masso Furente
SKILL_MINOTAUR_SS2_DESC,"Tieni premuto per canalizzare. Emetti Onde di Shock che si espandono nel terreno, infliggendo Danno contundente ogni secondo ai nemici entro il raggio. Durante la canalizzazione, ottieni il 50% di Armatura e Resistenza in più."
SKILL_MINOTAUR_SS2_NAME,Carica sismica
SKILL_MINOTAUR_SS2B1_DESC,Aumenta di 8% per punto il danno di Carica sismica.
SKILL_MINOTAUR_SS2B1_NAME,Aumento del danno da Carica sismica I
SKILL_MINOTAUR_SS2B10_DESC,Aumenta dell'1% per punto l'Accumulo di stordimento aggiuntivo e massimo di Carica travolgente Furente.
SKILL_MINOTAUR_SS2B10_NAME,Aumento di Carica travolgente Furente I
SKILL_MINOTAUR_SS2B11_DESC,Aumenta di 1 per punto il valore di Furia ottenuto da Carica travolgente Infuriante.
SKILL_MINOTAUR_SS2B11_NAME,Aumento di Carica travolgente Infuriante I
SKILL_MINOTAUR_SS2B12_DESC,Aumenta di 2% per punto il danno ottenuto per ogni Sanguinamento consumato e di 6% per punto l'aumento massimo di danno.
SKILL_MINOTAUR_SS2B12_NAME,Aumento di Carica travolgente Mietente I
SKILL_MINOTAUR_SS2B13_DESC,Aumenta dell'1% per punto l'Accumulo di stordimento aggiuntivo e massimo di Carica travolgente Furente.
SKILL_MINOTAUR_SS2B13_NAME,Aumento di Carica travolgente Furente II
SKILL_MINOTAUR_SS2B14_DESC,Aumenta di 1 per punto il valore di Furia ottenuto da Carica travolgente Infuriante.
SKILL_MINOTAUR_SS2B14_NAME,Aumento di Carica travolgente Infuriante II
SKILL_MINOTAUR_SS2B15_DESC,Aumenta di 2% per punto il danno ottenuto per ogni Sanguinamento consumato e di 6% per punto l'aumento massimo di danno.
SKILL_MINOTAUR_SS2B15_NAME,Aumento di Carica travolgente Mietente II
SKILL_MINOTAUR_SS2B16_DESC,Aumenta dell'1% per punto l'Accumulo di stordimento aggiuntivo e massimo di Carica travolgente Furente.
SKILL_MINOTAUR_SS2B16_NAME,Aumento di Carica travolgente Furente III
SKILL_MINOTAUR_SS2B17_DESC,Aumenta di 1 per punto il valore di Furia ottenuto da Carica travolgente Infuriante.
SKILL_MINOTAUR_SS2B17_NAME,Aumento di Carica travolgente Infuriante III
SKILL_MINOTAUR_SS2B18_DESC,Aumenta di 2% per punto il danno ottenuto per ogni Sanguinamento consumato e di 6% per punto l'aumento massimo di danno.
SKILL_MINOTAUR_SS2B18_NAME,Aumento di Carica travolgente Mietente III
SKILL_MINOTAUR_SS2B2_DESC,Aumenta di 8% per punto il danno di Carica sismica.
SKILL_MINOTAUR_SS2B2_NAME,Aumento del danno da Carica sismica II
SKILL_MINOTAUR_SS2B3_DESC,Aumenta di 8% per punto il danno di Carica sismica.
SKILL_MINOTAUR_SS2B3_NAME,Aumento del danno da Carica sismica III
SKILL_MINOTAUR_SS2B4_DESC,Riduce di 10% per punto il tempo di recupero di Carica sismica.
SKILL_MINOTAUR_SS2B4_NAME,Riduzione del Tempo di recupero di Carica sismica I
SKILL_MINOTAUR_SS2B5_DESC,Aumenta di 10% per punto l'Accumulo di stordimento di Carica sismica.
SKILL_MINOTAUR_SS2B5_NAME,Aumento Accumulo di stordimento di Carica sismica I
SKILL_MINOTAUR_SS2B6_DESC,Riduce di 10% per punto il tempo di recupero di Carica sismica.
SKILL_MINOTAUR_SS2B6_NAME,Riduzione del Tempo di recupero di Carica sismica II
SKILL_MINOTAUR_SS2B7_DESC,Aumenta di 10% per punto l'Accumulo di stordimento di Carica sismica.
SKILL_MINOTAUR_SS2B7_NAME,Aumento Accumulo di stordimento di Carica sismica II
SKILL_MINOTAUR_SS2B8_DESC,Riduce di 10% per punto il tempo di recupero di Carica sismica.
SKILL_MINOTAUR_SS2B8_NAME,Riduzione del Tempo di recupero di Carica sismica III
SKILL_MINOTAUR_SS2B9_DESC,Aumenta di 10% per punto l'Accumulo di stordimento di Carica sismica.
SKILL_MINOTAUR_SS2B9_NAME,Aumento Accumulo di stordimento di Carica sismica III
SKILL_MINOTAUR_SS2U1_DESC,Le Onde di Shock ora rallentano i nemici colpiti del 50%.
SKILL_MINOTAUR_SS2U1_NAME,Carica travolgente frastornante
SKILL_MINOTAUR_SS2U2_DESC,"Carica sismica non richiede più canalizzazione. Rilascia invece automaticamente le sue Onde di Shock dopo il lancio, ma resta sul posto."
SKILL_MINOTAUR_SS2U2_NAME,Carica travolgente remota
SKILL_MINOTAUR_SS2U3_DESC,"Aumenta il raggio di Carica sismica del 30%, ma riduce il suo danno per impulso del 20%"
SKILL_MINOTAUR_SS2U3_NAME,Carica travolgente espansiva
SKILL_MINOTAUR_SS2U4_DESC,"Riduce il raggio di Carica sismica del 35%, ma aumenta il suo danno del 15%."
SKILL_MINOTAUR_SS2U4_NAME,Carica travolgente Focalizzata
SKILL_MINOTAUR_SS2U5_DESC,"Carica sismica consuma Furia per aumentare il proprio Accumulo di stordimento del 3% per Furia consumata, fino al 30%"
SKILL_MINOTAUR_SS2U5_NAME,Carica travolgente Furente
SKILL_MINOTAUR_SS2U6_DESC,Carica sismica conferisce 2 Furia per ogni nemico colpito da ciascuna Onda di Shock.
SKILL_MINOTAUR_SS2U6_NAME,Carica travolgente Infuriante
SKILL_MINOTAUR_SS2U7_DESC,"Carica sismica consuma il Sanguinamento sui nemici colpiti per infliggere il 5% di danno in più per carica di Sanguinamento consumata, fino a un massimo del 50%"
SKILL_MINOTAUR_SS2U7_NAME,Carica travolgente Mietente
SKILL_MINOTAUR_SS3_DESC,"Tieni premuto per caricare. Rilascia per inviare scosse consecutive nel terreno, ciascuna delle quali infligge Danno contundente con Accumulo di stordimento aumentato. Consuma fino a 10 Furia al lancio, aumentando l'Accumulo di stordimento di ogni scossa del 3% per Furia consumata."
SKILL_MINOTAUR_SS3_NAME,Sisma del Tiranno
SKILL_MINOTAUR_SS3B1_DESC,Aumenta di 8% per punto il danno di Sisma del Tiranno.
SKILL_MINOTAUR_SS3B1_NAME,Aumento del danno da Sisma del Tiranno I
SKILL_MINOTAUR_SS3B10_DESC,Aumenta la Penetrazione dell'armatura di Sisma Furente del 2% per Furia consumata e il massimo del 4%.
SKILL_MINOTAUR_SS3B10_NAME,Aumento di Sisma Furente I
SKILL_MINOTAUR_SS3B11_DESC,Aumenta di 1 per punto il Sanguinamento applicato per pilastro da Sisma Lacerante.
SKILL_MINOTAUR_SS3B11_NAME,Aumento di Sisma Lacerante I
SKILL_MINOTAUR_SS3B12_DESC,Aumenta di 2% per punto il danno ottenuto per ogni Sanguinamento consumato e di 6% per punto l'aumento massimo di danno.
SKILL_MINOTAUR_SS3B12_NAME,Aumento di Sisma Mietente I
SKILL_MINOTAUR_SS3B13_DESC,Aumenta di 1 per punto il valore di Furia ottenuto da Sisma Infuriante.
SKILL_MINOTAUR_SS3B13_NAME,Aumento di Sisma Infuriante II
SKILL_MINOTAUR_SS3B14_DESC,Aumenta la Penetrazione dell'armatura di Sisma Furente del 2% per Furia consumata e il massimo del 4%.
SKILL_MINOTAUR_SS3B14_NAME,Aumento di Sisma Furente II
SKILL_MINOTAUR_SS3B15_DESC,Aumenta di 1 per punto il Sanguinamento applicato per pilastro da Sisma Lacerante.
SKILL_MINOTAUR_SS3B15_NAME,Aumento di Sisma Lacerante II
SKILL_MINOTAUR_SS3B16_DESC,Aumenta di 2% per punto il danno ottenuto per ogni Sanguinamento consumato e di 6% per punto l'aumento massimo di danno.
SKILL_MINOTAUR_SS3B16_NAME,Aumento di Sisma Mietente II
SKILL_MINOTAUR_SS3B17_DESC,Aumenta di 1 per punto il valore di Furia ottenuto da Sisma Infuriante.
SKILL_MINOTAUR_SS3B17_NAME,Aumento di Sisma Infuriante III
SKILL_MINOTAUR_SS3B18_DESC,Aumenta la Penetrazione dell'armatura di Sisma Furente del 2% per Furia consumata e il massimo del 4%.
SKILL_MINOTAUR_SS3B18_NAME,Aumento di Sisma Furente III
SKILL_MINOTAUR_SS3B19_DESC,Aumenta di 1 per punto il Sanguinamento applicato per pilastro da Sisma Lacerante.
SKILL_MINOTAUR_SS3B19_NAME,Aumento di Sisma Lacerante III
SKILL_MINOTAUR_SS3B2_DESC,Aumenta di 8% per punto il danno di Sisma del Tiranno.
SKILL_MINOTAUR_SS3B2_NAME,Aumento del danno da Sisma del Tiranno II
SKILL_MINOTAUR_SS3B20_DESC,Aumenta di 2% per punto il danno ottenuto per ogni Sanguinamento consumato e di 6% per punto l'aumento massimo di danno.
SKILL_MINOTAUR_SS3B20_NAME,Aumento di Sisma Mietente III
SKILL_MINOTAUR_SS3B3_DESC,Aumenta di 8% per punto il danno di Sisma del Tiranno.
SKILL_MINOTAUR_SS3B3_NAME,Aumento del danno da Sisma del Tiranno III
SKILL_MINOTAUR_SS3B4_DESC,Riduce di 6% per punto il costo in Vigore e Concentrazione di Sisma del Tiranno.
SKILL_MINOTAUR_SS3B4_NAME,Riduzione del costo in Sisma del Tiranno I
SKILL_MINOTAUR_SS3B5_DESC,Riduce di 10% per punto il tempo di recupero di Sisma del Tiranno.
SKILL_MINOTAUR_SS3B5_NAME,Riduzione del Tempo di recupero di Sisma del Tiranno I
SKILL_MINOTAUR_SS3B6_DESC,Aumenta di 8% per punto il danno di Sisma del Tiranno.
SKILL_MINOTAUR_SS3B6_NAME,Aumento danno di Sisma del Tiranno IV
SKILL_MINOTAUR_SS3B7_DESC,Riduce di 6% per punto il costo in Vigore e Concentrazione di Sisma del Tiranno.
SKILL_MINOTAUR_SS3B7_NAME,Riduzione del costo in Sisma del Tiranno II
SKILL_MINOTAUR_SS3B8_DESC,Riduce di 10% per punto il tempo di recupero di Sisma del Tiranno.
SKILL_MINOTAUR_SS3B8_NAME,Riduzione del Tempo di recupero di Sisma del Tiranno II
SKILL_MINOTAUR_SS3B9_DESC,Aumenta di 1 per punto il valore di Furia ottenuto da Sisma Infuriante.
SKILL_MINOTAUR_SS3B9_NAME,Aumento di Sisma Infuriante I
SKILL_MINOTAUR_SS3U1_DESC,Le Onde di Shock di Sisma del Tiranno attirano i nemici verso di te e la sua direzione è invertita.
SKILL_MINOTAUR_SS3U1_NAME,Sisma inverso
SKILL_MINOTAUR_SS3U2_DESC,"Riduce il tempo di carica di Sisma del Tiranno del 60%, ma riduce il danno del 25%"
SKILL_MINOTAUR_SS3U2_NAME,Sisma rapido
SKILL_MINOTAUR_SS3U3_DESC,"Aumenta il Danno da stordimento di Sisma del Tiranno del 60%, ma riduce il danno del 30%"
SKILL_MINOTAUR_SS3U3_NAME,Sisma concussivo
SKILL_MINOTAUR_SS3U4_DESC,Aumenta il tempo massimo di carica e il danno potenziale di Sisma del Tiranno del 50%.
SKILL_MINOTAUR_SS3U4_NAME,Sisma Focalizzata
SKILL_MINOTAUR_SS3U5_DESC,Sisma del Tiranno non consuma più Furia. Conferisce invece 2 Furia per ogni nemico colpito.
SKILL_MINOTAUR_SS3U5_NAME,Sisma Infuriante
SKILL_MINOTAUR_SS3U6_DESC,"Sisma del Tiranno ignora il 4% dell'Armatura nemica per Furia consumata, fino al 40%."
SKILL_MINOTAUR_SS3U6_NAME,Sisma Furente
SKILL_MINOTAUR_SS3U7_DESC,Ogni pilastro di Sisma del Tiranno applica 1 carica di Sanguinamento ogni 3 Furia consumate al lancio.
SKILL_MINOTAUR_SS3U7_NAME,Sisma Lacerante
SKILL_MINOTAUR_SS3U8_DESC,"Sisma del Tiranno consuma il Sanguinamento sui nemici colpiti per infliggere il 5% di danno in più per carica di Sanguinamento consumata, fino a un massimo del 50%."
SKILL_MINOTAUR_SS3U8_NAME,Sisma Mietente
SKILL_MINOTAUR_START1_DESC,"Premi per lanciare. Carica nella direzione bersaglio, infliggendo Danno contundente al primo mostro colpito e rilasciando un'Onda di Shock che danneggia e interrompe i nemici vicini. Il danno aumenta con la distanza percorsa."
SKILL_MINOTAUR_START1_NAME,Carica di Cornu
SKILL_NIGHTSWHISPER_E10BL1_DESC,Aumenta di 1 secondo la durata del tuo Sanguinamento.
SKILL_NIGHTSWHISPER_E10BL1_NAME,Aumento di Durata Sanguinamento
SKILL_NIGHTSWHISPER_E10BL2_DESC,Aumenta di 1 secondo la durata del tuo Sanguinamento.
SKILL_NIGHTSWHISPER_E10BL2_NAME,Aumento di Durata Sanguinamento
SKILL_NIGHTSWHISPER_E10BL3_DESC,Aumenta di 1 secondo la durata del tuo Sanguinamento.
SKILL_NIGHTSWHISPER_E10BL3_NAME,Aumento di Durata Sanguinamento
SKILL_NIGHTSWHISPER_E10BL4_DESC,Aumenta di 1 secondo la durata del tuo Sanguinamento.
SKILL_NIGHTSWHISPER_E10BL4_NAME,Aumento di Durata Sanguinamento
SKILL_NIGHTSWHISPER_E10BR1_DESC,Aumenta di 0.5 secondi la durata del tuo Cloni d'ombra.
SKILL_NIGHTSWHISPER_E10BR1_NAME,Aumento di Durata Clone d'ombra
SKILL_NIGHTSWHISPER_E10BR2_DESC,Aumenta di 0.5 secondi la durata del tuo Cloni d'ombra.
SKILL_NIGHTSWHISPER_E10BR2_NAME,Aumento di Durata Clone d'ombra
SKILL_NIGHTSWHISPER_E10BR3_DESC,Aumenta di 0.5 secondi la durata del tuo Cloni d'ombra.
SKILL_NIGHTSWHISPER_E10BR3_NAME,Aumento di Durata Clone d'ombra
SKILL_NIGHTSWHISPER_E10BR4_DESC,Aumenta di 0.5 secondi la durata del tuo Cloni d'ombra.
SKILL_NIGHTSWHISPER_E10BR4_NAME,Aumento di Durata Clone d'ombra
SKILL_NIGHTSWHISPER_E16BL1_DESC,Aumenta il tuo Danno critico contro i nemici sanguinanti di 6%
SKILL_NIGHTSWHISPER_E16BL1_NAME,Danno critico vs. sanguinamento
SKILL_NIGHTSWHISPER_E16BL2_DESC,Aumenta il tuo Danno critico contro i nemici sanguinanti di 6%
SKILL_NIGHTSWHISPER_E16BL2_NAME,Danno critico vs. sanguinamento
SKILL_NIGHTSWHISPER_E16BL3_DESC,Aumenta il tuo Danno critico contro i nemici sanguinanti di 6%
SKILL_NIGHTSWHISPER_E16BL3_NAME,Danno critico vs. sanguinamento
SKILL_NIGHTSWHISPER_E16BL4_DESC,Aumenta il tuo Danno critico contro i nemici sanguinanti di 6%
SKILL_NIGHTSWHISPER_E16BL4_NAME,Danno critico vs. sanguinamento
SKILL_NIGHTSWHISPER_E16BR1_DESC,Aumenta il tuo Danno critico contro i nemici riecheggiato di 6%
SKILL_NIGHTSWHISPER_E16BR1_NAME,Danno critico vs. riecheggiato
SKILL_NIGHTSWHISPER_E16BR2_DESC,Aumenta il tuo Danno critico contro i nemici riecheggiato di 6%
SKILL_NIGHTSWHISPER_E16BR2_NAME,Danno critico vs. riecheggiato
SKILL_NIGHTSWHISPER_E16BR3_DESC,Aumenta il tuo Danno critico contro i nemici riecheggiato di 6%
SKILL_NIGHTSWHISPER_E16BR3_NAME,Danno critico vs. riecheggiato
SKILL_NIGHTSWHISPER_E16BR4_DESC,Aumenta il tuo Danno critico contro i nemici riecheggiato di 6%
SKILL_NIGHTSWHISPER_E16BR4_NAME,Danno critico vs. riecheggiato
SKILL_NIGHTSWHISPER_EBL1_DESC,Aumenta la durata del tuo Sanguinamento di 2 secondi. \n Aumenta il tuo Danno critico contro i nemici sanguinanti del 18%
SKILL_NIGHTSWHISPER_EBL1_NAME,Lame sussurranti
SKILL_NIGHTSWHISPER_EBR1_DESC,Aumenta la durata dei tuoi Cloni d'ombra di 1.5 secondi. \n Aumenta il tuo Danno critico contro i nemici riecheggiati del 18%
SKILL_NIGHTSWHISPER_EBR1_NAME,Ombra degli echi
SKILL_NIGHTSWHISPER_HWYNE_DESC,Aumenta il tuo danno contro i nemici sotto il 40% di Salute del 10%. \n Aumenta la tua Velocità d'attacco del 6%
SKILL_NIGHTSWHISPER_HWYNE_NAME,Sussurro abbattente
SKILL_NIGHTSWHISPER_HWYNE1_DESC,Aumenta di 5% il tuo danno contro i nemici sotto 40% di Salute.
SKILL_NIGHTSWHISPER_HWYNE1_NAME,Danno % vs. sotto 40% di Salute
SKILL_NIGHTSWHISPER_HWYNE2_DESC,Aumenta la tua Velocità d'attacco di 3%
SKILL_NIGHTSWHISPER_HWYNE2_NAME,Aumento di Velocità d'attacco
SKILL_NIGHTSWHISPER_HWYNW_DESC,Aumenta la tua Velocità d'attacco di 6% \n Aumenta la tua Celerità magica di 4.
SKILL_NIGHTSWHISPER_HWYNW_NAME,Passaggio senza respiro
SKILL_NIGHTSWHISPER_HWYNW1_DESC,Aumenta la tua Velocità d'attacco di 3%
SKILL_NIGHTSWHISPER_HWYNW1_NAME,Aumento di Velocità d'attacco
SKILL_NIGHTSWHISPER_HWYNW2_DESC,Aumenta la tua Celerità magica di 2
SKILL_NIGHTSWHISPER_HWYNW2_NAME,Celerità magica
SKILL_NIGHTSWHISPER_HWYSE_DESC,Aumenta il tuo danno contro i nemici affetti da Eco temporale del 12% \n Aumenta la tua Probabilità di critico del 4%
SKILL_NIGHTSWHISPER_HWYSE_NAME,Marchiato nel silenzio
SKILL_NIGHTSWHISPER_HWYSE1_DESC,Aumenta il tuo danno contro i nemici affetti da Eco temporale del 6%
SKILL_NIGHTSWHISPER_HWYSE1_NAME,Danno aumentato vs. riecheggiato
SKILL_NIGHTSWHISPER_HWYSE2_DESC,Aumenta la tua Probabilità di critico di 2%
SKILL_NIGHTSWHISPER_HWYSE2_NAME,Aumento della probabilità di critico da Taglio
SKILL_NIGHTSWHISPER_HWYSW_DESC,Aumenta la tua Velocità di movimento del 4% \n Aumenta il tuo Danno critico del 12%
SKILL_NIGHTSWHISPER_HWYSW_NAME,Taglio dissolvente
SKILL_NIGHTSWHISPER_HWYSW1_DESC,Aumenta la tua Velocità di movimento di 2%
SKILL_NIGHTSWHISPER_HWYSW1_NAME,Aumento di Velocità di movimento
SKILL_NIGHTSWHISPER_HWYSW2_DESC,Aumenta il tuo Danno critico di 6%
SKILL_NIGHTSWHISPER_HWYSW2_NAME,Aumento di Danno critico
SKILL_NIGHTSWHISPER_KEYSTONENE_DESC,"Uscire dalla Furtività conferisce Fantasma dai Molti Tagli per 5 secondi. Mentre Fantasma dai Molti Tagli è attivo, il tuo Attacco finale contro un nemico con almeno 10 cariche di Sanguinamento consuma 10 cariche di Sanguinamento dal bersaglio, crea un Clone d'ombra vicino a quel nemico per 8 secondi, poi invia i Cloni d'ombra vicini, incluso quello creato, a colpire quel nemico. Questo effetto ha un tempo di recupero di 12 secondi."
SKILL_NIGHTSWHISPER_KEYSTONENE_NAME,Fantasma dai Molti Tagli
SKILL_NIGHTSWHISPER_KEYSTONENW_DESC,"Quando consumi Sanguinamento o Veleno da un nemico, ottieni Colpo doppio pari al Sanguinamento o Veleno consumato, fino a 10. Questo effetto ha un tempo di recupero di 10 secondi."
SKILL_NIGHTSWHISPER_KEYSTONENW_NAME,Taglio Settico
SKILL_NIGHTSWHISPER_KEYSTONESE_DESC,"Quando consumi Eco temporale da un nemico, se ne vengono consumate almeno 5 cariche, crea un Clone d'ombra vicino a quel nemico per 8 secondi, poi invia i Cloni d'ombra vicini, incluso quello creato, ad attaccare quel nemico. Questo effetto ha un tempo di recupero di 10 secondi."
SKILL_NIGHTSWHISPER_KEYSTONESE_NAME,Ombra d'Eco
SKILL_NIGHTSWHISPER_KEYSTONESW_DESC,"Quando viene consumato Veleno da un nemico, applica Eco temporale pari al Veleno consumato, fino a 10. Se vengono consumate almeno 5 cariche di Veleno, crea una Scarica di Decadimento attorno al bersaglio. Questo effetto ha un tempo di recupero di 6 secondi."
SKILL_NIGHTSWHISPER_KEYSTONESW_NAME,Marciume Temporale
SKILL_NIGHTSWHISPER_N10BL1_DESC,Aumenta il tuo Danno perforante di 3%
SKILL_NIGHTSWHISPER_N10BL1_NAME,Aumento di Danno perforante
SKILL_NIGHTSWHISPER_N10BL2_DESC,Aumenta il tuo Danno perforante di 3%
SKILL_NIGHTSWHISPER_N10BL2_NAME,Aumento di Danno perforante
SKILL_NIGHTSWHISPER_N10BL3_DESC,Aumenta il tuo Danno perforante di 3%
SKILL_NIGHTSWHISPER_N10BL3_NAME,Aumento di Danno perforante
SKILL_NIGHTSWHISPER_N10BL4_DESC,Aumenta il tuo Danno perforante di 3%
SKILL_NIGHTSWHISPER_N10BL4_NAME,Aumento di Danno perforante
SKILL_NIGHTSWHISPER_N10BR1_DESC,Aumenta la tua Velocità d'attacco di 3%
SKILL_NIGHTSWHISPER_N10BR1_NAME,Aumento di Velocità d'attacco
SKILL_NIGHTSWHISPER_N10BR2_DESC,Aumenta la tua Velocità d'attacco di 3%
SKILL_NIGHTSWHISPER_N10BR2_NAME,Aumento di Velocità d'attacco
SKILL_NIGHTSWHISPER_N10BR3_DESC,Aumenta la tua Velocità d'attacco di 3%
SKILL_NIGHTSWHISPER_N10BR3_NAME,Aumento di Velocità d'attacco
SKILL_NIGHTSWHISPER_N10BR4_DESC,Aumenta la tua Velocità d'attacco di 3%
SKILL_NIGHTSWHISPER_N10BR4_NAME,Aumento di Velocità d'attacco
SKILL_NIGHTSWHISPER_N16BL1_DESC,Aumenta di 1 secondo la durata del tuo Colpo doppio.
SKILL_NIGHTSWHISPER_N16BL1_NAME,Aumento di Durata Colpo doppio
SKILL_NIGHTSWHISPER_N16BL2_DESC,Aumenta di 1 secondo la durata del tuo Colpo doppio.
SKILL_NIGHTSWHISPER_N16BL2_NAME,Aumento di Durata Colpo doppio
SKILL_NIGHTSWHISPER_N16BL3_DESC,Aumenta di 1 secondo la durata del tuo Colpo doppio.
SKILL_NIGHTSWHISPER_N16BL3_NAME,Aumento di Durata Colpo doppio
SKILL_NIGHTSWHISPER_N16BL4_DESC,Aumenta di 1 secondo la durata del tuo Colpo doppio.
SKILL_NIGHTSWHISPER_N16BL4_NAME,Aumento di Durata Colpo doppio
SKILL_NIGHTSWHISPER_N16BR1_DESC,Aumenta di 1 il valore massimo di Sanguinamento applicabile.
SKILL_NIGHTSWHISPER_N16BR1_NAME,Aumento di Sanguinamento max
SKILL_NIGHTSWHISPER_N16BR2_DESC,Aumenta di 1 il valore massimo di Sanguinamento applicabile.
SKILL_NIGHTSWHISPER_N16BR2_NAME,Aumento di Sanguinamento max
SKILL_NIGHTSWHISPER_N16BR3_DESC,Aumenta di 1 il valore massimo di Sanguinamento applicabile.
SKILL_NIGHTSWHISPER_N16BR3_NAME,Aumento di Sanguinamento max
SKILL_NIGHTSWHISPER_N16BR4_DESC,Aumenta di 1 il valore massimo di Sanguinamento applicabile.
SKILL_NIGHTSWHISPER_N16BR4_NAME,Aumento di Sanguinamento max
SKILL_NIGHTSWHISPER_NBL1_DESC,Aumenta il tuo Danno perforante di 9% \n Aumenta di 2 secondi la durata del tuo Colpo doppio.
SKILL_NIGHTSWHISPER_NBL1_NAME,Duellante settico
SKILL_NIGHTSWHISPER_NBR1_DESC,Aumenta la tua Velocità d'attacco di 9% \n Aumenta di 3 il valore massimo di Sanguinamento applicabile.
SKILL_NIGHTSWHISPER_NBR1_NAME,Mille tagli
SKILL_NIGHTSWHISPER_S10BL1_DESC,Aumenta di 1 secondo la durata della tua Eco temporale.
SKILL_NIGHTSWHISPER_S10BL1_NAME,Aumento di Durata Eco temporale
SKILL_NIGHTSWHISPER_S10BL2_DESC,Aumenta di 1 secondo la durata della tua Eco temporale.
SKILL_NIGHTSWHISPER_S10BL2_NAME,Aumento di Durata Eco temporale
SKILL_NIGHTSWHISPER_S10BL3_DESC,Aumenta di 1 secondo la durata della tua Eco temporale.
SKILL_NIGHTSWHISPER_S10BL3_NAME,Aumento di Durata Eco temporale
SKILL_NIGHTSWHISPER_S10BL4_DESC,Aumenta di 1 secondo la durata della tua Eco temporale.
SKILL_NIGHTSWHISPER_S10BL4_NAME,Aumento di Durata Eco temporale
SKILL_NIGHTSWHISPER_S10BR1_DESC,Aumenta il tuo Danno da etere di 3%
SKILL_NIGHTSWHISPER_S10BR1_NAME,Aumento di Danno da etere
SKILL_NIGHTSWHISPER_S10BR2_DESC,Aumenta il tuo Danno da etere di 3%
SKILL_NIGHTSWHISPER_S10BR2_NAME,Aumento di Danno da etere
SKILL_NIGHTSWHISPER_S10BR3_DESC,Aumenta il tuo Danno da etere di 3%
SKILL_NIGHTSWHISPER_S10BR3_NAME,Aumento di Danno da etere
SKILL_NIGHTSWHISPER_S10BR4_DESC,Aumenta il tuo Danno da etere di 3%
SKILL_NIGHTSWHISPER_S10BR4_NAME,Aumento di Danno da etere
SKILL_NIGHTSWHISPER_S16BL1_DESC,Aumenta di 1 il valore massimo di Eco temporale applicabile.
SKILL_NIGHTSWHISPER_S16BL1_NAME,Aumento di Eco temporale max
SKILL_NIGHTSWHISPER_S16BL2_DESC,Aumenta di 1 il valore massimo di Eco temporale applicabile.
SKILL_NIGHTSWHISPER_S16BL2_NAME,Aumento di Eco temporale max
SKILL_NIGHTSWHISPER_S16BL3_DESC,Aumenta di 1 il valore massimo di Eco temporale applicabile.
SKILL_NIGHTSWHISPER_S16BL3_NAME,Aumento di Eco temporale max
SKILL_NIGHTSWHISPER_S16BL4_DESC,Aumenta di 1 il valore massimo di Eco temporale applicabile.
SKILL_NIGHTSWHISPER_S16BL4_NAME,Aumento di Eco temporale max
SKILL_NIGHTSWHISPER_S16BR1_DESC,Aumenta la tua Probabilità di critico contro i nemici riecheggiato di 4%
SKILL_NIGHTSWHISPER_S16BR1_NAME,Probabilità di critico vs. riecheggiato
SKILL_NIGHTSWHISPER_S16BR2_DESC,Aumenta la tua Probabilità di critico contro i nemici riecheggiato di 4%
SKILL_NIGHTSWHISPER_S16BR2_NAME,Probabilità di critico vs. riecheggiato
SKILL_NIGHTSWHISPER_S16BR3_DESC,Aumenta la tua Probabilità di critico contro i nemici riecheggiato di 4%
SKILL_NIGHTSWHISPER_S16BR3_NAME,Probabilità di critico vs. riecheggiato
SKILL_NIGHTSWHISPER_S16BR4_DESC,Aumenta la tua Probabilità di critico contro i nemici riecheggiato di 4%
SKILL_NIGHTSWHISPER_S16BR4_NAME,Probabilità di critico vs. riecheggiato
SKILL_NIGHTSWHISPER_SBL1_DESC,Aumenta la durata della tua Eco temporale di 2 secondi. \n Aumenta di 3 l'Eco temporale massima che puoi applicare.
SKILL_NIGHTSWHISPER_SBL1_NAME,Marciume delle ere
SKILL_NIGHTSWHISPER_SBR1_DESC,Aumenta il tuo Danno da etere di 9% \n Aumenta la tua Probabilità di critico contro i nemici riecheggiato di 8%
SKILL_NIGHTSWHISPER_SBR1_NAME,Sussurro vincolato all'etere
SKILL_NIGHTSWHISPER_STARTLINK1_DESC,Aumenta di 8 il valore massimo di Salute.
SKILL_NIGHTSWHISPER_STARTLINK1_NAME,Potenziamento di Salute
SKILL_NIGHTSWHISPER_STARTLINK2_DESC,Aumenta di 3 il valore massimo di Vigore.
SKILL_NIGHTSWHISPER_STARTLINK2_NAME,Potenziamento di Vigore
SKILL_NIGHTSWHISPER_W10BL1_DESC,Aumenta di 1 il valore massimo di Veleno applicabile.
SKILL_NIGHTSWHISPER_W10BL1_NAME,Aumento di Veleno max
SKILL_NIGHTSWHISPER_W10BL2_DESC,Aumenta di 1 il valore massimo di Veleno applicabile.
SKILL_NIGHTSWHISPER_W10BL2_NAME,Aumento di Veleno max
SKILL_NIGHTSWHISPER_W10BL3_DESC,Aumenta di 1 il valore massimo di Veleno applicabile.
SKILL_NIGHTSWHISPER_W10BL3_NAME,Aumento di Veleno max
SKILL_NIGHTSWHISPER_W10BL4_DESC,Aumenta di 1 il valore massimo di Veleno applicabile.
SKILL_NIGHTSWHISPER_W10BL4_NAME,Aumento di Veleno max
SKILL_NIGHTSWHISPER_W10BR1_DESC,Aumenta il tuo Danno critico di 6%
SKILL_NIGHTSWHISPER_W10BR1_NAME,Aumento di Danno critico
SKILL_NIGHTSWHISPER_W10BR2_DESC,Aumenta il tuo Danno critico di 6%
SKILL_NIGHTSWHISPER_W10BR2_NAME,Aumento di Danno critico
SKILL_NIGHTSWHISPER_W10BR3_DESC,Aumenta il tuo Danno critico di 6%
SKILL_NIGHTSWHISPER_W10BR3_NAME,Aumento di Danno critico
SKILL_NIGHTSWHISPER_W10BR4_DESC,Aumenta il tuo Danno critico di 6%
SKILL_NIGHTSWHISPER_W10BR4_NAME,Aumento di Danno critico
SKILL_NIGHTSWHISPER_W16BL1_DESC,Aumenta il tuo Danno da decadimento di 3%
SKILL_NIGHTSWHISPER_W16BL1_NAME,Aumento di Danno da decadimento
SKILL_NIGHTSWHISPER_W16BL2_DESC,Aumenta il tuo Danno da decadimento di 3%
SKILL_NIGHTSWHISPER_W16BL2_NAME,Aumento di Danno da decadimento
SKILL_NIGHTSWHISPER_W16BL3_DESC,Aumenta il tuo Danno da decadimento di 3%
SKILL_NIGHTSWHISPER_W16BL3_NAME,Aumento di Danno da decadimento
SKILL_NIGHTSWHISPER_W16BL4_DESC,Aumenta il tuo Danno da decadimento di 3%
SKILL_NIGHTSWHISPER_W16BL4_NAME,Aumento di Danno da decadimento
SKILL_NIGHTSWHISPER_W16BR1_DESC,Aumenta di 1 il valore massimo di Colpo doppio ottenibile.
SKILL_NIGHTSWHISPER_W16BR1_NAME,Aumento di Colpo doppio max
SKILL_NIGHTSWHISPER_W16BR2_DESC,Aumenta di 1 il valore massimo di Colpo doppio ottenibile.
SKILL_NIGHTSWHISPER_W16BR2_NAME,Aumento di Colpo doppio max
SKILL_NIGHTSWHISPER_W16BR3_DESC,Aumenta di 1 il valore massimo di Colpo doppio ottenibile.
SKILL_NIGHTSWHISPER_W16BR3_NAME,Aumento di Colpo doppio max
SKILL_NIGHTSWHISPER_W16BR4_DESC,Aumenta di 1 il valore massimo di Colpo doppio ottenibile.
SKILL_NIGHTSWHISPER_W16BR4_NAME,Aumento di Colpo doppio max
SKILL_NIGHTSWHISPER_WBL1_DESC,Aumenta di 3 il valore massimo di Veleno applicabile. \n Aumenta il tuo Danno da decadimento di 9%
SKILL_NIGHTSWHISPER_WBL1_NAME,Tossine del velo notturno
SKILL_NIGHTSWHISPER_WBR1_DESC,Aumenta il tuo Danno critico del 18% \n Aumenta di 2 il Colpo doppio massimo che puoi ottenere.
SKILL_NIGHTSWHISPER_WBR1_NAME,Colpi gemelli
SKILL_PHASEDUELIST_E10BL1_DESC,Aumenta di 5% il danno del tuo Attacchi
SKILL_PHASEDUELIST_E10BL1_NAME,Aumento del danno d'attacco
SKILL_PHASEDUELIST_E10BL2_DESC,Aumenta di 5% il danno del tuo Attacchi
SKILL_PHASEDUELIST_E10BL2_NAME,Aumento del danno d'attacco
SKILL_PHASEDUELIST_E10BL3_DESC,Aumenta di 5% il danno del tuo Attacchi
SKILL_PHASEDUELIST_E10BL3_NAME,Aumento del danno d'attacco
SKILL_PHASEDUELIST_E10BL4_DESC,Aumenta di 5% il danno del tuo Attacchi
SKILL_PHASEDUELIST_E10BL4_NAME,Aumento del danno d'attacco
SKILL_PHASEDUELIST_E10BR1_DESC,Aumenta il tuo Danno contundente di 3%
SKILL_PHASEDUELIST_E10BR1_NAME,Aumento di Danno contundente
SKILL_PHASEDUELIST_E10BR2_DESC,Aumenta il tuo Danno contundente di 3%
SKILL_PHASEDUELIST_E10BR2_NAME,Aumento di Danno contundente
SKILL_PHASEDUELIST_E10BR3_DESC,Aumenta il tuo Danno contundente di 3%
SKILL_PHASEDUELIST_E10BR3_NAME,Aumento di Danno contundente
SKILL_PHASEDUELIST_E10BR4_DESC,Aumenta il tuo Danno contundente di 3%
SKILL_PHASEDUELIST_E10BR4_NAME,Aumento di Danno contundente
SKILL_PHASEDUELIST_E16BL1_DESC,Aumenta la tua Probabilità di critico contro i nemici storditi di 6%
SKILL_PHASEDUELIST_E16BL1_NAME,Probabilità di critico vs. stordito
SKILL_PHASEDUELIST_E16BL2_DESC,Aumenta la tua Probabilità di critico contro i nemici storditi di 6%
SKILL_PHASEDUELIST_E16BL2_NAME,Probabilità di critico vs. stordito
SKILL_PHASEDUELIST_E16BL3_DESC,Aumenta la tua Probabilità di critico contro i nemici storditi di 6%
SKILL_PHASEDUELIST_E16BL3_NAME,Probabilità di critico vs. stordito
SKILL_PHASEDUELIST_E16BL4_DESC,Aumenta la tua Probabilità di critico contro i nemici storditi di 6%
SKILL_PHASEDUELIST_E16BL4_NAME,Probabilità di critico vs. stordito
SKILL_PHASEDUELIST_E16BR1_DESC,Aumenta il tuo Danno critico contro i nemici storditi di 10%
SKILL_PHASEDUELIST_E16BR1_NAME,Danno critico vs. stordito
SKILL_PHASEDUELIST_E16BR2_DESC,Aumenta il tuo Danno critico contro i nemici storditi di 10%
SKILL_PHASEDUELIST_E16BR2_NAME,Danno critico vs. stordito
SKILL_PHASEDUELIST_E16BR3_DESC,Aumenta il tuo Danno critico contro i nemici storditi di 10%
SKILL_PHASEDUELIST_E16BR3_NAME,Danno critico vs. stordito
SKILL_PHASEDUELIST_E16BR4_DESC,Aumenta il tuo Danno critico contro i nemici storditi di 10%
SKILL_PHASEDUELIST_E16BR4_NAME,Danno critico vs. stordito
SKILL_PHASEDUELIST_EBL1_DESC,Aumenta il danno dei tuoi Attacchi del 12% \n Aumenta la tua Probabilità di critico contro i nemici storditi del 12%
SKILL_PHASEDUELIST_EBL1_NAME,Flusso marziale elfico
SKILL_PHASEDUELIST_EBR1_DESC,Aumenta il tuo Danno contundente di 9% \n Aumenta il tuo Danno critico contro i nemici storditi di 25%
SKILL_PHASEDUELIST_EBR1_NAME,Forza temporale
SKILL_PHASEDUELIST_HWYNE_DESC,Aumenta il tuo danno contro i nemici sotto il 40% di Salute del 10%. \n Aumenta l'Accumulo di stordimento del 10%
SKILL_PHASEDUELIST_HWYNE_NAME,Opportunità in chiusura
SKILL_PHASEDUELIST_HWYNE1_DESC,Aumenta di 5% il tuo danno contro i nemici sotto 40% di Salute.
SKILL_PHASEDUELIST_HWYNE1_NAME,Danno % vs. sotto 40% di Salute
SKILL_PHASEDUELIST_HWYNE2_DESC,Aumenta l'Accumulo di stordimento di 5%
SKILL_PHASEDUELIST_HWYNE2_NAME,Aumento di l'Accumulo di stordimento
SKILL_PHASEDUELIST_HWYNW_DESC,Aumenta la tua Velocità d'attacco di 6% \n Aumenta la tua Celerità magica di 4.
SKILL_PHASEDUELIST_HWYNW_NAME,Guardia sfocata
SKILL_PHASEDUELIST_HWYNW1_DESC,Aumenta la tua Velocità d'attacco di 3%
SKILL_PHASEDUELIST_HWYNW1_NAME,Aumento di Velocità d'attacco
SKILL_PHASEDUELIST_HWYNW2_DESC,Aumenta la tua Celerità magica di 2.
SKILL_PHASEDUELIST_HWYNW2_NAME,Celerità magica
SKILL_PHASEDUELIST_HWYSE_DESC,Aumenta il tuo danno contro i nemici affetti da Eco temporale del 12% \n Aumenta la tua Probabilità di critico del 4%
SKILL_PHASEDUELIST_HWYSE_NAME,Punto di frattura
SKILL_PHASEDUELIST_HWYSE1_DESC,Aumenta il tuo danno contro i nemici affetti da Eco temporale del 6%
SKILL_PHASEDUELIST_HWYSE1_NAME,Danno aumentato vs. riecheggiato
SKILL_PHASEDUELIST_HWYSE2_DESC,Aumenta la tua Probabilità di critico di 2%
SKILL_PHASEDUELIST_HWYSE2_NAME,Aumento della probabilità di critico da Taglio
SKILL_PHASEDUELIST_HWYSW_DESC,Aumenta la tua Velocità di movimento del 4% \n Aumenta il tuo Danno critico del 12%
SKILL_PHASEDUELIST_HWYSW_NAME,Uccisione di slancio
SKILL_PHASEDUELIST_HWYSW1_DESC,Aumenta la tua Velocità di movimento di 2%
SKILL_PHASEDUELIST_HWYSW1_NAME,Aumento di Velocità di movimento
SKILL_PHASEDUELIST_HWYSW2_DESC,Aumenta il tuo Danno critico di 6%
SKILL_PHASEDUELIST_HWYSW2_NAME,Aumento di Danno critico
SKILL_PHASEDUELIST_KEYSTONENE_DESC,"Quando consumi 5 cariche di Ondata temporale, ottieni Pugnali Sonici per 5 secondi. Mentre Pugnali Sonici è attivo, colpire i nemici con il tuo attacco lancia un Dardo Sonico che attraversa i nemici e infligge danno suddiviso in Danno perforante e Danno contundente."
SKILL_PHASEDUELIST_KEYSTONENE_NAME,Pugnali Sonici
SKILL_PHASEDUELIST_KEYSTONENW_DESC,Colpire un nemico con il tuo Attacco finale consuma la tua Ondata temporale per applicare a tutti i nemici vicini Sanguinamento pari all'Ondata temporale consumata
SKILL_PHASEDUELIST_KEYSTONENW_NAME,Fendente Temporale
SKILL_PHASEDUELIST_KEYSTONESE_DESC,"Quando viene applicata Eco temporale oltre 5 cariche a un nemico, rilascia un'Ondulazione Temporale che infligge Danno da etere e Danno da stordimento aggiuntivo a quel nemico e a tutti quelli attorno. L'ondulazione ha un tempo di recupero di 4 secondi per nemico."
SKILL_PHASEDUELIST_KEYSTONESE_NAME,Echi Ondeggianti
SKILL_PHASEDUELIST_KEYSTONESW_DESC,"Ogni volta che viene consumato Sanguinamento su un nemico, il suo danno nel tempo rimanente viene inflitto tutto insieme."
SKILL_PHASEDUELIST_KEYSTONESW_NAME,Smonta
SKILL_PHASEDUELIST_N10BL1_DESC,Aumenta il tuo Danno perforante di 3%
SKILL_PHASEDUELIST_N10BL1_NAME,Aumento di Danno perforante
SKILL_PHASEDUELIST_N10BL2_DESC,Aumenta il tuo Danno perforante di 3%
SKILL_PHASEDUELIST_N10BL2_NAME,Aumento di Danno perforante
SKILL_PHASEDUELIST_N10BL3_DESC,Aumenta il tuo Danno perforante di 3%
SKILL_PHASEDUELIST_N10BL3_NAME,Aumento di Danno perforante
SKILL_PHASEDUELIST_N10BL4_DESC,Aumenta il tuo Danno perforante di 3%
SKILL_PHASEDUELIST_N10BL4_NAME,Aumento di Danno perforante
SKILL_PHASEDUELIST_N10BR1_DESC,Aumenta la tua Velocità d'attacco di 3%
SKILL_PHASEDUELIST_N10BR1_NAME,Aumento di Velocità d'attacco
SKILL_PHASEDUELIST_N10BR2_DESC,Aumenta la tua Velocità d'attacco di 3%
SKILL_PHASEDUELIST_N10BR2_NAME,Aumento di Velocità d'attacco
SKILL_PHASEDUELIST_N10BR3_DESC,Aumenta la tua Velocità d'attacco di 3%
SKILL_PHASEDUELIST_N10BR3_NAME,Aumento di Velocità d'attacco
SKILL_PHASEDUELIST_N10BR4_DESC,Aumenta la tua Velocità d'attacco di 3%
SKILL_PHASEDUELIST_N10BR4_NAME,Aumento di Velocità d'attacco
SKILL_PHASEDUELIST_N16BL1_DESC,Aumenta il tuo Danno critico contro i nemici riecheggiato di 6%
SKILL_PHASEDUELIST_N16BL1_NAME,Danno critico vs. riecheggiato
SKILL_PHASEDUELIST_N16BL2_DESC,Aumenta il tuo Danno critico contro i nemici riecheggiato di 6%
SKILL_PHASEDUELIST_N16BL2_NAME,Danno critico vs. riecheggiato
SKILL_PHASEDUELIST_N16BL3_DESC,Aumenta il tuo Danno critico contro i nemici riecheggiato di 6%
SKILL_PHASEDUELIST_N16BL3_NAME,Danno critico vs. riecheggiato
SKILL_PHASEDUELIST_N16BL4_DESC,Aumenta il tuo Danno critico contro i nemici riecheggiato di 6%
SKILL_PHASEDUELIST_N16BL4_NAME,Danno critico vs. riecheggiato
SKILL_PHASEDUELIST_N16BR1_DESC,Aumenta l'Accumulo di stordimento di 5%
SKILL_PHASEDUELIST_N16BR1_NAME,Aumento di l'Accumulo di stordimento
SKILL_PHASEDUELIST_N16BR2_DESC,Aumenta l'Accumulo di stordimento di 5%
SKILL_PHASEDUELIST_N16BR2_NAME,Aumento di l'Accumulo di stordimento
SKILL_PHASEDUELIST_N16BR3_DESC,Aumenta l'Accumulo di stordimento di 5%
SKILL_PHASEDUELIST_N16BR3_NAME,Aumento di l'Accumulo di stordimento
SKILL_PHASEDUELIST_N16BR4_DESC,Aumenta l'Accumulo di stordimento di 5%
SKILL_PHASEDUELIST_N16BR4_NAME,Aumento di l'Accumulo di stordimento
SKILL_PHASEDUELIST_NBL1_DESC,Aumenta il tuo Danno perforante di 9% \n Aumenta il tuo Danno critico contro i nemici riecheggiato di 12%
SKILL_PHASEDUELIST_NBL1_NAME,Macellaio senza tempo
SKILL_PHASEDUELIST_NBR1_DESC,Aumenta la tua Velocità d'attacco di 9% \n Aumenta l'Accumulo di stordimento di 12%
SKILL_PHASEDUELIST_NBR1_NAME,Palmi vincolati al tempo
SKILL_PHASEDUELIST_S10BL1_DESC,Aumenta la tua Celerità magica di 2
SKILL_PHASEDUELIST_S10BL1_NAME,Celerità magica
SKILL_PHASEDUELIST_S10BL2_DESC,Aumenta la tua Celerità magica di 2
SKILL_PHASEDUELIST_S10BL2_NAME,Celerità magica
SKILL_PHASEDUELIST_S10BL3_DESC,Aumenta la tua Celerità magica di 2
SKILL_PHASEDUELIST_S10BL3_NAME,Celerità magica
SKILL_PHASEDUELIST_S10BL4_DESC,Aumenta la tua Celerità magica di 2
SKILL_PHASEDUELIST_S10BL4_NAME,Celerità magica
SKILL_PHASEDUELIST_S10BR1_DESC,Aumenta il tuo Danno da etere di 3%
SKILL_PHASEDUELIST_S10BR1_NAME,Aumento di Danno da etere
SKILL_PHASEDUELIST_S10BR2_DESC,Aumenta il tuo Danno da etere di 3%
SKILL_PHASEDUELIST_S10BR2_NAME,Aumento di Danno da etere
SKILL_PHASEDUELIST_S10BR3_DESC,Aumenta il tuo Danno da etere di 3%
SKILL_PHASEDUELIST_S10BR3_NAME,Aumento di Danno da etere
SKILL_PHASEDUELIST_S10BR4_DESC,Aumenta il tuo Danno da etere di 3%
SKILL_PHASEDUELIST_S10BR4_NAME,Aumento di Danno da etere
SKILL_PHASEDUELIST_S16BL1_DESC,Aumenta la tua Probabilità di critico contro i nemici sanguinanti di 4%
SKILL_PHASEDUELIST_S16BL1_NAME,Probabilità di critico vs. sanguinamento
SKILL_PHASEDUELIST_S16BL2_DESC,Aumenta la tua Probabilità di critico contro i nemici sanguinanti di 4%
SKILL_PHASEDUELIST_S16BL2_NAME,Probabilità di critico vs. sanguinamento
SKILL_PHASEDUELIST_S16BL3_DESC,Aumenta la tua Probabilità di critico contro i nemici sanguinanti di 4%
SKILL_PHASEDUELIST_S16BL3_NAME,Probabilità di critico vs. sanguinamento
SKILL_PHASEDUELIST_S16BL4_DESC,Aumenta la tua Probabilità di critico contro i nemici sanguinanti di 4%
SKILL_PHASEDUELIST_S16BL4_NAME,Probabilità di critico vs. sanguinamento
SKILL_PHASEDUELIST_S16BR1_DESC,Aumenta il tuo Danno critico contro i nemici riecheggiato di 6%
SKILL_PHASEDUELIST_S16BR1_NAME,Danno critico vs. riecheggiato
SKILL_PHASEDUELIST_S16BR2_DESC,Aumenta il tuo Danno critico contro i nemici riecheggiato di 6%
SKILL_PHASEDUELIST_S16BR2_NAME,Danno critico vs. riecheggiato
SKILL_PHASEDUELIST_S16BR3_DESC,Aumenta il tuo Danno critico contro i nemici riecheggiato di 6%
SKILL_PHASEDUELIST_S16BR3_NAME,Danno critico vs. riecheggiato
SKILL_PHASEDUELIST_S16BR4_DESC,Aumenta il tuo Danno critico contro i nemici riecheggiato di 6%
SKILL_PHASEDUELIST_S16BR4_NAME,Danno critico vs. riecheggiato
SKILL_PHASEDUELIST_SBL1_DESC,Aumenta la tua Celerità magica di 6 \n Aumenta la tua Probabilità di critico contro i nemici sanguinanti di 8%
SKILL_PHASEDUELIST_SBL1_NAME,Tempo Lacerante
SKILL_PHASEDUELIST_SBR1_DESC,Aumenta il tuo Danno da etere di 9% \n Aumenta il tuo Danno critico contro i nemici riecheggiato di 12%
SKILL_PHASEDUELIST_SBR1_NAME,Tessitore etereo
SKILL_PHASEDUELIST_STARTLINK1_DESC,Aumenta di 8 il valore massimo di Salute.
SKILL_PHASEDUELIST_STARTLINK1_NAME,Potenziamento di Salute
SKILL_PHASEDUELIST_STARTLINK2_DESC,Aumenta di 3 il valore massimo di Vigore.
SKILL_PHASEDUELIST_STARTLINK2_NAME,Potenziamento di Vigore
SKILL_PHASEDUELIST_W10BL1_DESC,Aumenta di 20% il danno del tuo Sanguinamento
SKILL_PHASEDUELIST_W10BL1_NAME,Aumento del danno da Sanguinamento
SKILL_PHASEDUELIST_W10BL2_DESC,Aumenta di 20% il danno del tuo Sanguinamento
SKILL_PHASEDUELIST_W10BL2_NAME,Aumento del danno da Sanguinamento
SKILL_PHASEDUELIST_W10BL3_DESC,Aumenta di 20% il danno del tuo Sanguinamento
SKILL_PHASEDUELIST_W10BL3_NAME,Aumento del danno da Sanguinamento
SKILL_PHASEDUELIST_W10BL4_DESC,Aumenta di 20% il danno del tuo Sanguinamento
SKILL_PHASEDUELIST_W10BL4_NAME,Aumento del danno da Sanguinamento
SKILL_PHASEDUELIST_W10BR1_DESC,Aumenta di 1 secondo la durata del tuo Sanguinamento.
SKILL_PHASEDUELIST_W10BR1_NAME,Aumento di Durata Sanguinamento
SKILL_PHASEDUELIST_W10BR2_DESC,Aumenta di 1 secondo la durata del tuo Sanguinamento.
SKILL_PHASEDUELIST_W10BR2_NAME,Aumento di Durata Sanguinamento
SKILL_PHASEDUELIST_W10BR3_DESC,Aumenta di 1 secondo la durata del tuo Sanguinamento.
SKILL_PHASEDUELIST_W10BR3_NAME,Aumento di Durata Sanguinamento
SKILL_PHASEDUELIST_W10BR4_DESC,Aumenta di 1 secondo la durata del tuo Sanguinamento.
SKILL_PHASEDUELIST_W10BR4_NAME,Aumento di Durata Sanguinamento
SKILL_PHASEDUELIST_W16BL1_DESC,Aumenta la tua Probabilità di critico contro i nemici sanguinanti di 4%
SKILL_PHASEDUELIST_W16BL1_NAME,Probabilità di critico vs. sanguinamento
SKILL_PHASEDUELIST_W16BL2_DESC,Aumenta la tua Probabilità di critico contro i nemici sanguinanti di 4%
SKILL_PHASEDUELIST_W16BL2_NAME,Probabilità di critico vs. sanguinamento
SKILL_PHASEDUELIST_W16BL3_DESC,Aumenta la tua Probabilità di critico contro i nemici sanguinanti di 4%
SKILL_PHASEDUELIST_W16BL3_NAME,Probabilità di critico vs. sanguinamento
SKILL_PHASEDUELIST_W16BL4_DESC,Aumenta la tua Probabilità di critico contro i nemici sanguinanti di 4%
SKILL_PHASEDUELIST_W16BL4_NAME,Probabilità di critico vs. sanguinamento
SKILL_PHASEDUELIST_W16BR1_DESC,Aumenta il tuo Danno critico contro i nemici sanguinanti di 6%
SKILL_PHASEDUELIST_W16BR1_NAME,Danno critico vs. sanguinamento
SKILL_PHASEDUELIST_W16BR2_DESC,Aumenta il tuo Danno critico contro i nemici sanguinanti di 6%
SKILL_PHASEDUELIST_W16BR2_NAME,Danno critico vs. sanguinamento
SKILL_PHASEDUELIST_W16BR3_DESC,Aumenta il tuo Danno critico contro i nemici sanguinanti di 6%
SKILL_PHASEDUELIST_W16BR3_NAME,Danno critico vs. sanguinamento
SKILL_PHASEDUELIST_W16BR4_DESC,Aumenta il tuo Danno critico contro i nemici sanguinanti di 6%
SKILL_PHASEDUELIST_W16BR4_NAME,Danno critico vs. sanguinamento
SKILL_PHASEDUELIST_WBL1_DESC,Aumenta il danno del tuo Sanguinamento del 50% \n Aumenta la tua Probabilità di critico contro i nemici sanguinanti dell'8%
SKILL_PHASEDUELIST_WBL1_NAME,Emorragia accelerata
SKILL_PHASEDUELIST_WBR1_DESC,Aumenta la durata del tuo Sanguinamento di 1 secondo.\n Aumenta il tuo Danno critico contro i nemici sanguinanti del 12%
SKILL_PHASEDUELIST_WBR1_NAME,Emorragia alla deriva temporale
SKILL_SHADOW_E1_DESC,Aumenta il tuo Danno perforante di 6%
SKILL_SHADOW_E1_NAME,Aumento di Danno perforante
SKILL_SHADOW_E10_DESC,Aumenta la tua Velocità d'attacco del 6% e la tua Probabilità di critico del 4%.
SKILL_SHADOW_E10_NAME,Ombra accelerata
SKILL_SHADOW_E16_DESC,Aumenta il tuo danno contro i nemici sanguinanti del 12% e di 2 il Sanguinamento massimo che puoi applicare.
SKILL_SHADOW_E16_NAME,Mietitore cremisi
SKILL_SHADOW_E4_DESC,Aumenta il tuo Danno perforante del 6% e il tuo Vigore massimo di 6.
SKILL_SHADOW_E4_NAME,Iniziato dell'Ombra
SKILL_SHADOW_EBL11_DESC,Aumenta di 6% il tuo danno contro i nemici sanguinanti
SKILL_SHADOW_EBL11_NAME,Danno aumentato vs. sanguinanti
SKILL_SHADOW_EBL12_DESC,Aumenta di 6% il tuo danno contro i nemici sanguinanti
SKILL_SHADOW_EBL12_NAME,Danno aumentato vs. sanguinanti
SKILL_SHADOW_EBL14_DESC,Aumenta di 6% il tuo danno contro i nemici sanguinanti
SKILL_SHADOW_EBL14_NAME,Danno aumentato vs. sanguinanti
SKILL_SHADOW_EBL15_DESC,Aumenta di 6% il tuo danno contro i nemici sanguinanti
SKILL_SHADOW_EBL15_NAME,Danno aumentato vs. sanguinanti
SKILL_SHADOW_EBL17_DESC,Aumenta di 2 secondi la durata del tuo Cloni d'ombra.
SKILL_SHADOW_EBL17_NAME,Durata Clone d'ombra
SKILL_SHADOW_EBL18_DESC,Aumenta di 2 secondi la durata del tuo Cloni d'ombra.
SKILL_SHADOW_EBL18_NAME,Durata Clone d'ombra
SKILL_SHADOW_EBL2_DESC,Aumenta il tuo Danno perforante di 3%
SKILL_SHADOW_EBL2_NAME,Aumento di Danno perforante
SKILL_SHADOW_EBL2R1_DESC,Aumenta il tuo Danno perforante di 3%
SKILL_SHADOW_EBL2R1_NAME,Aumento di Danno perforante
SKILL_SHADOW_EBL2R2_DESC,Aumenta il tuo Danno perforante di 9%
SKILL_SHADOW_EBL2R2_NAME,Aumento di Danno perforante
SKILL_SHADOW_EBL2R3_DESC,Aumenta di 3% tutto il Danno fisico
SKILL_SHADOW_EBL2R3_NAME,Aumento di Danno fisico
SKILL_SHADOW_EBL2R4_DESC,"Dopo aver usato un'abilità di Arte dell'ombra, ottieni il 15% di Danno fisico in più per 3 secondi"
SKILL_SHADOW_EBL2R4_NAME,Acciaio Ombrato
SKILL_SHADOW_EBL3_DESC,Aumenta il tuo Danno perforante di 3%
SKILL_SHADOW_EBL3_NAME,Aumento di Danno perforante
SKILL_SHADOW_EBL5_DESC,Aumenta la tua Velocità d'attacco di 3%
SKILL_SHADOW_EBL5_NAME,Aumento di Velocità d'attacco
SKILL_SHADOW_EBL5R1_DESC,Aumenta la tua Velocità d'attacco di 3%
SKILL_SHADOW_EBL5R1_NAME,Aumento di Velocità d'attacco
SKILL_SHADOW_EBL5R2_DESC,Aumenta la tua Velocità d'attacco di 9%
SKILL_SHADOW_EBL5R2_NAME,Aumento di Velocità d'attacco
SKILL_SHADOW_EBL5R3_DESC,Aumenta il tuo Danno critico di 6%
SKILL_SHADOW_EBL5R3_NAME,Aumento di Danno critico
SKILL_SHADOW_EBL5R4_DESC,Aumenta il tuo Danno critico di 6%
SKILL_SHADOW_EBL5R4_NAME,Aumento di Danno critico
SKILL_SHADOW_EBL5R5_DESC,Aumenta il tuo Danno critico di 18%
SKILL_SHADOW_EBL5R5_NAME,Aumento di Danno critico
SKILL_SHADOW_EBL5R6_DESC,Aumenta il tuo Danno critico di 6%
SKILL_SHADOW_EBL5R6_NAME,Aumento di Danno critico
SKILL_SHADOW_EBL5R7_DESC,"Quando uccidi un nemico con un colpo critico, ottieni il 20% di Velocità d'attacco e il 15% di Danno critico in più per 4 secondi"
SKILL_SHADOW_EBL5R7_NAME,Tempo Omicida
SKILL_SHADOW_EBL7_DESC,Aumenta la tua Velocità d'attacco di 3%
SKILL_SHADOW_EBL7_NAME,Aumento di Velocità d'attacco
SKILL_SHADOW_EBL9_DESC,Aumenta la tua Velocità d'attacco di 3%
SKILL_SHADOW_EBL9_NAME,Aumento di Velocità d'attacco
SKILL_SHADOW_EBR11_DESC,Aumenta di 1 il valore massimo di Sanguinamento applicabile.
SKILL_SHADOW_EBR11_NAME,Aumento di Sanguinamento max
SKILL_SHADOW_EBR12_DESC,Aumenta di 1 il valore massimo di Sanguinamento applicabile.
SKILL_SHADOW_EBR12_NAME,Aumento di Sanguinamento max
SKILL_SHADOW_EBR14_DESC,Aumenta di 1 il valore massimo di Sanguinamento applicabile.
SKILL_SHADOW_EBR14_NAME,Aumento di Sanguinamento max
SKILL_SHADOW_EBR15_DESC,Aumenta di 1 il valore massimo di Sanguinamento applicabile.
SKILL_SHADOW_EBR15_NAME,Aumento di Sanguinamento max
SKILL_SHADOW_EBR17_DESC,Aumenta di 1 il numero massimo di Cloni d'ombra che puoi mantenere.
SKILL_SHADOW_EBR17_NAME,Numero massimo di Cloni d'ombra
SKILL_SHADOW_EBR18_DESC,Aumenta di 1 il numero massimo di Cloni d'ombra che puoi mantenere.
SKILL_SHADOW_EBR18_NAME,Numero massimo di Cloni d'ombra
SKILL_SHADOW_EBR2_DESC,Aumenta di 3 il valore massimo di Vigore.
SKILL_SHADOW_EBR2_NAME,Potenziamento di Vigore
SKILL_SHADOW_EBR2R1_DESC,Aumenta di 3 il valore massimo di Vigore.
SKILL_SHADOW_EBR2R1_NAME,Potenziamento di Vigore
SKILL_SHADOW_EBR2R2_DESC,Aumenta di 6 il valore massimo di Vigore.
SKILL_SHADOW_EBR2R2_NAME,Potenziamento di Vigore
SKILL_SHADOW_EBR2R3_DESC,Aumenta la tua Rigenerazione del vigore di 3%
SKILL_SHADOW_EBR2R3_NAME,Aumento di Rigenerazione del vigore
SKILL_SHADOW_EBR2R4_DESC,"Quando il tuo Vigore scende sotto il 35%, ottieni il 30% di Rigenerazione del vigore in più per 4 secondi. Questo effetto ha un tempo di recupero di 12 secondi."
SKILL_SHADOW_EBR2R4_NAME,Recupero Silenzioso
SKILL_SHADOW_EBR3_DESC,Aumenta di 3 il valore massimo di Vigore.
SKILL_SHADOW_EBR3_NAME,Potenziamento di Vigore
SKILL_SHADOW_EBR5_DESC,Aumenta la tua Probabilità di critico di 2%
SKILL_SHADOW_EBR5_NAME,Aumento della probabilità di critico da Taglio
SKILL_SHADOW_EBR5R1_DESC,Aumenta la tua Probabilità di critico di 2%
SKILL_SHADOW_EBR5R1_NAME,Aumento della probabilità di critico da Taglio
SKILL_SHADOW_EBR5R2_DESC,Aumenta la tua Probabilità di critico di 4%
SKILL_SHADOW_EBR5R2_NAME,Aumento della probabilità di critico da Taglio
SKILL_SHADOW_EBR5R3_DESC,Aumenta la tua Probabilità di critico di 4% contro i nemici sotto 40% di Salute.
SKILL_SHADOW_EBR5R3_NAME,Probabilità di critico contro bersagli sotto il 40% di Salute
SKILL_SHADOW_EBR5R4_DESC,Aumenta la tua Probabilità di critico di 4% contro i nemici sotto 40% di Salute.
SKILL_SHADOW_EBR5R4_NAME,Probabilità di critico contro bersagli sotto il 40% di Salute
SKILL_SHADOW_EBR5R5_DESC,Aumenta la tua Probabilità di critico di 8% contro i nemici sotto 40% di Salute.
SKILL_SHADOW_EBR5R5_NAME,Probabilità di critico contro bersagli sotto il 40% di Salute
SKILL_SHADOW_EBR5R6_DESC,Aumenta la tua Probabilità di critico di 4% contro i nemici sotto 40% di Salute.
SKILL_SHADOW_EBR5R6_NAME,Probabilità di critico contro bersagli sotto il 40% di Salute
SKILL_SHADOW_EBR5R7_DESC,"Quando infliggi un colpo critico a un nemico sotto il 40% di Salute, la tua prossima abilità di Arte dell'ombra ha il 20% di Probabilità di critico in più. Questo effetto ha un tempo di recupero di 6 secondi"
SKILL_SHADOW_EBR5R7_NAME,Senso del Punto Debole
SKILL_SHADOW_EBR7_DESC,Aumenta la tua Probabilità di critico di 2%
SKILL_SHADOW_EBR7_NAME,Aumento della probabilità di critico da Taglio
SKILL_SHADOW_EBR9_DESC,Aumenta la tua Probabilità di critico di 2%
SKILL_SHADOW_EBR9_NAME,Aumento della probabilità di critico da Taglio
SKILL_SHADOW_ES1_DESC,Colpo dissolvente rallenta i nemici del 50% per 3 secondi.
SKILL_SHADOW_ES1_NAME,Imboscata frastornante
SKILL_SHADOW_ES1B1_DESC,Aumenta dell'8% per punto il danno inflitto da Colpo dissolvente quando colpisce i nemici alle spalle.
SKILL_SHADOW_ES1B1_NAME,Aumento danno alle spalle di Colpo dissolvente I
SKILL_SHADOW_ES1B10_DESC,Riduce di 10% per punto il tempo di recupero di Colpo dissolvente.
SKILL_SHADOW_ES1B10_NAME,Riduzione del Tempo di recupero di Colpo dissolvente III
SKILL_SHADOW_ES1B11_DESC,Aumenta di 2 per punto il valore massimo di Sanguinamento consumato.
SKILL_SHADOW_ES1B11_NAME,Aumento di Dissolvenza Mietente I
SKILL_SHADOW_ES1B12_DESC,Aumenta di 2 il Sanguinamento applicato dai colpi alle spalle e di 1 quello di tutti gli altri colpi.
SKILL_SHADOW_ES1B12_NAME,Aumento di Dissolvenza Lacerante I
SKILL_SHADOW_ES1B13_DESC,Migliora di 1 passo per punto il rapporto di conversione da Sanguinamento a Veleno di Dissolvenza Corrompente.
SKILL_SHADOW_ES1B13_NAME,Aumento di Dissolvenza Corrompente I
SKILL_SHADOW_ES1B14_DESC,Aumenta di 2 per punto il valore massimo di Veleno consumato.
SKILL_SHADOW_ES1B14_NAME,Aumento di Dissolvenza Purgante I
SKILL_SHADOW_ES1B15_DESC,Aumenta di 2 per punto il valore massimo di Sanguinamento consumato.
SKILL_SHADOW_ES1B15_NAME,Aumento di Dissolvenza Mietente II
SKILL_SHADOW_ES1B16_DESC,Aumenta di 2 il Sanguinamento applicato dai colpi alle spalle e di 1 quello di tutti gli altri colpi.
SKILL_SHADOW_ES1B16_NAME,Aumento di Dissolvenza Lacerante II
SKILL_SHADOW_ES1B17_DESC,Migliora di 1 passo per punto il rapporto di conversione da Sanguinamento a Veleno di Dissolvenza Corrompente.
SKILL_SHADOW_ES1B17_NAME,Aumento di Dissolvenza Corrompente II
SKILL_SHADOW_ES1B18_DESC,Aumenta di 2 per punto il valore massimo di Veleno consumato.
SKILL_SHADOW_ES1B18_NAME,Aumento di Dissolvenza Purgante II
SKILL_SHADOW_ES1B19_DESC,Aumenta di 2 per punto il valore massimo di Sanguinamento consumato.
SKILL_SHADOW_ES1B19_NAME,Aumento di Dissolvenza Mietente III
SKILL_SHADOW_ES1B2_DESC,Aumenta dell'8% per punto il danno inflitto da Colpo dissolvente quando colpisce i nemici alle spalle.
SKILL_SHADOW_ES1B2_NAME,Aumento danno alle spalle di Colpo dissolvente II
SKILL_SHADOW_ES1B20_DESC,Aumenta di 2 il Sanguinamento applicato dai colpi alle spalle e di 1 quello di tutti gli altri colpi.
SKILL_SHADOW_ES1B20_NAME,Aumento di Dissolvenza Lacerante III
SKILL_SHADOW_ES1B21_DESC,Migliora di 1 passo per punto il rapporto di conversione da Sanguinamento a Veleno di Dissolvenza Corrompente.
SKILL_SHADOW_ES1B21_NAME,Aumento di Dissolvenza Corrompente III
SKILL_SHADOW_ES1B22_DESC,Aumenta di 2 per punto il valore massimo di Veleno consumato.
SKILL_SHADOW_ES1B22_NAME,Aumento di Dissolvenza Purgante III
SKILL_SHADOW_ES1B3_DESC,Aumenta dell'8% per punto il danno inflitto da Colpo dissolvente quando colpisce i nemici alle spalle.
SKILL_SHADOW_ES1B3_NAME,Aumento danno alle spalle di Colpo dissolvente III
SKILL_SHADOW_ES1B4_DESC,Aumenta la durata della Furtività di Colpo dissolvente di 0.5 secondi per punto.
SKILL_SHADOW_ES1B4_NAME,Aumento durata Furtività di Colpo dissolvente I
SKILL_SHADOW_ES1B5_DESC,Riduce di 10% per punto il tempo di recupero di Colpo dissolvente.
SKILL_SHADOW_ES1B5_NAME,Riduzione del Tempo di recupero di Colpo dissolvente I
SKILL_SHADOW_ES1B6_DESC,Aumenta la durata della Furtività di Colpo dissolvente di 0.5 secondi per punto.
SKILL_SHADOW_ES1B6_NAME,Aumento durata Furtività di Colpo dissolvente II
SKILL_SHADOW_ES1B7_DESC,Aumenta di 1 secondo la durata dei Cloni d'ombra creati da qualsiasi fonte.
SKILL_SHADOW_ES1B7_NAME,Aumento durata cloni di Colpo dissolvente I
SKILL_SHADOW_ES1B8_DESC,Riduce di 10% per punto il tempo di recupero di Colpo dissolvente.
SKILL_SHADOW_ES1B8_NAME,Riduzione del Tempo di recupero di Colpo dissolvente II
SKILL_SHADOW_ES1B9_DESC,Aumenta la durata della Furtività di Colpo dissolvente di 0.5 secondi per punto.
SKILL_SHADOW_ES1B9_NAME,Aumento durata Furtività di Colpo dissolvente III
SKILL_SHADOW_ES1U1_DESC,"Quando Colpo dissolvente interrompe la Furtività, i Cloni d'ombra vicini lanciano 1 Pugnale d'ombra nella tua direzione bersaglio anziché replicare Colpo dissolvente. Un massimo di 3 Cloni d'ombra può lanciare un Pugnale d'ombra in questo modo per lancio."
SKILL_SHADOW_ES1U1_NAME,Salva d'imboscata
SKILL_SHADOW_ES1U2_DESC,Il rilancio di Colpo dissolvente ti teletrasporta dietro al nemico più vicino alla posizione bersaglio e lo colpisce.
SKILL_SHADOW_ES1U2_NAME,Dissolvenza intermittente
SKILL_SHADOW_ES1U3_DESC,"Dopo essere entrato in Furtività, il tuo prossimo scatto durante tale periodo non la interrompe. Quello scatto fa eseguire ai Cloni d'ombra vicini Colpo dissolvente verso il punto finale del tuo scatto. Può verificarsi solo una volta per lancio di Colpo dissolvente. Colpo dissolvente infligge il 20% di danno in meno, sia da parte tua sia dei Cloni d'ombra."
SKILL_SHADOW_ES1U3_NAME,Rotolata dissolvente
SKILL_SHADOW_ES1U4_DESC,"Se Colpo dissolvente colpisce un nemico alle spalle, consuma fino a 5 cariche di Sanguinamento da quel nemico. Ogni carica di Sanguinamento consumata aumenta il danno di Colpo dissolvente dell'8%."
SKILL_SHADOW_ES1U4_NAME,Dissolvenza Mietente
SKILL_SHADOW_ES1U5_DESC,"Colpo dissolvente applica 2 cariche di Sanguinamento ai nemici colpiti. Se Colpo dissolvente colpisce un nemico alle spalle, applica invece 5 cariche di Sanguinamento."
SKILL_SHADOW_ES1U5_NAME,Dissolvenza Lacerante
SKILL_SHADOW_ES1U6_DESC,"Colpo dissolvente ora infligge Danno da decadimento. Se Colpo dissolvente colpisce un nemico alle spalle, consuma il Sanguinamento di quel nemico e lo converte in Veleno. Di base, ogni 4 cariche di Sanguinamento consumate applicano 1 carica di Veleno, fino a 4 cariche di Veleno per nemico."
SKILL_SHADOW_ES1U6_NAME,Dissolvenza Corrompente
SKILL_SHADOW_ES1U7_DESC,Colpo dissolvente consuma fino a 5 cariche di Veleno dai nemici colpiti alle spalle. Ogni carica di Veleno consumata aumenta il danno di Colpo dissolvente dell'8%.
SKILL_SHADOW_ES1U7_NAME,Dissolvenza Purgante
SKILL_SHADOW_ES2_DESC,"Premi per lanciare. Consuma una carica e lancia un Pugnale d'ombra, infliggendo Danno perforante al primo nemico colpito e applicando Sanguinamento. I Cloni d'ombra vicini lanciano con te. Ogni pugnale cade a terra dove colpisce o alla portata massima; all'ultima carica, rilancia entro 3 secondi per richiamare tutti i pugnali a terra vicini, danneggiando i nemici che attraversano e applicando Sanguinamento aggiuntivo."
SKILL_SHADOW_ES2_NAME,Pugnali d'ombra
SKILL_SHADOW_ES2B1_DESC,Aumenta di 1 per punto il numero di cariche di Pugnali d'ombra.
SKILL_SHADOW_ES2B1_NAME,Aumento di Cariche Pugnali d'ombra I
SKILL_SHADOW_ES2B10_DESC,Aumenta di 1 secondo per punto il tempo per cui i Pugnali d'ombra a terra rimangono prima di scomparire.
SKILL_SHADOW_ES2B10_NAME,Aumento permanenza di Pugnali d'ombra III
SKILL_SHADOW_ES2B11_DESC,Aumenta di 1 per punto il valore di Sanguinamento applicato da Pugnali Lacerante.
SKILL_SHADOW_ES2B11_NAME,Aumento di Pugnali Lacerante I
SKILL_SHADOW_ES2B12_DESC,Aumenta di 2 per punto il valore massimo di Sanguinamento consumato da Pugnali Mietente.
SKILL_SHADOW_ES2B12_NAME,Aumento di Pugnali Mietente I
SKILL_SHADOW_ES2B13_DESC,Aumenta di 1 per punto il Sanguinamento massimo convertito in Veleno.
SKILL_SHADOW_ES2B13_NAME,Aumento di Pugnali Corrompente I
SKILL_SHADOW_ES2B14_DESC,Aumenta di 1 per punto il valore di Sanguinamento applicato da Pugnali Lacerante.
SKILL_SHADOW_ES2B14_NAME,Aumento di Pugnali Lacerante II
SKILL_SHADOW_ES2B15_DESC,Aumenta di 2 per punto il valore massimo di Sanguinamento consumato da Pugnali Mietente.
SKILL_SHADOW_ES2B15_NAME,Aumento di Pugnali Mietente II
SKILL_SHADOW_ES2B16_DESC,Aumenta di 1 per punto il Sanguinamento massimo convertito in Veleno.
SKILL_SHADOW_ES2B16_NAME,Aumento di Pugnali Corrompente II
SKILL_SHADOW_ES2B17_DESC,Aumenta di 1 per punto il valore di Sanguinamento applicato da Pugnali Lacerante.
SKILL_SHADOW_ES2B17_NAME,Aumento di Pugnali Lacerante III
SKILL_SHADOW_ES2B18_DESC,Aumenta di 2 per punto il valore massimo di Sanguinamento consumato da Pugnali Mietente.
SKILL_SHADOW_ES2B18_NAME,Aumento di Pugnali Mietente III
SKILL_SHADOW_ES2B19_DESC,Aumenta di 1 per punto il Sanguinamento massimo convertito in Veleno.
SKILL_SHADOW_ES2B19_NAME,Aumento di Pugnali Corrompente III
SKILL_SHADOW_ES2B2_DESC,Aumenta di 1 per punto il numero di cariche di Pugnali d'ombra.
SKILL_SHADOW_ES2B2_NAME,Aumento di Cariche Pugnali d'ombra II
SKILL_SHADOW_ES2B3_DESC,Aumenta di 1 per punto il numero di cariche di Pugnali d'ombra.
SKILL_SHADOW_ES2B3_NAME,Aumento di Cariche Pugnali d'ombra III
SKILL_SHADOW_ES2B4_DESC,Aumenta dell'8% per punto il danno inflitto da Pugnali d'ombra all'andata e al ritorno.
SKILL_SHADOW_ES2B4_NAME,Aumento del danno da Pugnali d'ombra I
SKILL_SHADOW_ES2B5_DESC,Aumenta di 1 secondo per punto il tempo per cui i Pugnali d'ombra a terra rimangono prima di scomparire.
SKILL_SHADOW_ES2B5_NAME,Aumento permanenza di Pugnali d'ombra I
SKILL_SHADOW_ES2B6_DESC,Aumenta dell'8% per punto il danno inflitto da Pugnali d'ombra all'andata e al ritorno.
SKILL_SHADOW_ES2B6_NAME,Aumento del danno da Pugnali d'ombra II
SKILL_SHADOW_ES2B7_DESC,Riduce il costo in Vigore di Pugnali d'ombra del 15% per punto.
SKILL_SHADOW_ES2B7_NAME,Riduzione costo di Pugnali d'ombra I
SKILL_SHADOW_ES2B8_DESC,Aumenta di 1 secondo per punto il tempo per cui i Pugnali d'ombra a terra rimangono prima di scomparire.
SKILL_SHADOW_ES2B8_NAME,Aumento permanenza di Pugnali d'ombra II
SKILL_SHADOW_ES2B9_DESC,Aumenta dell'8% per punto il danno inflitto da Pugnali d'ombra all'andata e al ritorno.
SKILL_SHADOW_ES2B9_NAME,Aumento del danno da Pugnali d'ombra III
SKILL_SHADOW_ES2U1_DESC,Pugnali d'ombra attraversa i nemici e danneggia tutti quelli sul suo percorso e crea un Pugnale d'ombra a terra nel punto d'impatto finale
SKILL_SHADOW_ES2U1_NAME,Pugnali Penetranti
SKILL_SHADOW_ES2U2_DESC,I pugnali ora ritornano quando scatti.
SKILL_SHADOW_ES2U2_NAME,Ritorno impetuoso
SKILL_SHADOW_ES2U3_DESC,"Durante il rilancio, Pugnali d'ombra genera un Clone d'ombra nella posizione bersaglio prima che i pugnali ritornino. Tutti i pugnali richiamati volano poi verso quel Clone d'ombra anziché verso di te."
SKILL_SHADOW_ES2U3_NAME,Pugnali convergenti
SKILL_SHADOW_ES2U4_DESC,"Pugnali d'ombra lancia 5 pugnali in un cono, ma non ha più cariche e ha un tempo di recupero di 8 secondi."
SKILL_SHADOW_ES2U4_NAME,Ventaglio di pugnali
SKILL_SHADOW_ES2U5_DESC,I Pugnali d'ombra all'andata applicano 1 carica aggiuntiva di Sanguinamento. I Pugnali d'ombra al ritorno applicano 1 carica aggiuntiva di Sanguinamento.
SKILL_SHADOW_ES2U5_NAME,Pugnali Laceranti
SKILL_SHADOW_ES2U6_DESC,I Pugnali d'ombra al ritorno consumano fino a 3 cariche di Sanguinamento da ogni nemico colpito per infliggere il 7% di danno in più per carica di Sanguinamento consumata. I pugnali al ritorno non applicano più Sanguinamento
SKILL_SHADOW_ES2U6_NAME,Pugnali Mietenti
SKILL_SHADOW_ES2U7_DESC,I Pugnali d'ombra al ritorno infliggono Danno da decadimento anziché Danno perforante. I pugnali al ritorno consumano fino a 3 cariche di Sanguinamento da ogni nemico colpito e applicano 1 carica di Veleno per carica di Sanguinamento consumata. I pugnali al ritorno non applicano più il loro Sanguinamento base.
SKILL_SHADOW_ES2U7_NAME,Pugnali Corrompenti
SKILL_SHADOW_ES3_DESC,"Premi per lanciare. Crea 2 Cloni d'ombra ai tuoi lati e scatta verso un bersaglio, colpendo un punto vitale con Danno perforante. Consuma Sanguinamento per il 4% di danno bonus per carica, fino a 10. I cloni convergono sul bersaglio con il 25% del danno ciascuno e restano per 8 secondi."
SKILL_SHADOW_ES3_NAME,Convergenza d'ombra
SKILL_SHADOW_ES3B1_DESC,Aumenta dell'8% per punto il danno inflitto dal tuo colpo di Convergenza d'ombra. I colpi dei Cloni d'ombra si basano sul tuo danno modificato.
SKILL_SHADOW_ES3B1_NAME,Aumento del danno da Convergenza d'ombra I
SKILL_SHADOW_ES3B10_DESC,Aumenta di 2 per punto il Sanguinamento applicato dal tuo colpo e di 1 per punto quello applicato dai cloni.
SKILL_SHADOW_ES3B10_NAME,Aumento di Convergenza Lacerante I
SKILL_SHADOW_ES3B11_DESC,Migliora di 1 passo per punto il rapporto di conversione da Sanguinamento a Veleno di Convergenza Corrompente.
SKILL_SHADOW_ES3B11_NAME,Aumento di Convergenza Corrompente I
SKILL_SHADOW_ES3B12_DESC,Aumenta di 2 per punto il Sanguinamento massimo consumato dal tuo colpo di Convergenza d'ombra.
SKILL_SHADOW_ES3B12_NAME,Aumento di Convergenza Mietente I
SKILL_SHADOW_ES3B13_DESC,Aumenta di 1 per punto il valore massimo di Veleno consumato.
SKILL_SHADOW_ES3B13_NAME,Aumento Convergenza intorpidente I
SKILL_SHADOW_ES3B14_DESC,Aumenta di 2 per punto il Sanguinamento applicato dal tuo colpo e di 1 per punto quello applicato dai cloni.
SKILL_SHADOW_ES3B14_NAME,Aumento di Convergenza Lacerante II
SKILL_SHADOW_ES3B15_DESC,Migliora di 1 passo per punto il rapporto di conversione da Sanguinamento a Veleno di Convergenza Corrompente.
SKILL_SHADOW_ES3B15_NAME,Aumento di Convergenza Corrompente II
SKILL_SHADOW_ES3B16_DESC,Aumenta di 2 per punto il Sanguinamento massimo consumato dal tuo colpo di Convergenza d'ombra.
SKILL_SHADOW_ES3B16_NAME,Aumento di Convergenza Mietente II
SKILL_SHADOW_ES3B17_DESC,Aumenta di 1 per punto il valore massimo di Veleno consumato.
SKILL_SHADOW_ES3B17_NAME,Aumento Convergenza intorpidente II
SKILL_SHADOW_ES3B18_DESC,Aumenta di 2 per punto il Sanguinamento applicato dal tuo colpo e di 1 per punto quello applicato dai cloni.
SKILL_SHADOW_ES3B18_NAME,Aumento di Convergenza Lacerante III
SKILL_SHADOW_ES3B19_DESC,Migliora di 1 passo per punto il rapporto di conversione da Sanguinamento a Veleno di Convergenza Corrompente.
SKILL_SHADOW_ES3B19_NAME,Aumento di Convergenza Corrompente III
SKILL_SHADOW_ES3B2_DESC,Aumenta dell'8% per punto il danno inflitto dal tuo colpo di Convergenza d'ombra. I colpi dei Cloni d'ombra si basano sul tuo danno modificato.
SKILL_SHADOW_ES3B2_NAME,Aumento del danno da Convergenza d'ombra II
SKILL_SHADOW_ES3B20_DESC,Aumenta di 2 per punto il Sanguinamento massimo consumato dal tuo colpo di Convergenza d'ombra.
SKILL_SHADOW_ES3B20_NAME,Aumento di Convergenza Mietente III
SKILL_SHADOW_ES3B21_DESC,Aumenta di 1 per punto il valore massimo di Veleno consumato.
SKILL_SHADOW_ES3B21_NAME,Aumento Convergenza intorpidente III
SKILL_SHADOW_ES3B3_DESC,Aumenta dell'8% per punto il danno inflitto dal tuo colpo di Convergenza d'ombra. I colpi dei Cloni d'ombra si basano sul tuo danno modificato.
SKILL_SHADOW_ES3B3_NAME,Aumento del danno da Convergenza d'ombra III
SKILL_SHADOW_ES3B4_DESC,Aumenta il danno inflitto dai colpi di Convergenza d'ombra dei Cloni d'ombra del 5% del tuo danno per punto.
SKILL_SHADOW_ES3B4_NAME,Aumento danno cloni di Convergenza d'ombra I
SKILL_SHADOW_ES3B5_DESC,Riduce di 10% per punto il tempo di recupero di Convergenza d'ombra.
SKILL_SHADOW_ES3B5_NAME,Riduzione del Tempo di recupero di Convergenza d'ombra I
SKILL_SHADOW_ES3B6_DESC,Aumenta il danno inflitto dai colpi di Convergenza d'ombra dei Cloni d'ombra del 5% del tuo danno per punto.
SKILL_SHADOW_ES3B6_NAME,Aumento danno cloni di Convergenza d'ombra II
SKILL_SHADOW_ES3B7_DESC,Riduce di 10% per punto il tempo di recupero di Convergenza d'ombra.
SKILL_SHADOW_ES3B7_NAME,Riduzione del Tempo di recupero di Convergenza d'ombra II
SKILL_SHADOW_ES3B8_DESC,Aumenta il danno inflitto dai colpi di Convergenza d'ombra dei Cloni d'ombra del 5% del tuo danno per punto.
SKILL_SHADOW_ES3B8_NAME,Aumento danno cloni di Convergenza d'ombra III
SKILL_SHADOW_ES3B9_DESC,Riduce di 10% per punto il tempo di recupero di Convergenza d'ombra.
SKILL_SHADOW_ES3B9_NAME,Riduzione del Tempo di recupero di Convergenza d'ombra III
SKILL_SHADOW_ES3U1_DESC,"Convergenza d'ombra non ti sposta più. Invece, i Cloni d'ombra vicini convergono sul bersaglio mentre tu resti sul posto ed esegui una stoccata d'ombra a distanza. Il tuo danno è ridotto del 25%, ma i Cloni d'ombra infliggono il loro normale danno replicato."
SKILL_SHADOW_ES3U1_NAME,Convergenza ancorata
SKILL_SHADOW_ES3U2_DESC,"Convergenza d'ombra infligge il 30% di danno in più ai nemici sotto il 40% di Salute, ma infligge il 25% di danno in meno ai nemici sopra il 40% di Salute. Se il bersaglio muore, i Cloni d'ombra vicini durano 2 secondi in più."
SKILL_SHADOW_ES3U2_NAME,Convergenza recidente
SKILL_SHADOW_ES3U3_DESC,"Al termine dello scatto di Convergenza d'ombra, ottieni Furtività per 3 secondi. Questa Furtività si interrompe quando attacchi o lanci un incantesimo."
SKILL_SHADOW_ES3U3_NAME,Convergenza Sfasata
SKILL_SHADOW_ES3U4_DESC,"Convergenza d'ombra diventa una rapida sequenza di massimo 7 colpi contro il bersaglio e i nemici vicini. Tu esegui il primo colpo, poi i Cloni d'ombra vicini eseguono i colpi rimanenti. Convergenza d'ombra continua a consumare Sanguinamento o Veleno da ogni nemico colpito in base al modificatore della soglia effetto selezionato, ma le cariche di ogni nemico possono essere consumate solo una volta per lancio. I colpi aggiuntivi sullo stesso nemico infliggono il 50% di danno in meno."
SKILL_SHADOW_ES3U4_NAME,Convergenza molteplice
SKILL_SHADOW_ES3U5_DESC,Convergenza d'ombra può accumulare fino a 2 cariche. Ogni carica crea solo 1 Clone d'ombra anziché 2 e i colpi dei Cloni d'ombra infliggono il 15% di danno in meno.
SKILL_SHADOW_ES3U5_NAME,Convergenza implacabile
SKILL_SHADOW_ES3U6_DESC,"Convergenza d'ombra non consuma più Sanguinamento per ottenere danno bonus. Invece, il tuo colpo applica 10 cariche di Sanguinamento al bersaglio. I colpi dei Cloni d'ombra applicano 3 cariche di Sanguinamento ciascuno."
SKILL_SHADOW_ES3U6_NAME,Convergenza Lacerante
SKILL_SHADOW_ES3U7_DESC,"Convergenza d'ombra ora infligge Danno da decadimento e non consuma più Sanguinamento per ottenere danno bonus. Invece, il tuo colpo converte il Sanguinamento sul bersaglio in Veleno. Di base, ogni 4 cariche di Sanguinamento consumate applicano 1 carica di Veleno, fino a 6 per nemico. I colpi dei Cloni d'ombra non consumano Sanguinamento, ma se un Clone d'ombra colpisce lo stesso bersaglio dopo il tuo colpo, applica 1 carica aggiuntiva di Veleno, fino a 3 aggiuntive per lancio."
SKILL_SHADOW_ES3U7_NAME,Convergenza Corrompente
SKILL_SHADOW_ES3U8_DESC,"Se il tuo colpo di Convergenza d'ombra consuma almeno 8 cariche di Sanguinamento da un nemico, quel nemico diventa Lacerato per 3 secondi. Quando Lacerato termina, esplode, infliggendo ai nemici vicini Danno perforante pari al 25% del danno della tua Convergenza d'ombra inflitto al bersaglio Lacerato. Ogni Clone d'ombra che colpisce il bersaglio Lacerato con Convergenza d'ombra aumenta il danno dell'esplosione di lacerazione del 10%, fino al 40%."
SKILL_SHADOW_ES3U8_NAME,Convergenza Mietente
SKILL_SHADOW_ES3U9_DESC,"Convergenza d'ombra non consuma più Sanguinamento per ottenere danno bonus. Consuma invece fino a 10 cariche di Veleno dal bersaglio. Ogni carica di Veleno consumata aumenta il Danno da stordimento del 5% e rallenta il bersaglio del 5% per 3 secondi, fino a un Rallentamento massimo del 40%."
SKILL_SHADOW_ES3U9_NAME,Convergenza intorpidente
SKILL_SHADOW_START1_DESC,"Premi per lanciare. Entra in Furtività per 3 secondi e lascia un Clone d'ombra per 8 secondi. Il prossimo attacco o incantesimo interrompe la Furtività. Rilancia per colpire in una direzione, infliggendo Danno perforante con danno bonus alle spalle. I Cloni d'ombra vicini replicano il tuo Colpo dissolvente, Pugnali d'ombra e Convergenza d'ombra con il 25% del tuo danno."
SKILL_SHADOW_START1_NAME,Colpo dissolvente
SKILL_SHADOW_W1_DESC,Aumenta di 6% tutto il Danno magico
SKILL_SHADOW_W1_NAME,Aumento di Danno magico
SKILL_SHADOW_W10_DESC,Aumenta il tuo Danno critico del 12% e la tua Celerità magica di 4.
SKILL_SHADOW_W10_NAME,Precisione pestilenziale
SKILL_SHADOW_W16_DESC,Aumenta il tuo danno contro i nemici avvelenati del 12% e di 2 il Veleno massimo che puoi applicare.
SKILL_SHADOW_W16_NAME,Portatore di peste
SKILL_SHADOW_W4_DESC,Aumenta tutto il Danno magico del 6% e la tua Concentrazione massima di 6.
SKILL_SHADOW_W4_NAME,Iniziato della peste
SKILL_SHADOW_WBL11_DESC,Aumenta di 6% il tuo danno contro i nemici avvelenati
SKILL_SHADOW_WBL11_NAME,Danno aumentato vs. avvelenati
SKILL_SHADOW_WBL12_DESC,Aumenta di 6% il tuo danno contro i nemici avvelenati
SKILL_SHADOW_WBL12_NAME,Danno aumentato vs. avvelenati
SKILL_SHADOW_WBL14_DESC,Aumenta di 6% il tuo danno contro i nemici avvelenati
SKILL_SHADOW_WBL14_NAME,Danno aumentato vs. avvelenati
SKILL_SHADOW_WBL15_DESC,Aumenta di 6% il tuo danno contro i nemici avvelenati
SKILL_SHADOW_WBL15_NAME,Danno aumentato vs. avvelenati
SKILL_SHADOW_WBL17_DESC,Aumenta la tua Probabilità di critico di 2%
SKILL_SHADOW_WBL17_NAME,Aumento della probabilità di critico da Taglio
SKILL_SHADOW_WBL18_DESC,Aumenta la tua Probabilità di critico di 4%
SKILL_SHADOW_WBL18_NAME,Aumento della probabilità di critico da Taglio
SKILL_SHADOW_WBL2_DESC,Aumenta di 3% tutto il Danno magico
SKILL_SHADOW_WBL2_NAME,Aumento di Danno magico
SKILL_SHADOW_WBL2R1_DESC,Aumenta di 3% tutto il Danno magico
SKILL_SHADOW_WBL2R1_NAME,Aumento di Danno magico
SKILL_SHADOW_WBL2R2_DESC,Aumenta di 6% tutto il Danno magico
SKILL_SHADOW_WBL2R2_NAME,Aumento di Danno magico
SKILL_SHADOW_WBL2R3_DESC,Aumenta il tuo Danno da decadimento di 3%
SKILL_SHADOW_WBL2R3_NAME,Aumento di Danno da decadimento
SKILL_SHADOW_WBL2R4_DESC,"Dopo aver lanciato un incantesimo di Magia della peste, ottieni il 15% di Danno magico in più per 3 secondi."
SKILL_SHADOW_WBL2R4_NAME,Canalizzazione Decadimento
SKILL_SHADOW_WBL3_DESC,Aumenta di 3% tutto il Danno magico
SKILL_SHADOW_WBL3_NAME,Aumento di Danno magico
SKILL_SHADOW_WBL5_DESC,Aumenta il tuo Danno critico di 6%
SKILL_SHADOW_WBL5_NAME,Aumento di Danno critico
SKILL_SHADOW_WBL5R1_DESC,Aumenta il tuo Danno critico di 6%
SKILL_SHADOW_WBL5R1_NAME,Aumento di Danno critico
SKILL_SHADOW_WBL5R2_DESC,Aumenta il tuo Danno critico di 18%
SKILL_SHADOW_WBL5R2_NAME,Aumento di Danno critico
SKILL_SHADOW_WBL5R3_DESC,Aumenta di 1 secondo la durata del tuo Veleno.
SKILL_SHADOW_WBL5R3_NAME,Aumento di Durata Veleno
SKILL_SHADOW_WBL5R4_DESC,Aumenta di 1 secondo la durata del tuo Veleno.
SKILL_SHADOW_WBL5R4_NAME,Aumento di Durata Veleno
SKILL_SHADOW_WBL5R5_DESC,Aumenta di 2 secondi la durata del tuo Veleno.
SKILL_SHADOW_WBL5R5_NAME,Aumento di Durata Veleno
SKILL_SHADOW_WBL5R6_DESC,Aumenta di 1 secondo la durata del tuo Veleno.
SKILL_SHADOW_WBL5R6_NAME,Aumento di Durata Veleno
SKILL_SHADOW_WBL5R7_DESC,"Quando infliggi un colpo critico a un nemico avvelenato, prolunghi il Veleno su quel nemico di 2 secondi. Questo effetto ha un tempo di recupero di 3 secondi per nemico"
SKILL_SHADOW_WBL5R7_NAME,Ferite Purulente
SKILL_SHADOW_WBL7_DESC,Aumenta il tuo Danno critico di 6%
SKILL_SHADOW_WBL7_NAME,Aumento di Danno critico
SKILL_SHADOW_WBL9_DESC,Aumenta il tuo Danno critico di 6%
SKILL_SHADOW_WBL9_NAME,Aumento di Danno critico
SKILL_SHADOW_WBR11_DESC,Aumenta di 1 il valore massimo di Veleno applicabile.
SKILL_SHADOW_WBR11_NAME,Aumento di Veleno max
SKILL_SHADOW_WBR12_DESC,Aumenta di 1 il valore massimo di Veleno applicabile.
SKILL_SHADOW_WBR12_NAME,Aumento di Veleno max
SKILL_SHADOW_WBR14_DESC,Aumenta di 1 il valore massimo di Veleno applicabile.
SKILL_SHADOW_WBR14_NAME,Aumento di Veleno max
SKILL_SHADOW_WBR15_DESC,Aumenta di 1 il valore massimo di Veleno applicabile.
SKILL_SHADOW_WBR15_NAME,Aumento di Veleno max
SKILL_SHADOW_WBR17_DESC,Aumenta di 1 il valore massimo di Inoculazione che puoi mantenere.
SKILL_SHADOW_WBR17_NAME,Inoculazione max
SKILL_SHADOW_WBR18_DESC,Aumenta di 1 il valore massimo di Inoculazione che puoi mantenere.
SKILL_SHADOW_WBR18_NAME,Inoculazione max
SKILL_SHADOW_WBR2_DESC,Aumenta di 3 il valore massimo di Concentrazione.
SKILL_SHADOW_WBR2_NAME,Potenziamento di Concentrazione
SKILL_SHADOW_WBR2R1_DESC,Aumenta di 3 il valore massimo di Concentrazione.
SKILL_SHADOW_WBR2R1_NAME,Potenziamento di Concentrazione
SKILL_SHADOW_WBR2R2_DESC,Aumenta di 6 il valore massimo di Concentrazione.
SKILL_SHADOW_WBR2R2_NAME,Potenziamento di Concentrazione
SKILL_SHADOW_WBR2R3_DESC,Aumenta di 2 il recupero di Concentrazione al colpo.
SKILL_SHADOW_WBR2R3_NAME,Concentrazione al colpo
SKILL_SHADOW_WBR2R4_DESC,"Quando un nemico raggiunge 5 cariche di Veleno, ottieni Concentrazione al colpo per 5 secondi. Questo effetto ha un tempo di recupero di 6 secondi"
SKILL_SHADOW_WBR2R4_NAME,Mente della Peste
SKILL_SHADOW_WBR3_DESC,Aumenta di 3 il valore massimo di Concentrazione.
SKILL_SHADOW_WBR3_NAME,Potenziamento di Concentrazione
SKILL_SHADOW_WBR5_DESC,Aumenta la tua Celerità magica di 2
SKILL_SHADOW_WBR5_NAME,Celerità magica
SKILL_SHADOW_WBR5R1_DESC,Aumenta la tua Celerità magica di 2
SKILL_SHADOW_WBR5R1_NAME,Celerità magica
SKILL_SHADOW_WBR5R2_DESC,Aumenta la tua Celerità magica di 6
SKILL_SHADOW_WBR5R2_NAME,Celerità magica
SKILL_SHADOW_WBR5R3_DESC,Aumenta la tua Probabilità di critico di 2%
SKILL_SHADOW_WBR5R3_NAME,Aumento della probabilità di critico da Taglio
SKILL_SHADOW_WBR5R4_DESC,Aumenta la tua Probabilità di critico di 2%
SKILL_SHADOW_WBR5R4_NAME,Aumento della probabilità di critico da Taglio
SKILL_SHADOW_WBR5R5_DESC,Aumenta la tua Probabilità di critico di 4%
SKILL_SHADOW_WBR5R5_NAME,Aumento della probabilità di critico da Taglio
SKILL_SHADOW_WBR5R6_DESC,Aumenta la tua Probabilità di critico di 2%
SKILL_SHADOW_WBR5R6_NAME,Aumento della probabilità di critico da Taglio
SKILL_SHADOW_WBR5R7_DESC,"Quando infliggi un colpo critico con un incantesimo, ottieni il 15% di Celerità magica in più per 3 secondi"
SKILL_SHADOW_WBR5R7_NAME,Lancio Virulento
SKILL_SHADOW_WBR7_DESC,Aumenta la tua Celerità magica di 2
SKILL_SHADOW_WBR7_NAME,Celerità magica
SKILL_SHADOW_WBR9_DESC,Aumenta la tua Celerità magica di 2
SKILL_SHADOW_WBR9_NAME,Celerità magica
SKILL_SHADOW_WS1_DESC,"Premi per lanciare. Lancia un gruppo di frammenti di peste con una dispersione stretta, infliggendo Danno da decadimento. I frammenti aggiuntivi che colpiscono lo stesso nemico infliggono danno bonus."
SKILL_SHADOW_WS1_NAME,Frammenti di peste
SKILL_SHADOW_WS1B1_DESC,Aumenta del 5% per punto il danno bonus inflitto dai colpi dei frammenti successivi contro lo stesso nemico.
SKILL_SHADOW_WS1B1_NAME,Aumento danno colpi successivi di Frammenti di peste I
SKILL_SHADOW_WS1B10_DESC,Aumenta di 1 per punto l'Inoculazione ottenuta dal bonus dei 3 frammenti e di 2 per punto l'Inoculazione massima ottenuta per lancio.
SKILL_SHADOW_WS1B10_NAME,Aumento di Frammenti Inoculante I
SKILL_SHADOW_WS1B11_DESC,Aumenta di 1 per punto il Veleno massimo applicato per nemico.
SKILL_SHADOW_WS1B11_NAME,Aumento di Frammenti Avvelenante I
SKILL_SHADOW_WS1B12_DESC,Aumenta di 2 per punto il valore massimo di Veleno consumato.
SKILL_SHADOW_WS1B12_NAME,Aumento di Frammenti Purgante I
SKILL_SHADOW_WS1B13_DESC,Aumenta di 1 per punto il valore massimo di Inoculazione consumato.
SKILL_SHADOW_WS1B13_NAME,Aumento di Frammenti Inoculato I
SKILL_SHADOW_WS1B14_DESC,Aumenta di 1 per punto l'Inoculazione ottenuta dal bonus dei 3 frammenti e di 2 per punto l'Inoculazione massima ottenuta per lancio.
SKILL_SHADOW_WS1B14_NAME,Aumento di Frammenti Inoculante II
SKILL_SHADOW_WS1B15_DESC,Aumenta di 1 per punto il Veleno massimo applicato per nemico.
SKILL_SHADOW_WS1B15_NAME,Aumento di Frammenti Avvelenante II
SKILL_SHADOW_WS1B16_DESC,Aumenta di 2 per punto il valore massimo di Veleno consumato.
SKILL_SHADOW_WS1B16_NAME,Aumento di Frammenti Purgante II
SKILL_SHADOW_WS1B17_DESC,Aumenta di 1 per punto il valore massimo di Inoculazione consumato.
SKILL_SHADOW_WS1B17_NAME,Aumento di Frammenti Inoculato II
SKILL_SHADOW_WS1B18_DESC,Aumenta di 1 per punto l'Inoculazione ottenuta dal bonus dei 3 frammenti e di 2 per punto l'Inoculazione massima ottenuta per lancio.
SKILL_SHADOW_WS1B18_NAME,Aumento di Frammenti Inoculante III
SKILL_SHADOW_WS1B19_DESC,Aumenta di 1 per punto il Veleno massimo applicato per nemico.
SKILL_SHADOW_WS1B19_NAME,Aumento di Frammenti Avvelenante III
SKILL_SHADOW_WS1B2_DESC,Aumenta del 5% per punto il danno bonus inflitto dai colpi dei frammenti successivi contro lo stesso nemico.
SKILL_SHADOW_WS1B2_NAME,Aumento danno colpi successivi di Frammenti di peste II
SKILL_SHADOW_WS1B20_DESC,Aumenta di 2 per punto il valore massimo di Veleno consumato.
SKILL_SHADOW_WS1B20_NAME,Aumento di Frammenti Purgante III
SKILL_SHADOW_WS1B21_DESC,Aumenta di 1 per punto il valore massimo di Inoculazione consumato.
SKILL_SHADOW_WS1B21_NAME,Aumento di Frammenti Inoculato III
SKILL_SHADOW_WS1B3_DESC,Aumenta del 5% per punto il danno bonus inflitto dai colpi dei frammenti successivi contro lo stesso nemico.
SKILL_SHADOW_WS1B3_NAME,Aumento danno colpi successivi di Frammenti di peste III
SKILL_SHADOW_WS1B4_DESC,Riduce di 10% per punto il tempo di recupero di Frammenti di peste.
SKILL_SHADOW_WS1B4_NAME,Riduzione del Tempo di recupero di Frammenti di peste I
SKILL_SHADOW_WS1B5_DESC,Aumenta la distanza massima percorsa da Frammenti di peste dell'8% per punto.
SKILL_SHADOW_WS1B5_NAME,Aumento portata di Frammenti di peste I
SKILL_SHADOW_WS1B6_DESC,Riduce di 10% per punto il tempo di recupero di Frammenti di peste.
SKILL_SHADOW_WS1B6_NAME,Riduzione del Tempo di recupero di Frammenti di peste II
SKILL_SHADOW_WS1B7_DESC,Aumenta la distanza massima percorsa da Frammenti di peste dell'8% per punto.
SKILL_SHADOW_WS1B7_NAME,Aumento portata di Frammenti di peste II
SKILL_SHADOW_WS1B8_DESC,Riduce di 10% per punto il tempo di recupero di Frammenti di peste.
SKILL_SHADOW_WS1B8_NAME,Riduzione del Tempo di recupero di Frammenti di peste III
SKILL_SHADOW_WS1B9_DESC,Aumenta la distanza massima percorsa da Frammenti di peste dell'8% per punto.
SKILL_SHADOW_WS1B9_NAME,Aumento portata di Frammenti di peste III
SKILL_SHADOW_WS1U1_DESC,"Frammenti di peste lancia 2 frammenti aggiuntivi con una dispersione più ampia, ma ogni frammento infligge il 25% di danno in meno."
SKILL_SHADOW_WS1U1_NAME,Frammenti scheggianti
SKILL_SHADOW_WS1U2_DESC,"I Frammenti di peste permangono alla fine del percorso per 3 secondi dopo il lancio iniziale, infliggendo Danno da decadimento a tutti i nemici che vi entrano."
SKILL_SHADOW_WS1U2_NAME,Frammenti persistenti
SKILL_SHADOW_WS1U3_DESC,"Frammenti di peste diventa un incantesimo canalizzato. Tieni premuto per lanciare senza sosta frammenti di peste frastagliati con una dispersione stretta, infliggendo Danno da decadimento ogni 0.5 secondi ai nemici colpiti. Frammenti di peste non lancia più una scarica iniziale. Il tempo di recupero base di Frammenti di peste diventa di 3 secondi."
SKILL_SHADOW_WS1U3_NAME,Frammenti canalizzati
SKILL_SHADOW_WS1U4_DESC,"Frammenti di peste conferisce 1 carica di Inoculazione per ogni frammento che colpisce un nemico avvelenato, fino a 5 cariche di Inoculazione per lancio. Se almeno 3 frammenti colpiscono nemici avvelenati nello stesso lancio, ottieni altre 2 cariche di Inoculazione."
SKILL_SHADOW_WS1U4_NAME,Frammenti Inoculanti
SKILL_SHADOW_WS1U5_DESC,"Frammenti di peste applica 2 cariche di Veleno ai nemici colpiti dal primo frammento. Ogni frammento aggiuntivo che colpisce lo stesso nemico applica 1 carica di Veleno, fino a 5 cariche di Veleno per nemico per lancio."
SKILL_SHADOW_WS1U5_NAME,Frammenti Avvelenanti
SKILL_SHADOW_WS1U6_DESC,Frammenti di peste consuma fino a 5 cariche di Veleno da ogni nemico colpito. Ogni carica di Veleno consumata aumenta del 5% il danno di Frammenti di peste a quel nemico. Il Veleno può essere consumato solo una volta per nemico per lancio.
SKILL_SHADOW_WS1U6_NAME,Frammenti Purganti
SKILL_SHADOW_WS1U7_DESC,Frammenti di peste consuma fino a 5 cariche di Inoculazione al lancio. Ogni carica di Inoculazione consumata aumenta del 5% il danno bonus dei frammenti successivi che colpiscono lo stesso nemico. Questo aumenta il bonus dei frammenti successivi dal 25% a un massimo del 50%.
SKILL_SHADOW_WS1U7_NAME,Frammenti Inoculati
SKILL_SHADOW_WS2_DESC,"Premi per lanciare. Infetta un bersaglio con Contagio, applicando 5 cariche di Veleno e creando una zona contagiosa per 6 secondi. La zona infligge Danno da decadimento e diffonde Veleno ai nemici vicini ogni secondo; il Veleno applicato al bersaglio infetto viene applicato anche ai nemici nella zona."
SKILL_SHADOW_WS2_NAME,Contagio
SKILL_SHADOW_WS2B1_DESC,Aumenta il Danno da decadimento inflitto dalla zona contagiosa di Contagio dell'8% per punto.
SKILL_SHADOW_WS2B1_NAME,Aumento del danno da Contagio I
SKILL_SHADOW_WS2B10_DESC,Aumenta il raggio della zona contagiosa di Contagio dell'8% per punto.
SKILL_SHADOW_WS2B10_NAME,Aumento raggio di Contagio III
SKILL_SHADOW_WS2B11_DESC,Aumenta di 1 per punto il Veleno aggiuntivo applicato al bersaglio infetto.
SKILL_SHADOW_WS2B11_NAME,Aumento di Contagio Avvelenante I
SKILL_SHADOW_WS2B12_DESC,Aumenta di 2 per punto il valore massimo di Veleno consumato.
SKILL_SHADOW_WS2B12_NAME,Aumento di Contagio Purgante I
SKILL_SHADOW_WS2B13_DESC,Aumenta di 1 per punto il valore di Inoculazione ottenuto da Contagio Inoculante.
SKILL_SHADOW_WS2B13_NAME,Aumento di Contagio Inoculante I
SKILL_SHADOW_WS2B14_DESC,Aumenta di 1 per punto il valore massimo di Inoculazione consumato.
SKILL_SHADOW_WS2B14_NAME,Aumento di Contagio Inoculato I
SKILL_SHADOW_WS2B15_DESC,Migliora di 1 passo per punto il rapporto di conversione da Veleno a Sanguinamento di Contagio Coagulante.
SKILL_SHADOW_WS2B15_NAME,Aumento di Contagio Coagulante I
SKILL_SHADOW_WS2B16_DESC,Aumenta di 1 per punto il Veleno aggiuntivo applicato al bersaglio infetto.
SKILL_SHADOW_WS2B16_NAME,Aumento di Contagio Avvelenante II
SKILL_SHADOW_WS2B17_DESC,Aumenta di 2 per punto il valore massimo di Veleno consumato.
SKILL_SHADOW_WS2B17_NAME,Aumento di Contagio Purgante II
SKILL_SHADOW_WS2B18_DESC,Aumenta di 1 per punto il valore di Inoculazione ottenuto da Contagio Inoculante.
SKILL_SHADOW_WS2B18_NAME,Aumento di Contagio Inoculante II
SKILL_SHADOW_WS2B19_DESC,Aumenta di 1 per punto il valore massimo di Inoculazione consumato.
SKILL_SHADOW_WS2B19_NAME,Aumento di Contagio Inoculato II
SKILL_SHADOW_WS2B2_DESC,Aumenta il Danno da decadimento inflitto dalla zona contagiosa di Contagio dell'8% per punto.
SKILL_SHADOW_WS2B2_NAME,Aumento del danno da Contagio II
SKILL_SHADOW_WS2B20_DESC,Migliora di 1 passo per punto il rapporto di conversione da Veleno a Sanguinamento di Contagio Coagulante.
SKILL_SHADOW_WS2B20_NAME,Aumento di Contagio Coagulante II
SKILL_SHADOW_WS2B21_DESC,Aumenta di 1 per punto il Veleno aggiuntivo applicato al bersaglio infetto.
SKILL_SHADOW_WS2B21_NAME,Aumento di Contagio Avvelenante III
SKILL_SHADOW_WS2B22_DESC,Aumenta di 2 per punto il valore massimo di Veleno consumato.
SKILL_SHADOW_WS2B22_NAME,Aumento di Contagio Purgante III
SKILL_SHADOW_WS2B23_DESC,Aumenta di 1 per punto il valore di Inoculazione ottenuto da Contagio Inoculante.
SKILL_SHADOW_WS2B23_NAME,Aumento di Contagio Inoculante III
SKILL_SHADOW_WS2B24_DESC,Aumenta di 1 per punto il valore massimo di Inoculazione consumato.
SKILL_SHADOW_WS2B24_NAME,Aumento di Contagio Inoculato III
SKILL_SHADOW_WS2B25_DESC,Migliora di 1 passo per punto il rapporto di conversione da Veleno a Sanguinamento di Contagio Coagulante.
SKILL_SHADOW_WS2B25_NAME,Aumento di Contagio Coagulante III
SKILL_SHADOW_WS2B3_DESC,Aumenta il Danno da decadimento inflitto dalla zona contagiosa di Contagio dell'8% per punto.
SKILL_SHADOW_WS2B3_NAME,Aumento del danno da Contagio III
SKILL_SHADOW_WS2B4_DESC,Aumenta la durata di Contagio di 0.5 secondi per punto.
SKILL_SHADOW_WS2B4_NAME,Aumento di Durata Contagio I
SKILL_SHADOW_WS2B5_DESC,Aumenta il raggio della zona contagiosa di Contagio dell'8% per punto.
SKILL_SHADOW_WS2B5_NAME,Aumento raggio di Contagio I
SKILL_SHADOW_WS2B6_DESC,Aumenta la durata di Contagio di 0.5 secondi per punto.
SKILL_SHADOW_WS2B6_NAME,Aumento di Durata Contagio II
SKILL_SHADOW_WS2B7_DESC,Riduce il tempo di recupero di Contagio del 20% per punto.
SKILL_SHADOW_WS2B7_NAME,Riduzione del Tempo di recupero di Contagio I
SKILL_SHADOW_WS2B8_DESC,Aumenta il raggio della zona contagiosa di Contagio dell'8% per punto.
SKILL_SHADOW_WS2B8_NAME,Aumento raggio di Contagio II
SKILL_SHADOW_WS2B9_DESC,Aumenta la durata di Contagio di 0.5 secondi per punto.
SKILL_SHADOW_WS2B9_NAME,Aumento di Durata Contagio III
SKILL_SHADOW_WS2U1_DESC,Riduce il raggio della zona di Contagio del 40%. Il bersaglio infetto subisce il 25% di Danno da decadimento in più da Contagio.
SKILL_SHADOW_WS2U1_NAME,Contagio Focalizzato
SKILL_SHADOW_WS2U10_DESC,"Quando Contagio copia il Veleno dal bersaglio infetto ai nemici nella zona contagiosa, converte parte di quel Veleno copiato in Sanguinamento. Di base, ogni 4 cariche di Veleno copiate applicano invece 1 carica di Sanguinamento, fino alla quantità di Veleno copiato."
SKILL_SHADOW_WS2U10_NAME,Contagio Coagulante
SKILL_SHADOW_WS2U2_DESC,"Se il bersaglio infetto muore mentre Contagio è attivo, Contagio si trasferisce al nemico più vicino a portata e si rinnova al 50% della sua durata rimanente. Trasferimento vettoriale può verificarsi una volta per lancio."
SKILL_SHADOW_WS2U2_NAME,Trasferimento vettoriale
SKILL_SHADOW_WS2U3_DESC,"Quando Contagio termina, la zona contagiosa resta nella posizione finale del bersaglio per 3 secondi. La zona persistente infligge il 50% di Danno da decadimento in meno e non copia più il Veleno applicato al bersaglio originale."
SKILL_SHADOW_WS2U3_NAME,Contagio persistente
SKILL_SHADOW_WS2U4_DESC,Contagio non si attacca più al bersaglio. Crea invece una zona contagiosa fissa nella posizione del bersaglio per 6 secondi. Il raggio della zona aumenta del 25%.
SKILL_SHADOW_WS2U4_NAME,Nube pandemica
SKILL_SHADOW_WS2U5_DESC,"Quando Contagio termina, esplode, infliggendo Danno da decadimento ai nemici nella zona contagiosa. Il danno dell'esplosione aumenta del 5% per ogni carica di Veleno sul bersaglio infetto, fino al 50%. La durata di Contagio si riduce di 1 secondo."
SKILL_SHADOW_WS2U5_NAME,Contagio esplosivo
SKILL_SHADOW_WS2U6_DESC,Contagio applica 3 cariche aggiuntive di Veleno al bersaglio infetto al lancio. La zona contagiosa applica 1 carica aggiuntiva di Veleno al secondo ai nemici al suo interno.
SKILL_SHADOW_WS2U6_NAME,Contagio Avvelenante
SKILL_SHADOW_WS2U7_DESC,Contagio consuma fino a 10 cariche di Veleno dal bersaglio infetto al lancio. Ogni carica di Veleno consumata aumenta il Danno da decadimento di Contagio del 5% per tutta la sua durata. Contagio non applica più le sue 5 cariche iniziali di Veleno.
SKILL_SHADOW_WS2U7_NAME,Contagio Purgante
SKILL_SHADOW_WS2U8_DESC,"Quando Contagio copia il Veleno dal bersaglio infetto ad almeno un nemico nella zona contagiosa, ottieni 2 cariche di Inoculazione. Può verificarsi una volta ogni 1 secondo."
SKILL_SHADOW_WS2U8_NAME,Contagio Inoculante
SKILL_SHADOW_WS2U9_DESC,Contagio consuma fino a 5 cariche di Inoculazione al lancio. Ogni carica di Inoculazione consumata aumenta il raggio di Contagio del 6% e la durata di 0.5 secondi.
SKILL_SHADOW_WS2U9_NAME,Contagio Inoculato
SKILL_SHADOW_WS3_DESC,"Premi per lanciare. Fai eruttare un nemico nel decadimento, infliggendo Danno da decadimento a lui e ai nemici vicini e consumando fino a 10 cariche di Veleno per il 4% di danno bonus per carica. I nemici con almeno 10 cariche di Veleno innescano a catena una propria epidemia. Ogni nemico può generare un'epidemia solo una volta per lancio."
SKILL_SHADOW_WS3_NAME,Epidemia
SKILL_SHADOW_WS3B1_DESC,Aumenta di 2 per punto il Veleno massimo consumato da Epidemia.
SKILL_SHADOW_WS3B1_NAME,Aumento consumo Veleno di Epidemia I
SKILL_SHADOW_WS3B10_DESC,Aumenta di 2 per punto il valore massimo di Veleno consumato.
SKILL_SHADOW_WS3B10_NAME,Aumento di Epidemia Purgante I
SKILL_SHADOW_WS3B11_DESC,Aumenta di 1 per punto il valore massimo di Inoculazione consumato.
SKILL_SHADOW_WS3B11_NAME,Aumento di Epidemia Inoculata I
SKILL_SHADOW_WS3B12_DESC,Aumenta di 1 per punto il valore di Veleno applicato da Epidemia Avvelenante.
SKILL_SHADOW_WS3B12_NAME,Aumento di Epidemia Avvelenante I
SKILL_SHADOW_WS3B13_DESC,Aumenta di 1 per punto l'Inoculazione ottenuta quando si verifica un'epidemia secondaria.
SKILL_SHADOW_WS3B13_NAME,Aumento di Epidemia Inoculante I
SKILL_SHADOW_WS3B14_DESC,Migliora di 1 passo per punto il rapporto di conversione da Veleno a Sanguinamento di Epidemia Coagulante.
SKILL_SHADOW_WS3B14_NAME,Aumento di Epidemia Coagulante I
SKILL_SHADOW_WS3B15_DESC,Aumenta di 2 per punto il valore massimo di Sanguinamento consumato.
SKILL_SHADOW_WS3B15_NAME,Aumento di Epidemia Mietente I
SKILL_SHADOW_WS3B16_DESC,Aumenta di 2 per punto il valore massimo di Veleno consumato.
SKILL_SHADOW_WS3B16_NAME,Aumento di Epidemia Purgante II
SKILL_SHADOW_WS3B17_DESC,Aumenta di 1 per punto il valore massimo di Inoculazione consumato.
SKILL_SHADOW_WS3B17_NAME,Aumento di Epidemia Inoculata II
SKILL_SHADOW_WS3B18_DESC,Aumenta di 1 per punto il valore di Veleno applicato da Epidemia Avvelenante.
SKILL_SHADOW_WS3B18_NAME,Aumento di Epidemia Avvelenante II
SKILL_SHADOW_WS3B19_DESC,Aumenta di 1 per punto l'Inoculazione ottenuta quando si verifica un'epidemia secondaria.
SKILL_SHADOW_WS3B19_NAME,Aumento di Epidemia Inoculante II
SKILL_SHADOW_WS3B2_DESC,Aumenta di 2 per punto il Veleno massimo consumato da Epidemia.
SKILL_SHADOW_WS3B2_NAME,Aumento consumo Veleno di Epidemia II
SKILL_SHADOW_WS3B20_DESC,Migliora di 1 passo per punto il rapporto di conversione da Veleno a Sanguinamento di Epidemia Coagulante.
SKILL_SHADOW_WS3B20_NAME,Aumento di Epidemia Coagulante II
SKILL_SHADOW_WS3B21_DESC,Aumenta di 2 per punto il valore massimo di Sanguinamento consumato.
SKILL_SHADOW_WS3B21_NAME,Aumento di Epidemia Mietente II
SKILL_SHADOW_WS3B22_DESC,Aumenta di 2 per punto il valore massimo di Veleno consumato.
SKILL_SHADOW_WS3B22_NAME,Aumento di Epidemia Purgante III
SKILL_SHADOW_WS3B23_DESC,Aumenta di 1 per punto il valore massimo di Inoculazione consumato.
SKILL_SHADOW_WS3B23_NAME,Aumento di Epidemia Inoculata III
SKILL_SHADOW_WS3B24_DESC,Aumenta di 1 per punto il valore di Veleno applicato da Epidemia Avvelenante.
SKILL_SHADOW_WS3B24_NAME,Aumento di Epidemia Avvelenante III
SKILL_SHADOW_WS3B25_DESC,Aumenta di 1 per punto l'Inoculazione ottenuta quando si verifica un'epidemia secondaria.
SKILL_SHADOW_WS3B25_NAME,Aumento di Epidemia Inoculante III
SKILL_SHADOW_WS3B26_DESC,Migliora di 1 passo per punto il rapporto di conversione da Veleno a Sanguinamento di Epidemia Coagulante.
SKILL_SHADOW_WS3B26_NAME,Aumento di Epidemia Coagulante III
SKILL_SHADOW_WS3B27_DESC,Aumenta di 2 per punto il valore massimo di Sanguinamento consumato.
SKILL_SHADOW_WS3B27_NAME,Aumento di Epidemia Mietente III
SKILL_SHADOW_WS3B3_DESC,Aumenta di 2 per punto il Veleno massimo consumato da Epidemia.
SKILL_SHADOW_WS3B3_NAME,Aumento consumo Veleno di Epidemia III
SKILL_SHADOW_WS3B4_DESC,Aumenta il raggio di Epidemia e delle epidemie secondarie dell'8% per punto.
SKILL_SHADOW_WS3B4_NAME,Aumento raggio di Epidemia I
SKILL_SHADOW_WS3B5_DESC,Riduce di 10% per punto il tempo di recupero di Epidemia.
SKILL_SHADOW_WS3B5_NAME,Riduzione del Tempo di recupero di Epidemia I
SKILL_SHADOW_WS3B6_DESC,Aumenta il raggio di Epidemia e delle epidemie secondarie dell'8% per punto.
SKILL_SHADOW_WS3B6_NAME,Aumento raggio di Epidemia II
SKILL_SHADOW_WS3B7_DESC,Riduce di 10% per punto il tempo di recupero di Epidemia.
SKILL_SHADOW_WS3B7_NAME,Riduzione del Tempo di recupero di Epidemia II
SKILL_SHADOW_WS3B8_DESC,Aumenta il raggio di Epidemia e delle epidemie secondarie dell'8% per punto.
SKILL_SHADOW_WS3B8_NAME,Aumento raggio di Epidemia III
SKILL_SHADOW_WS3B9_DESC,Riduce di 10% per punto il tempo di recupero di Epidemia.
SKILL_SHADOW_WS3B9_NAME,Riduzione del Tempo di recupero di Epidemia III
SKILL_SHADOW_WS3U1_DESC,"Se un'epidemia uccide un nemico, quel nemico rilascia un'esplosione finale di Decadimento nel luogo della morte, infliggendo il 50% del danno di Epidemia ai nemici vicini. Questa esplosione finale non può consumare Veleno o creare epidemie aggiuntive."
SKILL_SHADOW_WS3U1_NAME,Fioritura terminale
SKILL_SHADOW_WS3U10_DESC,"Quando Epidemia consuma Veleno da un nemico, converte parte di quel Veleno consumato in Sanguinamento dopo l'eruzione. Di base, ogni 4 cariche di Veleno consumate applicano 1 carica di Sanguinamento."
SKILL_SHADOW_WS3U10_NAME,Epidemia Coagulante
SKILL_SHADOW_WS3U11_DESC,Epidemia consuma fino a 8 cariche di Sanguinamento dai nemici che eruttano. Ogni carica di Sanguinamento consumata ripristina Vigore e Concentrazione. Epidemia continua a consumare Veleno come di norma.
SKILL_SHADOW_WS3U11_NAME,Epidemia Mietente
SKILL_SHADOW_WS3U2_DESC,"Epidemia può diffondersi solo ai 3 nemici idonei più vicini colpiti da ogni eruzione, ma le epidemie secondarie infliggono il 15% di danno in più."
SKILL_SHADOW_WS3U2_NAME,Vettore della peste
SKILL_SHADOW_WS3U3_DESC,"Ogni epidemia lascia una lacerazione infetta nel punto d'impatto per 3 secondi, infliggendo Danno da decadimento ogni secondo ai nemici al suo interno."
SKILL_SHADOW_WS3U3_NAME,Lacerazione persistente
SKILL_SHADOW_WS3U4_DESC,Riduce il raggio dell'eruzione di Epidemia del 40%. Il bersaglio principale subisce il 35% di danno in più da Epidemia e le epidemie secondarie contro il bersaglio principale infliggono il 25% di danno in più.
SKILL_SHADOW_WS3U4_NAME,Eruzione Focalizzata
SKILL_SHADOW_WS3U5_DESC,"Quando un nemico crea un'epidemia secondaria con più di 10 cariche di Veleno, ogni carica di Veleno oltre le 10 aumenta il raggio di quell'epidemia secondaria del 3%, fino al 30% di raggio in più. Le epidemie secondarie consumano Veleno come di norma e infliggono il 15% di danno in meno."
SKILL_SHADOW_WS3U5_NAME,Cascata vorace
SKILL_SHADOW_WS3U6_DESC,Epidemia consuma fino a 15 cariche di Veleno da ogni nemico che erutta. Ogni carica di Veleno consumata aumenta del 4% il danno dell'Epidemia di quel nemico.
SKILL_SHADOW_WS3U6_NAME,Epidemia Purgante
SKILL_SHADOW_WS3U7_DESC,Epidemia consuma fino a 5 cariche di Inoculazione al lancio. Ogni carica di Inoculazione consumata aumenta il raggio d'impatto di Epidemia del 5% e il danno delle epidemie secondarie del 4%.
SKILL_SHADOW_WS3U7_NAME,Epidemia Inoculata
SKILL_SHADOW_WS3U8_DESC,Epidemia applica 3 cariche di Veleno ai nemici danneggiati dalla sua eruzione.
SKILL_SHADOW_WS3U8_NAME,Epidemia Avvelenante
SKILL_SHADOW_WS3U9_DESC,"Quando un nemico crea un'epidemia secondaria, ottieni 2 cariche di Inoculazione."
SKILL_SHADOW_WS3U9_NAME,Epidemia Inoculante
SKILL_VANGUARD_E10BL1_DESC,Aumenta il tuo Danno contundente di 3%
SKILL_VANGUARD_E10BL1_NAME,Aumento di Danno contundente
SKILL_VANGUARD_E10BL2_DESC,Aumenta il tuo Danno contundente di 3%
SKILL_VANGUARD_E10BL2_NAME,Aumento di Danno contundente
SKILL_VANGUARD_E10BL3_DESC,Aumenta il tuo Danno contundente di 3%
SKILL_VANGUARD_E10BL3_NAME,Aumento di Danno contundente
SKILL_VANGUARD_E10BL4_DESC,Aumenta il tuo Danno contundente di 3%
SKILL_VANGUARD_E10BL4_NAME,Aumento di Danno contundente
SKILL_VANGUARD_E10BR1_DESC,Aumenta di 5% il danno del tuo Attacchi
SKILL_VANGUARD_E10BR1_NAME,Aumento del danno d'attacco
SKILL_VANGUARD_E10BR2_DESC,Aumenta di 5% il danno del tuo Attacchi
SKILL_VANGUARD_E10BR2_NAME,Aumento del danno d'attacco
SKILL_VANGUARD_E10BR3_DESC,Aumenta di 5% il danno del tuo Attacchi
SKILL_VANGUARD_E10BR3_NAME,Aumento del danno d'attacco
SKILL_VANGUARD_E10BR4_DESC,Aumenta di 5% il danno del tuo Attacchi
SKILL_VANGUARD_E10BR4_NAME,Aumento del danno d'attacco
SKILL_VANGUARD_E16BL1_DESC,Aumenta l'Accumulo di stordimento di 5%
SKILL_VANGUARD_E16BL1_NAME,Aumento di l'Accumulo di stordimento
SKILL_VANGUARD_E16BL2_DESC,Aumenta l'Accumulo di stordimento di 5%
SKILL_VANGUARD_E16BL2_NAME,Aumento di l'Accumulo di stordimento
SKILL_VANGUARD_E16BL3_DESC,Aumenta l'Accumulo di stordimento di 5%
SKILL_VANGUARD_E16BL3_NAME,Aumento di l'Accumulo di stordimento
SKILL_VANGUARD_E16BL4_DESC,Aumenta l'Accumulo di stordimento di 5%
SKILL_VANGUARD_E16BL4_NAME,Aumento di l'Accumulo di stordimento
SKILL_VANGUARD_E16BR1_DESC,Aumenta di 2 il recupero di Concentrazione al colpo.
SKILL_VANGUARD_E16BR1_NAME,Concentrazione al colpo
SKILL_VANGUARD_E16BR2_DESC,Aumenta di 2 il recupero di Concentrazione al colpo.
SKILL_VANGUARD_E16BR2_NAME,Concentrazione al colpo
SKILL_VANGUARD_E16BR3_DESC,Aumenta di 2 il recupero di Concentrazione al colpo.
SKILL_VANGUARD_E16BR3_NAME,Concentrazione al colpo
SKILL_VANGUARD_E16BR4_DESC,Aumenta di 2 il recupero di Concentrazione al colpo.
SKILL_VANGUARD_E16BR4_NAME,Concentrazione al colpo
SKILL_VANGUARD_EBL1_DESC,Aumenta il tuo Danno contundente di 9% \n Aumenta l'Accumulo di stordimento di 15%
SKILL_VANGUARD_EBL1_NAME,Pugno di Xwin
SKILL_VANGUARD_EBR1_DESC,Aumenta il danno dei tuoi Attacchi del 12% \n Aumenta di 6 la Concentrazione che ottieni al colpo.
SKILL_VANGUARD_EBR1_NAME,Palmo degli Spaccapietre
SKILL_VANGUARD_HWYNE_DESC,Aumenta di 2 il Sanguinamento massimo che puoi applicare. \n Aumenta l'Accumulo di stordimento del 10%
SKILL_VANGUARD_HWYNE_NAME,Percuoti e dissangua
SKILL_VANGUARD_HWYNE1_DESC,Aumenta di 1 il valore massimo di Sanguinamento applicabile.
SKILL_VANGUARD_HWYNE1_NAME,Aumento di Sanguinamento max
SKILL_VANGUARD_HWYNE2_DESC,Aumenta l'Accumulo di stordimento di 5%
SKILL_VANGUARD_HWYNE2_NAME,Aumento di l'Accumulo di stordimento
SKILL_VANGUARD_HWYNW_DESC,Aumenta la tua Velocità d'attacco di 6% \n Aumenta la tua Celerità magica di 4.
SKILL_VANGUARD_HWYNW_NAME,Avanzata ininterrotta
SKILL_VANGUARD_HWYNW1_DESC,Aumenta la tua Velocità d'attacco di 3%
SKILL_VANGUARD_HWYNW1_NAME,Aumento di Velocità d'attacco
SKILL_VANGUARD_HWYNW2_DESC,Aumenta la tua Celerità magica di 2.
SKILL_VANGUARD_HWYNW2_NAME,Celerità magica
SKILL_VANGUARD_HWYSE_DESC,Aumenta la tua Celerità magica di 4. \n Aumenta la tua Probabilità di critico del 4%
SKILL_VANGUARD_HWYSE_NAME,Tempismo dell'araldo di guerra
SKILL_VANGUARD_HWYSE1_DESC,Aumenta la tua Celerità magica di 2
SKILL_VANGUARD_HWYSE1_NAME,Celerità magica
SKILL_VANGUARD_HWYSE2_DESC,Aumenta la tua Probabilità di critico di 2%
SKILL_VANGUARD_HWYSE2_NAME,Aumento della probabilità di critico da Taglio
SKILL_VANGUARD_HWYSW_DESC,Aumenta l'Accumulo di stordimento del 10% \n Aumenta il tuo Danno critico del 12%
SKILL_VANGUARD_HWYSW_NAME,Rintocco dello Spaccacrani
SKILL_VANGUARD_HWYSW1_DESC,Aumenta l'Accumulo di stordimento di 5%
SKILL_VANGUARD_HWYSW1_NAME,Aumento di l'Accumulo di stordimento
SKILL_VANGUARD_HWYSW2_DESC,Aumenta il tuo Danno critico di 6%
SKILL_VANGUARD_HWYSW2_NAME,Aumento di Danno critico
SKILL_VANGUARD_KEYSTONENE_DESC,"Quando stordisci un nemico, scatena un tremore ad area che infligge Danno contundente ad area a tutti quelli attorno"
SKILL_VANGUARD_KEYSTONENE_NAME,Stordimento Frantumante
SKILL_VANGUARD_KEYSTONENW_DESC,"Quando colpisci un nemico sanguinante, hai una probabilità di attivare un attacco rotante ad area che infligge Danno da taglio. La probabilità aumenta per ogni carica di Sanguinamento sui nemici vicini"
SKILL_VANGUARD_KEYSTONENW_NAME,Vortice di Sangue
SKILL_VANGUARD_KEYSTONESE_DESC,"Dopo aver lanciato un incantesimo del Minotauro, il tuo terzo attacco rilascia un tremore che infligge Danno contundente ai nemici vicini."
SKILL_VANGUARD_KEYSTONESE_NAME,Eco Sismica
SKILL_VANGUARD_KEYSTONESW_DESC,Gli attacchi base infliggono Danno contundente anziché Danno da taglio
SKILL_VANGUARD_KEYSTONESW_NAME,Spaccaossa
SKILL_VANGUARD_N10BL1_DESC,Aumenta di 1 il valore massimo di Sanguinamento applicabile.
SKILL_VANGUARD_N10BL1_NAME,Aumento di Sanguinamento max
SKILL_VANGUARD_N10BL2_DESC,Aumenta di 1 il valore massimo di Sanguinamento applicabile.
SKILL_VANGUARD_N10BL2_NAME,Aumento di Sanguinamento max
SKILL_VANGUARD_N10BL3_DESC,Aumenta di 1 il valore massimo di Sanguinamento applicabile.
SKILL_VANGUARD_N10BL3_NAME,Aumento di Sanguinamento max
SKILL_VANGUARD_N10BL4_DESC,Aumenta di 1 il valore massimo di Sanguinamento applicabile.
SKILL_VANGUARD_N10BL4_NAME,Aumento di Sanguinamento max
SKILL_VANGUARD_N10BR1_DESC,Aumenta la tua Penetrazione fisica di 2.
SKILL_VANGUARD_N10BR1_NAME,Penetrazione fisica
SKILL_VANGUARD_N10BR2_DESC,Aumenta la tua Penetrazione fisica di 2.
SKILL_VANGUARD_N10BR2_NAME,Penetrazione fisica
SKILL_VANGUARD_N10BR3_DESC,Aumenta la tua Penetrazione fisica di 2.
SKILL_VANGUARD_N10BR3_NAME,Penetrazione fisica
SKILL_VANGUARD_N10BR4_DESC,Aumenta la tua Penetrazione fisica di 2.
SKILL_VANGUARD_N10BR4_NAME,Penetrazione fisica
SKILL_VANGUARD_N16BL1_DESC,Aumenta la tua Probabilità di critico contro i nemici sanguinanti di 4%
SKILL_VANGUARD_N16BL1_NAME,Probabilità di critico vs. sanguinamento
SKILL_VANGUARD_N16BL2_DESC,Aumenta la tua Probabilità di critico contro i nemici sanguinanti di 4%
SKILL_VANGUARD_N16BL2_NAME,Probabilità di critico vs. sanguinamento
SKILL_VANGUARD_N16BL3_DESC,Aumenta la tua Probabilità di critico contro i nemici sanguinanti di 4%
SKILL_VANGUARD_N16BL3_NAME,Probabilità di critico vs. sanguinamento
SKILL_VANGUARD_N16BL4_DESC,Aumenta la tua Probabilità di critico contro i nemici sanguinanti di 4%
SKILL_VANGUARD_N16BL4_NAME,Probabilità di critico vs. sanguinamento
SKILL_VANGUARD_N16BR1_DESC,Aumenta il tuo Danno critico contro i nemici storditi di 10%
SKILL_VANGUARD_N16BR1_NAME,Danno critico vs. stordito
SKILL_VANGUARD_N16BR2_DESC,Aumenta il tuo Danno critico contro i nemici storditi di 10%
SKILL_VANGUARD_N16BR2_NAME,Danno critico vs. stordito
SKILL_VANGUARD_N16BR3_DESC,Aumenta il tuo Danno critico contro i nemici storditi di 10%
SKILL_VANGUARD_N16BR3_NAME,Danno critico vs. stordito
SKILL_VANGUARD_N16BR4_DESC,Aumenta il tuo Danno critico contro i nemici storditi di 10%
SKILL_VANGUARD_N16BR4_NAME,Danno critico vs. stordito
SKILL_VANGUARD_NBL1_DESC,Aumenta di 3 il Sanguinamento massimo che puoi applicare. \n Aumenta la tua Probabilità di critico contro i nemici sanguinanti dell'8%
SKILL_VANGUARD_NBL1_NAME,Figlio del Corno Sanguinario
SKILL_VANGUARD_NBR1_DESC,Aumenta la tua Penetrazione fisica di 5. \n Aumenta il tuo Danno critico contro i nemici storditi del 25%
SKILL_VANGUARD_NBR1_NAME,Soldato dal corno di ferro
SKILL_VANGUARD_S10BL1_DESC,Aumenta di 5% il danno del tuo Attacchi
SKILL_VANGUARD_S10BL1_NAME,Aumento del danno d'attacco
SKILL_VANGUARD_S10BL2_DESC,Aumenta di 5% il danno del tuo Attacchi
SKILL_VANGUARD_S10BL2_NAME,Aumento del danno d'attacco
SKILL_VANGUARD_S10BL3_DESC,Aumenta di 5% il danno del tuo Attacchi
SKILL_VANGUARD_S10BL3_NAME,Aumento del danno d'attacco
SKILL_VANGUARD_S10BL4_DESC,Aumenta di 5% il danno del tuo Attacchi
SKILL_VANGUARD_S10BL4_NAME,Aumento del danno d'attacco
SKILL_VANGUARD_S10BR1_DESC,Aumenta il tuo Danno contundente di 3%
SKILL_VANGUARD_S10BR1_NAME,Aumento di Danno contundente
SKILL_VANGUARD_S10BR2_DESC,Aumenta il tuo Danno contundente di 3%
SKILL_VANGUARD_S10BR2_NAME,Aumento di Danno contundente
SKILL_VANGUARD_S10BR3_DESC,Aumenta il tuo Danno contundente di 3%
SKILL_VANGUARD_S10BR3_NAME,Aumento di Danno contundente
SKILL_VANGUARD_S10BR4_DESC,Aumenta il tuo Danno contundente di 3%
SKILL_VANGUARD_S10BR4_NAME,Aumento di Danno contundente
SKILL_VANGUARD_S16BL1_DESC,Aumenta il tuo Danno critico contro i nemici storditi di 10%
SKILL_VANGUARD_S16BL1_NAME,Danno critico vs. stordito
SKILL_VANGUARD_S16BL2_DESC,Aumenta il tuo Danno critico contro i nemici storditi di 10%
SKILL_VANGUARD_S16BL2_NAME,Danno critico vs. stordito
SKILL_VANGUARD_S16BL3_DESC,Aumenta il tuo Danno critico contro i nemici storditi di 10%
SKILL_VANGUARD_S16BL3_NAME,Danno critico vs. stordito
SKILL_VANGUARD_S16BL4_DESC,Aumenta il tuo Danno critico contro i nemici storditi di 10%
SKILL_VANGUARD_S16BL4_NAME,Danno critico vs. stordito
SKILL_VANGUARD_S16BR1_DESC,Aumenta di 3 il valore massimo di Concentrazione.
SKILL_VANGUARD_S16BR1_NAME,Aumento di Concentrazione max
SKILL_VANGUARD_S16BR2_DESC,Aumenta di 3 il valore massimo di Concentrazione.
SKILL_VANGUARD_S16BR2_NAME,Aumento di Concentrazione max
SKILL_VANGUARD_S16BR3_DESC,Aumenta di 3 il valore massimo di Concentrazione.
SKILL_VANGUARD_S16BR3_NAME,Aumento di Concentrazione max
SKILL_VANGUARD_S16BR4_DESC,Aumenta di 3 il valore massimo di Concentrazione.
SKILL_VANGUARD_S16BR4_NAME,Aumento di Concentrazione max
SKILL_VANGUARD_SBL1_DESC,Aumenta il danno dei tuoi Attacchi del 12% \n Aumenta il tuo Danno critico contro i nemici storditi del 25%
SKILL_VANGUARD_SBL1_NAME,Toro Furente
SKILL_VANGUARD_SBR1_DESC,Aumenta il tuo Danno contundente del 9% \n Aumenta la tua Concentrazione massima di 9.
SKILL_VANGUARD_SBR1_NAME,Pugno degli Spaccapietre
SKILL_VANGUARD_STARTLINK1_DESC,Aumenta di 8 il valore massimo di Salute.
SKILL_VANGUARD_STARTLINK1_NAME,Potenziamento di Salute
SKILL_VANGUARD_STARTLINK2_DESC,Aumenta di 3 il valore massimo di Vigore.
SKILL_VANGUARD_STARTLINK2_NAME,Potenziamento di Vigore
SKILL_VANGUARD_W10BL1_DESC,Aumenta il tuo Danno contundente di 3%
SKILL_VANGUARD_W10BL1_NAME,Aumento di Danno contundente
SKILL_VANGUARD_W10BL2_DESC,Aumenta il tuo Danno contundente di 3%
SKILL_VANGUARD_W10BL2_NAME,Aumento di Danno contundente
SKILL_VANGUARD_W10BL3_DESC,Aumenta il tuo Danno contundente di 3%
SKILL_VANGUARD_W10BL3_NAME,Aumento di Danno contundente
SKILL_VANGUARD_W10BL4_DESC,Aumenta il tuo Danno contundente di 3%
SKILL_VANGUARD_W10BL4_NAME,Aumento di Danno contundente
SKILL_VANGUARD_W10BR1_DESC,Aumenta la tua Velocità d'attacco di 3%
SKILL_VANGUARD_W10BR1_NAME,Aumento di Velocità d'attacco
SKILL_VANGUARD_W10BR2_DESC,Aumenta la tua Velocità d'attacco di 3%
SKILL_VANGUARD_W10BR2_NAME,Aumento di Velocità d'attacco
SKILL_VANGUARD_W10BR3_DESC,Aumenta la tua Velocità d'attacco di 3%
SKILL_VANGUARD_W10BR3_NAME,Aumento di Velocità d'attacco
SKILL_VANGUARD_W10BR4_DESC,Aumenta la tua Velocità d'attacco di 3%
SKILL_VANGUARD_W10BR4_NAME,Aumento di Velocità d'attacco
SKILL_VANGUARD_W16BL1_DESC,Aumenta l'Accumulo di stordimento di 5%
SKILL_VANGUARD_W16BL1_NAME,Aumento di l'Accumulo di stordimento
SKILL_VANGUARD_W16BL2_DESC,Aumenta l'Accumulo di stordimento di 5%
SKILL_VANGUARD_W16BL2_NAME,Aumento di l'Accumulo di stordimento
SKILL_VANGUARD_W16BL3_DESC,Aumenta l'Accumulo di stordimento di 5%
SKILL_VANGUARD_W16BL3_NAME,Aumento di l'Accumulo di stordimento
SKILL_VANGUARD_W16BL4_DESC,Aumenta l'Accumulo di stordimento di 5%
SKILL_VANGUARD_W16BL4_NAME,Aumento di l'Accumulo di stordimento
SKILL_VANGUARD_W16BR1_DESC,Aumenta il tuo Danno critico contro i nemici sanguinanti di 6%
SKILL_VANGUARD_W16BR1_NAME,Danno critico vs. sanguinamento
SKILL_VANGUARD_W16BR2_DESC,Aumenta il tuo Danno critico contro i nemici sanguinanti di 6%
SKILL_VANGUARD_W16BR2_NAME,Danno critico vs. sanguinamento
SKILL_VANGUARD_W16BR3_DESC,Aumenta il tuo Danno critico contro i nemici sanguinanti di 6%
SKILL_VANGUARD_W16BR3_NAME,Danno critico vs. sanguinamento
SKILL_VANGUARD_W16BR4_DESC,Aumenta il tuo Danno critico contro i nemici sanguinanti di 6%
SKILL_VANGUARD_W16BR4_NAME,Danno critico vs. sanguinamento
SKILL_VANGUARD_WBL1_DESC,Aumenta il tuo Danno contundente di 9% \n Aumenta l'Accumulo di stordimento di 15%
SKILL_VANGUARD_WBL1_NAME,Figlio del sangue e della pietra
SKILL_VANGUARD_WBR1_DESC,Aumenta la tua Velocità d'attacco di 9% \n Aumenta il tuo Danno critico contro i nemici sanguinanti di 18%
SKILL_VANGUARD_WBR1_NAME,Vista del Toro Sanguinario
SKILL_WILDSTRIDER_E10BL1_DESC,Aumenta la tua Velocità d'attacco di 3%
SKILL_WILDSTRIDER_E10BL1_NAME,Aumento di Velocità d'attacco
SKILL_WILDSTRIDER_E10BL2_DESC,Aumenta la tua Velocità d'attacco di 3%
SKILL_WILDSTRIDER_E10BL2_NAME,Aumento di Velocità d'attacco
SKILL_WILDSTRIDER_E10BL3_DESC,Aumenta la tua Velocità d'attacco di 3%
SKILL_WILDSTRIDER_E10BL3_NAME,Aumento di Velocità d'attacco
SKILL_WILDSTRIDER_E10BL4_DESC,Aumenta la tua Velocità d'attacco di 3%
SKILL_WILDSTRIDER_E10BL4_NAME,Aumento di Velocità d'attacco
SKILL_WILDSTRIDER_E10BR1_DESC,Aumenta l'Accumulo di stordimento di 5%
SKILL_WILDSTRIDER_E10BR1_NAME,Aumento di l'Accumulo di stordimento
SKILL_WILDSTRIDER_E10BR2_DESC,Aumenta l'Accumulo di stordimento di 5%
SKILL_WILDSTRIDER_E10BR2_NAME,Aumento di l'Accumulo di stordimento
SKILL_WILDSTRIDER_E10BR3_DESC,Aumenta l'Accumulo di stordimento di 5%
SKILL_WILDSTRIDER_E10BR3_NAME,Aumento di l'Accumulo di stordimento
SKILL_WILDSTRIDER_E10BR4_DESC,Aumenta l'Accumulo di stordimento di 5%
SKILL_WILDSTRIDER_E10BR4_NAME,Aumento di l'Accumulo di stordimento
SKILL_WILDSTRIDER_E16BL1_DESC,Aumenta la tua Probabilità di critico contro i nemici storditi di 6%
SKILL_WILDSTRIDER_E16BL1_NAME,Probabilità di critico vs. stordito
SKILL_WILDSTRIDER_E16BL2_DESC,Aumenta la tua Probabilità di critico contro i nemici storditi di 6%
SKILL_WILDSTRIDER_E16BL2_NAME,Probabilità di critico vs. stordito
SKILL_WILDSTRIDER_E16BL3_DESC,Aumenta la tua Probabilità di critico contro i nemici storditi di 6%
SKILL_WILDSTRIDER_E16BL3_NAME,Probabilità di critico vs. stordito
SKILL_WILDSTRIDER_E16BL4_DESC,Aumenta la tua Probabilità di critico contro i nemici storditi di 6%
SKILL_WILDSTRIDER_E16BL4_NAME,Probabilità di critico vs. stordito
SKILL_WILDSTRIDER_E16BR1_DESC,Aumenta di 4% il tuo danno contro i nemici storditi.
SKILL_WILDSTRIDER_E16BR1_NAME,Danno vs. stordito
SKILL_WILDSTRIDER_E16BR2_DESC,Aumenta di 4% il tuo danno contro i nemici storditi.
SKILL_WILDSTRIDER_E16BR2_NAME,Danno vs. stordito
SKILL_WILDSTRIDER_E16BR3_DESC,Aumenta di 4% il tuo danno contro i nemici storditi.
SKILL_WILDSTRIDER_E16BR3_NAME,Danno vs. stordito
SKILL_WILDSTRIDER_E16BR4_DESC,Aumenta di 4% il tuo danno contro i nemici storditi.
SKILL_WILDSTRIDER_E16BR4_NAME,Danno vs. stordito
SKILL_WILDSTRIDER_EBL1_DESC,Aumenta la tua Velocità d'attacco di 9% \n Aumenta la tua Probabilità di critico contro i nemici storditi di 12%
SKILL_WILDSTRIDER_EBL1_NAME,Rissoso errante
SKILL_WILDSTRIDER_EBR1_DESC,Aumenta l'Accumulo di stordimento del 15% \n Aumenta il tuo danno contro i nemici storditi del 12%.
SKILL_WILDSTRIDER_EBR1_NAME,Pugile professionista
SKILL_WILDSTRIDER_HWYNE_DESC,Aumenta la tua Celerità magica di 4. \n Aumenta l'Accumulo di stordimento del 10%
SKILL_WILDSTRIDER_HWYNE_NAME,Impeto percussivo
SKILL_WILDSTRIDER_HWYNE1_DESC,Aumenta la tua Celerità magica di 2
SKILL_WILDSTRIDER_HWYNE1_NAME,Celerità magica
SKILL_WILDSTRIDER_HWYNE2_DESC,Aumenta l'Accumulo di stordimento di 5%
SKILL_WILDSTRIDER_HWYNE2_NAME,Aumento di l'Accumulo di stordimento
SKILL_WILDSTRIDER_HWYNW_DESC,Aumenta la tua Velocità d'attacco di 6% \n Aumenta la tua Celerità magica di 4.
SKILL_WILDSTRIDER_HWYNW_NAME,Cadenza del viandante
SKILL_WILDSTRIDER_HWYNW1_DESC,Aumenta la tua Velocità d'attacco di 3%
SKILL_WILDSTRIDER_HWYNW1_NAME,Aumento di Velocità d'attacco
SKILL_WILDSTRIDER_HWYNW2_DESC,Aumenta la tua Celerità magica di 2.
SKILL_WILDSTRIDER_HWYNW2_NAME,Celerità magica
SKILL_WILDSTRIDER_HWYSE_DESC,Aumenta di 2 il valore massimo di Veleno applicabile. \n Aumenta la tua Probabilità di critico di 4%
SKILL_WILDSTRIDER_HWYSE_NAME,Mira avvelenata
SKILL_WILDSTRIDER_HWYSE1_DESC,Aumenta di 1 il valore massimo di Veleno applicabile.
SKILL_WILDSTRIDER_HWYSE1_NAME,Aumento di Veleno max
SKILL_WILDSTRIDER_HWYSE2_DESC,Aumenta la tua Probabilità di critico di 2%
SKILL_WILDSTRIDER_HWYSE2_NAME,Aumento della probabilità di critico da Taglio
SKILL_WILDSTRIDER_HWYSW_DESC,Aumenta di 2 il valore massimo di Sanguinamento applicabile. \n Aumenta il tuo Danno critico di 12%
SKILL_WILDSTRIDER_HWYSW_NAME,Ricompensa del macellaio
SKILL_WILDSTRIDER_HWYSW1_DESC,Aumenta di 1 il valore massimo di Sanguinamento applicabile.
SKILL_WILDSTRIDER_HWYSW1_NAME,Aumento di Sanguinamento max
SKILL_WILDSTRIDER_HWYSW2_DESC,Aumenta il tuo Danno critico di 6%
SKILL_WILDSTRIDER_HWYSW2_NAME,Aumento di Danno critico
SKILL_WILDSTRIDER_KEYSTONENE_DESC,"Dopo aver usato Cambio arma, per 5 secondi lanci automaticamente Jab rapido contro un bersaglio vicino quando attacchi in mischia."
SKILL_WILDSTRIDER_KEYSTONENE_NAME,Jab Intrecciati
SKILL_WILDSTRIDER_KEYSTONENW_DESC,Colpire un nemico con il tuo terzo attacco in mischia mentre hai più di 5 Furia consuma la tua Furia per lanciare Polverizza senza costi. Può verificarsi solo una volta ogni 2 secondi.
SKILL_WILDSTRIDER_KEYSTONENW_NAME,Frenesia Polverizzante
SKILL_WILDSTRIDER_KEYSTONESE_DESC,Il tuo Danno da veleno genera anche Accumulo di stordimento.
SKILL_WILDSTRIDER_KEYSTONESE_NAME,Piaga Nervosa
SKILL_WILDSTRIDER_KEYSTONESW_DESC,Colpire un nemico sanguinante con un attacco a distanza conferisce il 2% di Velocità d'attacco per carica di Sanguinamento sul bersaglio per 5 secondi.
SKILL_WILDSTRIDER_KEYSTONESW_NAME,Vedere Rosso
SKILL_WILDSTRIDER_N10BL1_DESC,Aumenta l'Accumulo di stordimento di 5%
SKILL_WILDSTRIDER_N10BL1_NAME,Aumento di l'Accumulo di stordimento
SKILL_WILDSTRIDER_N10BL2_DESC,Aumenta l'Accumulo di stordimento di 5%
SKILL_WILDSTRIDER_N10BL2_NAME,Aumento di l'Accumulo di stordimento
SKILL_WILDSTRIDER_N10BL3_DESC,Aumenta l'Accumulo di stordimento di 5%
SKILL_WILDSTRIDER_N10BL3_NAME,Aumento di l'Accumulo di stordimento
SKILL_WILDSTRIDER_N10BL4_DESC,Aumenta l'Accumulo di stordimento di 5%
SKILL_WILDSTRIDER_N10BL4_NAME,Aumento di l'Accumulo di stordimento
SKILL_WILDSTRIDER_N10BR1_DESC,Aumenta di 3% tutto il Danno fisico
SKILL_WILDSTRIDER_N10BR1_NAME,Aumento di Danno fisico
SKILL_WILDSTRIDER_N10BR2_DESC,Aumenta di 3% tutto il Danno fisico
SKILL_WILDSTRIDER_N10BR2_NAME,Aumento di Danno fisico
SKILL_WILDSTRIDER_N10BR3_DESC,Aumenta di 3% tutto il Danno fisico
SKILL_WILDSTRIDER_N10BR3_NAME,Aumento di Danno fisico
SKILL_WILDSTRIDER_N10BR4_DESC,Aumenta di 3% tutto il Danno fisico
SKILL_WILDSTRIDER_N10BR4_NAME,Aumento di Danno fisico
SKILL_WILDSTRIDER_N16BL1_DESC,Aumenta di 3% tutto il Danno fisico
SKILL_WILDSTRIDER_N16BL1_NAME,Aumento di Danno fisico
SKILL_WILDSTRIDER_N16BL2_DESC,Aumenta di 3% tutto il Danno fisico
SKILL_WILDSTRIDER_N16BL2_NAME,Aumento di Danno fisico
SKILL_WILDSTRIDER_N16BL3_DESC,Aumenta di 3% tutto il Danno fisico
SKILL_WILDSTRIDER_N16BL3_NAME,Aumento di Danno fisico
SKILL_WILDSTRIDER_N16BL4_DESC,Aumenta di 3% tutto il Danno fisico
SKILL_WILDSTRIDER_N16BL4_NAME,Aumento di Danno fisico
SKILL_WILDSTRIDER_N16BR1_DESC,Aumenta il tuo Danno critico contro i nemici storditi di 10%
SKILL_WILDSTRIDER_N16BR1_NAME,Danno critico vs. stordito
SKILL_WILDSTRIDER_N16BR2_DESC,Aumenta il tuo Danno critico contro i nemici storditi di 10%
SKILL_WILDSTRIDER_N16BR2_NAME,Danno critico vs. stordito
SKILL_WILDSTRIDER_N16BR3_DESC,Aumenta il tuo Danno critico contro i nemici storditi di 10%
SKILL_WILDSTRIDER_N16BR3_NAME,Danno critico vs. stordito
SKILL_WILDSTRIDER_N16BR4_DESC,Aumenta il tuo Danno critico contro i nemici storditi di 10%
SKILL_WILDSTRIDER_N16BR4_NAME,Danno critico vs. stordito
SKILL_WILDSTRIDER_NBL1_DESC,Aumenta l'Accumulo di stordimento del 15% \n Aumenta tutto il Danno fisico del 9%
SKILL_WILDSTRIDER_NBL1_NAME,Ranger errante
SKILL_WILDSTRIDER_NBR1_DESC,Aumenta tutto il Danno fisico del 9% \n Aumenta il tuo Danno critico contro i nemici storditi del 25%
SKILL_WILDSTRIDER_NBR1_NAME,Cacciatore rinomato
SKILL_WILDSTRIDER_S10BL1_DESC,Aumenta di 1 secondo la durata del tuo Sanguinamento.
SKILL_WILDSTRIDER_S10BL1_NAME,Aumento di Durata Sanguinamento
SKILL_WILDSTRIDER_S10BL2_DESC,Aumenta di 1 secondo la durata del tuo Sanguinamento.
SKILL_WILDSTRIDER_S10BL2_NAME,Aumento di Durata Sanguinamento
SKILL_WILDSTRIDER_S10BL3_DESC,Aumenta di 1 secondo la durata del tuo Sanguinamento.
SKILL_WILDSTRIDER_S10BL3_NAME,Aumento di Durata Sanguinamento
SKILL_WILDSTRIDER_S10BL4_DESC,Aumenta di 1 secondo la durata del tuo Sanguinamento.
SKILL_WILDSTRIDER_S10BL4_NAME,Aumento di Durata Sanguinamento
SKILL_WILDSTRIDER_S10BR1_DESC,Aumenta di 1 secondo la durata del tuo Veleno.
SKILL_WILDSTRIDER_S10BR1_NAME,Aumento di Durata Veleno
SKILL_WILDSTRIDER_S10BR2_DESC,Aumenta di 1 secondo la durata del tuo Veleno.
SKILL_WILDSTRIDER_S10BR2_NAME,Aumento di Durata Veleno
SKILL_WILDSTRIDER_S10BR3_DESC,Aumenta di 1 secondo la durata del tuo Veleno.
SKILL_WILDSTRIDER_S10BR3_NAME,Aumento di Durata Veleno
SKILL_WILDSTRIDER_S10BR4_DESC,Aumenta di 1 secondo la durata del tuo Veleno.
SKILL_WILDSTRIDER_S10BR4_NAME,Aumento di Durata Veleno
SKILL_WILDSTRIDER_S16BL1_DESC,Aumenta la tua Probabilità di critico contro i nemici sanguinanti di 4%
SKILL_WILDSTRIDER_S16BL1_NAME,Probabilità di critico vs. sanguinamento
SKILL_WILDSTRIDER_S16BL2_DESC,Aumenta la tua Probabilità di critico contro i nemici sanguinanti di 4%
SKILL_WILDSTRIDER_S16BL2_NAME,Probabilità di critico vs. sanguinamento
SKILL_WILDSTRIDER_S16BL3_DESC,Aumenta la tua Probabilità di critico contro i nemici sanguinanti di 4%
SKILL_WILDSTRIDER_S16BL3_NAME,Probabilità di critico vs. sanguinamento
SKILL_WILDSTRIDER_S16BL4_DESC,Aumenta la tua Probabilità di critico contro i nemici sanguinanti di 4%
SKILL_WILDSTRIDER_S16BL4_NAME,Probabilità di critico vs. sanguinamento
SKILL_WILDSTRIDER_S16BR1_DESC,Aumenta la tua Probabilità di critico contro i nemici avvelenati di 4%
SKILL_WILDSTRIDER_S16BR1_NAME,Probabilità di critico vs. avvelenati
SKILL_WILDSTRIDER_S16BR2_DESC,Aumenta la tua Probabilità di critico contro i nemici avvelenati di 4%
SKILL_WILDSTRIDER_S16BR2_NAME,Probabilità di critico vs. avvelenati
SKILL_WILDSTRIDER_S16BR3_DESC,Aumenta la tua Probabilità di critico contro i nemici avvelenati di 4%
SKILL_WILDSTRIDER_S16BR3_NAME,Probabilità di critico vs. avvelenati
SKILL_WILDSTRIDER_S16BR4_DESC,Aumenta la tua Probabilità di critico contro i nemici avvelenati di 4%
SKILL_WILDSTRIDER_S16BR4_NAME,Probabilità di critico vs. avvelenati
SKILL_WILDSTRIDER_SBL1_DESC,Aumenta la durata del tuo Sanguinamento di 2 secondi. \n Aumenta la tua Probabilità di critico contro i nemici sanguinanti dell'8%
SKILL_WILDSTRIDER_SBL1_NAME,Cacciatore dell'odore del sangue
SKILL_WILDSTRIDER_SBR1_DESC,Aumenta la durata del tuo Veleno di 1 secondo. \n Aumenta la tua Probabilità di critico contro i nemici avvelenati dell'8%
SKILL_WILDSTRIDER_SBR1_NAME,Ranger dalle punte avvelenate
SKILL_WILDSTRIDER_STARTLINK1_DESC,Aumenta di 8 il valore massimo di Salute.
SKILL_WILDSTRIDER_STARTLINK1_NAME,Potenziamento di Salute
SKILL_WILDSTRIDER_STARTLINK2_DESC,Aumenta di 3 il valore massimo di Concentrazione.
SKILL_WILDSTRIDER_STARTLINK2_NAME,Potenziamento di Concentrazione
SKILL_WILDSTRIDER_W10BL1_DESC,Aumenta la tua Velocità d'attacco di 3%
SKILL_WILDSTRIDER_W10BL1_NAME,Aumento di Velocità d'attacco
SKILL_WILDSTRIDER_W10BL2_DESC,Aumenta la tua Velocità d'attacco di 3%
SKILL_WILDSTRIDER_W10BL2_NAME,Aumento di Velocità d'attacco
SKILL_WILDSTRIDER_W10BL3_DESC,Aumenta la tua Velocità d'attacco di 3%
SKILL_WILDSTRIDER_W10BL3_NAME,Aumento di Velocità d'attacco
SKILL_WILDSTRIDER_W10BL4_DESC,Aumenta la tua Velocità d'attacco di 3%
SKILL_WILDSTRIDER_W10BL4_NAME,Aumento di Velocità d'attacco
SKILL_WILDSTRIDER_W10BR1_DESC,Aumenta di 1 secondi la durata della tua Furia.
SKILL_WILDSTRIDER_W10BR1_NAME,Aumento di Durata Furia
SKILL_WILDSTRIDER_W10BR2_DESC,Aumenta di 1 secondi la durata della tua Furia.
SKILL_WILDSTRIDER_W10BR2_NAME,Aumento di Durata Furia
SKILL_WILDSTRIDER_W10BR3_DESC,Aumenta di 1 secondi la durata della tua Furia.
SKILL_WILDSTRIDER_W10BR3_NAME,Aumento di Durata Furia
SKILL_WILDSTRIDER_W10BR4_DESC,Aumenta di 1 secondi la durata della tua Furia.
SKILL_WILDSTRIDER_W10BR4_NAME,Aumento di Durata Furia
SKILL_WILDSTRIDER_W16BL1_DESC,Aumenta di 1 secondo la durata del tuo Sanguinamento.
SKILL_WILDSTRIDER_W16BL1_NAME,Aumento di Durata Sanguinamento
SKILL_WILDSTRIDER_W16BL2_DESC,Aumenta di 1 secondo la durata del tuo Sanguinamento.
SKILL_WILDSTRIDER_W16BL2_NAME,Aumento di Durata Sanguinamento
SKILL_WILDSTRIDER_W16BL3_DESC,Aumenta di 1 secondo la durata del tuo Sanguinamento.
SKILL_WILDSTRIDER_W16BL3_NAME,Aumento di Durata Sanguinamento
SKILL_WILDSTRIDER_W16BL4_DESC,Aumenta di 1 secondo la durata del tuo Sanguinamento.
SKILL_WILDSTRIDER_W16BL4_NAME,Aumento di Durata Sanguinamento
SKILL_WILDSTRIDER_W16BR1_DESC,Aumenta di 4% il tuo danno contro i nemici storditi.
SKILL_WILDSTRIDER_W16BR1_NAME,Danno vs. stordito
SKILL_WILDSTRIDER_W16BR2_DESC,Aumenta di 4% il tuo danno contro i nemici storditi.
SKILL_WILDSTRIDER_W16BR2_NAME,Danno vs. stordito
SKILL_WILDSTRIDER_W16BR3_DESC,Aumenta di 4% il tuo danno contro i nemici storditi.
SKILL_WILDSTRIDER_W16BR3_NAME,Danno vs. stordito
SKILL_WILDSTRIDER_W16BR4_DESC,Aumenta di 4% il tuo danno contro i nemici storditi.
SKILL_WILDSTRIDER_W16BR4_NAME,Danno vs. stordito
SKILL_WILDSTRIDER_WBL1_DESC,Aumenta la tua Velocità d'attacco di 9% \n Aumenta di 2 secondi la durata del tuo Sanguinamento.
SKILL_WILDSTRIDER_WBL1_NAME,Rissoso assetato di sangue
SKILL_WILDSTRIDER_WBR1_DESC,Aumenta la durata della tua Furia di 1 secondo. \n Aumenta il tuo danno contro i nemici storditi del 12%.
SKILL_WILDSTRIDER_WBR1_NAME,Combattente vincolato alla furia
SKILL_XWINDREADHORN_E10BL1_DESC,Aumenta la tua Velocità d'attacco di 3%
SKILL_XWINDREADHORN_E10BL1_NAME,Aumento di Velocità d'attacco
SKILL_XWINDREADHORN_E10BL2_DESC,Aumenta la tua Velocità d'attacco di 3%
SKILL_XWINDREADHORN_E10BL2_NAME,Aumento di Velocità d'attacco
SKILL_XWINDREADHORN_E10BL3_DESC,Aumenta la tua Velocità d'attacco di 3%
SKILL_XWINDREADHORN_E10BL3_NAME,Aumento di Velocità d'attacco
SKILL_XWINDREADHORN_E10BL4_DESC,Aumenta la tua Velocità d'attacco di 3%
SKILL_XWINDREADHORN_E10BL4_NAME,Aumento di Velocità d'attacco
SKILL_XWINDREADHORN_E10BR1_DESC,Aumenta il tuo Danno contundente di 3%
SKILL_XWINDREADHORN_E10BR1_NAME,Aumento di Danno contundente
SKILL_XWINDREADHORN_E10BR2_DESC,Aumenta il tuo Danno contundente di 3%
SKILL_XWINDREADHORN_E10BR2_NAME,Aumento di Danno contundente
SKILL_XWINDREADHORN_E10BR3_DESC,Aumenta il tuo Danno contundente di 3%
SKILL_XWINDREADHORN_E10BR3_NAME,Aumento di Danno contundente
SKILL_XWINDREADHORN_E10BR4_DESC,Aumenta il tuo Danno contundente di 3%
SKILL_XWINDREADHORN_E10BR4_NAME,Aumento di Danno contundente
SKILL_XWINDREADHORN_E16BL1_DESC,Aumenta di 20% il danno del tuo Sanguinamento
SKILL_XWINDREADHORN_E16BL1_NAME,Aumento del danno da Sanguinamento
SKILL_XWINDREADHORN_E16BL2_DESC,Aumenta di 20% il danno del tuo Sanguinamento
SKILL_XWINDREADHORN_E16BL2_NAME,Aumento del danno da Sanguinamento
SKILL_XWINDREADHORN_E16BL3_DESC,Aumenta di 20% il danno del tuo Sanguinamento
SKILL_XWINDREADHORN_E16BL3_NAME,Aumento del danno da Sanguinamento
SKILL_XWINDREADHORN_E16BL4_DESC,Aumenta di 20% il danno del tuo Sanguinamento
SKILL_XWINDREADHORN_E16BL4_NAME,Aumento del danno da Sanguinamento
SKILL_XWINDREADHORN_E16BR1_DESC,Aumenta di 0.5 secondi la durata del tuo Cloni d'ombra.
SKILL_XWINDREADHORN_E16BR1_NAME,Aumento di Durata Clone d'ombra
SKILL_XWINDREADHORN_E16BR2_DESC,Aumenta di 0.5 secondi la durata del tuo Cloni d'ombra.
SKILL_XWINDREADHORN_E16BR2_NAME,Aumento di Durata Clone d'ombra
SKILL_XWINDREADHORN_E16BR3_DESC,Aumenta di 0.5 secondi la durata del tuo Cloni d'ombra.
SKILL_XWINDREADHORN_E16BR3_NAME,Aumento di Durata Clone d'ombra
SKILL_XWINDREADHORN_E16BR4_DESC,Aumenta di 0.5 secondi la durata del tuo Cloni d'ombra.
SKILL_XWINDREADHORN_E16BR4_NAME,Aumento di Durata Clone d'ombra
SKILL_XWINDREADHORN_EBL1_DESC,Aumenta la tua Velocità d'attacco del 9% \n Aumenta il danno del tuo Sanguinamento del 60%
SKILL_XWINDREADHORN_EBL1_NAME,Filo del Cornispavento
SKILL_XWINDREADHORN_EBR1_DESC,Aumenta il tuo Danno contundente di 9% \n Aumenta di 1.5 secondi la durata del tuo Cloni d'ombra.
SKILL_XWINDREADHORN_EBR1_NAME,Ombra sismica
SKILL_XWINDREADHORN_HWYNE_DESC,Aumenta di 2 il valore massimo di Sanguinamento applicabile. \n Aumenta la tua Velocità d'attacco di 6%
SKILL_XWINDREADHORN_HWYNE_NAME,Frenesia delle incornate
SKILL_XWINDREADHORN_HWYNE1_DESC,Aumenta di 1 il valore massimo di Sanguinamento applicabile.
SKILL_XWINDREADHORN_HWYNE1_NAME,Aumento di Sanguinamento max
SKILL_XWINDREADHORN_HWYNE2_DESC,Aumenta la tua Velocità d'attacco di 3%
SKILL_XWINDREADHORN_HWYNE2_NAME,Aumento di Velocità d'attacco
SKILL_XWINDREADHORN_HWYNW_DESC,Aumenta la tua Velocità d'attacco di 6% \n Aumenta la tua Celerità magica di 4.
SKILL_XWINDREADHORN_HWYNW_NAME,Slancio terrificante
SKILL_XWINDREADHORN_HWYNW1_DESC,Aumenta la tua Velocità d'attacco di 3%
SKILL_XWINDREADHORN_HWYNW1_NAME,Aumento di Velocità d'attacco
SKILL_XWINDREADHORN_HWYNW2_DESC,Aumenta la tua Celerità magica di 2
SKILL_XWINDREADHORN_HWYNW2_NAME,Celerità magica
SKILL_XWINDREADHORN_HWYSE_DESC,Aumenta la tua Celerità magica di 4. \n Aumenta la tua Probabilità di critico del 4%
SKILL_XWINDREADHORN_HWYSE_NAME,Precisione funesta
SKILL_XWINDREADHORN_HWYSE1_DESC,Aumenta la tua Celerità magica di 2
SKILL_XWINDREADHORN_HWYSE1_NAME,Celerità magica
SKILL_XWINDREADHORN_HWYSE2_DESC,Aumenta la tua Probabilità di critico di 2%
SKILL_XWINDREADHORN_HWYSE2_NAME,Aumento della probabilità di critico da Taglio
SKILL_XWINDREADHORN_HWYSW_DESC,Aumenta l'Accumulo di stordimento del 10% \n Aumenta il tuo Danno critico del 12%
SKILL_XWINDREADHORN_HWYSW_NAME,Carica del Cornispavento
SKILL_XWINDREADHORN_HWYSW1_DESC,Aumenta l'Accumulo di stordimento di 5%
SKILL_XWINDREADHORN_HWYSW1_NAME,Aumento di l'Accumulo di stordimento
SKILL_XWINDREADHORN_HWYSW2_DESC,Aumenta il tuo Danno critico di 6%
SKILL_XWINDREADHORN_HWYSW2_NAME,Aumento di Danno critico
SKILL_XWINDREADHORN_KEYSTONENE_DESC,"Dopo aver interrotto la Furtività, il tuo prossimo Attacco finale entro 5 secondi verifica la tua Furia. Se hai almeno 5 Furia, consuma fino a 10 Furia per infliggere Danno da taglio aumentato e applicare al bersaglio Sanguinamento pari alla Furia consumata. Crea anche un Clone d'ombra nel punto d'impatto per 8 secondi, poi invia i Cloni d'ombra vicini, incluso quello creato, a sferrare un colpo pesante d'ascia contro il bersaglio. Questo effetto ha un tempo di recupero di 10 secondi."
SKILL_XWINDREADHORN_KEYSTONENE_NAME,Imboscata dello Spettro Cruento
SKILL_XWINDREADHORN_KEYSTONENW_DESC,"Lanciare un'abilità di Arti dell'ascia o Magia della peste conferisce Mannaia Infettiva per 10 secondi. Mentre Mannaia Infettiva è attiva, il tuo prossimo Attacco finale contro un nemico sanguinante consuma fino a 10 cariche di Sanguinamento per applicare Veleno pari al Sanguinamento consumato e creare una Scarica di Decadimento attorno al bersaglio. Questo effetto ha un tempo di recupero di 6 secondi."
SKILL_XWINDREADHORN_KEYSTONENW_NAME,Mannaia Infettiva
SKILL_XWINDREADHORN_KEYSTONESE_DESC,"Lanciare un'abilità di Magia del Minotauro o Arti dell'ombra crea un Clone d'ombra vicino a te per 8 secondi, poi fa scatenare ai Cloni d'ombra vicini, incluso quello creato, un'Onda d'Ombra nel terreno, infliggendo Danno contundente ai nemici vicini. Questo effetto ha un tempo di recupero di 10 secondi."
SKILL_XWINDREADHORN_KEYSTONESE_NAME,Sisma d'Ombra
SKILL_XWINDREADHORN_KEYSTONESW_DESC,"Lanciare un'abilità di Magia del Minotauro o Magia della peste mentre hai almeno 5 cariche di Inoculazione consuma fino a 10 cariche di Inoculazione per creare un Tremore Pestilenziale per 1 secondo per carica di Inoculazione consumata. Tremore Pestilenziale ti segue, scuotendo continuamente i nemici vicini per infliggere Danno da decadimento, e consuma 2 cariche di Veleno da ogni bersaglio per infliggere Danno da stordimento bonus."
SKILL_XWINDREADHORN_KEYSTONESW_NAME,Tremore Pestilenziale
SKILL_XWINDREADHORN_N10BL1_DESC,Aumenta di 1 il valore massimo di Sanguinamento applicabile.
SKILL_XWINDREADHORN_N10BL1_NAME,Aumento di Sanguinamento max
SKILL_XWINDREADHORN_N10BL2_DESC,Aumenta di 1 il valore massimo di Sanguinamento applicabile.
SKILL_XWINDREADHORN_N10BL2_NAME,Aumento di Sanguinamento max
SKILL_XWINDREADHORN_N10BL3_DESC,Aumenta di 1 il valore massimo di Sanguinamento applicabile.
SKILL_XWINDREADHORN_N10BL3_NAME,Aumento di Sanguinamento max
SKILL_XWINDREADHORN_N10BL4_DESC,Aumenta di 1 il valore massimo di Sanguinamento applicabile.
SKILL_XWINDREADHORN_N10BL4_NAME,Aumento di Sanguinamento max
SKILL_XWINDREADHORN_N10BR1_DESC,Aumenta il tuo Danno da taglio di 3%
SKILL_XWINDREADHORN_N10BR1_NAME,Aumento di Danno da taglio
SKILL_XWINDREADHORN_N10BR2_DESC,Aumenta il tuo Danno da taglio di 3%
SKILL_XWINDREADHORN_N10BR2_NAME,Aumento di Danno da taglio
SKILL_XWINDREADHORN_N10BR3_DESC,Aumenta il tuo Danno da taglio di 3%
SKILL_XWINDREADHORN_N10BR3_NAME,Aumento di Danno da taglio
SKILL_XWINDREADHORN_N10BR4_DESC,Aumenta il tuo Danno da taglio di 3%
SKILL_XWINDREADHORN_N10BR4_NAME,Aumento di Danno da taglio
SKILL_XWINDREADHORN_N16BL1_DESC,Aumenta di 1 secondo la durata del tuo Veleno.
SKILL_XWINDREADHORN_N16BL1_NAME,Aumento di Durata Veleno
SKILL_XWINDREADHORN_N16BL2_DESC,Aumenta di 1 secondo la durata del tuo Veleno.
SKILL_XWINDREADHORN_N16BL2_NAME,Aumento di Durata Veleno
SKILL_XWINDREADHORN_N16BL3_DESC,Aumenta di 1 secondo la durata del tuo Veleno.
SKILL_XWINDREADHORN_N16BL3_NAME,Aumento di Durata Veleno
SKILL_XWINDREADHORN_N16BL4_DESC,Aumenta di 1 secondo la durata del tuo Veleno.
SKILL_XWINDREADHORN_N16BL4_NAME,Aumento di Durata Veleno
SKILL_XWINDREADHORN_N16BR1_DESC,Aumenta di 1 secondi la durata della tua Furia.
SKILL_XWINDREADHORN_N16BR1_NAME,Aumento di Durata Furia
SKILL_XWINDREADHORN_N16BR2_DESC,Aumenta di 1 secondi la durata della tua Furia.
SKILL_XWINDREADHORN_N16BR2_NAME,Aumento di Durata Furia
SKILL_XWINDREADHORN_N16BR3_DESC,Aumenta di 1 secondi la durata della tua Furia.
SKILL_XWINDREADHORN_N16BR3_NAME,Aumento di Durata Furia
SKILL_XWINDREADHORN_N16BR4_DESC,Aumenta di 1 secondi la durata della tua Furia.
SKILL_XWINDREADHORN_N16BR4_NAME,Aumento di Durata Furia
SKILL_XWINDREADHORN_NBL1_DESC,Aumenta di 3 il Sanguinamento massimo che puoi applicare. \n Aumenta la durata del tuo Veleno di 2 secondi.
SKILL_XWINDREADHORN_NBL1_NAME,Spargisangue
SKILL_XWINDREADHORN_NBR1_DESC,Aumenta il tuo Danno da taglio del 9% \n Aumenta la durata della tua Furia di 1 secondo.
SKILL_XWINDREADHORN_NBR1_NAME,Assalitore dal corno spettrale
SKILL_XWINDREADHORN_S10BL1_DESC,Aumenta l'Accumulo di stordimento di 5%
SKILL_XWINDREADHORN_S10BL1_NAME,Aumento di l'Accumulo di stordimento
SKILL_XWINDREADHORN_S10BL2_DESC,Aumenta l'Accumulo di stordimento di 5%
SKILL_XWINDREADHORN_S10BL2_NAME,Aumento di l'Accumulo di stordimento
SKILL_XWINDREADHORN_S10BL3_DESC,Aumenta l'Accumulo di stordimento di 5%
SKILL_XWINDREADHORN_S10BL3_NAME,Aumento di l'Accumulo di stordimento
SKILL_XWINDREADHORN_S10BL4_DESC,Aumenta l'Accumulo di stordimento di 5%
SKILL_XWINDREADHORN_S10BL4_NAME,Aumento di l'Accumulo di stordimento
SKILL_XWINDREADHORN_S10BR1_DESC,Aumenta la tua Celerità magica di 2.
SKILL_XWINDREADHORN_S10BR1_NAME,Aumento di Celerità magica
SKILL_XWINDREADHORN_S10BR2_DESC,Aumenta la tua Celerità magica di 2.
SKILL_XWINDREADHORN_S10BR2_NAME,Aumento di Celerità magica
SKILL_XWINDREADHORN_S10BR3_DESC,Aumenta la tua Celerità magica di 2.
SKILL_XWINDREADHORN_S10BR3_NAME,Aumento di Celerità magica
SKILL_XWINDREADHORN_S10BR4_DESC,Aumenta la tua Celerità magica di 2.
SKILL_XWINDREADHORN_S10BR4_NAME,Aumento di Celerità magica
SKILL_XWINDREADHORN_S16BL1_DESC,Aumenta il tuo Danno da decadimento di 3%
SKILL_XWINDREADHORN_S16BL1_NAME,Aumento di Danno da decadimento
SKILL_XWINDREADHORN_S16BL2_DESC,Aumenta il tuo Danno da decadimento di 3%
SKILL_XWINDREADHORN_S16BL2_NAME,Aumento di Danno da decadimento
SKILL_XWINDREADHORN_S16BL3_DESC,Aumenta il tuo Danno da decadimento di 3%
SKILL_XWINDREADHORN_S16BL3_NAME,Aumento di Danno da decadimento
SKILL_XWINDREADHORN_S16BL4_DESC,Aumenta il tuo Danno da decadimento di 3%
SKILL_XWINDREADHORN_S16BL4_NAME,Aumento di Danno da decadimento
SKILL_XWINDREADHORN_S16BR1_DESC,Aumenta il tuo Danno critico contro i nemici storditi di 10%
SKILL_XWINDREADHORN_S16BR1_NAME,Danno critico vs. stordito
SKILL_XWINDREADHORN_S16BR2_DESC,Aumenta il tuo Danno critico contro i nemici storditi di 10%
SKILL_XWINDREADHORN_S16BR2_NAME,Danno critico vs. stordito
SKILL_XWINDREADHORN_S16BR3_DESC,Aumenta il tuo Danno critico contro i nemici storditi di 10%
SKILL_XWINDREADHORN_S16BR3_NAME,Danno critico vs. stordito
SKILL_XWINDREADHORN_S16BR4_DESC,Aumenta il tuo Danno critico contro i nemici storditi di 10%
SKILL_XWINDREADHORN_S16BR4_NAME,Danno critico vs. stordito
SKILL_XWINDREADHORN_SBL1_DESC,Aumenta l'Accumulo di stordimento del 15% \n Aumenta il tuo Danno da decadimento del 9%
SKILL_XWINDREADHORN_SBL1_NAME,Pestilenza vincolata al tremore
SKILL_XWINDREADHORN_SBR1_DESC,Aumenta la tua Celerità magica di 6. \n Aumenta il tuo Danno critico contro i nemici storditi del 25%
SKILL_XWINDREADHORN_SBR1_NAME,Ombra dell'oratore della terra
SKILL_XWINDREADHORN_STARTLINK1_DESC,Aumenta di 8 il valore massimo di Salute.
SKILL_XWINDREADHORN_STARTLINK1_NAME,Potenziamento di Salute
SKILL_XWINDREADHORN_STARTLINK2_DESC,Aumenta di 3 il valore massimo di Vigore.
SKILL_XWINDREADHORN_STARTLINK2_NAME,Potenziamento di Vigore
SKILL_XWINDREADHORN_W10BL1_DESC,Aumenta di 1 secondo la durata della tua Inoculazione.
SKILL_XWINDREADHORN_W10BL1_NAME,Aumento di Durata Inoculazione
SKILL_XWINDREADHORN_W10BL2_DESC,Aumenta di 1 secondo la durata della tua Inoculazione.
SKILL_XWINDREADHORN_W10BL2_NAME,Aumento di Durata Inoculazione
SKILL_XWINDREADHORN_W10BL3_DESC,Aumenta di 1 secondo la durata della tua Inoculazione.
SKILL_XWINDREADHORN_W10BL3_NAME,Aumento di Durata Inoculazione
SKILL_XWINDREADHORN_W10BL4_DESC,Aumenta di 1 secondo la durata della tua Inoculazione.
SKILL_XWINDREADHORN_W10BL4_NAME,Aumento di Durata Inoculazione
SKILL_XWINDREADHORN_W10BR1_DESC,Aumenta di 1 il valore massimo di Veleno applicabile.
SKILL_XWINDREADHORN_W10BR1_NAME,Aumento di Veleno max
SKILL_XWINDREADHORN_W10BR2_DESC,Aumenta di 1 il valore massimo di Veleno applicabile.
SKILL_XWINDREADHORN_W10BR2_NAME,Aumento di Veleno max
SKILL_XWINDREADHORN_W10BR3_DESC,Aumenta di 1 il valore massimo di Veleno applicabile.
SKILL_XWINDREADHORN_W10BR3_NAME,Aumento di Veleno max
SKILL_XWINDREADHORN_W10BR4_DESC,Aumenta di 1 il valore massimo di Veleno applicabile.
SKILL_XWINDREADHORN_W10BR4_NAME,Aumento di Veleno max
SKILL_XWINDREADHORN_W16BL1_DESC,Aumenta di 1 il valore massimo di Inoculazione ottenibile.
SKILL_XWINDREADHORN_W16BL1_NAME,Aumento di Inoculazione max
SKILL_XWINDREADHORN_W16BL2_DESC,Aumenta di 1 il valore massimo di Inoculazione ottenibile.
SKILL_XWINDREADHORN_W16BL2_NAME,Aumento di Inoculazione max
SKILL_XWINDREADHORN_W16BL3_DESC,Aumenta di 1 il valore massimo di Inoculazione ottenibile.
SKILL_XWINDREADHORN_W16BL3_NAME,Aumento di Inoculazione max
SKILL_XWINDREADHORN_W16BL4_DESC,Aumenta di 1 il valore massimo di Inoculazione ottenibile.
SKILL_XWINDREADHORN_W16BL4_NAME,Aumento di Inoculazione max
SKILL_XWINDREADHORN_W16BR1_DESC,Aumenta di 20% il danno del tuo Veleno
SKILL_XWINDREADHORN_W16BR1_NAME,Aumento del danno da Veleno
SKILL_XWINDREADHORN_W16BR2_DESC,Aumenta di 20% il danno del tuo Veleno
SKILL_XWINDREADHORN_W16BR2_NAME,Aumento del danno da Veleno
SKILL_XWINDREADHORN_W16BR3_DESC,Aumenta di 20% il danno del tuo Veleno
SKILL_XWINDREADHORN_W16BR3_NAME,Aumento del danno da Veleno
SKILL_XWINDREADHORN_W16BR4_DESC,Aumenta di 20% il danno del tuo Veleno
SKILL_XWINDREADHORN_W16BR4_NAME,Aumento del danno da Veleno
SKILL_XWINDREADHORN_WBL1_DESC,Aumenta la durata della tua Inoculazione di 2 secondi. \n Aumenta di 3 l'Inoculazione massima che puoi ottenere.
SKILL_XWINDREADHORN_WBL1_NAME,Pelle inoculata
SKILL_XWINDREADHORN_WBR1_DESC,Aumenta di 3 il Veleno massimo che puoi applicare. \n Aumenta il danno del tuo Veleno del 60%
SKILL_XWINDREADHORN_WBR1_NAME,Veleno del labirinto
