Key,Text
AREA_EARLWOODFARMLANDS,Terre coltivate di Earlwood
AREA_EARLWOODFARMLANDSPARTI,Terre coltivate di Earlwood
AREA_EARLWOODFARMLANDSPARTII,Terre coltivate di Earlwood
AREA_EARLWOODFORESTEAST,Foresta di Earlwood Est
AREA_EARLWOODVILLAGE,Villaggio di Earlwood
AREA_FAUSTASREST,Earlwood
AREA_GUILDHALL,La Sede della Gilda
AREA_PLAYERBASE,Il Santuario
AREA_QALLAWHOUSE,Casa di Qallaw
AREA_SHAZHNHOUSE,Casa di Shazhn
AREA_SONOKO,Sonoko
AREA_THEFORESTTHRONE,Il Trono della Foresta
AREA_THEGOBLINCAVES,Caverne dei Goblin
AREA_THELOSTCAVERNS,Le Caverne Perdute
AREA_WILDWOODFORESTCORRUPTED,Boscaglia corrotta
AREA_WILDWOODFORESTPARTI,Foresta di Wildwood
AREA_WILDWOODFORESTPARTII,Foresta di Wildwood
AREA_WILDWOODFORESTPARTIIA,Foresta di Wildwood
AREA_WILDWOODFORESTPARTIIB,Foresta di Wildwood
AREA_WILDWOODFORESTPARTIII,Foresta di Wildwood
AREA_WILDWOODFORESTPARTIVA,Foresta di Wildwood
AREA_WILDWOODFORESTPARTIVB,Foresta di Wildwood
AREA_WILDWOODFORESTPARTIVC,Foresta di Wildwood
AREA_WILDWOODFORESTPARTIVD,Foresta di Wildwood
AREA_WILDWOODFORESTPARTIVE,Foresta di Wildwood
AREA_WILDWOODFORESTPARTVA,Foresta di Wildwood
AREA_WILDWOODFORESTPARTVB,Foresta di Wildwood
AREA_WILDWOODFORESTPARTVC,Foresta di Wildwood
AREA_WILDWOODFORESTPARTVD,Foresta di Wildwood
CAMPFIRE_WARNING_ITEM,Questo oggetto si ricarica riposando presso un falò
CHAT_BLOCKED_BY_PLAYER,Quel giocatore ti ha bloccato
CHAT_DEATH_BELLS,Le campane di Dimraeth suonano per {0}
CHAT_MONSTER_KILLED_PLAYER,Un {0} ha ucciso {1}
CHAT_MONSTER_KILLED_PLAYER_SPELL,Un {0} ha ucciso {1} con {2}
CHAT_NEW_DAY,Un nuovo giorno si risveglia...
CHAT_PLAYER_BEGAN_REST,{0} ha iniziato a riposare
CHAT_PLAYER_BEGAN_SLEEP,{0} ha iniziato a dormire
CHAT_PLAYER_DISCONNECTED,{0} si è disconnesso
CHAT_PLAYER_JOINED,{0} è entrato nel server
CHAT_PLAYER_KILLED_PLAYER,{0} ha ucciso {1}
CHAT_PLAYER_KILLED_PLAYER_SPELL,{0} ha ucciso {1} con {2}
CHAT_SERVER,[Server]
CRAFTING_LEVEL_REQUIRED,Richiede livello di artigianato {0}
FACILITY_ADVENTURERSA1CORINSFOLLOWERS_LEVEL1_DESC,Aiuta gli avventurieri.
FACILITY_ADVENTURERSA1CORINSFOLLOWERS_NAME,Seguaci di Corin
FACILITY_ADVENTURERSB1CORINSFOLLOWERS_DESC,"Avventurieri dall'evento casuale ""Seguaci di Corin 1"" versione B."
FACILITY_ADVENTURERSB1CORINSFOLLOWERS_LEVEL1_DESC,Aiuta gli avventurieri.
FACILITY_ADVENTURERSB1CORINSFOLLOWERS_NAME,Avventurieri B1 - Seguaci di Corin
FACILITY_BASILTONSHOP_DESC,Migliora Basilton per aumentare il numero di appezzamenti che puoi piazzare.
FACILITY_BASILTONSHOP_LEVEL1_DESC,Porta il limite di appezzamenti a 40. Basilton vende semi di Tenderberry e Thaumablossom.
FACILITY_BASILTONSHOP_LEVEL2_DESC,Porta il limite di appezzamenti a 60. Basilton vende semi di Emberbloom e Campanula Canterina.
FACILITY_BASILTONSHOP_NAME,Fattoria di Basilton
FACILITY_BEFRSHOP_DESC,Negozio di Befr
FACILITY_BEFRSHOP_LEVEL1_DESC,"Befr vende strumenti in pietra, pozioni minori, ricette base e il set costruttivo in pietra di fondazioni, muri e recinti."
FACILITY_BEFRSHOP_LEVEL2_DESC,"Befr vende strumenti in rame, ricette avanzate di alchimia e da lancio, e il set costruttivo in durame di fondazioni, muri e recinti."
FACILITY_BEFRSHOP_NAME,Negozio di Befr
FACILITY_HANGINGBRIDGE_DESC,Conduce a 
FACILITY_HANGINGBRIDGE_LEVEL1_DESC,Costruisci un ponte sospeso per superare il dirupo.
FACILITY_HANGINGBRIDGE_NAME,Ponte di Briar Heart
FACILITY_HEIMANSHOP_DESC,Migliora il palco di Heimen per sbloccare più musica per il suo carillon.
FACILITY_HEIMANSHOP_LEVEL1_DESC,Amplia la dimora di Heimen per accedere a nuovi brani.
FACILITY_HEIMANSHOP_LEVEL2_DESC,Amplia la dimora di Heimen per accedere a nuovi brani.
FACILITY_HEIMANSHOP_NAME,Negozio di Heimen
FACILITY_MANGASHOP_DESC,Migliora Manga per ottenere più essenza runica recuperando le rune.
FACILITY_MANGASHOP_LEVEL1_DESC,Guadagno essenza runica: +10% grezza e modellata
FACILITY_MANGASHOP_LEVEL2_DESC,Guadagno essenza runica: +20% grezza e modellata
FACILITY_MANGASHOP_NAME,Fucina di Manga
FACILITY_MYRLLSHOP_DESC,Negozio di Myrll
FACILITY_MYRLLSHOP_LEVEL1_DESC,"Recinto: 12 posti, allena i compagni fino al livello 4, +10% XP del recinto."
FACILITY_MYRLLSHOP_LEVEL2_DESC,"Recinto: 24 posti, allena i compagni fino al livello 6, +20% XP del recinto."
FACILITY_MYRLLSHOP_NAME,Negozio di Myrll
FACILITY_REQUIRED_MATS,Materiali richiesti
FACILITY_SAQISHOP_DESC,Migliora Saqi per ampliare il suo menu di pasti preparati.
FACILITY_SAQISHOP_LEVEL1_DESC,Saqi serve piatti sostanziosi da stufa e bevande speciali.
FACILITY_SAQISHOP_LEVEL2_DESC,Saqi serve banchetti pregiati e piatti che donano resistenza.
FACILITY_SAQISHOP_NAME,Cucina di Saqi
FACILITY_WILDWOODBRIDGE_DESC,Ponte di Earlwood
FACILITY_WILDWOODBRIDGE_LEVEL1_DESC,Ricostruisci il ponte di Earlwood
FACILITY_WILDWOODBRIDGE_NAME,Ponte di Earlwood
FORGE_ITEM_LEVEL,livello {0}
FORGE_NEW_STAT,Nuova statistica
FORGE_STAT_MAXED,(MAX)
HARVEST_APPLE,Mela
HARVEST_CARROT,Carota
HARVEST_COAL,Carbone
HARVEST_COPPER,Rame
HARVEST_DONATION,Donazione
HARVEST_EMBERBLOOM,Emberbloom
HARVEST_GEMINI,Gemini
HARVEST_HEARTOAKLOG,Tronco di Quercia del Cuore
HARVEST_IRON,Ferro
HARVEST_LARGEROCKA,Roccia grande A
HARVEST_LARGEROCKB,Roccia grande B
HARVEST_LOGA,Tronco A
HARVEST_LOGB,Tronco B
HARVEST_LOGC,Tronco C
HARVEST_LOOSESTONE,Pietra smossa
HARVEST_PINEWOODBRANCH,Ramo di pino
HARVEST_PINEWOODLOG,Tronco di pino
HARVEST_POTATO,Patata
HARVEST_SALT,Sale
HARVEST_SINGINGBELLFLOWER,Campanula Canterina
HARVEST_SMALLROCK,Roccia piccola
HARVEST_TENDERBERRY,Tenderberry
HARVEST_THAUMABLOSSOM,Thaumablossom
HARVEST_WOOLANDFLAX,Lino silvestre
INTERACTREWARD_ENCUMBRANCE,Ingombro massimo aumentato. Puoi trasportare di più.
INTERACTREWARD_PETUNLOCK,Nuovo compagno disponibile al Negozio di Myrll
ITEMBARSLOT_BANDAGE,Benda
ITEMBARSLOT_BOONPOTION,Pozione del Favore
ITEMBARSLOT_BURNSALVE,Unguento per ustioni
ITEMBARSLOT_CONCENTRATIONPOTION,Pozione di concentrazione
ITEMBARSLOT_HEALTHPOTION,Pozione di salute
ITEMBARSLOT_OFFENSIVETOOL,Strumento offensivo
ITEMBARSLOT_POISONCURE,Antidoto
ITEMBARSLOT_STAMINAPOTION,Pozione di vigore
ITEMBARSLOT_WEAPONOIL,Olio per armi
ITEMCAT_CONCENTRATIONPOTION,Pozione di concentrazione
ITEMCAT_CURE,Cura
ITEMCAT_DRINK,Bevanda
ITEMCAT_FOOD,Cibo
ITEMCAT_HARVESTTOOL,Strumento di raccolta
ITEMCAT_HEALTHPOTION,Pozione di salute
ITEMCAT_OFFENSIVETOOL,Arma
ITEMCAT_PET,Compagno
ITEMCAT_POTION,Pozione
ITEMCAT_RECIPE,Ricetta
ITEMCAT_RESOURCE,Risorsa
ITEMCAT_SPELLBOOK,Libro degli incantesimi
ITEMCAT_STAMINAPOTION,Pozione di vigore
MAPFRAG_FARMLANDSEAST,Terre coltivate Est
MAPFRAG_FARMLANDSROAD,Strada delle terre coltivate
MAPFRAG_FARMLANDSWEST,Terre coltivate Ovest
MAPFRAG_GRIMHOLLOWPINES,Pini di Grimhollow
MAPFRAG_LOSTCAVERNSEAST,Caverne Perdute Est
MAPFRAG_LOSTCAVERNSWEST,Caverne Perdute Ovest
MAPFRAG_SANCTUMALPHA,Santuario Alpha
MAPFRAG_SOUTHBARROWS,Southbarrows
MAPFRAG_THECORRUPTEDGLADE,La Radura Corrotta
MAPFRAG_THEROOTCALLVEIL,Il Velo del Richiamo delle Radici
MAPFRAG_THEROOTWARDROAD,La Strada delle Radici
MONSTER_AELWYNORTHEWILDROOTFATHER,Aelwynor il Padre delle Radici Selvatiche
MONSTER_AELWYNORTHEWILDROOTFATHERDEED,Incarico: Aelwynor il Padre delle Radici Selvatiche
MONSTER_BANDIT,Bandito
MONSTER_BASILISK,Basilisco
MONSTER_BRIARHEARTTHEFIRECURSED,Briarheart il Maledetto dal Fuoco
MONSTER_CHICK,Pulcino
MONSTER_CHICKEN,Gallina
MONSTER_CORRUPTEDDROOP,Droop corrotto
MONSTER_CORRUPTEDDROOPEMPOWERED,Droop corrotto potenziato
MONSTER_CORRUPTEDFORESTKING,Re della Foresta corrotto
MONSTER_CORRUPTEDHEART1,Cuore corrotto
MONSTER_CORRUPTEDHEARTFALSELEAD,Cuore corrotto (falsa pista)
MONSTER_CORRUPTEDMONSTROUSDROOP,Droop mostruoso corrotto
MONSTER_CORRUPTEDTREANT,Treant corrotto
MONSTER_CORRUPTEDWILDWOODWOLF,Lupo di Wildwood corrotto
MONSTER_CORRUPTEDWILDWOODWOLFEMPOWERED,Lupo di Wildwood corrotto potenziato
MONSTER_DEER,Cervo
MONSTER_DROOP,Droop
MONSTER_DROOPEMPOWERED,Droop potenziato
MONSTER_DROOPLET,Drooplet
MONSTER_DROOPLETEMPOWERED,Drooplet potenziato
MONSTER_DROOPNEST,Nido di Droop
MONSTER_DROOPSPITTER,Droop sputatore
MONSTER_DROOPSPITTEREMPOWERED,Droop sputatore potenziato
MONSTER_DRYAD,Driade
MONSTER_DRYADBEASTWARDEN,Driade Custode delle Bestie
MONSTER_DRYADBEASTWARDENCORRUPTEDBEASTKEY,Chiave della bestia corrotta: Driade Custode delle Bestie
MONSTER_DRYADBEASTWARDENEMPOWERED,Driade Custode delle Bestie potenziata
MONSTER_DRYADRIVERCALLER,Driade Rivercaller
MONSTER_DRYADRIVERCALLERCORRUPTEDBEASTKEY,Chiave della bestia corrotta: Driade Rivercaller
MONSTER_DRYADRIVERCALLEREMPOWERED,Driade Rivercaller potenziata
MONSTER_DRYADROOTWEAVER,Driade Tessiradici
MONSTER_DRYADROOTWEAVERCORRUPTEDBEASTKEY,Chiave della bestia corrotta: Driade Tessiradici
MONSTER_DRYADROOTWEAVEREMPOWERED,Driade Tessiradici potenziata
MONSTER_FORESTHEART,Cuore della Foresta
MONSTER_GARGOYLE,Gargoyle
MONSTER_GOBLIN,Goblin
MONSTER_GOBLINBASHER,Goblin Picchiatore
MONSTER_GOBLINBASHEREMPOWERED,Goblin Picchiatore potenziato
MONSTER_GOBLINBASHERT2,Goblin Picchiatore T2
MONSTER_GOBLINDEVOURRUNNER,Goblin Corridore Divoratore
MONSTER_GOBLINFLASKRAT,Goblin Flaskrat
MONSTER_GOBLINFLASKRATEMPOWERED,Goblin Flaskrat potenziato
MONSTER_GOBLINFLASKRATT2,Goblin Flaskrat T2
MONSTER_GOBLINFLASKRATT2EMPOWERED,Goblin Flaskrat T2 potenziato
MONSTER_GOBLINKING,Re Goblin
MONSTER_GOBLINRIPPER,Goblin Squartatore
MONSTER_GOBLINRIPPEREMPOWERED,Goblin Squartatore potenziato
MONSTER_GOBLINRIPPERT2,Goblin Squartatore T2
MONSTER_GOBLINRIPPERT2EMPOWERED,Goblin Squartatore T2 potenziato
MONSTER_GODMODEDEER,Cervo God Mode
MONSTER_GORILLA,Gorilla
MONSTER_GOTBURGTHEBURNED,Gotburg l'Ustionato
MONSTER_HARPY,Arpia
MONSTER_HIGHPRIESTESSALTHAEAOFTHETIRATHLAN,Somma Sacerdotessa Althaea del Tirathlan
MONSTER_JJFISH,Pesce JJ
MONSTER_MONSTROUSDROOP,Droop mostruoso
MONSTER_MONSTROUSDROOPFARMLANDS,Droop mostruoso delle terre coltivate
MONSTER_PALEBARKTHEOLDOAK,Pale Bark la Vecchia Quercia
MONSTER_RABBIT,Coniglio
MONSTER_RAGEBORNFLASKRAT,Flaskrat nato dalla furia
MONSTER_RAGEBORNRIPPER,Squartatore nato dalla furia
MONSTER_ROTTINGTREANT,Treant putrescente
MONSTER_ROTTINGTREANTEMPOWERED,Treant putrescente potenziato
MONSTER_SLEEPINGDROOP,Droop dormiente
MONSTER_SMASHMOUTH,Smashmouth
MONSTER_SNAKE,Serpente
MONSTER_SPIDER,Ragno
MONSTER_SQUIRREL,Scoiattolo
MONSTER_TRAININGDUMMY,Manichino da allenamento
MONSTER_TREANT,Treant
MONSTER_TREANTEMPOWERED,Treant potenziato
MONSTER_WILDWOODAETHERFANGWOLF,Lupo Zanna d'Etere di Wildwood
MONSTER_WILDWOODAETHERFANGWOLFEMPOWERED,Lupo Zanna d'Etere di Wildwood potenziato
MONSTER_WILDWOODWOLF,Lupo di Wildwood
MONSTER_WILDWOODWOLFALPHA,Lupo di Wildwood alfa
MONSTER_WILDWOODWOLFALPHAB,Lupo di Wildwood alfa B
MONSTER_WILDWOODWOLFEMPOWERED,Lupo di Wildwood potenziato
MONSTER_WOLDROOTTHEPATHGUARDIAN,Woldroot il Guardiano del Sentiero
NOTIFY_BUILD_UNLOCKED_NAMED,Nuova costruzione sbloccata: {0}
NOTIFY_CROPS_READY,Colture pronte per il raccolto
NOTIFY_RECIPE_UNLOCKED,Nuova ricetta sbloccata
NOTIFY_RECIPE_UNLOCKED_NAMED,Nuova ricetta sbloccata: {0}
NOTIFY_SKILLPOINT_UNLOCKED,Nuovo punto abilità sbloccato
NOTIFY_SKILLPOINTS_UNLOCKED,Punti abilità sbloccati: {0}
PARTY_ALREADY_IN,Sei già in un gruppo
PARTY_ALREADY_INVITED,Hai già invitato quel giocatore di recente
PARTY_CREATED,Gruppo {0} creato
PARTY_DISBANDED,Il gruppo è stato sciolto
PARTY_DISBANDED_TITLE,Gruppo sciolto
PARTY_INVITE_FROM,Invito al gruppo da: {0}
PARTY_INVITE_SENT,Invito inviato a: {0}
PARTY_INVITED_TO,Sei stato invitato a unirti al gruppo: {0}
PARTY_LEAVE_CURRENT_FIRST,Devi prima lasciare il gruppo attuale
PARTY_MAX_SIZE,Il tuo gruppo ha già raggiunto la dimensione massima
PARTY_MUST_BE_IN_TO_LEAD,Devi essere in un gruppo per esserne il capo
PARTY_MUST_BE_IN_TO_LEAVE,Devi essere in un gruppo per uscirne
PARTY_MUST_BE_INVITED,Devi essere invitato a un gruppo
PARTY_MUST_BE_LEADER_DISBAND,Devi essere il capogruppo per scioglierlo
PARTY_MUST_BE_LEADER_TRANSFER,Devi essere il capogruppo per trasferirne la proprietà
PARTY_NAME_TAKEN,Quel nome di gruppo è già in uso
PARTY_NEW_LEADER,{0} è ora il capogruppo
PARTY_ONLY_LEADER_KICK,Solo il capogruppo può espellere giocatori
PARTY_PLAYER_ALREADY_IN,Quel giocatore è già nel tuo gruppo
PARTY_PLAYER_IN_OTHER,Quel giocatore è già in un gruppo
PARTY_PLAYER_JOINED,{0} si è unito al gruppo
PARTY_PLAYER_KICKED,{0} è stato espulso dal gruppo
PARTY_PLAYER_LEFT,{0} ha lasciato il gruppo
PARTY_PLAYER_NOT_FOUND,Nessun giocatore trovato con quel nome
PARTY_PLAYER_NOT_IN,Quel giocatore non è in questo gruppo
PARTY_PLAYER_NOT_IN_YOURS,Quel giocatore non è nel tuo gruppo
PARTY_YOU_KICKED,Sei stato espulso dal gruppo
PARTY_YOU_LEFT,Hai lasciato il gruppo
PET_BLIGHTCROW_DESC,"Originari delle paludi, i Corvi del Morbo cercano prede indebolite, aggravandone il male mentre le seguono per giorni."
PET_BLIGHTCROW_NAME,Corvo del Morbo
PET_CARRIONPARROT_DESC,"Uccelli predatori apprezzati dai cacciatori di Aldoria, i Pappagalli Carogna eccellono nel seguire i deboli, i feriti e i moribondi."
PET_CARRIONPARROT_NAME,Pappagallo Carogna
PET_EMBERHOUND_DESC,"Una razza nata da antichi esperimenti magici, i Cani di Brace sono oggi spesso considerati un pericoloso fastidio"
PET_EMBERHOUND_NAME,Cane di Brace
PET_FANGRACUB_DESC,"Un giovane lupo Fangra della Foresta di Wildwood, non ancora adulto ma già un cacciatore feroce."
PET_FANGRACUB_NAME,Cucciolo di Fangra
PET_FROSTOWL_DESC,"Originarie delle alture ghiacciate dei Monti di Dimraeth, le Civette Gelide ibernano in estate e vagano per Mirkea durante l'inverno"
PET_FROSTOWL_NAME,Civetta Gelida
PET_HOUND_DESC,"Un cane da caccia originario di Aldoria, tenuto comunemente dai cacciatori dei villaggi."
PET_HOUND_NAME,Cane
PET_MONKEY_NAME,Scimmia
PET_MOONCAT_DESC,"Compagno comune dei maghi studenti della Grande Accademia di Aldoria, noto per la sua magia rivitalizzante e la presenza rassicurante."
PET_MOONCAT_NAME,Gatto Lunare
PET_SILVERCAT_DESC,"Addestrati nella magia di Barriera alla Grande Accademia di Aldoria, i Gatti Argentati sono compagni preziosi dei maghi mandati in battaglia"
PET_SILVERCAT_NAME,Gatto Argentato
PET_WARCAT_DESC,"Originari delle Terre Sterili, i Gatti da Guerra sono compagni comuni dei minotauri di Xwin e marciano spesso al loro fianco in battaglia."
PET_WARCAT_NAME,Gatto da Guerra
POKER_TABLE_BUILD_UNLOCKED,Tavolo da poker sbloccato! Ora puoi costruirne uno alla base.
RELATIONSHIP_DESTINEDPARAMOUR,Amante Predestinato
RELATIONSHIP_EMERGINGFRIEND,Amicizia Nascente
RELATIONSHIP_FATEDPARAMOUR,Amante del Destino
RELATIONSHIP_FERVENTLOVER,Amante Fervente
RELATIONSHIP_IDEOLOGICALPARAGON,Modello Ideologico
RELATIONSHIP_IDEOLOGICALSPARK,Scintilla Ideologica
RELATIONSHIP_KINDREDCOMPANION,Compagno Affine
RELATIONSHIP_KINDREDSOUL,Anima Affine
RELATIONSHIP_LOYALCOMPANION,Compagno Leale
RELATIONSHIP_PASSIONATEPARTNER,Partner Appassionato
RELATIONSHIP_ROMANTICCOMPANION,Compagno Romantico
RELATIONSHIP_ROMANTICINTEREST,Interesse Romantico
RELATIONSHIP_SOULMATE,Anima Gemella
RELATIONSHIP_STEADFASTALLY,Alleato Fedele
RELATIONSHIP_STEADYCOMPANION,Compagno Stabile
RELATIONSHIP_STRANGER,Sconosciuto
REVIEW_JKLGERNE,Continua partita
SETTING_CASTING_CONFIRMTARGETING,Conferma bersaglio
SETTING_CASTING_HOLDCAST,Mantieni il lancio
SETTING_CASTING_QUICKCAST,Lancio rapido
SETTING_CONTROL_CONTROLLER,Controller
SETTING_CONTROL_MOUSE,Mouse
SETTING_CONTROL_WASD,WASD
SETTING_HARDWARE_PLAYSTATION,PlayStation
SETTING_HARDWARE_XBOX,Xbox
SETTING_LOBBY_FRIENDS_ONLY,Solo amici
SETTING_LOBBY_PRIVATE,Privata
SETTING_LOBBY_PUBLIC,Pubblica
SETTING_QUALITY_HIGH,Alto
SETTING_QUALITY_LOW,Basso
SETTING_QUALITY_MEDIUM,Medio
SETTING_RESOLUTION_DYNAMIC,Dinamica (nativa)
SETTING_RESOLUTION_SUPER_ULTRAWIDE,Super ultrapanoramico (1440p)
SETTING_RESOLUTION_UNKNOWN,Sconosciuto
SHOP_BASILTON_NAME,Sementi di Basilton
SHOP_BEFR_NAME,Negozio di Befr
SHOP_BEFRINPLAYERBASEA_NAME,Negozio di Befr
SHOP_BEFRSITTING_NAME,Negozio di Befr
SHOP_CORIN_NAME,Negozio di Corin
SHOP_DAW_NAME,Negozio di Daw
SHOP_DIYAR_NAME,Negozio di compagni di Diyar
SHOP_DZN_NAME,Negozio di Dzn
SHOP_DZNINDOORS_NAME,Negozio di Dzn
SHOP_MANGA_NAME,Equipaggiamento di Manga
SHOP_MANGAFORGE_NAME,Equipaggiamento di Manga
SHOP_MANGAINDOORS_NAME,Equipaggiamento di Manga
SHOP_MANGALOG_NAME,Equipaggiamento di Manga
SHOP_MYRLL_NAME,Myrll
SHOP_QALLAW_NAME,Taverna di Saqi
SHOP_RAHANER_NAME,Rahaner
SHOP_SAQI_NAME,Taverna di Saqi
SHOP_SCAVENGERGUARD_NAME,Negozio della Guardia Saccheggiatrice
SHOP_SERBAZ_NAME,Negozio di Shazhn
SHOP_SHAZHN_NAME,Negozio di Shazhn
SHOP_SHAZHNINDOORS_NAME,Negozio di Shazhn
SHOP_SUSPICIOUSTRADER_NAME,Negozio sospetto
SHOP_TAMSINSEW_NAME,Negozio di Tamsin
SHOP_TAMSINSIT_NAME,Negozio di Tamsin
SHOP_TRAVELLINGMERCHANTA_NAME,Mercante ambulante
SIDE_NOTIFICATION_HOLD,Tieni premuto
SKILLTREE_RESPEC_XYZ,Riassegna
SLOT_AMULET,Amuleto
SLOT_BADGE,Distintivo
SLOT_BELT,Cintura
SLOT_BRACER,Bracciale
SLOT_CHARM,Ciondolo
SLOT_RING,Anello
SLOT_RUNE,Runa
SLOT_UNDERCOAT,Sottoveste
STAT_ARCHETYPE_DESC,"L'archetipo del tuo personaggio, in base a razza e classe."
STAT_ARCHETYPE_NAME,Archetipo
STAT_ARMOR_DESC,"Aumenta la tua armatura, riducendo il danno fisico subito e sommandosi alle difese per tipo di danno. Meno efficace ai valori alti."
STAT_ARMOR_NAME,Armatura
STAT_ARMORPENETRATION_DESC,Fa sì che il tuo danno ignori una parte dell'armatura del bersaglio.
STAT_ARMORPENETRATION_NAME,Penetrazione dell'armatura
STAT_ARMORPENETRATIONPERCENT_DESC,Fa sì che il tuo danno ignori una percentuale dell'armatura del bersaglio.
STAT_ARMORPENETRATIONPERCENT_NAME,Penetrazione dell'armatura %
STAT_ARMORPERCENT_DESC,Aumenta la tua armatura di una percentuale.
STAT_ARMORPERCENT_NAME,Armatura %
STAT_ATTACKDAMAGE_DESC,"Un bonus percentuale applicato a tutto il danno che infliggi, sommato agli altri bonus percentuali."
STAT_ATTACKDAMAGE_NAME,Danno d'attacco
STAT_ATTACKSPEED_DESC,Aumenta la velocità della combo di attacco base (non influisce sulle abilità).
STAT_ATTACKSPEED_NAME,Velocità d'attacco
STAT_BLEEDDAMAGE_DESC,Aumenta il danno inflitto dal sanguinamento.
STAT_BLEEDDAMAGE_NAME,Danno da sanguinamento
STAT_BLEEDDURATION_DESC,Aumenta la durata delle cariche di sanguinamento.
STAT_BLEEDDURATION_NAME,Durata sanguinamento
STAT_BLUNTARMOR_DESC,Riduce il danno contundente subito. Meno efficace ai valori alti.
STAT_BLUNTARMOR_NAME,Armatura contundente
STAT_BLUNTDAMAGE_DESC,Aumenta di una percentuale tutto il danno contundente che infliggi.
STAT_BLUNTDAMAGE_NAME,Danno contundente
STAT_BLUNTPIERCING_DESC,Fa sì che il tuo danno contundente ignori una parte dell'armatura contundente del bersaglio.
STAT_BLUNTPIERCING_NAME,Penetrazione contundente
STAT_BURNINGDAMAGE_DESC,Aumenta il danno inflitto dall'ustione.
STAT_BURNINGDAMAGE_NAME,Danno da ustione
STAT_BURNINGDURATION_DESC,Aumenta la durata delle cariche di ustione.
STAT_BURNINGDURATION_NAME,Durata ustione
STAT_CHILLEDDURATION_DESC,Aumenta la durata delle cariche di gelo.
STAT_CHILLEDDURATION_NAME,Durata gelo
STAT_CHILLEDPOWER_DESC,Aumenta il rallentamento applicato dal gelo.
STAT_CHILLEDPOWER_NAME,Potenza del gelo
STAT_CLASS_DESC,La classe del tuo personaggio.
STAT_CLASS_NAME,Classe
STAT_CONCENTRATION_DESC,La tua concentrazione massima. Usata come risorsa da alcune abilità ed effetti.
STAT_CONCENTRATION_NAME,Concentrazione
STAT_CONCENTRATIONONHIT_DESC,Aumenta la concentrazione che recuperi colpendo i nemici.
STAT_CONCENTRATIONONHIT_NAME,Concentrazione al colpo
STAT_CONCENTRATIONPERCENT_DESC,Aumenta la tua concentrazione base di una percentuale.
STAT_CONCENTRATIONPERCENT_NAME,Concentrazione %
STAT_CONCENTRATIONREGEN_DESC,Aumenta di una percentuale la concentrazione recuperata dalla concentrazione al colpo.
STAT_CONCENTRATIONREGEN_NAME,Rigen. concentrazione
STAT_CRITICALCHANCE_DESC,Aumenta la probabilità di mettere a segno un colpo critico.
STAT_CRITICALCHANCE_NAME,Probabilità di critico
STAT_CRITICALCHANCEVSBLEEDING_DESC,Aumenta la probabilità di critico contro bersagli sanguinanti.
STAT_CRITICALCHANCEVSBLEEDING_NAME,Probabilità di critico vs. sanguinamento
STAT_CRITICALCHANCEVSBURNING_DESC,Aumenta la probabilità di critico contro bersagli ustionati.
STAT_CRITICALCHANCEVSBURNING_NAME,Probabilità di critico vs. ustione
STAT_CRITICALCHANCEVSCHILLED_DESC,Aumenta la probabilità di critico contro bersagli assiderati.
STAT_CRITICALCHANCEVSCHILLED_NAME,Probabilità di critico vs. assiderato
STAT_CRITICALCHANCEVSPOISON_DESC,Aumenta la probabilità di critico contro bersagli avvelenati.
STAT_CRITICALCHANCEVSPOISON_NAME,Probabilità di critico vs. avvelenato
STAT_CRITICALCHANCEVSSTUNNED_DESC,Aumenta la probabilità di critico contro bersagli storditi.
STAT_CRITICALCHANCEVSSTUNNED_NAME,Probabilità di critico vs. stordito
STAT_CRITICALDAMAGE_DESC,Aumenta il danno aggiuntivo dei colpi critici.
STAT_CRITICALDAMAGE_NAME,Danno critico
STAT_CRITICALDAMAGEVSBLEEDING_DESC,Aumenta il danno critico contro bersagli sanguinanti.
STAT_CRITICALDAMAGEVSBLEEDING_NAME,Danno critico vs. sanguinamento
STAT_CRITICALDAMAGEVSBURNING_DESC,Aumenta il danno critico contro bersagli ustionati.
STAT_CRITICALDAMAGEVSBURNING_NAME,Danno critico vs. ustione
STAT_CRITICALDAMAGEVSCHILLED_DESC,Aumenta il danno critico contro bersagli assiderati.
STAT_CRITICALDAMAGEVSCHILLED_NAME,Danno critico vs. assiderato
STAT_CRITICALDAMAGEVSPOISON_DESC,Aumenta il danno critico contro bersagli avvelenati.
STAT_CRITICALDAMAGEVSPOISON_NAME,Danno critico vs. avvelenato
STAT_CRITICALDAMAGEVSSTUNNED_DESC,Aumenta il danno critico contro bersagli storditi.
STAT_CRITICALDAMAGEVSSTUNNED_NAME,Danno critico vs. stordito
STAT_DAMAGEVSBLEEDING_DESC,Infliggi più danno ai bersagli sanguinanti.
STAT_DAMAGEVSBLEEDING_NAME,Danno vs. sanguinamento
STAT_DAMAGEVSBURNING_DESC,Infliggi più danno ai bersagli ustionati.
STAT_DAMAGEVSBURNING_NAME,Danno vs. ustione
STAT_DAMAGEVSCHILLED_DESC,Infliggi più danno ai bersagli assiderati.
STAT_DAMAGEVSCHILLED_NAME,Danno vs. assiderato
STAT_DAMAGEVSFULLHEALTH_DESC,Infliggi più danno ai bersagli con salute piena.
STAT_DAMAGEVSFULLHEALTH_NAME,Danno vs. salute massima
STAT_DAMAGEVSLOWHEALTH40_DESC,Infliggi più danno ai bersagli sotto il 40% di salute.
STAT_DAMAGEVSLOWHEALTH40_NAME,Danno vs. <40% HP
STAT_DAMAGEVSPOISON_DESC,Infliggi più danno ai bersagli avvelenati.
STAT_DAMAGEVSPOISON_NAME,Danno vs. avvelenato
STAT_DAMAGEVSSTUNNED_DESC,Infliggi più danno ai bersagli storditi.
STAT_DAMAGEVSSTUNNED_NAME,Danno vs. stordito
STAT_DECAYDAMAGE_DESC,Aumenta di una percentuale tutto il danno da decadimento che infliggi.
STAT_DECAYDAMAGE_NAME,Danno da decadimento
STAT_DECAYPIERCING_DESC,Fa sì che il tuo danno da decadimento ignori una parte della resistenza al decadimento del bersaglio.
STAT_DECAYPIERCING_NAME,Penetrazione da decadimento
STAT_DECAYRESISTANCE_DESC,Riduce il danno da decadimento subito. Meno efficace ai valori alti.
STAT_DECAYRESISTANCE_NAME,Resistenza al decadimento
STAT_ELECTRICITYDAMAGE_DESC,Aumenta di una percentuale tutto il danno da elettricità che infliggi.
STAT_ELECTRICITYDAMAGE_NAME,Danno da elettricità
STAT_ELECTRICITYPIERCING_DESC,Fa sì che il tuo danno da elettricità ignori una parte della resistenza all'elettricità del bersaglio.
STAT_ELECTRICITYPIERCING_NAME,Penetrazione da elettricità
STAT_ELECTRICRESISTANCE_DESC,Riduce il danno da elettricità subito. Meno efficace ai valori alti.
STAT_ELECTRICRESISTANCE_NAME,Resistenza all'elettricità
STAT_ENCUMBRANCE_DESC,Aumenta il peso che puoi trasportare prima di essere ingombrato.
STAT_ENCUMBRANCE_NAME,Ingombro
STAT_ETHERDAMAGE_DESC,Aumenta di una percentuale tutto il danno da etere che infliggi.
STAT_ETHERDAMAGE_NAME,Danno da etere
STAT_ETHERPIERCING_DESC,Fa sì che il tuo danno da etere ignori una parte della resistenza all'etere del bersaglio.
STAT_ETHERPIERCING_NAME,Penetrazione da etere
STAT_ETHERRESISTANCE_DESC,Riduce il danno da etere subito. Meno efficace ai valori alti.
STAT_ETHERRESISTANCE_NAME,Resistenza all'etere
STAT_FIREDAMAGE_DESC,Aumenta di una percentuale tutto il danno da fuoco che infliggi.
STAT_FIREDAMAGE_NAME,Danno da fuoco
STAT_FIREPIERCING_DESC,Fa sì che il tuo danno da fuoco ignori una parte della resistenza al fuoco del bersaglio.
STAT_FIREPIERCING_NAME,Penetrazione da fuoco
STAT_FIRERESISTANCE_DESC,Riduce il danno da fuoco subito. Meno efficace ai valori alti.
STAT_FIRERESISTANCE_NAME,Resistenza al fuoco
STAT_GUARDEFFICIENCY_DESC,Riduce di una percentuale il danno al vigore che subisci parando.
STAT_GUARDEFFICIENCY_NAME,Efficienza della guardia
STAT_HEADER_CORE,Statistiche principali
STAT_HEADER_DEFENCE,Difesa
STAT_HEADER_OFFENCE,Offesa
STAT_HEADER_PIERCING,Penetrazione
STAT_HEADER_STATUS_EFFECTS,Effetti di stato
STAT_HEADER_VITALS,Vitali e utilità
STAT_HEALTH_DESC,Aumenta la tua salute massima.
STAT_HEALTH_NAME,Salute
STAT_HEALTHREGEN_DESC,Aumenta la salute che recuperi nel tempo.
STAT_HEALTHREGEN_NAME,Rigen. salute
STAT_HPPERCENT_DESC,Aumenta la tua salute base di una percentuale.
STAT_HPPERCENT_NAME,HP %
STAT_ICEDAMAGE_DESC,Aumenta di una percentuale tutto il danno da ghiaccio che infliggi.
STAT_ICEDAMAGE_NAME,Danno da ghiaccio
STAT_ICEPIERCING_DESC,Fa sì che il tuo danno da ghiaccio ignori una parte della resistenza al ghiaccio del bersaglio.
STAT_ICEPIERCING_NAME,Penetrazione da ghiaccio
STAT_ICERESISTANCE_DESC,Riduce il danno da ghiaccio subito. Meno efficace ai valori alti.
STAT_ICERESISTANCE_NAME,Resistenza al ghiaccio
STAT_LEVEL_DESC,Il tuo livello attuale.
STAT_LEVEL_NAME,Livello
STAT_MAGICDAMAGE_DESC,"Aumenta di una percentuale tutto il danno da fuoco, ghiaccio, elettricità, decadimento ed etere che infliggi."
STAT_MAGICDAMAGE_NAME,Danno magico
STAT_MAGICDAMAGEPERCENT_DESC,"Aumenta di una percentuale tutto il danno da fuoco, ghiaccio, elettricità, decadimento ed etere che infliggi."
STAT_MAGICDAMAGEPERCENT_NAME,Danno magico %
STAT_MAGICPIERCING_DESC,Fa sì che il tuo danno magico ignori una parte della resistenza del bersaglio.
STAT_MAGICPIERCING_NAME,Penetrazione magica
STAT_MAGICPOWER_DESC,"Aumenta il danno di tutti gli incantesimi e le abilità che infliggono danno da fuoco, ghiaccio, elettricità, decadimento o etere."
STAT_MAGICPOWER_NAME,Potere magico
STAT_MAXBLEEDING_DESC,Aumenta le cariche massime di sanguinamento che puoi applicare.
STAT_MAXBLEEDING_NAME,Sanguinamento max
STAT_MAXBURNING_DESC,Aumenta le cariche massime di ustione che puoi applicare.
STAT_MAXBURNING_NAME,Ustione max
STAT_MAXCHILL_DESC,Aumenta le cariche massime di gelo che puoi applicare.
STAT_MAXCHILL_NAME,Gelo max
STAT_MAXPOISON_DESC,Aumenta le cariche massime di veleno che puoi applicare.
STAT_MAXPOISON_NAME,Veleno max
STAT_MAXRAGE_DESC,Aumenta le cariche massime di furia che puoi accumulare.
STAT_MAXRAGE_NAME,Furia max
STAT_MAXSHOCK_DESC,Aumenta le cariche massime di scossa che puoi applicare.
STAT_MAXSHOCK_NAME,Scossa max
STAT_MOVEMENTSPEED_DESC,Aumenta la tua velocità di movimento.
STAT_MOVEMENTSPEED_NAME,Velocità di movimento
STAT_NAME_DESC,Il nome del tuo personaggio.
STAT_NAME_NAME,Nome
STAT_NEXTLEVELXP_DESC,Punti esperienza necessari per il livello successivo.
STAT_NEXTLEVELXP_NAME,XP prossimo livello
STAT_PHYSICALDAMAGE_DESC,"Aumenta di una percentuale tutto il danno da taglio, perforante e contundente che infliggi."
STAT_PHYSICALDAMAGE_NAME,Danno fisico
STAT_PHYSICALDAMAGEPERCENT_DESC,"Aumenta di una percentuale tutto il danno da taglio, perforante e contundente che infliggi."
STAT_PHYSICALDAMAGEPERCENT_NAME,Danno fisico %
STAT_PHYSICALPIERCING_DESC,Fa sì che il tuo danno fisico ignori una parte dell'armatura del bersaglio.
STAT_PHYSICALPIERCING_NAME,Penetrazione fisica
STAT_PHYSICALPOWER_DESC,"Aumenta il danno di tutti gli incantesimi e le abilità che infliggono danno da taglio, perforante o contundente."
STAT_PHYSICALPOWER_NAME,Potere fisico
STAT_POISONDAMAGE_DESC,Aumenta il danno inflitto dal veleno.
STAT_POISONDAMAGE_NAME,Danno da veleno
STAT_POISONDURATION_DESC,Aumenta la durata delle cariche di veleno.
STAT_POISONDURATION_NAME,Durata veleno
STAT_POISONPIERCING_DESC,Fa sì che il tuo danno da veleno e decadimento ignori una parte della resistenza al decadimento del bersaglio.
STAT_POISONPIERCING_NAME,Penetrazione da veleno
STAT_RACE_DESC,La razza del tuo personaggio.
STAT_RACE_NAME,Razza
STAT_RAGEDURATION_DESC,Aumenta la durata delle cariche di furia.
STAT_RAGEDURATION_NAME,Durata furia
STAT_RESISTANCE_DESC,"Aumenta la tua resistenza, riducendo il danno magico subito e sommandosi alle difese per tipo di danno. Meno efficace ai valori alti."
STAT_RESISTANCE_NAME,Resistenza
STAT_RESISTANCEPENETRATION_DESC,Fa sì che il tuo danno ignori una parte della resistenza del bersaglio.
STAT_RESISTANCEPENETRATION_NAME,Penetrazione delle resistenze
STAT_RESISTANCEPENETRATIONPERCENT_DESC,Fa sì che il tuo danno ignori una percentuale della resistenza del bersaglio.
STAT_RESISTANCEPENETRATIONPERCENT_NAME,Penetrazione delle resistenze %
STAT_RESISTANCEPERCENT_DESC,Aumenta la tua resistenza di una percentuale.
STAT_RESISTANCEPERCENT_NAME,Resistenza %
STAT_SPEED_DESC,Aumenta la tua velocità di movimento.
STAT_SPEED_NAME,Velocità
STAT_SPELLHASTE_DESC,Riduce i tempi di recupero degli incantesimi. Meno efficace ai valori alti.
STAT_SPELLHASTE_NAME,Celerità magica
STAT_STAMINA_DESC,Aumenta il tuo vigore massimo.
STAT_STAMINA_NAME,Vigore
STAT_STAMINAPERCENT_DESC,Aumenta il tuo vigore base di una percentuale.
STAT_STAMINAPERCENT_NAME,Vigore %
STAT_STAMINAREGEN_DESC,Aumenta il vigore che recuperi nel tempo.
STAT_STAMINAREGEN_NAME,Rigen. vigore
STAT_STRIKEARMOR_DESC,Riduce il danno da taglio subito. Meno efficace ai valori alti.
STAT_STRIKEARMOR_NAME,Armatura da taglio
STAT_STRIKEDAMAGE_DESC,Aumenta di una percentuale tutto il danno da taglio che infliggi.
STAT_STRIKEDAMAGE_NAME,Danno da taglio
STAT_STRIKEPIERCING_DESC,Fa sì che il tuo danno da taglio ignori una parte dell'armatura da taglio del bersaglio.
STAT_STRIKEPIERCING_NAME,Penetrazione da taglio
STAT_STUNBUILDUPINCREASE_DESC,Aumenta l'accumulo di stordimento dei tuoi attacchi ed effetti.
STAT_STUNBUILDUPINCREASE_NAME,Accumulo di stordimento
STAT_THRUSTARMOR_DESC,Riduce il danno perforante subito. Meno efficace ai valori alti.
STAT_THRUSTARMOR_NAME,Armatura perforante
STAT_THRUSTDAMAGE_DESC,Aumenta di una percentuale tutto il danno perforante che infliggi.
STAT_THRUSTDAMAGE_NAME,Danno perforante
STAT_THRUSTPIERCING_DESC,Fa sì che il tuo danno perforante ignori una parte dell'armatura perforante del bersaglio.
STAT_THRUSTPIERCING_NAME,Penetrazione perforante
STAT_XP_DESC,Punti esperienza guadagnati.
STAT_XP_NAME,XP
UI_ABANDON_QUEST_CONFIRM,Clicca di nuovo per abbandonare: {0}
UI_ALCOHOL,Alcolici
UI_ARCHETYPE_ELF_BRAWLER_DESC,"I Duellanti di Fase sono combattenti rapidi a corto raggio che alternano il lavoro di pugnale e i colpi a mani nude a scariche di magia temporale. Accumulano Ondata temporale con tagli e pugni incessanti, poi la spendono per diffondere il sanguinamento nella folla, stordire i nemici a forza di colpi e sottrarsi alla portata prima che arrivi il contrattacco."
UI_ARCHETYPE_ELF_MAGICIAN_DESC,"I Tessitori d'Eco sono incantatori duellanti che intrecciano fuoco e gelo al lavoro di lama. Marchiano i nemici con Eco temporale, poi la fanno detonare in scariche di fiamma e ghiaccio, trasformando un'afflizione persistente in un'altra e facendo accadere due volte un danno già inflitto."
UI_ARCHETYPE_ELF_SHADOW_DESC,"I Sussurri della Notte sono assassini sfuggenti che colpiscono, svaniscono e colpiscono di nuovo. Aprono dalla furtività accumulando sanguinamento e veleno, consumano quelle ferite per ottenere Colpo doppio ed Eco temporale, e richiamano cloni d'ombra a ripetere ogni colpo mortale."
UI_ARCHETYPE_HUMAN_BRAWLER_DESC,"Un guerriero saldo di prima linea che carica in battaglia, sfonda gli schieramenti e tiene la posizione per pura tenacia. Le Avanguardie sono specializzate nel controllo e nella disgregazione, usando forza e resistenza per dominare il corpo a corpo."
UI_ARCHETYPE_HUMAN_MAGICIAN_DESC,"Un incantatore versatile che comanda fuoco e gelo per adattarsi a ogni minaccia. I Ranger Elementali eccellono nel combattimento a media distanza e nella mobilità tattica, concatenando effetti elementali per controllare il campo di battaglia.\n"
UI_ARCHETYPE_HUMAN_SHADOW_DESC,"I Cacciatori dell'Ombra sono predatori da imboscata che combattono al coperto con dardi avvelenati e una lama nel buio. Alternano balestra e spada per scivolare nella furtività, lasciano cloni d'ombra a colpire accanto a loro e trasformano il veleno accumulato in scariche di decadimento."
UI_ARCHETYPE_MINOTAUR_BRAWLER_DESC,"Un guerriero saldo di prima linea che carica in battaglia, sfonda gli schieramenti e tiene la posizione per pura tenacia. Le Avanguardie sono specializzate nel controllo e nella disgregazione, usando forza e resistenza per dominare il corpo a corpo."
UI_ARCHETYPE_MINOTAUR_MAGICIAN_DESC,"Un mago da battaglia pesante che canalizza potere sismico con forza bruta e magia legata alla pietra. Gli Scuotiterra schiacciano i nemici ammassati, rimodellano il terreno e resistono a colpi durissimi senza vacillare."
UI_ARCHETYPE_MINOTAUR_SHADOW_DESC,"I Cornispavento sono brutali imboscatori che portano il peso di un'ascia fuori dal buio. Aprono dalla furtività con fendenti alimentati dalla furia, convertono il sanguinamento in veleno e propagano nel terreno onde d'ombra e tremori pestilenziali verso tutto ciò che li circonda."
UI_ARCHETYPETAG_BATTLEAXE,Ascia da battaglia
UI_ARCHETYPETAG_BLADE,Lama
UI_ARCHETYPETAG_DURABILITY,Durabilità
UI_ARCHETYPETAG_EARTH,Terra
UI_ARCHETYPETAG_FIRE,Fuoco
UI_ARCHETYPETAG_FROST,Gelo
UI_ARCHETYPETAG_HUNTER,Cacciatore
UI_ARCHETYPETAG_PLAGUEMAGIC,Magia della peste
UI_ARCHETYPETAG_SHADOWARTS,Arti dell'ombra
UI_ARCHETYPETAG_STUN,Stordimento
UI_ARCHETYPETAG_TIMEMAGIC,Magia del tempo
UI_ARCHETYPETAG_TWINDAGGERS,Pugnali gemelli
UI_ATTRIBUTEOVERVI_ATTRIBUTETEXT_53E23B,-/-
UI_ATTRIBUTES_REQUIRED,Attributi richiesti
UI_ATTRIBUTES_RESPECD,Attributi riassegnati!
UI_AVAILABLE_POINTS,Punti disponibili
UI_AWAITINGSLEEP_CONTROLLER_PRESS,Premi
UI_AWAITINGSLEEP_CONTROLLER_TOCANCEL,per annullare
UI_AWAITINGSLEEP_KEYBOARD_PRESS,Premi
UI_AWAITINGSLEEP_KEYBOARD_TOCANCEL,per annullare
UI_BACKPACK_COOKINGSKILL_LABEL,Abilità cucina:
UI_BACKPACK_FILTER_EMPTY,Nessun oggetto in questo filtro
UI_BACKPACK_HINT_EXIT,Esci
UI_BACKPACK_SHIFTPLUS,Maiusc +
UI_BACKPACKSCREEN_ACTIONNAME_0131EB,Conferma
UI_BACKPACKSCREEN_ACTIONNAME_0229C9,Azione
UI_BACKPACKSCREEN_ACTIONNAME_0370E4,Azione
UI_BACKPACKSCREEN_ACTIONNAME_03C97E,Dividi
UI_BACKPACKSCREEN_ACTIONNAME_05C062,Azione
UI_BACKPACKSCREEN_ACTIONNAME_08AAE2,Azione
UI_BACKPACKSCREEN_ACTIONNAME_0FC875,Azione
UI_BACKPACKSCREEN_ACTIONNAME_154B70,Azione
UI_BACKPACKSCREEN_ACTIONNAME_203633,Azione
UI_BACKPACKSCREEN_ACTIONNAME_294AEE,Azione
UI_BACKPACKSCREEN_ACTIONNAME_29B060,Invia la pila
UI_BACKPACKSCREEN_ACTIONNAME_2D5C2E,Azione
UI_BACKPACKSCREEN_ACTIONNAME_33F839,Azione
UI_BACKPACKSCREEN_ACTIONNAME_39D0F5,Getta la pila
UI_BACKPACKSCREEN_ACTIONNAME_3AEB29,Getta oggetto
UI_BACKPACKSCREEN_ACTIONNAME_3BC6F3,Azione
UI_BACKPACKSCREEN_ACTIONNAME_404490,Annulla
UI_BACKPACKSCREEN_ACTIONNAME_417269,Azione
UI_BACKPACKSCREEN_ACTIONNAME_434F7F,Menu dei compagni
UI_BACKPACKSCREEN_ACTIONNAME_43CA26,Azione
UI_BACKPACKSCREEN_ACTIONNAME_44D91F,Deposita tutto
UI_BACKPACKSCREEN_ACTIONNAME_4B44F0,Ordina
UI_BACKPACKSCREEN_ACTIONNAME_4B78E0,Trasferisci oggetto
UI_BACKPACKSCREEN_ACTIONNAME_4C54C5,Prendi tutto
UI_BACKPACKSCREEN_ACTIONNAME_568620,Getta oggetto
UI_BACKPACKSCREEN_ACTIONNAME_56C3B9,Azione
UI_BACKPACKSCREEN_ACTIONNAME_5B2805,Sposta oggetto
UI_BACKPACKSCREEN_ACTIONNAME_629006,Mostra/nascondi descrizioni
UI_BACKPACKSCREEN_ACTIONNAME_62BC52,Getta la pila
UI_BACKPACKSCREEN_ACTIONNAME_6D1AB5,Azione
UI_BACKPACKSCREEN_ACTIONNAME_6FAD3C,Azione
UI_BACKPACKSCREEN_ACTIONNAME_74378D,Indietro
UI_BACKPACKSCREEN_ACTIONNAME_759FEB,Menu oggetti
UI_BACKPACKSCREEN_PETBULKALLHINTX_44E0C5,x2
UI_BACKPACKSCREEN_PETBULKDEPOSITM_24C8A7,x2
UI_BACKPACKSCREEN_PETBULKMATCHING_284D6A,x2
UI_BACKPACKSCREEN_PETBULKTAKEMATC_520125,x2
UI_BACKPACKSCREEN_PETDESCRIPTION_53BAB3,Descrizione del compagno
UI_BACKPACKSCREEN_PETSPELLDESCRIP_13194D,Descrizione dell'incantesimo del compagno
UI_BACKPACKUI_TMP_381FCA,Invia a
UI_BANNEDPLAYER_BANDATE_7510F3,01/12/26
UI_BASICSTATS_LEVEL_LABEL,LIV
UI_BENCH_ALCHEMYTABLE,Tavolo d'alchimia
UI_BENCH_CAMPFIRE,Falò
UI_BENCH_MYRLL,Myrll
UI_BENCH_TAKE_ALL,Invia tutto il contenuto nel tuo inventario
UI_BENCH_WOODFIRESTOVE,Stufa a legna
UI_BENCH_WORKBENCH,Banco da lavoro
UI_BUILD_RESOURCE_ROW,{0} [{1}/{2}]
UI_BUILD_WORKER_ROW,Seguaci [{0}/{1}]
UI_BUILDHINT_COPY,Copia
UI_BUILDHINT_MOVE,Muovi
UI_BUILDHINT_ROTATE,Ruota
UI_BUILDTAB_ALL,Tutti
UI_BUILDTAB_COOKINGSTATION,Postazione di cucina
UI_BUILDTAB_FARMING,Agricoltura
UI_BUILDTAB_FENCES,Recinti
UI_BUILDTAB_GROUNDCOVER,Copertura del terreno
UI_BUILDTAB_REGULAR,Normale
UI_BUILDTAB_ROOFS,Tetti
UI_BUILDTAB_WORKBENCHES,Banchi da lavoro
UI_BUY,Compra
UI_BUYBACK,Riacquista
UI_CANCEL,Annulla
UI_CHARACTERCREATI_ACTIONNAME_0B31A9,Azione
UI_CHARACTERCREATI_ACTIONNAME_314091,Azione
UI_CHARACTERCREATI_ACTIONNAME_431E91,Azione
UI_CHARACTERCREATI_ACTIONNAME_43A2A2,Colore successivo
UI_CHARACTERCREATI_ACTIONNAME_5282E9,Azione
UI_CHARACTERCREATI_ACTIONNAME_531C4B,Azione
UI_CHARACTERCREATI_ACTIONNAME_5323B2,Azione
UI_CHARACTERCREATI_ACTIONNAME_54669C,Naviga
UI_CHARACTERCREATI_ACTIONNAME_652593,Azione
UI_CHARACTERCREATI_ACTIONNAME_70A49C,Azione
UI_CHARACTERCREATI_ACTIONNAME_7289BD,Azione
UI_CHARACTERCREATI_ACTIONNAME_7BC52A,Colore precedente
UI_CHARACTERCREATI_ACTIONNAME_7F5B66,Azione
UI_CHARACTERSCREEN_ACTIONNAME_02EA54,Pagina successiva
UI_CHARACTERSCREEN_ACTIONNAME_095651,Azione
UI_CHARACTERSCREEN_ACTIONNAME_0BD919,Azione
UI_CHARACTERSCREEN_ACTIONNAME_108637,Azione
UI_CHARACTERSCREEN_ACTIONNAME_1777A7,Indietro
UI_CHARACTERSCREEN_ACTIONNAME_1A9EF0,Azione
UI_CHARACTERSCREEN_ACTIONNAME_1D2556,Azione
UI_CHARACTERSCREEN_ACTIONNAME_203750,Azione
UI_CHARACTERSCREEN_ACTIONNAME_20DFA1,Mostra/nascondi descrizioni
UI_CHARACTERSCREEN_ACTIONNAME_215511,Azione
UI_CHARACTERSCREEN_ACTIONNAME_226637,Indietro
UI_CHARACTERSCREEN_ACTIONNAME_397BE5,Azione
UI_CHARACTERSCREEN_ACTIONNAME_3B28F3,Azione
UI_CHARACTERSCREEN_ACTIONNAME_4B472F,Azione
UI_CHARACTERSCREEN_ACTIONNAME_4BB544,Azione
UI_CHARACTERSCREEN_ACTIONNAME_4E0E38,Mostra/nascondi descrizioni
UI_CHARACTERSCREEN_ACTIONNAME_51AB05,Azione
UI_CHARACTERSCREEN_ACTIONNAME_51B898,Azione
UI_CHARACTERSCREEN_ACTIONNAME_582D98,Indietro
UI_CHARACTERSCREEN_ACTIONNAME_5EFBA7,Scegli
UI_CHARACTERSCREEN_ACTIONNAME_618F24,Azione
UI_CHARACTERSCREEN_ACTIONNAME_6F58E7,Azione
UI_CHARACTERSCREEN_LEVEL_LABEL,LIV
UI_CHARACTERSELECT_ACTIONNAME_0B31A9,Azione
UI_CHARACTERSELECT_ACTIONNAME_229635,Azione
UI_CHARACTERSELECT_ACTIONNAME_2BEA1F,Azione
UI_CHARACTERSELECT_ACTIONNAME_38D3D1,Azione
UI_CHARACTERSELECT_ACTIONNAME_3BBC23,Scorri
UI_CHARACTERSELECT_ACTIONNAME_4DB897,Azione
UI_CHARACTERSELECT_ACTIONNAME_4F8123,Elimina
UI_CHARACTERSELECT_ACTIONNAME_5282E9,Azione
UI_CHARACTERSELECT_ACTIONNAME_5323B2,Azione
UI_CHARACTERSELECT_ACTIONNAME_54669C,Naviga
UI_CHARACTERSELECT_ACTIONNAME_7F5B66,Azione
UI_CHARACTERSLOT_WORLDNAME_760B3E,Il Nome Più Lungo
UI_CHAT_CHANNEL_EVERYONE,Tutti
UI_CHAT_CHANNEL_PARTY,Gruppo
UI_CHAT_CHANNEL_REGIONAL,Regione
UI_CHATUI_PLACEHOLDER_4E8182,Inserisci testo...
UI_CHATUI_TMP_6B2E7F,Tutti
UI_CHEST_BELONGS_TO_ANOTHER_PLAYER,Questo appartiene a un altro giocatore.
UI_CHEST_PRIVATE,Privata
UI_CHEST_PUBLIC,Pubblica
UI_CHEST_SUPPLY_BODY,Gli oggetti nelle casse accessibili vengono contati insieme allo zaino e usati automaticamente.
UI_CHEST_SUPPLY_BODY_NONE,"Viene contato solo lo zaino. Piazza una cassa, o rendine una pubblica, e conterà anche il suo contenuto."
UI_CHEST_SUPPLY_BODY_STATIONS,Anche {0} postazioni ed edifici di produzione ti riforniscono.
UI_CHEST_SUPPLY_BODY_STATIONS_ONE,Anche una postazione o un edificio di produzione ti rifornisce.
UI_CHEST_SUPPLY_TITLE_MANY,Prelievo da {0} casse
UI_CHEST_SUPPLY_TITLE_NONE,Nessuna cassa che rifornisce
UI_CHEST_SUPPLY_TITLE_ONE,Prelievo da 1 cassa
UI_CHEST_TITLE,Cassa
UI_CHEST_TYPE,Tipo di cassa
UI_CHESTLISTMENU_TMP_2FD09D,Nome
UI_CHESTLISTMENU_TMP_4F5712,Elenco delle casse
UI_CHESTLISTMENU_TMP_5E7135,Capienza
UI_CLASS_BRAWLER_DESC,"Combattente feroce nel corpo a corpo, che alterna colpi d'arma e pugni rapidi e devastanti. Picchiatore resistente ma agile, che sbilancia i nemici, mantiene una pressione basata sul vigore e scarica danno improvviso in mischia."
UI_CLASS_BRAWLER_NAME,Rissoso
UI_CLASS_MAGICIAN_DESC,"Incantatore elementale che comanda fuoco, ghiaccio e fulmine. Costruisce e fa detonare combo elementali per controllare le folle, sfruttare le debolezze e scatenare danno amplificato a distanza."
UI_CLASS_MAGICIAN_NAME,Mago
UI_CLASS_SHADOW_NAME,Ombra
UI_CLOSE,Chiudi
UI_CODEX_EMPOWERMENT_DISCOVERED,Codex: scoperte informazioni sui mostri potenziati.
UI_CODEX_UPDATED,Codex aggiornato: nuove voci disponibili
UI_CODEXSCREEN_BREADCRUMB_5CC7E2,Codex
UI_CODEXSCREEN_CLEARINPUTBUTTO_6C7A70,x
UI_CODEXSCREEN_CONNLABEL_734094,Usato in
UI_CODEXSCREEN_HEADER_5E1BC9,Codex
UI_CODEXSCREEN_INGLABEL_638152,Ingredienti
UI_CODEXSCREEN_LISTEMPTY,Nessuna scoperta ancora
UI_CODEXSCREEN_LISTTITLE_2E7D07,Categoria
UI_CODEXSCREEN_NORESULTS_3154C8,Nessuna voce corrisponde alla ricerca.
UI_CODEXSCREEN_SUBSLABEL_6F030F,SOTTOVOCI
UI_CODEXSCREEN_TAG_76FAD6,TIPO
UI_CODEXSCREEN_TITLE_7460BD,Titolo
UI_CODEXUI_BREADCRUMB_5CC7E2,Codex
UI_CODEXUI_CONNLABEL_734094,Usato in
UI_CODEXUI_HEADER_5E1BC9,Codex
UI_CODEXUI_INGLABEL_638152,Ingredienti
UI_CODEXUI_LISTTITLE_2E7D07,Categoria
UI_CODEXUI_NORESULTS_3154C8,Nessuna voce corrisponde alla ricerca.
UI_CODEXUI_SUBSLABEL_6F030F,SOTTOVOCI
UI_CODEXUI_TAG_76FAD6,TIPO
UI_CODEXUI_TITLE_7460BD,Titolo
UI_CONCENTRATION,Concentrazione
UI_CONFIRM,Conferma
UI_CONTAINER_ACCESS_NOT_YOURS,Solo il proprietario può modificarlo.
UI_CONTAINER_ACCESS_PRIVATE_BODY,Solo tu puoi usare quanto è depositato qui per le tue costruzioni e manufatti.
UI_CONTAINER_ACCESS_PRIVATE_TITLE,Contenitore privato
UI_CONTAINER_ACCESS_PUBLIC_BODY,Chiunque può usare quanto è depositato qui per costruzioni e manufatti.
UI_CONTAINER_ACCESS_PUBLIC_TITLE,Contenitore pubblico
UI_CONTEXTMENU_ITEM_376BF2,Dividi
UI_CONTEXTMENU_ITEM_441EEB,Getta
UI_CONTEXTMENU_ITEM_47F083,Equipaggia
UI_CONTEXTMENU_ITEM_55F3A5,Rinomina
UI_CONTEXTMENU_ITEM_59BC75,Usa
UI_CONTEXTMENU_SENDTOPET,Invia al compagno
UI_CORPSESCREEN_ACTIONNAME_0131EB,Conferma
UI_CORPSESCREEN_ACTIONNAME_08AAE2,Azione
UI_CORPSESCREEN_ACTIONNAME_0FC875,Azione
UI_CORPSESCREEN_ACTIONNAME_294AEE,Azione
UI_CORPSESCREEN_ACTIONNAME_33F839,Azione
UI_CORPSESCREEN_ACTIONNAME_404490,Annulla
UI_CORPSESCREEN_ACTIONNAME_43CA26,Azione
UI_CRAFTBENCH_CONTAINER,Contenitore
UI_CRAFTBENCH_OUTPUT,risultato
UI_CRAFTBENCH_OUTPUT_FULL,Spazio insufficiente
UI_CRAFTBENCH_QUEUE,coda
UI_CRAFTING_INSUFFICIENT_QTY,Quantità di ingredienti insufficiente!
UI_CRAFTING_ONE_AWAY_MULTI,Manca un ingrediente per {0} nuove ricette!
UI_CRAFTING_ONE_AWAY_SINGLE,Manca un ingrediente per una nuova ricetta!
UI_CRAFTING_REQUIRES_BENCH,Questa ricetta richiede: {0}
UI_CRAFTINGQUEUESL_QUANTITYTEXT_2C0DA7,N/D
UI_CRAFTINGSTATION_ACTIONNAME_0131EB,Conferma
UI_CRAFTINGSTATION_ACTIONNAME_0370E4,Azione
UI_CRAFTINGSTATION_ACTIONNAME_03C97E,Dividi
UI_CRAFTINGSTATION_ACTIONNAME_03CC50,Azione
UI_CRAFTINGSTATION_ACTIONNAME_0787D5,Azione
UI_CRAFTINGSTATION_ACTIONNAME_08AAE2,Azione
UI_CRAFTINGSTATION_ACTIONNAME_0FC875,Azione
UI_CRAFTINGSTATION_ACTIONNAME_11BB89,Azione
UI_CRAFTINGSTATION_ACTIONNAME_154B70,Azione
UI_CRAFTINGSTATION_ACTIONNAME_1639A7,Azione
UI_CRAFTINGSTATION_ACTIONNAME_1891A3,Azione
UI_CRAFTINGSTATION_ACTIONNAME_1C329D,Azione
UI_CRAFTINGSTATION_ACTIONNAME_1CF9EA,Azione
UI_CRAFTINGSTATION_ACTIONNAME_203633,Azione
UI_CRAFTINGSTATION_ACTIONNAME_294AEE,Azione
UI_CRAFTINGSTATION_ACTIONNAME_29B060,Invia la pila
UI_CRAFTINGSTATION_ACTIONNAME_2D5C2E,Azione
UI_CRAFTINGSTATION_ACTIONNAME_33F839,Azione
UI_CRAFTINGSTATION_ACTIONNAME_39FBDC,Invia oggetto
UI_CRAFTINGSTATION_ACTIONNAME_404490,Annulla
UI_CRAFTINGSTATION_ACTIONNAME_43CA26,Azione
UI_CRAFTINGSTATION_ACTIONNAME_44D91F,Deposita tutto
UI_CRAFTINGSTATION_ACTIONNAME_4B78E0,Invia oggetto
UI_CRAFTINGSTATION_ACTIONNAME_4C54C5,Prendi tutto
UI_CRAFTINGSTATION_ACTIONNAME_504A7F,Crea
UI_CRAFTINGSTATION_ACTIONNAME_629006,Scorri la descrizione
UI_CRAFTINGSTATION_ACTIONNAME_6FA9DE,Azione
UI_CRAFTINGSTATION_ACTIONNAME_724C33,Azione
UI_CRAFTINGSTATION_ACTIONNAME_74378D,Indietro
UI_CRAFTINGSTATION_BULKALLHINTX2_737018,x2
UI_CRAFTINGSTATION_BULKMATCHINGHIN_152196,x2
UI_CRAFTINGSTATION_DEPOSITMATCHING_76F0F9,x2
UI_CRAFTINGSTATION_HEADER_226E4C,Tavolo d'alchimia
UI_CRAFTINGSTATION_HINT_CANCELQUEUE,Annulla la coda
UI_CRAFTINGSTATION_HINT_TOGGLETOOLTIPS,Mostra/nascondi le descrizioni oggetti
UI_CRAFTINGSTATION_QUANTITYTEXT_179B6B,N/D
UI_CRAFTINGSTATION_QUANTITYTEXT_2FBA74,N/D
UI_CRAFTINGSTATION_QUANTITYTEXT_3FEC19,N/D
UI_CRAFTINGSTATION_QUANTITYTEXT_580B22,N/D
UI_CRAFTINGSTATION_QUANTITYTEXT_642D62,N/D
UI_CRAFTINGSTATION_QUANTITYTEXT_70CB38,N/D
UI_CRAFTINGSTATION_QUANTITYTEXT_7715BE,N/D
UI_CRAFTINGSTATION_QUANTITYTEXT_7C4C6B,N/D
UI_CRAFTINGSTATION_TAKEMATCHINGHIN_47B00A,x2
UI_CRAFTINGUI_ITEM_0B0111,Interrompi l'oggetto in coda
UI_CRAFTINGUI_ITEM_18A31C,Artigianato
UI_CRAFTINGUI_ITEM_219FC7,Ricette
UI_CRAFTINGUI_ITEM_29CD6D,Artigianato
UI_CRAFTINGUI_ITEM_5FB5BC,Crea
UI_CRAFTINGUI_ITEM_6BF938,Inventario
UI_CRAFTINGUI_ITEM_7764A9,Ricette
UI_CRAFTINGUI_OUTPUTTEXT_15C545,Risultato
UI_CRAFTINGUI_QUEUETEXT_084AC5,Coda
UI_CRAFTINGUI_QUEUETEXT_62C340,Coda
UI_CRAFTINGUI_QUEUETEXT_68DDB3,Coda
UI_CRAFTINGUI_QUEUETEXT_704D6C,Coda
UI_CRAFTINGUI_RECIPES_50AFD5,Ricette
UI_CURRENTPARTYENT_AREA_3B7728,Posizione
UI_CUSTOMIZATIONBT_TMP_054F2C,Capelli
UI_DEED_NEW_AVAILABLE,Nuovi incarichi disponibili alla bacheca.
UI_DEEDBOARD_ACCEPT,ACCETTA
UI_DEEDBOARD_AVAILABLEBOUNTIES,Taglie disponibili
UI_DEEDBOARD_AVAILABLEDEEDS,Incarichi disponibili
UI_DEEDBOARD_COOLDOWNDAYS,Giorni: 
UI_DEEDBOARD_DEEDLEVEL,Livello dell'incarico: 
UI_DEEDBOARD_FILTER_LABEL,Filtro:
UI_DEEDBOARD_HINT_ADJUSTLEVEL,Regola il livello dell'incarico
UI_DEEDBOARD_INPROGRESS,IN CORSO
UI_DEEDBOARD_OBJECTIVE_LABEL,Obiettivo:
UI_DEEDBOARD_ONCOOLDOWN_HEADER,In recupero
UI_DEEDBOARD_TURNIN,CONSEGNA
UI_DEEDBOARDUI_ACTIONNAME_0DA38A,Azione
UI_DEEDBOARDUI_ACTIONNAME_1C4AC8,Azione
UI_DEEDBOARDUI_ACTIONNAME_270F78,Indietro
UI_DEEDBOARDUI_ACTIONNAME_34617E,Mostra/nascondi descrizioni
UI_DEEDBOARDUI_ACTIONNAME_3D0A80,Azione
UI_DEEDBOARDUI_ACTIONNAME_3F44F7,Abbandona
UI_DEEDBOARDUI_ACTIONNAME_4D030C,Regola il livello dell'incarico
UI_DEEDBOARDUI_ACTIONNAME_4EF198,Mostra/nascondi il menu dei filtri
UI_DEEDBOARDUI_ACTIONNAME_7D9FCC,Azione
UI_DEEDTYPE_BOSS,Boss
UI_DEEDTYPE_CULL,Abbatti
UI_DEEDTYPE_DONATE,Dona
UI_DEEDTYPE_HUNT,Caccia
UI_DEEDTYPE_SCOUT,Esploratore
UI_DIFFICULTY_ARENA,Arena
UI_DIFFICULTY_EASY,Facile
UI_DIFFICULTY_HARD,Difficile
UI_DIFFICULTY_MODERATE,Moderato
UI_DISMANTLE,Smonta
UI_DROP,Getta
UI_DROPDOWN_NAME_753A2E,Selezione del lancio
UI_EFFECT_NOTE_ACTIVE_STAT,Effetto attivo: vale solo l'istanza più forte.
UI_EFFECT_NOTE_PASSIVE_PROC,Bonus passivo: si somma agli altri bonus.
UI_EQUIPMENT,Equipaggiamento
UI_EQUIPMENT_ACTIVE,Attivo
UI_EQUIPMENT_PIECEBONUS,Bonus per pezzo
UI_EVENTNOTIFICATI_MESSAGE_34E047,"Grazie per aver giocato!\n\n\nHai sconfitto il Treant corrotto e completato la storia principale disponibile nella demo di Dimraeth.\n\n\nPuoi continuare a giocare per trovare altre missioni secondarie, potenziare il personaggio e rigiocare gli incarichi.\n\n\nSe il gioco ti è piaciuto, considera di lasciare una recensione. Ci aiuta a migliorare Dimraeth e a raggiungere più giocatori."
UI_EVENTNOTIFICATI_TMP_1D613D,Dimraeth
UI_EVENTNOTIFICATI_TMP_66C2D8,Continua partita
UI_EVENTNOTIFICATI_TMP_77D0B8,Dimraeth
UI_EVENTNOTIFICATION_MOVEMENT_MOUSE,Mouse
UI_EVENTNOTIFICATION_MOVEMENT_WASD,WASD
UI_EVENTNOTIFICATION_TRACKQUEST_TIP,Clicca questo pulsante per seguire la missione
UI_EXCLUSIVE_WITH,Esclusivo con
UI_FACILITY_DONATE,Dona
UI_FACILITY_HINT_ADJUST,Scegli la costruzione
UI_FACILITY_HINT_CHOOSE,Scegli la costruzione
UI_FACILITY_HINT_CONTRIBUTE,Contribuisci
UI_FACILITY_HINT_EXIT,Esci
UI_FACILITY_HINT_NAVIGATE,Regola i materiali
UI_FACILITY_LEVEL,Livello {0}
UI_FACILITY_LEVEL_MAX,Livello {0} (Max)
UI_FACILITY_LOCKED,Bloccato
UI_FACILITY_OWNED,Posseduti: {0}
UI_FACILITY_REQUIRES,Richiede: {0}
UI_FACILITY_UPGRADED,Struttura migliorata
UI_FACILITYUPGRADE_CONTRIBUTE_BUTTON,Contribuisci
UI_FACILITYUPGRADE_HEADER,Miglioramento della costruzione
UI_FACILITYUPGRADE_HINT_CONTRIBUTEALL_GENERAL,Contribuisci con tutto
UI_FACILITYUPGRADE_HINT_CONTRIBUTEALL_INDIVIDUAL,Contribuisci con tutto
UI_FINALSELECTIONS_ACTIONNAME_028D23,Regola il limite dei giocatori
UI_FINALSELECTIONS_ACTIONNAME_090267,Modifica limite giocatori
UI_FINALSELECTIONS_ACTIONNAME_1E4510,Azione
UI_FINALSELECTIONS_ACTIONNAME_304778,Scegli
UI_FINALSELECTIONS_ACTIONNAME_3192E2,Regola il livello di difficoltà
UI_FINALSELECTIONS_ACTIONNAME_357D08,Naviga
UI_FINALSELECTIONS_ACTIONNAME_386DA5,Azione
UI_FINALSELECTIONS_ACTIONNAME_410A2D,Azione
UI_FINALSELECTIONS_ACTIONNAME_5323B2,Azione
UI_FINALSELECTIONS_ACTIONNAME_618B76,Azione
UI_FINALSELECTIONS_ACTIONNAME_67EDBB,Azione
UI_FORGE_HINT_SALVAGEMODE,Tieni premuto per la modalità recupero
UI_FORGE_SALVAGE_ALL,Recupera tutto
UI_FORGE_SALVAGE_DIRECT,Recupera direttamente nell'inventario
UI_FORGE_SALVAGE_EVERYTHING,Tutti
UI_FORGE_TAB_SALVAGE,Recupera
UI_FORGE_TAB_UPGRADE,Migliora
UI_FORGE_TITLE,Fucina
UI_FORGE_UPGRADE_COST,Costo del miglioramento
UI_FORGE_UPGRADE_OVERVIEW,Riepilogo dei miglioramenti
UI_FORGESCREEN_ACTIONNAME_0131EB,Conferma
UI_FORGESCREEN_ACTIONNAME_03C97E,Dividi
UI_FORGESCREEN_ACTIONNAME_08AAE2,Azione
UI_FORGESCREEN_ACTIONNAME_0FC875,Azione
UI_FORGESCREEN_ACTIONNAME_11B9A1,Recupera tutto
UI_FORGESCREEN_ACTIONNAME_294AEE,Azione
UI_FORGESCREEN_ACTIONNAME_33F839,Azione
UI_FORGESCREEN_ACTIONNAME_3414CD,Scegli
UI_FORGESCREEN_ACTIONNAME_39D0F5,Getta la pila
UI_FORGESCREEN_ACTIONNAME_3A876D,Recupera
UI_FORGESCREEN_ACTIONNAME_3AEB29,Getta oggetto
UI_FORGESCREEN_ACTIONNAME_404490,Annulla
UI_FORGESCREEN_ACTIONNAME_43CA26,Azione
UI_FORGESCREEN_ACTIONNAME_4B44F0,Ordina
UI_FORGESCREEN_ACTIONNAME_4BB9E9,Tieni premuto per la modalità recupero
UI_FORGESCREEN_ACTIONNAME_4E208E,Getta la pila
UI_FORGESCREEN_ACTIONNAME_568620,Getta oggetto
UI_FORGESCREEN_ACTIONNAME_629006,Mostra/nascondi descrizioni
UI_FORGESCREEN_ACTIONNAME_74378D,Indietro
UI_FORGESCREEN_ACTIONNAME_759FEB,Menu oggetti
UI_FORGESCREEN_ACTIONNAME_7BCBAB,Tieni premuto per la modalità recupero
UI_FORMIDABLE_FOE_SLAIN,Nemico formidabile ucciso
UI_FREE_POINT,punto gratuito
UI_FRIEND_IN_GAME,In gioco
UI_FRIEND_IN_MENU,Nel menu
UI_FRIEND_JOIN,Unisciti
UI_FRIEND_UNKNOWN,Sconosciuto
UI_GENDER_FEMALE_NAME,Femmina
UI_GENDER_MALE_NAME,Maschio
UI_GOLD,Oro
UI_HEALTH,Salute
UI_HINT_BACK,Indietro
UI_HINT_CANCEL,Annulla
UI_HINT_CHOOSE,Scegli
UI_HINT_CONFIRM,Conferma
UI_HINT_CYCLETOOLTIP,Scorri la descrizione
UI_HINT_DELETEBEACON,Elimina segnalatore
UI_HINT_DEPOSITALL,Deposita tutto
UI_HINT_DEPOSITMATCHING,Deposita i corrispondenti
UI_HINT_DROPSTACK,Getta la pila
UI_HINT_EDITPLAYERLIMIT,Modifica limite giocatori
UI_HINT_FILTERMENU,Filtri
UI_HINT_HIDEFILTERS,Nascondi i filtri
UI_HINT_HIDEWALLSOFF,Non nascondere i muri
UI_HINT_HOLDTOBUILD,Tieni premuto per costruire
UI_HINT_INSPECT,Esamina
UI_HINT_NEXTTAB,Scheda successiva
UI_HINT_PLACEBEACON,Piazza segnalatore
UI_HINT_PRESSTOBUILD,Premi per costruire
UI_HINT_PREVIOUSTAB,Scheda precedente
UI_HINT_RESETKEYBINDS,Tieni premuto per azzerare i comandi
UI_HINT_SELECT,Seleziona
UI_HINT_SELLHALF,Vendi metà
UI_HINT_SELLITEM,Vendi oggetto
UI_HINT_SELLSTACK,Vendi la pila
UI_HINT_SENDALL,Invia tutto
UI_HINT_SENDHALF,Invia metà
UI_HINT_SENDITEM,Invia oggetto
UI_HINT_SENDMATCHING,Invia i corrispondenti
UI_HINT_SENDSTACK,Invia la pila
UI_HINT_SHOWFILTERS,Mostra i filtri
UI_HINT_SORT,Ordina
UI_HINT_TAKEALL,Prendi tutto
UI_HINT_TAKEMATCHING,Prendi i corrispondenti
UI_HINT_TOGGLESANCTUM,Viaggia
UI_HINT_TOGGLETOOLTIPS,Mostra/nascondi descrizioni
UI_HINT_WAYPOINTMENU,Varchi
UI_HINT_ZOOM,Zoom
UI_HOLD_TO_CRAFT,tieni premuto per creare
UI_HOLD_TO_SPRINT,Tieni premuto per scattare
UI_HOLDRESPECBUTTO_ACTIONNAME_6EB64B,Azione
UI_HOLDRESPECBUTTO_TMP_054F2C,Riassegna tutto: 20 punti
UI_HOURS,Ore
UI_HUDUI_ACTIONNAME_2AE147,Tieni premuto per costruire
UI_HUDUI_ACTIONNAME_38A7AC,Non nascondere i muri
UI_HUDUI_ACTIONNAME_493987,Premi per costruire
UI_HUDUI_HP_0BA5E4,120/185
UI_HUDUI_HP_42D268,120/185
UI_HUDUI_HP_612E51,120/185
UI_HUNGER,Fame
UI_HUNGER_WARNING,Stai diventando affamato. La salute è ridotta.
UI_INGAMEMENUSHELL_ACTIONNAME_00C948,Azione
UI_INGAMEMENUSHELL_ACTIONNAME_027757,Cambia il nome del gruppo
UI_INGAMEMENUSHELL_ACTIONNAME_041199,Scegli
UI_INGAMEMENUSHELL_ACTIONNAME_05A5E9,Indietro
UI_INGAMEMENUSHELL_ACTIONNAME_05E437,Indietro
UI_INGAMEMENUSHELL_ACTIONNAME_09B4F7,Azione
UI_INGAMEMENUSHELL_ACTIONNAME_0DB474,Mostra/nascondi descrizioni
UI_INGAMEMENUSHELL_ACTIONNAME_0ECA54,Riordina
UI_INGAMEMENUSHELL_ACTIONNAME_164678,Azione
UI_INGAMEMENUSHELL_ACTIONNAME_1934B7,Azione
UI_INGAMEMENUSHELL_ACTIONNAME_1C1DD9,Scegli
UI_INGAMEMENUSHELL_ACTIONNAME_1D1380,Indietro
UI_INGAMEMENUSHELL_ACTIONNAME_1D8F06,Azione
UI_INGAMEMENUSHELL_ACTIONNAME_1EADDE,Azione
UI_INGAMEMENUSHELL_ACTIONNAME_1F3FDD,Abbandona
UI_INGAMEMENUSHELL_ACTIONNAME_1F7863,Azione
UI_INGAMEMENUSHELL_ACTIONNAME_20D6FF,Cerca
UI_INGAMEMENUSHELL_ACTIONNAME_20F723,Punti di passaggio
UI_INGAMEMENUSHELL_ACTIONNAME_24194D,Filtri
UI_INGAMEMENUSHELL_ACTIONNAME_2530C4,Azione
UI_INGAMEMENUSHELL_ACTIONNAME_293577,Azione
UI_INGAMEMENUSHELL_ACTIONNAME_2B94E9,Azione
UI_INGAMEMENUSHELL_ACTIONNAME_2B995C,Azione
UI_INGAMEMENUSHELL_ACTIONNAME_2D5FBD,Mostra sulla mappa
UI_INGAMEMENUSHELL_ACTIONNAME_2F4754,Azione
UI_INGAMEMENUSHELL_ACTIONNAME_2FE06E,Azione
UI_INGAMEMENUSHELL_ACTIONNAME_317D40,Azione
UI_INGAMEMENUSHELL_ACTIONNAME_3325A8,Mostra/nascondi descrizioni
UI_INGAMEMENUSHELL_ACTIONNAME_359ED0,Pagina successiva
UI_INGAMEMENUSHELL_ACTIONNAME_388CC1,Azione
UI_INGAMEMENUSHELL_ACTIONNAME_39EC0B,Azione
UI_INGAMEMENUSHELL_ACTIONNAME_3DF38D,Azione
UI_INGAMEMENUSHELL_ACTIONNAME_3EAC51,Tieni premuto per azzerare i comandi
UI_INGAMEMENUSHELL_ACTIONNAME_44ECD1,Zoom
UI_INGAMEMENUSHELL_ACTIONNAME_458C7B,Azione
UI_INGAMEMENUSHELL_ACTIONNAME_46303C,Azione
UI_INGAMEMENUSHELL_ACTIONNAME_4683A0,Azione
UI_INGAMEMENUSHELL_ACTIONNAME_46F10F,Azione
UI_INGAMEMENUSHELL_ACTIONNAME_473507,Azione
UI_INGAMEMENUSHELL_ACTIONNAME_473D7F,Azione
UI_INGAMEMENUSHELL_ACTIONNAME_49CF58,Azione
UI_INGAMEMENUSHELL_ACTIONNAME_4DEC2F,Indietro
UI_INGAMEMENUSHELL_ACTIONNAME_4EDA63,Azione
UI_INGAMEMENUSHELL_ACTIONNAME_4FCC6F,Azione
UI_INGAMEMENUSHELL_ACTIONNAME_51771E,Azione
UI_INGAMEMENUSHELL_ACTIONNAME_51DB36,Azione
UI_INGAMEMENUSHELL_ACTIONNAME_527CA7,Azione
UI_INGAMEMENUSHELL_ACTIONNAME_52F002,Azione
UI_INGAMEMENUSHELL_ACTIONNAME_535E17,Azione
UI_INGAMEMENUSHELL_ACTIONNAME_56BA55,Scegli
UI_INGAMEMENUSHELL_ACTIONNAME_587E4E,Elimina segnalatore
UI_INGAMEMENUSHELL_ACTIONNAME_5B2AA3,Azione
UI_INGAMEMENUSHELL_ACTIONNAME_5D735C,Azione
UI_INGAMEMENUSHELL_ACTIONNAME_5F5329,Indietro
UI_INGAMEMENUSHELL_ACTIONNAME_621DDE,Azione
UI_INGAMEMENUSHELL_ACTIONNAME_633A3B,Piazza segnalatore
UI_INGAMEMENUSHELL_ACTIONNAME_6603F4,Segui missione
UI_INGAMEMENUSHELL_ACTIONNAME_6644CB,Riordina
UI_INGAMEMENUSHELL_ACTIONNAME_666A39,Indietro
UI_INGAMEMENUSHELL_ACTIONNAME_66C6CE,Azione
UI_INGAMEMENUSHELL_ACTIONNAME_676676,Scegli
UI_INGAMEMENUSHELL_ACTIONNAME_683D5B,Apri finestra del profilo
UI_INGAMEMENUSHELL_ACTIONNAME_688254,Azione
UI_INGAMEMENUSHELL_ACTIONNAME_68BB88,Azione
UI_INGAMEMENUSHELL_ACTIONNAME_68C7FF,Mostra/nascondi descrizioni
UI_INGAMEMENUSHELL_ACTIONNAME_6A255C,Riassegna tutto
UI_INGAMEMENUSHELL_ACTIONNAME_6A4965,Azione
UI_INGAMEMENUSHELL_ACTIONNAME_6B0E21,Cerca
UI_INGAMEMENUSHELL_ACTIONNAME_6C1522,Azione
UI_INGAMEMENUSHELL_ACTIONNAME_6C28C8,Azione
UI_INGAMEMENUSHELL_ACTIONNAME_6C635D,Scegli
UI_INGAMEMENUSHELL_ACTIONNAME_6FE559,Indietro
UI_INGAMEMENUSHELL_ACTIONNAME_712A8B,Azione
UI_INGAMEMENUSHELL_ACTIONNAME_71D329,Mostra/nascondi descrizioni
UI_INGAMEMENUSHELL_ACTIONNAME_726A8E,Azione
UI_INGAMEMENUSHELL_ACTIONNAME_7473B1,Scegli
UI_INGAMEMENUSHELL_ACTIONNAME_74DE66,Azione
UI_INGAMEMENUSHELL_ACTIONNAME_768428,Indietro
UI_INGAMEMENUSHELL_ACTIONNAME_773483,Azione
UI_INGAMEMENUSHELL_ACTIONNAME_78A98A,Azione
UI_INGAMEMENUSHELL_ACTIONNAME_7922AA,Azione
UI_INGAMEMENUSHELL_ACTIONNAME_7AE394,Indietro
UI_INGAMEMENUSHELL_ACTIONNAME_7C63BB,Conferma
UI_INGAMEMENUSHELL_ACTIONNAME_7ED577,Azione
UI_INGAMEMENUSHELL_ACTIONNAME_7F35D1,Azione
UI_INGAMEMENUSHELL_ACTIONNAME_7FF34F,Indietro
UI_INGAMEMENUSHELL_CLEARINPUTBUTTO_4817A0,x
UI_INGAMEMENUSHELL_ITEM_2F5489,Viaggia
UI_INGAMEMENUSHELL_ITEM_48BAFD,Sciogli
UI_INGAMEMENUSHELL_ITEM_6DFC04,Viaggia
UI_INGAMEMENUSHELL_ITEM_7A0462,Esci
UI_INGAMEMENUSHELL_NAME_41D2A2,Apertura automatica delle porte
UI_INGAMEMENUSHELL_TMP_75C6BD,Mappa
UI_INTERACT_DONATE,Dona
UI_INTERACT_PRESS_KEY,Premi '{0}'
UI_INTERACT_TELEPORT,Teletrasporto
UI_INVENTORY,Inventario
UI_INVENTORYPANE_COOKINGSKILL_LABEL,Abilità cucina:
UI_INVENTORYPANEVI_ACTIONNAME_0B8754,Azione
UI_INVENTORYPANEVI_ACTIONNAME_18A746,Azione
UI_INVENTORYPANEVI_ACTIONNAME_296954,Conferma
UI_INVENTORYPANEVI_ACTIONNAME_5453E9,Annulla
UI_INVENTORYPANEVI_ACTIONNAME_558DBA,Azione
UI_INVENTORYPANEVI_ACTIONNAME_67517E,Azione
UI_INVENTORYPANEVI_ACTIONNAME_76E877,Azione
UI_ITEMSHOPSCREEN_ACTIONNAME_0131EB,Conferma
UI_ITEMSHOPSCREEN_ACTIONNAME_03C97E,Dividi
UI_ITEMSHOPSCREEN_ACTIONNAME_08AAE2,Azione
UI_ITEMSHOPSCREEN_ACTIONNAME_0FC875,Azione
UI_ITEMSHOPSCREEN_ACTIONNAME_294AEE,Azione
UI_ITEMSHOPSCREEN_ACTIONNAME_2E7C90,Azione
UI_ITEMSHOPSCREEN_ACTIONNAME_33F839,Azione
UI_ITEMSHOPSCREEN_ACTIONNAME_3F5AF9,Azione
UI_ITEMSHOPSCREEN_ACTIONNAME_404490,Annulla
UI_ITEMSHOPSCREEN_ACTIONNAME_43CA26,Azione
UI_ITEMSHOPSCREEN_ACTIONNAME_49D37E,Azione
UI_ITEMSHOPSCREEN_ACTIONNAME_49EC9F,Compra più unità
UI_ITEMSHOPSCREEN_ACTIONNAME_4B44F0,Ordina
UI_ITEMSHOPSCREEN_ACTIONNAME_502CFE,Azione
UI_ITEMSHOPSCREEN_ACTIONNAME_5E2814,Azione
UI_ITEMSHOPSCREEN_ACTIONNAME_629006,Mostra/nascondi descrizioni
UI_ITEMSHOPSCREEN_ACTIONNAME_671789,Vendi la pila
UI_ITEMSHOPSCREEN_ACTIONNAME_6B8FA1,Compra
UI_ITEMSHOPSCREEN_ACTIONNAME_6E9BC1,Vendi
UI_ITEMSHOPSCREEN_ACTIONNAME_74378D,Indietro
UI_ITEMSHOPSCREEN_ACTIONNAME_796AFA,Azione
UI_ITEMSHOPSCREEN_ACTIONNAME_7CE3A6,Azione
UI_ITEMSHOPSCREEN_ACTIONNAME_7FEC4E,Compra la pila
UI_ITEMSHOPUI_FILTERTAB_MATERIAL,Material
UI_ITEMSHOPUI_HINT_DROPITEM,Getta oggetto
UI_ITEMSHOPUI_HINT_OPENTRADEWINDOW,Apri la finestra di scambio
UI_ITEMSHOPUI_SELLPET_CONFIRM,Vuoi davvero vendere il tuo amato compagno?
UI_ITEMSHOPUI_SHIFTPLUS,Maiusc +
UI_ITEMSHOPVIEW_ACTIONNAME_76E7B6,Azione
UI_ITEMSHOPVIEW_ACTIONNAME_7A817A,Azione
UI_ITEMSHOPVIEW_HINT_DROPITEM,Getta oggetto
UI_ITEMSHOPVIEW_HINT_OPENTRADEWINDOW,Apri la finestra di scambio
UI_ITEMSHOPVIEW_SELLPET_CONFIRM,Vuoi davvero vendere il tuo amato compagno?
UI_ITEMSHOPVIEW_SHIFTPLUS,Maiusc +
UI_JOIN_LOBBY_FULL,La lobby del server è piena
UI_JOIN_PASSWORD_UNAVAILABLE,Impossibile aprire la richiesta della password
UI_JOIN_VERSION_MISMATCH,Il server usa una versione diversa
UI_KEYBIND_ENTER_KEY,Premi un tasto...
UI_KEYBIND_QUEST_ARROWS,Frecce delle missioni
UI_KEYBIND_RESERVED_MODIFIER,{0} è riservato
UI_KEYBINDING_NAME_753A2E,Sposta su
UI_LEGENDARY_FOE_SLAIN,Nemico leggendario ucciso
UI_LEVEL,Livello
UI_LEVEL_UP_READY,Hai abbastanza XP per salire di livello!\n Trova un addestratore o un falò per allenarti.
UI_LEVELED_UP,Sei salito di livello!
UI_LOADINGTIP_0,Premi la barra spaziatrice per scattare e tienila premuta per correre più veloce.
UI_LOADINGTIP_1,Puoi usare il Varco per raggiungere la destinazione più rapidamente.
UI_LOADINGTIP_2,Puoi migliorare l'equipaggiamento alla Fucina per rendere gli oggetti più forti.
UI_LOADINGTIP_3,Vuoi alleggerire il carico? I compagni possono tornare in città e vendere la tua attrezzatura per te.
UI_LOADMANAGER_1_2C8A3C,Cacciatore
UI_LOADMANAGER_2_4493DE,Lama
UI_LOADMANAGER_3_18C4AC,Stordimento 
UI_LOADMANAGER_4_14809A,Durabilità
UI_LOADMANAGER_ADVENTURE_0923DD,Avventura
UI_LOADMANAGER_ADVENTURE_35AB01,Avventura
UI_LOADMANAGER_AGILITY_0ED072,Agilità
UI_LOADMANAGER_AGILITY_3F8BF8,Agilità
UI_LOADMANAGER_ARCHETYPE_2E83A3,Scuotiterra\n
UI_LOADMANAGER_ARCHETYPE_6145E2,Scuotiterra\n
UI_LOADMANAGER_ARCHETYPE_650869,Ranger Elementale\n
UI_LOADMANAGER_CHARACTER_2CB4F9,Personaggio
UI_LOADMANAGER_CHARACTER_5422EC,Personaggio
UI_LOADMANAGER_CHARACTERCUSTOM_536256,Personalizzazione del personaggio
UI_LOADMANAGER_CHARACTERHEADER_2A377B,Personaggio
UI_LOADMANAGER_CHARACTERHEADER_37034C,Personaggio
UI_LOADMANAGER_CHARISMA_07806D,Carisma
UI_LOADMANAGER_CHARISMA_414A1F,Carisma
UI_LOADMANAGER_CLASSHEADER_3AFFF4,Classe
UI_LOADMANAGER_CREATENEWWORLD_018832,Crea nuovo mondo
UI_LOADMANAGER_DESCRIPTION_2220AA,Lancia l'incantesimo per infliggere <i><color=#FF7A00>danno da fuoco</color></i> in un'area attorno a te.
UI_LOADMANAGER_DIFFICULTY_092303,Moderato
UI_LOADMANAGER_DIFFICULTY_0A13A4,Moderato
UI_LOADMANAGER_DIFFICULTY_0A914F,Moderato
UI_LOADMANAGER_DIFFICULTY_0E1E5A,Moderato
UI_LOADMANAGER_DIFFICULTY_144679,Moderato
UI_LOADMANAGER_DIFFICULTY_1F6F13,Moderato
UI_LOADMANAGER_DIFFICULTY_2F626A,Moderato
UI_LOADMANAGER_DIFFICULTY_358A89,Moderato
UI_LOADMANAGER_DIFFICULTY_4106FB,Moderato
UI_LOADMANAGER_DIFFICULTY_5AD14D,Moderato
UI_LOADMANAGER_DIFFICULTY_6185CD,Moderato
UI_LOADMANAGER_DIFFICULTY_67ADB3,Moderato
UI_LOADMANAGER_DIFFICULTY_72327E,Moderato
UI_LOADMANAGER_DIFFICULTY_7D3622,Moderato
UI_LOADMANAGER_DIFFICULTYHEADE_378BCF,Difficoltà
UI_LOADMANAGER_EASY_02C6AB,Facile
UI_LOADMANAGER_EASY_458F8D,Facile
UI_LOADMANAGER_EMPTYSTATETEXT_279A8F,Nessuna novità al momento
UI_LOADMANAGER_ENERGY_179363,Energia
UI_LOADMANAGER_ENERGY_4F508E,Energia
UI_LOADMANAGER_EXIT_202B27,Esci
UI_LOADMANAGER_GENDERHEADER_131F7D,Genere
UI_LOADMANAGER_HARD_1248DA,Difficile
UI_LOADMANAGER_HARD_54F5E4,Difficile
UI_LOADMANAGER_HEADER_03A5C7,Carisma
UI_LOADMANAGER_HEADER_05558F,Attributi dell'archetipo
UI_LOADMANAGER_HEADER_06A15D,Costituzione
UI_LOADMANAGER_HEADER_06E9B3,Opzioni del mondo
UI_LOADMANAGER_HEADER_0F3198,Intelligenza
UI_LOADMANAGER_HEADER_0FC3AE,Carica di Cornu
UI_LOADMANAGER_HEADER_171099,Attributi totali
UI_LOADMANAGER_HEADER_1767CD,Personalità
UI_LOADMANAGER_HEADER_1A4BAD,Energia
UI_LOADMANAGER_HEADER_1DA663,Studioso
UI_LOADMANAGER_HEADER_20A952,Opzioni del mondo
UI_LOADMANAGER_HEADER_223887,Carica di Cornu
UI_LOADMANAGER_HEADER_248F5D,Avventura
UI_LOADMANAGER_HEADER_30DEC2,Umano
UI_LOADMANAGER_HEADER_331058,Livello di difficoltà
UI_LOADMANAGER_HEADER_355FEA,Stoico
UI_LOADMANAGER_HEADER_3892B9,Mago
UI_LOADMANAGER_HEADER_40233B,Classe
UI_LOADMANAGER_HEADER_4499BD,Memoria
UI_LOADMANAGER_HEADER_4499BD_2,Razza
UI_LOADMANAGER_HEADER_5B289F,Agilità
UI_LOADMANAGER_HEADER_5CC39C,Rissoso
UI_LOADMANAGER_HEADER_601321,Carica di Cornu
UI_LOADMANAGER_HEADER_622012,Eroico
UI_LOADMANAGER_HEADER_62D6F0,Carica di Cornu
UI_LOADMANAGER_HEADER_63A34C,Opzioni del mondo
UI_LOADMANAGER_HEADER_6839DB,Livello di difficoltà
UI_LOADMANAGER_HEADER_729A4C,Minotauro
UI_LOADMANAGER_HEADER_734BEB,Carica di Cornu
UI_LOADMANAGER_HEADER_789B44,Burlone
UI_LOADMANAGER_HEADER_7D17A4,Forza
UI_LOADMANAGER_HEADERTEXT_4AC505,Giavellotto gelido
UI_LOADMANAGER_HVUIREH,Questo mondo accetta solo nuovi personaggi
UI_LOADMANAGER_INCORRECTPASSWO_64081E,Password errata
UI_LOADMANAGER_INTELLIGENCE_1A1945,Intelligenza
UI_LOADMANAGER_INTELLIGENCE_63FF04,Intelligenza
UI_LOADMANAGER_ITEM_00A129,Mondo multigiocatore
UI_LOADMANAGER_ITEM_0139F6,"Il popolo più numeroso e inventivo di Mirkea, capace di prosperare ovunque. Tuttofare adattabili, con statistiche equilibrate e la capacità di alternare armi da mischia e a distanza, flessibili per qualsiasi ruolo."
UI_LOADMANAGER_ITEM_0380E2,"Combattente feroce nel corpo a corpo, che alterna colpi d'arma e pugni rapidi e devastanti. Picchiatore resistente ma agile, che sbilancia i nemici, mantiene una pressione basata sul vigore e scarica danno improvviso in mischia."
UI_LOADMANAGER_ITEM_06E378,"Aumenta il vigore massimo, sostenendo lo scatto e le abilità che consumano vigore."
UI_LOADMANAGER_ITEM_0A3641,Hardcore
UI_LOADMANAGER_ITEM_0A44DB,"Determina gli attributi del personaggio, la crescita e metà dell'albero delle abilità, insieme alla classe"
UI_LOADMANAGER_ITEM_0C02CA,"Aumenta il potere magico, accrescendo il danno da fuoco, ghiaccio, elettricità, decadimento ed etere che infliggi. Dà accesso a più incantesimi curativi e protettivi."
UI_LOADMANAGER_ITEM_0FFB78,"Aumenta il potere fisico, accrescendo il danno da taglio, perforante e contundente che infliggi. Aumenta la velocità d'attacco per combo base più rapide. Dà accesso a più abilità astute."
UI_LOADMANAGER_ITEM_13449F,Burlone
UI_LOADMANAGER_ITEM_13EFB9,Fuoco amico
UI_LOADMANAGER_ITEM_157E1A,Sei sicuro delle tue scelte?
UI_LOADMANAGER_ITEM_1707FC,Solo nuovi personaggi
UI_LOADMANAGER_ITEM_1B4F2F,Bottino\npersonale
UI_LOADMANAGER_ITEM_1C54B9,Mago
UI_LOADMANAGER_ITEM_1D7F58,Carica in avanti. Infligge danno contundente al primo nemico colpito. Il danno aumenta con la distanza percorsa.
UI_LOADMANAGER_ITEM_1E399D,Carica in avanti. Infligge danno contundente al primo nemico colpito. Il danno aumenta con la distanza percorsa.
UI_LOADMANAGER_ITEM_1F0E0A,"Cupo, tormentato e imperturbabile, di emozioni riservate e mai disposto a mostrare debolezza.\n\n"
UI_LOADMANAGER_ITEM_201AC1,"Aumenta la concentrazione, permettendoti di lanciare più incantesimi prima di esaurirla."
UI_LOADMANAGER_ITEM_201AC1_2,"Determina gli attributi del personaggio, la crescita e metà dell'albero delle abilità, insieme alla classe."
UI_LOADMANAGER_ITEM_20F735,AvanguardiaCornuta
UI_LOADMANAGER_ITEM_21223F,Bottino\npersonale
UI_LOADMANAGER_ITEM_215DDE,Entra nel mondo
UI_LOADMANAGER_ITEM_22C03B,https://discord.gg/dimraeth
UI_LOADMANAGER_ITEM_22CXXX,Il playtest non è attualmente disponibile.\nPer restare aggiornato sulle novità del playtest vai su:
UI_LOADMANAGER_ITEM_253D48,Studioso
UI_LOADMANAGER_ITEM_25CCC7,Il server è andato offline
UI_LOADMANAGER_ITEM_29A77A,Bottino\npersonale
UI_LOADMANAGER_ITEM_29CDA3,Mondo per giocatore singolo
UI_LOADMANAGER_ITEM_2D8FF5,"Aumenta il potere fisico, accrescendo il danno da taglio, perforante e contundente che infliggi. Dà accesso a più abilità marziali."
UI_LOADMANAGER_ITEM_2E9796,Carica in avanti. Infligge danno contundente al primo nemico colpito. Il danno aumenta con la distanza percorsa.
UI_LOADMANAGER_ITEM_31037F,"Guerrieri imponenti dalla testa di toro di Mirkea, dai sensi acuti e dalla mente tattica. Picchiatori di prima linea votati alla forza, che attaccano con ampi fendenti d'ascia e assorbono i colpi"
UI_LOADMANAGER_ITEM_360814,Incantesimi
UI_LOADMANAGER_ITEM_3987F4,"Un eroe tradizionale, sempre mosso da onore e cavalleria.\n"
UI_LOADMANAGER_ITEM_3BA598,Stoico
UI_LOADMANAGER_ITEM_3CCF71,AvanguardiaCornuta
UI_LOADMANAGER_ITEM_3E00FE,Aumenta la salute massima e la sua rigenerazione.
UI_LOADMANAGER_ITEM_3E0232,AvanguardiaCornuta
UI_LOADMANAGER_ITEM_3F8453,ThisIsProbablyTheLo
UI_LOADMANAGER_ITEM_47379D,Carica in avanti. Infligge danno contundente al primo nemico colpito. Il danno aumenta con la distanza percorsa.
UI_LOADMANAGER_ITEM_4917ED,Apri
UI_LOADMANAGER_ITEM_4A0CB3,Solo amici
UI_LOADMANAGER_ITEM_4A8233,Vuoi davvero disconnetterti dalla lobby?
UI_LOADMANAGER_ITEM_4ACB87,Minotauro
UI_LOADMANAGER_ITEM_4ACELF,Elfo
UI_LOADMANAGER_ITEM_4ACMAL,Maschio
UI_LOADMANAGER_ITEM_4B1BBA,Bottino\npersonale
UI_LOADMANAGER_ITEM_4BC6A3,"Un incantatore versatile che comanda fuoco e gelo per adattarsi a ogni minaccia. I Ranger Elementali eccellono nel combattimento a media distanza e nella mobilità tattica, concatenando effetti elementali per controllare il campo di battaglia.\n"
UI_LOADMANAGER_ITEM_513B1C,Bottino personale
UI_LOADMANAGER_ITEM_535D2E,"Parla con retorica erudita, sempre interessato a imparare di più."
UI_LOADMANAGER_ITEM_543999,Hardcore
UI_LOADMANAGER_ITEM_54F4F9,Vuoi davvero eliminare questo mondo?
UI_LOADMANAGER_ITEM_59D60C,Crea nuovo mondo
UI_LOADMANAGER_ITEM_5A5F12,Bottino\npersonale
UI_LOADMANAGER_ITEM_5D8BB2,La personalità del tuo personaggio. Cambia le tue risposte nei dialoghi.\n
UI_LOADMANAGER_ITEM_61AC4E,"Incantatore elementale che comanda fuoco, ghiaccio e fulmine. Costruisce e fa detonare combo elementali per controllare le folle, sfruttare le debolezze e scatenare danno amplificato a distanza."
UI_LOADMANAGER_ITEM_6C8448,Vuoi davvero eliminare questo personaggio?
UI_LOADMANAGER_ITEM_6F72ED,Sei sicuro delle tue scelte?
UI_LOADMANAGER_ITEM_705F3D,Hardcore
UI_LOADMANAGER_ITEM_728934,Carica in avanti. Infligge danno contundente al primo nemico colpito. Il danno aumenta con la distanza percorsa.
UI_LOADMANAGER_ITEM_756F92,"Aumenta il potere magico, accrescendo il danno da fuoco, ghiaccio, elettricità, decadimento ed etere che infliggi. Sblocca incantesimi più distruttivi."
UI_LOADMANAGER_ITEM_75B9DC,Aumenta il potere fisico e il potere magico.
UI_LOADMANAGER_ITEM_76660D,Hardcore
UI_LOADMANAGER_ITEM_7779BF,Rissoso
UI_LOADMANAGER_ITEM_77SHAD,Ombra
UI_LOADMANAGER_ITEM_786090,Eroico
UI_LOADMANAGER_ITEM_7890F8,Umano
UI_LOADMANAGER_ITEM_7890FEM,Femmina
UI_LOADMANAGER_ITEM_7909AF,Ranger Elementale
UI_LOADMANAGER_ITEM_7BA216,"Scherza su ogni situazione, spensierato e tranquillo anche nelle circostanze più disperate.\n"
UI_LOADMANAGER_JOINWORLDHEADER_57C979,Entra nel mondo
UI_LOADMANAGER_LOADINGINDICATO_218C43,Caricamento...
UI_LOADMANAGER_LOBBYOPTIONS_3899E5,Opzioni della lobby
UI_LOADMANAGER_LOBBYTYPE_0CA524,Solo su invito
UI_LOADMANAGER_MEM_155647,Mem
UI_LOADMANAGER_MEM_1687C3,Memoria
UI_LOADMANAGER_MEM_299B39,Mem
UI_LOADMANAGER_MEM_4D6950,Memoria
UI_LOADMANAGER_MESSAGE_5DF236,Inserisci la password
UI_LOADMANAGER_MODERATE_0442F3,Moderato
UI_LOADMANAGER_MODERATE_44BF74,Moderato
UI_LOADMANAGER_MULTIPLAYER_0338F4,Mondo multigiocatore
UI_LOADMANAGER_MULTIPLAYER_57D52A,Mondo multigiocatore
UI_LOADMANAGER_MULTIPLAYER_65008A,Mondo multigiocatore
UI_LOADMANAGER_NAME_041BA3,Costruisci
UI_LOADMANAGER_NAME_09602D,Sposta giù
UI_LOADMANAGER_NAME_0A6950,Slot oggetto 2
UI_LOADMANAGER_NAME_0A6954,Slot oggetto 1
UI_LOADMANAGER_NAME_0A695C,Slot oggetto 3
UI_LOADMANAGER_NAME_0A6978,Slot oggetto 4
UI_LOADMANAGER_NAME_0B56D7,Incantesimo difensivo
UI_LOADMANAGER_NAME_0DFF9C,Post-elaborazione
UI_LOADMANAGER_NAME_0E59C7,VSync
UI_LOADMANAGER_NAME_11B539,Nascondi automaticamente i muri
UI_LOADMANAGER_NAME_11DA1D,Incantesimo 2
UI_LOADMANAGER_NAME_130E63,Menu di gioco
UI_LOADMANAGER_NAME_1421C2,Incantesimo 1
UI_LOADMANAGER_NAME_153887,Volume dell'ambiente
UI_LOADMANAGER_NAME_160944,Incantesimo 5
UI_LOADMANAGER_NAME_19D261,Risoluzione
UI_LOADMANAGER_NAME_1D8809,Interagisci
UI_LOADMANAGER_NAME_201691,Mostra automaticamente la prossima
UI_LOADMANAGER_NAME_247468,Mostra la chat
UI_LOADMANAGER_NAME_26445F,Codex dell'artigianato
UI_LOADMANAGER_NAME_2A90D9,Inventario
UI_LOADMANAGER_NAME_2E0BD0,PresetQualità
UI_LOADMANAGER_NAME_30E3C0,Zona morta del movimento telecamera
UI_LOADMANAGER_NAME_33C63F,Diario
UI_LOADMANAGER_NAME_352CB0,Frequenza dei fotogrammi
UI_LOADMANAGER_NAME_3565C5,Attacco
UI_LOADMANAGER_NAME_381058,Mappa
UI_LOADMANAGER_NAME_3B448C,Incantesimo 4
UI_LOADMANAGER_NAME_3C60C5,Sposta su
UI_LOADMANAGER_NAME_3F73B3,Incantesimo 3
UI_LOADMANAGER_NAME_420D56,Mostra la direzione del mouse
UI_LOADMANAGER_NAME_430ED7,Ruota delle emoji
UI_LOADMANAGER_NAME_4597E5,Sposta a sinistra
UI_LOADMANAGER_NAME_49B039,Tipo di controller
UI_LOADMANAGER_NAME_4F5722,Tipo di comando
UI_LOADMANAGER_NAME_5404C4,Mostra le frecce del gruppo
UI_LOADMANAGER_NAME_556C0B,Mostra il tracciatore missioni
UI_LOADMANAGER_NAME_568017,Mostra l'HUD del gruppo
UI_LOADMANAGER_NAME_56B2CC,Disattiva mira automatica
UI_LOADMANAGER_NAME_588E6C,Volume degli effetti
UI_LOADMANAGER_NAME_5AC244,Modificatore di combo
UI_LOADMANAGER_NAME_5CD8E9,Vista del personaggio
UI_LOADMANAGER_NAME_5D3FBF,Lingua
UI_LOADMANAGER_NAME_5E4B56,Volume della musica
UI_LOADMANAGER_NAME_61474D,Volume principale
UI_LOADMANAGER_NAME_651A8B,Selezione del lancio
UI_LOADMANAGER_NAME_6520CF,Mostra le frecce dei segnalatori
UI_LOADMANAGER_NAME_670BD7,Schermo intero
UI_LOADMANAGER_NAME_6B5A42,Scatto / Corsa
UI_LOADMANAGER_NAME_6BC815,Qualità delle ombre
UI_LOADMANAGER_NAME_748AE2,Albero delle abilità
UI_LOADMANAGER_NAME_791798,Mostra tutti i vitali del gruppo
UI_LOADMANAGER_NAME_7BD43B,Blocca la telecamera sul giocatore
UI_LOADMANAGER_NAME_SPELL_1_4FF4F1,Carica di Cornu\n
UI_LOADMANAGER_NAME_SPELL_1_75EF2C,Carica di Cornu
UI_LOADMANAGER_NAME_SPELL_1_7AA1E0,Carica di Cornu
UI_LOADMANAGER_NAME_SPELL_2_1A2D7A,Carica sismica
UI_LOADMANAGER_NAME_SPELL_2_543D96,Lancio di masso
UI_LOADMANAGER_NAME_SPELL_3_2F3843,Jab rapido
UI_LOADMANAGER_NAME_SPELL_3_340523,Sisma del Tiranno
UI_LOADMANAGER_NAME_SPELL_4_2FB4BC,Carica sismica
UI_LOADMANAGER_NAME_SPELL_4_717FB9,Polverizza
UI_LOADMANAGER_NEWCHARACTERSON_24D667,Solo nuovi personaggi
UI_LOADMANAGER_NOTE_0A861D,"Questo server ospita un misto instabile di prototipi, idee abbozzate e codice che in qualche modo funziona. Aspettati comportamenti strani, funzioni rotte e qualche lampo di genio. Perfetto per i test, terribile per la produzione."
UI_LOADMANAGER_NOTEHEADER_5677BE,Nota:
UI_LOADMANAGER_ORIGINHEADER_1D622C,Razza
UI_LOADMANAGER_PERSONA_30FC88,Personalità
UI_LOADMANAGER_PHYSICAL_257618,Fisico
UI_LOADMANAGER_PHYSICAL_25B33A,Fisico
UI_LOADMANAGER_PINGHEADER_5DEDE7,Ping
UI_LOADMANAGER_PLACEHOLDER_053A74,NuovoMondo
UI_LOADMANAGER_PLACEHOLDER_1C6C6B,Inserisci testo...
UI_LOADMANAGER_PLACEHOLDER_1FFB6F,Inserisci il codice...
UI_LOADMANAGER_PLACEHOLDER_262785,Inserisci testo...
UI_LOADMANAGER_PLACEHOLDER_3D38DB,Inserisci il nome del personaggio
UI_LOADMANAGER_PLACEHOLDER_44AC97,Inserisci il nome del mondo
UI_LOADMANAGER_PLACEHOLDER_581642,Password
UI_LOADMANAGER_PLACEHOLDER_639A4F,inserisci il nome del server
UI_LOADMANAGER_PLAYERHEADER_0E9B34,Giocatore
UI_LOADMANAGER_SCENENAME_5A6E24,Villaggio di Earlwood Sud
UI_LOADMANAGER_SELECTEDSERVERH_511698,Server selezionato
UI_LOADMANAGER_SERVERHEADER_4F89E5,Server
UI_LOADMANAGER_SINGLEPLAYER_2CED32,Mondo per giocatore singolo
UI_LOADMANAGER_SPELLS_HEADER_5298A0,Incantesimi
UI_LOADMANAGER_SPELLS_HEADER_59BEAF,Incantesimi
UI_LOADMANAGER_STR_1D8AFB,For
UI_LOADMANAGER_STR_714EBD,For
UI_LOADMANAGER_STRENGTH_060C03,Forza
UI_LOADMANAGER_STRENGTH_11CCF8,Forza
UI_LOADMANAGER_TIPHEADER_639E9D,Suggerimenti
UI_LOADMANAGER_TIPTEXT_44B1B4,Premi la barra spaziatrice per scattare e tienila premuta per correre più veloce
UI_LOADMANAGER_TITLE_3EF0FF,Notizie e aggiornamenti
UI_LOADMANAGER_TMP_0258D8,B
UI_LOADMANAGER_TMP_04B504,Indietro
UI_LOADMANAGER_TMP_050575,Avanti
UI_LOADMANAGER_TMP_050F21,Protetta da password
UI_LOADMANAGER_TMP_054812,Regola il numero della lobby
UI_LOADMANAGER_TMP_07964D,Conferma
UI_LOADMANAGER_TMP_0828B1,Opzioni
UI_LOADMANAGER_TMP_0A0261,nome del mondo obbligatorio
UI_LOADMANAGER_TMP_0A7104,Menu dei filtri
UI_LOADMANAGER_TMP_0C205B,Server vuoti
UI_LOADMANAGER_TMP_0C6318,Mostra/nascondi le descrizioni oggetti
UI_LOADMANAGER_TMP_0C930A,Aggiorna
UI_LOADMANAGER_TMP_0E536B,Schermo
UI_LOADMANAGER_TMP_0EC9EC,Multigiocatore
UI_LOADMANAGER_TMP_1_0BF609,Umano
UI_LOADMANAGER_TMP_1_4811D8,Mostra solo
UI_LOADMANAGER_TMP_1020E0,Mostra/nascondi le descrizioni oggetti
UI_LOADMANAGER_TMP_115845,Ordina
UI_LOADMANAGER_TMP_117180,Nota
UI_LOADMANAGER_TMP_11E5F1,Regola la difficoltà
UI_LOADMANAGER_TMP_12FA13,Unisciti
UI_LOADMANAGER_TMP_138A66,Unisciti
UI_LOADMANAGER_TMP_169FEC,Regola il livello di difficoltà
UI_LOADMANAGER_TMP_172735,Conferma nome
UI_LOADMANAGER_TMP_179921,Impostazioni dei comandi
UI_LOADMANAGER_TMP_1B8474,Torna alla scelta della lobby
UI_LOADMANAGER_TMP_1BD3C5,Indietro
UI_LOADMANAGER_TMP_1D1B0D,Opzioni
UI_LOADMANAGER_TMP_1F2862,Cambia pagina
UI_LOADMANAGER_TMP_1F56EF,Indietro
UI_LOADMANAGER_TMP_20700A,Crediti
UI_LOADMANAGER_TMP_21914D,Server pieni
UI_LOADMANAGER_TMP_2247F0,Conferma
UI_LOADMANAGER_TMP_226BFB,Nota
UI_LOADMANAGER_TMP_233784,Ordina
UI_LOADMANAGER_TMP_24399D,Unisciti
UI_LOADMANAGER_TMP_24C36F,Indietro
UI_LOADMANAGER_TMP_264990,Ospite
UI_LOADMANAGER_TMP_264990_2,Crea nuovo personaggio
UI_LOADMANAGER_TMP_270B5D,Avanti
UI_LOADMANAGER_TMP_27FD67,Avanti
UI_LOADMANAGER_TMP_28DF5D,Seleziona la quantità
UI_LOADMANAGER_TMP_2A589D,Impostazioni di gioco
UI_LOADMANAGER_TMP_2B3BAE,Impostazioni audio
UI_LOADMANAGER_TMP_2C1030,Indietro\n
UI_LOADMANAGER_TMP_2C37DA,Ordina
UI_LOADMANAGER_TMP_2C63C4,Naviga
UI_LOADMANAGER_TMP_2E143A,Regola il livello di difficoltà
UI_LOADMANAGER_TMP_2FE27D,Esci
UI_LOADMANAGER_TMP_302039,Elimina
UI_LOADMANAGER_TMP_32C152,Giocatore singolo
UI_LOADMANAGER_TMP_34C88A,Conferma nome
UI_LOADMANAGER_TMP_34CE03,Avanti
UI_LOADMANAGER_TMP_3545AF,Getta oggetto
UI_LOADMANAGER_TMP_361457,Seleziona la quantità
UI_LOADMANAGER_TMP_3764E2,Indietro
UI_LOADMANAGER_TMP_38B226,Inizia
UI_LOADMANAGER_TMP_3A67E1,Esci
UI_LOADMANAGER_TMP_3DFF97,Indietro
UI_LOADMANAGER_TMP_3F261C,Naviga
UI_LOADMANAGER_TMP_3FE81E,Getta oggetto
UI_LOADMANAGER_TMP_414D4E,Torna alla scelta del mondo
UI_LOADMANAGER_TMP_44508A,Getta oggetto
UI_LOADMANAGER_TMP_4476CC,Ordina per
UI_LOADMANAGER_TMP_4476CC_10,Ping
UI_LOADMANAGER_TMP_4476CC_11,Ordina per
UI_LOADMANAGER_TMP_4476CC_12,Nascondi
UI_LOADMANAGER_TMP_4476CC_13,Difficoltà
UI_LOADMANAGER_TMP_4476CC_14,Ping
UI_LOADMANAGER_TMP_4476CC_15,Nascondi
UI_LOADMANAGER_TMP_4476CC_16,Ping
UI_LOADMANAGER_TMP_4476CC_17,Nascondi
UI_LOADMANAGER_TMP_4476CC_18,Difficoltà
UI_LOADMANAGER_TMP_4476CC_19,Ping
UI_LOADMANAGER_TMP_4476CC_2,Difficoltà
UI_LOADMANAGER_TMP_4476CC_20,Nascondi
UI_LOADMANAGER_TMP_4476CC_21,Ping
UI_LOADMANAGER_TMP_4476CC_22,Ordina per
UI_LOADMANAGER_TMP_4476CC_23,Difficoltà
UI_LOADMANAGER_TMP_4476CC_24,Ping
UI_LOADMANAGER_TMP_4476CC_25,Nascondi
UI_LOADMANAGER_TMP_4476CC_26,Difficoltà
UI_LOADMANAGER_TMP_4476CC_27,Ordina per
UI_LOADMANAGER_TMP_4476CC_28,Difficoltà
UI_LOADMANAGER_TMP_4476CC_29,Ping
UI_LOADMANAGER_TMP_4476CC_3,Ping
UI_LOADMANAGER_TMP_4476CC_30,Nascondi
UI_LOADMANAGER_TMP_4476CC_31,Difficoltà
UI_LOADMANAGER_TMP_4476CC_32,Ordina per
UI_LOADMANAGER_TMP_4476CC_33,Difficoltà
UI_LOADMANAGER_TMP_4476CC_34,Ping
UI_LOADMANAGER_TMP_4476CC_35,Nascondi
UI_LOADMANAGER_TMP_4476CC_36,Difficoltà
UI_LOADMANAGER_TMP_4476CC_37,Ordina per
UI_LOADMANAGER_TMP_4476CC_38,Difficoltà
UI_LOADMANAGER_TMP_4476CC_39,Ping
UI_LOADMANAGER_TMP_4476CC_4,Nascondi
UI_LOADMANAGER_TMP_4476CC_40,Nascondi
UI_LOADMANAGER_TMP_4476CC_41,Difficoltà
UI_LOADMANAGER_TMP_4476CC_42,Ordina per
UI_LOADMANAGER_TMP_4476CC_43,Difficoltà
UI_LOADMANAGER_TMP_4476CC_44,Ping
UI_LOADMANAGER_TMP_4476CC_45,Nascondi
UI_LOADMANAGER_TMP_4476CC_46,Difficoltà
UI_LOADMANAGER_TMP_4476CC_47,Ordina per
UI_LOADMANAGER_TMP_4476CC_48,Difficoltà
UI_LOADMANAGER_TMP_4476CC_49,Ping
UI_LOADMANAGER_TMP_4476CC_5,Ping
UI_LOADMANAGER_TMP_4476CC_50,Nascondi
UI_LOADMANAGER_TMP_4476CC_51,Difficoltà
UI_LOADMANAGER_TMP_4476CC_52,Ordina per
UI_LOADMANAGER_TMP_4476CC_53,Difficoltà
UI_LOADMANAGER_TMP_4476CC_54,Ping
UI_LOADMANAGER_TMP_4476CC_55,Nascondi
UI_LOADMANAGER_TMP_4476CC_56,Difficoltà
UI_LOADMANAGER_TMP_4476CC_57,Ordina per
UI_LOADMANAGER_TMP_4476CC_58,Difficoltà
UI_LOADMANAGER_TMP_4476CC_59,Ping
UI_LOADMANAGER_TMP_4476CC_6,Nascondi
UI_LOADMANAGER_TMP_4476CC_60,Nascondi
UI_LOADMANAGER_TMP_4476CC_61,Ping
UI_LOADMANAGER_TMP_4476CC_62,Ordina per
UI_LOADMANAGER_TMP_4476CC_63,Difficoltà
UI_LOADMANAGER_TMP_4476CC_64,Ping
UI_LOADMANAGER_TMP_4476CC_65,Nascondi
UI_LOADMANAGER_TMP_4476CC_66,Ping
UI_LOADMANAGER_TMP_4476CC_67,Nascondi
UI_LOADMANAGER_TMP_4476CC_7,Difficoltà
UI_LOADMANAGER_TMP_4476CC_8,Ping
UI_LOADMANAGER_TMP_4476CC_9,Nascondi
UI_LOADMANAGER_TMP_447C6F,Elimina
UI_LOADMANAGER_TMP_45490D,Avanti
UI_LOADMANAGER_TMP_466483,Conferma
UI_LOADMANAGER_TMP_46EFC3,Scegli
UI_LOADMANAGER_TMP_477309,Crea
UI_LOADMANAGER_TMP_49C62E,Continua
UI_LOADMANAGER_TMP_4AE156,Avanti
UI_LOADMANAGER_TMP_4B4ED2,Seleziona la quantità
UI_LOADMANAGER_TMP_4BAD51,Menu dei filtri
UI_LOADMANAGER_TMP_4BD072,Continua
UI_LOADMANAGER_TMP_4C4755,Menu dei filtri
UI_LOADMANAGER_TMP_4CB313,Seleziona la quantità
UI_LOADMANAGER_TMP_4EE3E6,L
UI_LOADMANAGER_TMP_4FCD62,Scegli l'incarico
UI_LOADMANAGER_TMP_516593,Indietro
UI_LOADMANAGER_TMP_51E0CF,Avanti
UI_LOADMANAGER_TMP_5209DF,Trasferisci tutti gli oggetti
UI_LOADMANAGER_TMP_5216BF,Audio
UI_LOADMANAGER_TMP_5251B3,Bottino personale
UI_LOADMANAGER_TMP_5339CF,Indietro
UI_LOADMANAGER_TMP_533E34,Mago
UI_LOADMANAGER_TMP_537E84,Indietro
UI_LOADMANAGER_TMP_539200,Indietro
UI_LOADMANAGER_TMP_53F0E9,Elimina
UI_LOADMANAGER_TMP_542089,Indietro
UI_LOADMANAGER_TMP_54C6C7,Crediti
UI_LOADMANAGER_TMP_55A852,Impostazioni dello schermo
UI_LOADMANAGER_TMP_55C0A3,nome del personaggio obbligatorio
UI_LOADMANAGER_TMP_5649AD,R
UI_LOADMANAGER_TMP_56BADA,Indietro
UI_LOADMANAGER_TMP_56C604,Menu principale
UI_LOADMANAGER_TMP_5A2EAC,Getta oggetto
UI_LOADMANAGER_TMP_5DBA50,Azzera
UI_LOADMANAGER_TMP_5F6896,Cambia mondo
UI_LOADMANAGER_TMP_5F9E43,Indietro
UI_LOADMANAGER_TMP_60684E,Generale
UI_LOADMANAGER_TMP_60BC4C,Menu dei filtri
UI_LOADMANAGER_TMP_60E3C1,Fuoco amico
UI_LOADMANAGER_TMP_6195DF,Ordina
UI_LOADMANAGER_TMP_6195DF_2,Scorri
UI_LOADMANAGER_TMP_61D55F,Indietro
UI_LOADMANAGER_TMP_626153,Scegli l'incarico
UI_LOADMANAGER_TMP_629DA4,Comandi
UI_LOADMANAGER_TMP_6364F7,Unisciti
UI_LOADMANAGER_TMP_66DD66,livello di difficoltà incompatibile
UI_LOADMANAGER_TMP_66E664,Indietro
UI_LOADMANAGER_TMP_67D042,Multigiocatore
UI_LOADMANAGER_TMP_699E5C,Esci
UI_LOADMANAGER_TMP_6A0F2E,Scegli
UI_LOADMANAGER_TMP_6A2518,Indietro
UI_LOADMANAGER_TMP_6B5DEB,nome del personaggio obbligatorio
UI_LOADMANAGER_TMP_6C4844,Avanti
UI_LOADMANAGER_TMP_6D5278,Indietro
UI_LOADMANAGER_TMP_6ED45D,Ordina
UI_LOADMANAGER_TMP_716488,Unisciti
UI_LOADMANAGER_TMP_729271,Sciogli
UI_LOADMANAGER_TMP_731F9F,Conferma
UI_LOADMANAGER_TMP_739D04,Giocatore singolo
UI_LOADMANAGER_TMP_73B512,Seleziona la quantità
UI_LOADMANAGER_TMP_73F4FC,Continua
UI_LOADMANAGER_TMP_7489E1,Indietro
UI_LOADMANAGER_TMP_75A412,Con gli amici
UI_LOADMANAGER_TMP_7634A8,Con il personaggio
UI_LOADMANAGER_TMP_777D21,Conferma
UI_LOADMANAGER_TMP_7866AE,Conferma
UI_LOADMANAGER_TMP_786CF0,Solo nuovi personaggi
UI_LOADMANAGER_TMP_79212F,Avanti
UI_LOADMANAGER_TMP_79CB0E,Inizia
UI_LOADMANAGER_TMP_79CB0E_2,Crea
UI_LOADMANAGER_TMP_7B4FDD,Cambia mondo
UI_LOADMANAGER_TMP_7BF0E1,Opzioni
UI_LOADMANAGER_TMP_7ED8FA,Mostra/nascondi le descrizioni oggetti
UI_LOADMANAGER_WARNING_736A08,Più di 8 giocatori non è ufficialmente supportato
UI_LOADMANAGER_WELCOME_4C0E6A,Benvenuto a Dimraeth!
UI_LOADMANAGER_WORLDHEADER_2A5A1A,Mondo
UI_LOADMANAGER_WORLDHEADER_65F9CA,Mondo
UI_LOADMANAGER_YOURCHARACTERHE_1BDA81,Il tuo personaggio
UI_LOADMANAGER_YOURWORLDHEADER_50A6B1,Il tuo mondo
UI_LOBBY_COUNT,{0} mostrati / {1} trovati
UI_LOBBY_DIRECT_CONNECT_UNAVAILABLE,Elenco lobby non disponibile in connessione diretta.
UI_LOBBY_FETCH_FAILED,Impossibile recuperare le lobby.
UI_LOBBY_FRIENDLY_FIRE,fuoco amico
UI_LOBBY_HOSTING_MODE,{0} sta giocando in modalità {1}
UI_LOBBY_NEW_CHARACTERS_ONLY,solo nuovi personaggi
UI_LOBBY_NO_FRIENDS_ONLINE,Nessun amico online
UI_LOBBY_NO_MODIFIERS,Nessun modificatore speciale.
UI_LOBBY_NO_SERVERS_ONLINE,Nessun server online
UI_LOBBY_NONE_FOUND,Nessuna lobby trovata.
UI_LOBBY_NONE_MATCH_FILTERS,Nessuna lobby corrisponde ai filtri.
UI_LOBBY_PASSWORD_PROTECTED,protetta da password
UI_LOBBY_PERSONAL_LOOT,Bottino personale
UI_LOBBY_PLAYERS,giocatori
UI_LOBBY_SEARCHING,Ricerca delle lobby...
UI_LOBBY_SELECT_A_SERVER,Seleziona un server
UI_LOBBY_STEAM_UNAVAILABLE,Steam non è disponibile.
UI_LOBBY_UNKNOWN_HOST,Ospite sconosciuto
UI_MAINMENU_PASSIVE_EARTHSHAKER_TEXT,Scuotiterra
UI_MAINMENU_PASSIVE_ELEMENTALRANGER_TEXT,Ranger Elementale
UI_MAINMENU_PASSIVE_NONE_TEXT,Cambio arma
UI_MAINMENU_PASSIVE_VANGUARD_TEXT,Avanguardia
UI_MAINMENU_PASSIVE_WILDSTRIDER_TEXT,Passosilvestre
UI_MAINMENU_SPELL_BLADEDANCE_TEXT,Colpo multiplo
UI_MAINMENU_SPELL_CORNUCHARGE_TEXT,Carica di Cornu
UI_MAINMENU_SPELL_MULTISTRIKE_TEXT,Colpo multiplo
UI_MAINMENU_SPELL_PULVERIZE_TEXT,Polverizza
UI_MAINMENU_SPELL_QUICKJAB_TEXT,Jab rapido
UI_MAINMENU_SPELL_SEISMICSTAMPEDE_TEXT,Carica sismica
UI_MAINMENU_SPELL_WEAPONSWAP_TEXT,Cambio arma
UI_MAINMENUSCREEN_ACTIONNAME_092CCF,Azione
UI_MAINMENUSCREEN_ACTIONNAME_34C78B,Azione
UI_MAINMENUSETTING_ACTIONNAME_0145BF,Azione
UI_MAINMENUSETTING_ACTIONNAME_1BF472,Tieni premuto per azzerare i comandi
UI_MAINMENUSETTING_ACTIONNAME_1E43F1,Indietro
UI_MAINMENUSETTING_ACTIONNAME_27385C,Scegli
UI_MAINMENUSETTING_ACTIONNAME_31DB98,Azione
UI_MANA,Mana
UI_MAP_FRAGMENT,Frammento di mappa
UI_MAP_REVEALED,Mappa rivelata
UI_MAP_REWARD_ENCUMBRANCE,Icona dell'ingombro
UI_MAP_REWARD_PET,Compagno
UI_MAP_REWARD_SPELLBOOK,Libro degli incantesimi
UI_MAP_SHOW_TRACKED_QUEST,Mostra la missione seguita
UI_MAP_TAB_EARLWOOD,Earlwood
UI_MAP_TAB_GOBLINCAVES,Caverne dei Goblin
UI_MAP_TAB_LOSTCAVERNS,Caverne Perdute
UI_MAP_TAB_SANCTUM,Santuario
UI_MAPSCREEN_ACTIONNAME_1A9EF0,Azione
UI_MAPSCREEN_ACTIONNAME_3461AE,Zoom
UI_MAPSCREEN_ACTIONNAME_44A5CE,Indietro
UI_MAPSCREEN_ACTIONNAME_583BBF,Punti di passaggio
UI_MAPSCREEN_ACTIONNAME_58D776,Elimina segnalatore
UI_MAPSCREEN_ACTIONNAME_5E9F5F,Filtri
UI_MAPSCREEN_ACTIONNAME_618F24,Azione
UI_MAPSCREEN_ACTIONNAME_7013BA,Conferma
UI_MAPSCREEN_ACTIONNAME_794E61,Piazza segnalatore
UI_MAPSCREEN_ITEM_241ACA,Viaggia
UI_MAPSCREEN_ITEM_677D78,Viaggia
UI_MAPTOOLTIP_ACTIONNAME_65DF67,Azione
UI_MODIFIERTOOLTIP_ITEM_33ED87,"Infliggi meno danno, ma raddoppia le cariche di ustione"
UI_MOVEMENTTYPE_BODYTEXT_40AF10,Scatto automatico in esplorazione. \nScatto manuale in combattimento.\nTieni premuto il comando per scattare. \n<i> <color=#FFDA00>Lo scatto consuma vigore solo in combattimento.</color> </i>
UI_MOVEMENTTYPE_BODYTEXT_507EA3,Scatto manuale in esplorazione e in combattimento. \nTieni premuto il comando per scattare. \n<i> <color=#FFDA00>Lo scatto consuma vigore solo in combattimento.</color> </i>
UI_MOVEMENTTYPE_COMBAT_2112D2,Combattimento
UI_MOVEMENTTYPE_COMBAT_72BC88,Combattimento
UI_MOVEMENTTYPE_EXPLORATION_74AB02,Esplorazione
UI_MOVEMENTTYPE_EXPLORATION_7D6EAE,Esplorazione
UI_MOVEMENTTYPE_HEADER_1C0DB2,Scatto normale
UI_MOVEMENTTYPE_HEADER_77272F,Scatto automatico in esplorazione
UI_MOVEMENTTYPE_HOLD_0391F9,Tieni premuto
UI_MOVEMENTTYPE_HOLD_4B7C99,Scatto automatico
UI_MOVEMENTTYPE_HOLD_4D8174,Tieni premuto
UI_MOVEMENTTYPE_HOLD_5FA2B7,Tieni premuto
UI_MULTIPLAYERLOBB_ACTIONNAME_08E6EB,Azione
UI_MULTIPLAYERLOBB_ACTIONNAME_09005C,Aggiorna
UI_MULTIPLAYERLOBB_ACTIONNAME_0B31A9,Azione
UI_MULTIPLAYERLOBB_ACTIONNAME_148258,Cerca
UI_MULTIPLAYERLOBB_ACTIONNAME_5323B2,Azione
UI_MULTIPLAYERLOBB_ACTIONNAME_612747,Azione
UI_MUSICSELECTION_HINT_EXIT,Esci
UI_MUSICSELECTIONU_TRACKTEXT_750D36,Nome traccia
UI_NEARBY_EVENT,Evento vicino:
UI_NEARBY_EVENT_ADVANCED,Evento vicino avanzato
UI_NEARBY_EVENT_COMPLETE,Evento vicino completato!
UI_NEW_DEED,Nuovo incarico:
UI_NEW_ITEM,Nuovo oggetto:
UI_NEW_MAIN_QUEST,Nuova missione principale:
UI_NEW_SIDE_QUEST,Nuova missione secondaria:
UI_NEWS_EMPTY,Nessuna novità al momento
UI_NEWS_UNAVAILABLE,Impossibile caricare le novità
UI_NOURISHMENT,Nutrimento
UI_NOURISHMENT_WARNING,Il tuo nutrimento è basso. La rigenerazione è ridotta.
UI_NPCDESCRIPTIVEM_NAME_753A2E,Joseph
UI_NPCDIALOGUE_HINT_SHOWTOOLTIP,Mostra descrizione
UI_NPCOption_Craft,Crea
UI_NPCOption_Deliver,Consegna
UI_NPCOption_Forge,Fucina
UI_NPCOption_Music,Musica
UI_NPCOption_PetPen,Recinto dei compagni
UI_NPCOption_RecallPet,Richiama il compagno
UI_NPCOption_Reroll,Ritira
UI_NPCOption_Respec,Riassegna
UI_NPCOption_Rest,Riposa
UI_NPCOption_Sleep,Dormi
UI_NPCOption_Talk,Parla
UI_NPCOPTION_TALK,Parla
UI_NPCOption_Trade,Scambia
UI_NPCOption_Train,Allena
UI_OWNER,Proprietario
UI_PARTYMEMBERROW_NAME_6918E7,Thelongestnamee
UI_PASSWORDSCREEN_ACTIONNAME_5323B2,Azione
UI_PASSWORDSCREEN_ACTIONNAME_590005,Azione
UI_PERSONALCRAFT_CRAFTBUTTON,Crea
UI_PERSONALCRAFT_QUEUE,Coda
UI_PET_BEFR_SOLD_JUNK,Befr ha accettato la tua robaccia per {0}g
UI_PET_COURIER_OVERVIEW,Riepilogo del corriere:
UI_PET_DESCRIPTION,Descrizione del compagno
UI_PET_ENCUMBRANCE_BONUS,Bonus ingombro
UI_PET_LEVEL,Livello
UI_PET_LEVEL_UP,{0} è ora di livello {1}
UI_PET_MAX_LEVEL,Livello massimo
UI_PET_SEND_TO,Invia a
UI_PET_SENT_TO_CHEST,Inviati {0} oggetti a {1}
UI_PET_SPELL,Incantesimo
UI_PET_SPELL_DESCRIPTION,Descrizione dell'incantesimo del compagno
UI_PET_TAB_OVERVIEW,Riepilogo
UI_PET_TITLE,Compagno 
UI_PET_TYPE,Tipo
UI_PET_WEIGHT,Peso
UI_PET_XP,XP
UI_PETPENSCREEN_ACTIONNAME_0131EB,Conferma
UI_PETPENSCREEN_ACTIONNAME_08AAE2,Azione
UI_PETPENSCREEN_ACTIONNAME_0FC875,Azione
UI_PETPENSCREEN_ACTIONNAME_294AEE,Azione
UI_PETPENSCREEN_ACTIONNAME_33F839,Azione
UI_PETPENSCREEN_ACTIONNAME_404490,Annulla
UI_PETPENSCREEN_ACTIONNAME_43CA26,Azione
UI_PETPENUI_HINT_CHOOSEPET,Scegli compagno
UI_PETPENUI_HINT_EXIT,Esci
UI_PETPENVIEW_HINT_CHOOSEPET,Scegli compagno
UI_PETPENVIEW_HINT_EXIT,Esci
UI_PING_ATTACK,{0} chiede aiuto per attaccare {1}
UI_PING_DEFEND,{0} vuole difendere {1}
UI_PING_HARVEST,{0} vuole raccogliere {1}
UI_PING_PICKUP,{0} chiede a qualcuno di raccogliere {1}
UI_PING_REQUEST_REST,{0} chiede di riposare
UI_PING_SUPPORT,{0} chiede supporto
UI_PING_TALK,{0} vuole parlare con {1}
UI_PLAYER_1_0A635A,"Scala Reale: cinque carte consecutive dello stesso seme (es. 8, 9, 10, J, Q di cuori)."
UI_PLAYER_2_67BBE5,"Poker: quattro carte dello stesso valore (es. 9, 9, 9, 9).\nFull: tre carte di un valore e due di un altro (es. 3, 3, 3, 7, 7).\nColore: cinque carte dello stesso seme in qualsiasi ordine.\nScala: cinque carte consecutive di semi diversi.\nTris: tre carte dello stesso valore.\nDoppia Coppia: due gruppi di due carte dello stesso valore (es. 5, 5, 8, 8).\nCoppia: due carte dello stesso valore.\nCarta Alta: se non si forma nessun'altra mano, vince la carta più alta (es. l'Asso batte il Re)."
UI_PLAYER_ADVENTURE_225C51,Avventura:
UI_PLAYER_ADVENTURE_6B23B0,Avventura
UI_PLAYER_AGILITY_3B7098,Agilità
UI_PLAYER_AGILITY_3BC9B8,Agilità:
UI_PLAYER_ARCHETYPE_104698,Archetipo:
UI_PLAYER_ARCHETYPE_1F2C8A,Archetipo\n
UI_PLAYER_ATTACK_SPEED_3622CD,Velocità d'attacco:
UI_PLAYER_ATTRIBUTE_579AFE,Attributo
UI_PLAYER_BANDATE_6BCCDC,01/12/26
UI_PLAYER_BASICS_1C6716,Basi della puntata
UI_PLAYER_BESTTOLEAST_041238, (Dal migliore al peggiore)
UI_PLAYER_BODYTEXT_11986A,Scatto automatico in esplorazione. \nScatto manuale in combattimento.\nTieni premuto il comando per scattare. \n<i> <color=#FFDA00>Lo scatto consuma vigore solo in combattimento.</color> </i>
UI_PLAYER_BODYTEXT_5A038F,Scatto manuale in esplorazione e in combattimento. \nTieni premuto il comando per scattare. \n<i> <color=#FFDA00>Lo scatto consuma vigore solo in combattimento.</color> </i>
UI_PLAYER_CHARISMA_32370A,Carisma
UI_PLAYER_CHARISMA_461924,Carisma:
UI_PLAYER_CLASS_13D7C3,Classe:
UI_PLAYER_COMBAT_307B8E,Combattimento
UI_PLAYER_COMBAT_6D71D3,Combattimento
UI_PLAYER_CONCEN_7EFF6B,Concentrazione:
UI_PLAYER_CONTROLLERTEXT_2602E3,LB
UI_PLAYER_CONTROLLERTEXT_3A35B0,RB
UI_PLAYER_CONTROLLERTEXT_642C9F,LT
UI_PLAYER_CONTROLLERTEXT_65E99B,LB
UI_PLAYER_CONTROLLERTEXT_73CCA9,LT
UI_PLAYER_COOLDOWNTIME_158C5B,10h rimanenti
UI_PLAYER_COOLDOWNTIME_20FE8D,10h rimanenti
UI_PLAYER_COOLDOWNTIME_6579CA,10h rimanenti
UI_PLAYER_COOLDOWNTIME_6BE2E7,10h rimanenti
UI_PLAYER_COOLDOWNTIME_6D66F0,10h rimanenti
UI_PLAYER_COST_313BE5,Costo
UI_PLAYER_CRICHANCE_4296AF,Probabilità di critico:
UI_PLAYER_CRIDAMA_77E3E4,Danno critico:
UI_PLAYER_CURRENTAREAHEAD_5B38E2,Area attuale
UI_PLAYER_DEEDLEVEL_0A4D2C,Livello dell'incarico: 12
UI_PLAYER_DEEDLEVEL_1DAF52,Livello dell'incarico: 12
UI_PLAYER_DEEDLEVEL_468F0E,Livello dell'incarico: 12
UI_PLAYER_DEEDLEVEL_5D4CD3,Livello dell'incarico: 12
UI_PLAYER_DEEDTITLE_59F5A0,Nome Incarico Nome Incarico Nome IncaricoNome IncaricoNome Incarico
UI_PLAYER_DEFENSE_747258,Difesa
UI_PLAYER_DIFFICULTY_18C427,Difficoltà:
UI_PLAYER_ENCUMBRANCE_6E5B12,Ingombro:
UI_PLAYER_ENERGY_27D82D,Energia:
UI_PLAYER_ENERGY_5238B4,Energia
UI_PLAYER_EQUIPMENTTITLE_69E192,Equipaggiamento
UI_PLAYER_EXPLORATION_2611CC,Esplorazione
UI_PLAYER_EXPLORATION_39EC18,Esplorazione
UI_PLAYER_GEAR_04A175,Attrezzatura
UI_PLAYER_GEAR_0CA7EB,Attrezzatura
UI_PLAYER_GOLD_689C52,Oro:
UI_PLAYER_HANDRANKINGS_3F80C2,Punteggi delle mani
UI_PLAYER_HEADER_0172E6,Seleziona un tipo di movimento
UI_PLAYER_HEADER_039342,Missione
UI_PLAYER_HEADER_04C996,Modificatori
UI_PLAYER_HEADER_05F9F3,Livello
UI_PLAYER_HEADER_18C459,Oggetto
UI_PLAYER_HEADER_294652,Modalità sviluppatore
UI_PLAYER_HEADER_2BC1F3,In attesa che il giocatore dorma
UI_PLAYER_HEADER_2F38E0,Tipi
UI_PLAYER_HEADER_30FE54,Modificatori
UI_PLAYER_HEADER_318F3D,Livello dell'incarico
UI_PLAYER_HEADER_37F1FE,Aggiornamento della missione
UI_PLAYER_HEADER_43A3D3,Scatto normale
UI_PLAYER_HEADER_4C3F78,Giocatore
UI_PLAYER_HEADER_4DFAD2,Passiva
UI_PLAYER_HEADER_53B23B,Artigianato 
UI_PLAYER_HEADER_566F86,Fucina
UI_PLAYER_HEADER_5A607B,Bottino possibile
UI_PLAYER_HEADER_5C23D0,Invito al gruppo
UI_PLAYER_HEADER_5D5E04,Richiede una postazione
UI_PLAYER_HEADER_5FDCEC,Banco d'alchimia
UI_PLAYER_HEADER_63B0F2,Scatto automatico in esplorazione
UI_PLAYER_HEADER_6685E4,Incantesimo
UI_PLAYER_HEADER_66DCF9,Competenza
UI_PLAYER_HEADER_69A43F,Nutrimento basso
UI_PLAYER_HEADER_6BE1A2,Set di equipaggiamento
UI_PLAYER_HEADER_6C90C8,Ricetta
UI_PLAYER_HEADER_6FB804,Modificatori
UI_PLAYER_HEADER_7635D8,Compagno
UI_PLAYER_HEADER_79E311,Oggetto
UI_PLAYER_HEADER_MIEDSF,"Grazie per aver giocato!\n\nHai sconfitto il Treant corrotto e completato la storia principale disponibile nella demo di Dimraeth.\n\nPuoi continuare a giocare per trovare altre missioni secondarie, potenziare il personaggio e rigiocare gli incarichi.\n\nSe il gioco ti è piaciuto, considera di lasciare una recensione. Ci aiuta a migliorare Dimraeth e a raggiungere più giocatori."
UI_PLAYER_HEADERTEXT_082BA2,Equipaggiamento
UI_PLAYER_HEADERTEXT_6E4082,Pozione di concentrazione
UI_PLAYER_HEALTH_673CF9,Salute:
UI_PLAYER_HOLD_006125,Scatto automatico
UI_PLAYER_HOLD_1C19F6,Tieni premuto
UI_PLAYER_HOLD_5041AC,Tieni premuto
UI_PLAYER_HOLD_67BFF1,Tieni premuto
UI_PLAYER_HOTKEY_2E5C08,A
UI_PLAYER_HOWTOPLAY_4466A4,Come si gioca
UI_PLAYER_HP_0705F5,120/185
UI_PLAYER_HP_1465DB,Costituzione
UI_PLAYER_HP_1D34F6,Forza
UI_PLAYER_HP_23CAEC,Memoria
UI_PLAYER_HP_431567,Intelligenza
UI_PLAYER_HP_49B412,120/185
UI_PLAYER_HP_4CB921,120/185
UI_PLAYER_HP_4FE9BE,Carisma
UI_PLAYER_HP_532697,Agilità
UI_PLAYER_HP_53A7CE,Energia
UI_PLAYER_HP_5DE708,Avventura
UI_PLAYER_HP_7D78F7,Memoria
UI_PLAYER_INCAPACITATED_3811A3,Sei incapacitato!
UI_PLAYER_INCAPACITATED_4488CC,Sei incapacitato!
UI_PLAYER_INCAPACITATED_451208,Sei incapacitato!
UI_PLAYER_INCOMBATMESSAGE_7B1FD7,Sei in combattimento
UI_PLAYER_INTELLIGENCE_32553A,Intelligenza:
UI_PLAYER_INTELLIGENCE_63898A,Intelligenza
UI_PLAYER_ITEM_0081F2,"Aumenta il potere magico, accrescendo il danno da fuoco, ghiaccio, elettricità, decadimento ed etere che infliggi. Sblocca incantesimi più distruttivi."
UI_PLAYER_ITEM_06BEB9,ESC
UI_PLAYER_ITEM_06C88A,Costruisci
UI_PLAYER_ITEM_082747,Ricette
UI_PLAYER_ITEM_0B5266,LIV
UI_PLAYER_ITEM_0BF1B4,Oggetto da combattimento
UI_PLAYER_ITEM_0C6FDC,Interrompi l'oggetto in coda
UI_PLAYER_ITEM_0E371D,Carisma
UI_PLAYER_ITEM_11AC77,Usa
UI_PLAYER_ITEM_13F455,Dividi
UI_PLAYER_ITEM_166543,Memoria
UI_PLAYER_ITEM_1816E3,Punti d'interesse
UI_PLAYER_ITEM_1816E3_2,Punti d'interesse
UI_PLAYER_ITEM_189009,"Aumenta la concentrazione, permettendo di lanciare incantesimi in modo più efficiente."
UI_PLAYER_ITEM_1CF446,"Aumenta la concentrazione, permettendoti di lanciare più incantesimi prima di esaurirla."
UI_PLAYER_ITEM_1DF218,Piazza segnalatore
UI_PLAYER_ITEM_1F13E7,Intelligenza
UI_PLAYER_ITEM_1F378E,Equipaggia
UI_PLAYER_ITEM_200FA0,Vendi oggetto
UI_PLAYER_ITEM_217A73,Compra
UI_PLAYER_ITEM_237CE6,Missioni
UI_PLAYER_ITEM_251826,Salta il turno
UI_PLAYER_ITEM_2691F3,Energia
UI_PLAYER_ITEM_27F3F3,"La salute rappresenta i tuoi punti vita totali. Si rigenera fuori dal combattimento. Se l'indicatore della fame è basso, limita la salute che puoi recuperare finché non mangi."
UI_PLAYER_ITEM_28C61F,XP attuali:
UI_PLAYER_ITEM_2A2DD5,Missioni degli NPC
UI_PLAYER_ITEM_2E7AFF,Smonta
UI_PLAYER_ITEM_325FCE,Vendita rapida
UI_PLAYER_ITEM_3682BA,"Infliggi meno danno, ma raddoppia le cariche di ustione"
UI_PLAYER_ITEM_380D8D,"Aumenta il potere fisico, accrescendo il danno da taglio, perforante e contundente che infliggi. Dà accesso a più abilità marziali."
UI_PLAYER_ITEM_388EAD,"Aumenta il vigore massimo, sostenendo lo scatto e le abilità che consumano vigore."
UI_PLAYER_ITEM_3DE363,Chiudi
UI_PLAYER_ITEM_3EC826,Varchi
UI_PLAYER_ITEM_3FAE53,Barra spaziatrice
UI_PLAYER_ITEM_3FE688,"Aumenta il potere magico, accrescendo il danno da fuoco, ghiaccio, elettricità, decadimento ed etere che infliggi. Dà accesso a più incantesimi curativi e protettivi."
UI_PLAYER_ITEM_403AEB,Filtro
UI_PLAYER_ITEM_403AEB_2,TAB
UI_PLAYER_ITEM_429E23,Gruppo
UI_PLAYER_ITEM_44054A,Oggetto:
UI_PLAYER_ITEM_443FEF,Artigianato
UI_PLAYER_ITEM_44D413,Frammento di mappa
UI_PLAYER_ITEM_44F617,Avventura
UI_PLAYER_ITEM_4598E7,Aumenta la salute massima e la sua rigenerazione.
UI_PLAYER_ITEM_4657EE,Equipaggiato
UI_PLAYER_ITEM_477EDD,Forza
UI_PLAYER_ITEM_51E5D3,Inventario
UI_PLAYER_ITEM_5479FE,Agilità
UI_PLAYER_ITEM_54EA21,Parla
UI_PLAYER_ITEM_55244D,"La concentrazione serve per lanciare incantesimi. Si rigenera colpendo con gli attacchi base o fuori dal combattimento. Se l'indicatore della sete è basso, limita la concentrazione che puoi recuperare finché non bevi."
UI_PLAYER_ITEM_56978E,Pino [1/13]
UI_PLAYER_ITEM_570813,Premi
UI_PLAYER_ITEM_58A7B6,Acquisto rapido
UI_PLAYER_ITEM_5E9433,Compra
UI_PLAYER_ITEM_5EE32D,Zoom
UI_PLAYER_ITEM_5F3B12,Esci
UI_PLAYER_ITEM_5F3B12_2,ESC
UI_PLAYER_ITEM_60965B,Avere la mano migliore allo showdown.\nFar passare tutti gli altri giocatori durante le puntate.
UI_PLAYER_ITEM_60965B_10,"La distribuzione: ogni giocatore riceve 2 carte\nGiri di puntata: i giocatori a turno puntano, chiamano, rilanciano o passano.\nVincere la mano: il piatto si vince:\n"
UI_PLAYER_ITEM_60965B_11,"Scala Reale Massima: A, K, Q, J, 10 dello stesso seme."
UI_PLAYER_ITEM_60965B_12,"La distribuzione: ogni giocatore riceve 2 carte\nGiri di puntata: i giocatori a turno puntano, chiamano, rilanciano o passano.\nVincere la mano: il piatto si vince:\n"
UI_PLAYER_ITEM_60965B_13,"Scala Reale Massima: A, K, Q, J, 10 dello stesso seme."
UI_PLAYER_ITEM_60965B_14,"La distribuzione: ogni giocatore riceve 2 carte\nGiri di puntata: i giocatori a turno puntano, chiamano, rilanciano o passano.\nVincere la mano: il piatto si vince:\n"
UI_PLAYER_ITEM_60965B_15,"Scala Reale Massima: A, K, Q, J, 10 dello stesso seme."
UI_PLAYER_ITEM_60965B_16,"La distribuzione: ogni giocatore riceve 2 carte\nGiri di puntata: i giocatori a turno puntano, chiamano, rilanciano o passano.\nVincere la mano: il piatto si vince:\n"
UI_PLAYER_ITEM_60965B_17,"Scala Reale Massima: A, K, Q, J, 10 dello stesso seme."
UI_PLAYER_ITEM_60965B_18,"La distribuzione: ogni giocatore riceve 2 carte\nGiri di puntata: i giocatori a turno puntano, chiamano, rilanciano o passano.\nVincere la mano: il piatto si vince:\n"
UI_PLAYER_ITEM_60965B_19,"Scala Reale Massima: A, K, Q, J, 10 dello stesso seme."
UI_PLAYER_ITEM_60965B_2,"Scala Reale Massima: A, K, Q, J, 10 dello stesso seme."
UI_PLAYER_ITEM_60965B_20,"La distribuzione: ogni giocatore riceve 2 carte\nGiri di puntata: i giocatori a turno puntano, chiamano, rilanciano o passano.\nVincere la mano: il piatto si vince:\n"
UI_PLAYER_ITEM_60965B_21,"Scala Reale Massima: A, K, Q, J, 10 dello stesso seme."
UI_PLAYER_ITEM_60965B_22,"La distribuzione: ogni giocatore riceve 2 carte\nGiri di puntata: i giocatori a turno puntano, chiamano, rilanciano o passano.\nVincere la mano: il piatto si vince:\n"
UI_PLAYER_ITEM_60965B_23,Avere la mano migliore allo showdown.\nFar passare tutti gli altri giocatori durante le puntate.
UI_PLAYER_ITEM_60965B_24,"La distribuzione: ogni giocatore riceve 2 carte\nGiri di puntata: i giocatori a turno puntano, chiamano, rilanciano o passano.\nVincere la mano: il piatto si vince:\n"
UI_PLAYER_ITEM_60965B_25,"Scala Reale Massima: A, K, Q, J, 10 dello stesso seme."
UI_PLAYER_ITEM_60965B_26,"La distribuzione: ogni giocatore riceve 2 carte\nGiri di puntata: i giocatori a turno puntano, chiamano, rilanciano o passano.\nVincere la mano: il piatto si vince:\n"
UI_PLAYER_ITEM_60965B_27,"Scala Reale Massima: A, K, Q, J, 10 dello stesso seme."
UI_PLAYER_ITEM_60965B_28,"Passa se hai una mano debole e le puntate salgono troppo.\nBlekka con criterio per far passare gli altri, ma non esagerare.\nOsserva come puntano gli altri giocatori per intuire le loro mani.\nDivertiti e buona fortuna al tavolo!"
UI_PLAYER_ITEM_60965B_3,"Passa se hai una mano debole e le puntate salgono troppo.\nBlekka con criterio per far passare gli altri, ma non esagerare.\nOsserva come puntano gli altri giocatori per intuire le loro mani.\nDivertiti e buona fortuna al tavolo!"
UI_PLAYER_ITEM_60965B_4,"Scala Reale Massima: A, K, Q, J, 10 dello stesso seme."
UI_PLAYER_ITEM_60965B_5,"Passa se hai una mano debole e le puntate salgono troppo.\nBlekka con criterio per far passare gli altri, ma non esagerare.\nOsserva come puntano gli altri giocatori per intuire le loro mani.\nDivertiti e buona fortuna al tavolo!"
UI_PLAYER_ITEM_60965B_6,"La distribuzione: ogni giocatore riceve 2 carte\nGiri di puntata: i giocatori a turno puntano, chiamano, rilanciano o passano.\nVincere la mano: il piatto si vince:\n"
UI_PLAYER_ITEM_60965B_7,"Scala Reale Massima: A, K, Q, J, 10 dello stesso seme."
UI_PLAYER_ITEM_60965B_8,"Passa se hai una mano debole e le puntate salgono troppo.\nBlekka con criterio per far passare gli altri, ma non esagerare.\nOsserva come puntano gli altri giocatori per intuire le loro mani.\nDivertiti e buona fortuna al tavolo!"
UI_PLAYER_ITEM_60965B_9,"Scala Reale Massima: A, K, Q, J, 10 dello stesso seme."
UI_PLAYER_ITEM_63186C,Barra spaziatrice
UI_PLAYER_ITEM_63DE60,Livello del recinto
UI_PLAYER_ITEM_6464BC,Riacquista
UI_PLAYER_ITEM_6595BC,Compra
UI_PLAYER_ITEM_65AE89,Richiesti:
UI_PLAYER_ITEM_65CBFD,Acquisto rapido
UI_PLAYER_ITEM_668F9D,"Il vigore serve per correre, schivare, attaccare e lanciare incantesimi. Si rigenera rapidamente. Se l'indicatore della sete è basso, limita il vigore che puoi recuperare finché non bevi."
UI_PLAYER_ITEM_6858DE,Rinomina
UI_PLAYER_ITEM_6A288E,Non puoi usare lo zaino in combattimento
UI_PLAYER_ITEM_6BCF10,Consumabile
UI_PLAYER_ITEM_6D2BBC,Elimina segnalatore
UI_PLAYER_ITEM_71CA2B,per rianimare
UI_PLAYER_ITEM_71CA2B_2,Premi
UI_PLAYER_ITEM_71F3E3,Riacquista
UI_PLAYER_ITEM_723669,Posto libero
UI_PLAYER_ITEM_723687,Posto libero
UI_PLAYER_ITEM_723693,Posto libero
UI_PLAYER_ITEM_723697,Posto libero
UI_PLAYER_ITEM_72369B,Posto libero
UI_PLAYER_ITEM_7236A0,Posto libero
UI_PLAYER_ITEM_7236A3,Posto libero
UI_PLAYER_ITEM_7236B0,Posto libero
UI_PLAYER_ITEM_72DB55,Chiudi
UI_PLAYER_ITEM_72DB55_2,ESC
UI_PLAYER_ITEM_7315CD,XP attuali:
UI_PLAYER_ITEM_7460CD,Consumabile
UI_PLAYER_ITEM_7484C2,"Aumenta il potere fisico, accrescendo il danno da taglio, perforante e contundente che infliggi. Aumenta la velocità d'attacco per combo base più rapide. Dà accesso a più abilità astute."
UI_PLAYER_ITEM_78439C,Aumenta il potere fisico e il potere magico.
UI_PLAYER_ITEM_7C2829,Segnalini
UI_PLAYER_ITEM_7C8771,Richiesti:
UI_PLAYER_ITEM_7CD5C7,Premi
UI_PLAYER_ITEM_7E69DC,Punti abilità disponibili
UI_PLAYER_ITEM_7FCB40,Costituzione
UI_PLAYER_KEY_353094,ESC
UI_PLAYER_LABLE_0EC244,Velocità d'attacco
UI_PLAYER_LABLE_1AE664,Vigore
UI_PLAYER_LABLE_231EA7,Ingombro
UI_PLAYER_LABLE_357D25,Chiudi
UI_PLAYER_LABLE_359B23,Potere magico
UI_PLAYER_LABLE_35CA31,Pausa/Riproduci
UI_PLAYER_LABLE_4D8B11,Concentrazione
UI_PLAYER_LABLE_569AA6,Resistenza
UI_PLAYER_LABLE_5BFDB5,Armatura
UI_PLAYER_LABLE_6ED0C1,Potere fisico
UI_PLAYER_LABLE_7F40C9,Salute
UI_PLAYER_LEVEL_0A6A3C,Livello
UI_PLAYER_LEVEL_3BB22C,Livello:
UI_PLAYER_LEVEL_679A55,Livello
UI_PLAYER_MAXLEVELLABLE_1451D8,Livello massimo:
UI_PLAYER_MAXXPLABLE_23D2C3,XP massimi:
UI_PLAYER_MEM_314749,Memoria
UI_PLAYER_NAME_000C1B,Slot oggetto 2
UI_PLAYER_NAME_005777,Mostra il tracciatore missioni
UI_PLAYER_NAME_017765,Fuoco amico
UI_PLAYER_NAME_0749AF,Slot oggetto 3
UI_PLAYER_NAME_07A032,Blocca la telecamera sul giocatore
UI_PLAYER_NAME_07E613,Schermo intero
UI_PLAYER_NAME_083AF6,Risoluzione
UI_PLAYER_NAME_09685A,Nome
UI_PLAYER_NAME_0D6C2B,Carne di bestia cotta
UI_PLAYER_NAME_0F6DE4,Nascondi automaticamente i muri
UI_PLAYER_NAME_10C07B,Disattiva mira automatica
UI_PLAYER_NAME_1158DE,Tipo di comando
UI_PLAYER_NAME_12C77A,Tipo di lobby
UI_PLAYER_NAME_1406B9,Scatto / Corsa
UI_PLAYER_NAME_163EA0,Carne di bestia cotta
UI_PLAYER_NAME_17854A,Scala dell'interfaccia
UI_PLAYER_NAME_17854A_2,Giocatori massimi
UI_PLAYER_NAME_1A86F0,Solo nuovi personaggi
UI_PLAYER_NAME_1B5AA6,Carne di bestia cotta
UI_PLAYER_NAME_1BE557,Bottino personale
UI_PLAYER_NAME_1C02BE,Mostra la chat
UI_PLAYER_NAME_1E40CC,Volume della musica
UI_PLAYER_NAME_1E5DBC,Sposta a sinistra
UI_PLAYER_NAME_1E8333,Selezione del lancio
UI_PLAYER_NAME_1E9348,Codex dell'artigianato
UI_PLAYER_NAME_21DB69,Mostra la direzione del mouse
UI_PLAYER_NAME_279F05,Menu di gioco
UI_PLAYER_NAME_280D0A,Volume dell'ambiente
UI_PLAYER_NAME_286943,Selezione della lingua
UI_PLAYER_NAME_2A3494,Sposta su
UI_PLAYER_NAME_2B6C96,Joseph
UI_PLAYER_NAME_2CDA4A,Tipo di controller
UI_PLAYER_NAME_2F48A0,Joseph
UI_PLAYER_NAME_2FB3D5,Attacco
UI_PLAYER_NAME_30D658,Inventario
UI_PLAYER_NAME_34F2CF,Vista del personaggio
UI_PLAYER_NAME_35F52F,Falò
UI_PLAYER_NAME_38D26F,Incantesimo difensivo
UI_PLAYER_NAME_3B0609,Mostra gli indicatori dei segnalini
UI_PLAYER_NAME_3BEB79,Sposta a destra
UI_PLAYER_NAME_3C6867,Mostra automaticamente la prossima
UI_PLAYER_NAME_3FE102,Sposta giù
UI_PLAYER_NAME_4099B1,Slot oggetto 4
UI_PLAYER_NAME_43CC9E,Joseph
UI_PLAYER_NAME_43CD36,Carne di bestia cotta
UI_PLAYER_NAME_43E987,Ruota delle emoji
UI_PLAYER_NAME_45EFC3,Slot oggetto 1
UI_PLAYER_NAME_465343,Costruisci
UI_PLAYER_NAME_4D8B38,Frequenza dei fotogrammi
UI_PLAYER_NAME_4DCD0D,Nascondi i nomi dei giocatori
UI_PLAYER_NAME_4DEJRKJ,Blocca le costruzioni al proprietario
UI_PLAYER_NAME_4DFFXXC,Mostra il danno degli altri giocatori
UI_PLAYER_NAME_4ED94F,Carne di bestia cotta
UI_PLAYER_NAME_5393AE,Carne di bestia cotta
UI_PLAYER_NAME_544D6F,Nome:
UI_PLAYER_NAME_56CC66,PresetQualità
UI_PLAYER_NAME_59F4A3,Scatto automatico fuori dal combattimento  
UI_PLAYER_NAME_5BDC7E,Diario
UI_PLAYER_NAME_5CFF53,Zona morta del movimento telecamera
UI_PLAYER_NAME_600E80,Mostra gli indicatori del gruppo
UI_PLAYER_NAME_653DC6,Incantesimo 1
UI_PLAYER_NAME_653DCF,Incantesimo 3
UI_PLAYER_NAME_653DD3,Incantesimo 2
UI_PLAYER_NAME_653DD6,Incantesimo 5
UI_PLAYER_NAME_653DDA,Incantesimo 4
UI_PLAYER_NAME_67764C,Movimento dell'ambiente
UI_PLAYER_NAME_67764C_2,Post-elaborazione
UI_PLAYER_NAME_677XIC,Movimento dell'ambiente
UI_PLAYER_NAME_67B465,Mappa
UI_PLAYER_NAME_699A57,Interagisci
UI_PLAYER_NAME_6B815B,Mostra tutti i vitali del gruppo
UI_PLAYER_NAME_6EC776,VSync
UI_PLAYER_NAME_71146A,Volume principale
UI_PLAYER_NAME_740BD3,Attiva i tasti posteriori di Steam Deck
UI_PLAYER_NAME_7655A9,Qualità delle ombre
UI_PLAYER_NAME_7A9014,Volume degli effetti
UI_PLAYER_NAME_7BD9BE,Albero delle abilità
UI_PLAYER_NAME_7D3E6D,Mostra l'HUD del gruppo
UI_PLAYER_NAME_JYSRG,Cambia bersaglio durante il lancio
UI_PLAYER_NEXT_LEVEL_XP_54837F,XP prossimo livello:
UI_PLAYER_NOTE_7B15E0,Modificabile in qualsiasi momento dal menu Impostazioni
UI_PLAYER_OFFENSE_0FAF10,Offesa
UI_PLAYER_ONEAWAY_08BB97,Manca uno!
UI_PLAYER_ONEAWAY_508FB8,Manca uno!
UI_PLAYER_ONEAWAY_508FB8_2,Manca uno
UI_PLAYER_ONEAWAY_508FXZ,Quantità errata
UI_PLAYER_OUTPUTTEXT_1_46B30C,Risultato
UI_PLAYER_OUTPUTTEXT_2372FC,Input
UI_PLAYER_PARTYXP_7F3131,XP del gruppo:
UI_PLAYER_PETNAME_589229,Concentr. minore
UI_PLAYER_PETSPELLHEADER_536679,Incantesimo del compagno
UI_PLAYER_PETSPELLNAME_0ECBD1,Nome dell'incantesimo del compagno
UI_PLAYER_PETTYPE_2738D9,Cane
UI_PLAYER_PHYSICAL_63CE1A,Costituzione
UI_PLAYER_PHYSIQUE_059A95,Costituzione:
UI_PLAYER_PLACEHOLDER_2F02B8,Inserisci testo...
UI_PLAYER_PLACEHOLDER_3278B4,Inserisci testo...
UI_PLAYER_PLACEHOLDER_7305CE,Cerca
UI_PLAYER_PLACEHOLDER_7E1B1E,Inserisci testo...
UI_PLAYER_PLAYERNAME_47A2F9,Viakaros
UI_PLAYER_PORTRAITTITLE_027485,Il mercante ambulante
UI_PLAYER_RACE_006C3B,Razza:
UI_PLAYER_RECIPENAME_7C4E3D,Nome della ricetta
UI_PLAYER_SECONDARY1_397242,Velocità d'attacco:
UI_PLAYER_SECONDARY2_693531,Resistenza:
UI_PLAYER_SECONDARY3_0BDCA6,Velocità di movimento:
UI_PLAYER_SECONDARY4_66B789,Danno magico:
UI_PLAYER_SKILLPOINTS_00000B,0/3
UI_PLAYER_SKILLPOINTS_000823,0/3
UI_PLAYER_SKILLPOINTS_000ACB,0/3
UI_PLAYER_SKILLPOINTS_000F19,0/3
UI_PLAYER_SKILLPOINTS_003906,0/3
UI_PLAYER_SKILLPOINTS_004568,0/3
UI_PLAYER_SKILLPOINTS_004DC7,0/3
UI_PLAYER_SKILLPOINTS_005C6A,0/3
UI_PLAYER_SKILLPOINTS_006BB1,0/3
UI_PLAYER_SKILLPOINTS_007139,0/3
UI_PLAYER_SKILLPOINTS_0071A2,0/3
UI_PLAYER_SKILLPOINTS_0085A3,0/3
UI_PLAYER_SKILLPOINTS_008B96,0/3
UI_PLAYER_SKILLPOINTS_0092E1,0/3
UI_PLAYER_SKILLPOINTS_009916,0/3
UI_PLAYER_SKILLPOINTS_00B874,0/3
UI_PLAYER_SKILLPOINTS_00C9CD,0/3
UI_PLAYER_SKILLPOINTS_00D1B0,0/3
UI_PLAYER_SKILLPOINTS_00E4D0,0/3
UI_PLAYER_SKILLPOINTS_00E768,0/3
UI_PLAYER_SKILLPOINTS_00E841,0/3
UI_PLAYER_SKILLPOINTS_010792,0/3
UI_PLAYER_SKILLPOINTS_012D49,0/3
UI_PLAYER_SKILLPOINTS_0130B2,0/3
UI_PLAYER_SKILLPOINTS_013FA9,0/3
UI_PLAYER_SKILLPOINTS_015442,0/3
UI_PLAYER_SKILLPOINTS_0155FE,0/3
UI_PLAYER_SKILLPOINTS_0160E5,0/3
UI_PLAYER_SKILLPOINTS_0161EC,0/3
UI_PLAYER_SKILLPOINTS_017A85,0/3
UI_PLAYER_SKILLPOINTS_017BCB,0/3
UI_PLAYER_SKILLPOINTS_01829E,0/3
UI_PLAYER_SKILLPOINTS_018407,0/3
UI_PLAYER_SKILLPOINTS_01864C,0/3
UI_PLAYER_SKILLPOINTS_01B8F8,0/3
UI_PLAYER_SKILLPOINTS_01C728,0/3
UI_PLAYER_SKILLPOINTS_01DC39,0/3
UI_PLAYER_SKILLPOINTS_01DCAC,0/3
UI_PLAYER_SKILLPOINTS_01DEB4,0/3
UI_PLAYER_SKILLPOINTS_01E887,0/3
UI_PLAYER_SKILLPOINTS_01EA17,0/3
UI_PLAYER_SKILLPOINTS_0206C3,0/3
UI_PLAYER_SKILLPOINTS_022281,0/3
UI_PLAYER_SKILLPOINTS_022B13,0/3
UI_PLAYER_SKILLPOINTS_0239B3,0/3
UI_PLAYER_SKILLPOINTS_024F6B,0/3
UI_PLAYER_SKILLPOINTS_024FE0,0/3
UI_PLAYER_SKILLPOINTS_0258FD,0/3
UI_PLAYER_SKILLPOINTS_025C0F,0/3
UI_PLAYER_SKILLPOINTS_026B09,0/3
UI_PLAYER_SKILLPOINTS_0270DF,0/3
UI_PLAYER_SKILLPOINTS_0297F6,0/3
UI_PLAYER_SKILLPOINTS_02A039,0/3
UI_PLAYER_SKILLPOINTS_02B1D5,0/3
UI_PLAYER_SKILLPOINTS_02BCA3,0/3
UI_PLAYER_SKILLPOINTS_02C456,0/3
UI_PLAYER_SKILLPOINTS_02C86A,0/3
UI_PLAYER_SKILLPOINTS_02E54B,0/3
UI_PLAYER_SKILLPOINTS_02EF02,0/3
UI_PLAYER_SKILLPOINTS_0303E3,0/3
UI_PLAYER_SKILLPOINTS_034575,0/3
UI_PLAYER_SKILLPOINTS_0347A8,0/3
UI_PLAYER_SKILLPOINTS_0350FB,0/3
UI_PLAYER_SKILLPOINTS_037E80,0/3
UI_PLAYER_SKILLPOINTS_038C9B,0/3
UI_PLAYER_SKILLPOINTS_03C811,0/3
UI_PLAYER_SKILLPOINTS_03D752,0/3
UI_PLAYER_SKILLPOINTS_041B55,0/3
UI_PLAYER_SKILLPOINTS_0421FF,0/3
UI_PLAYER_SKILLPOINTS_042607,0/3
UI_PLAYER_SKILLPOINTS_043E18,0/3
UI_PLAYER_SKILLPOINTS_044BC0,0/3
UI_PLAYER_SKILLPOINTS_046D75,0/3
UI_PLAYER_SKILLPOINTS_047427,0/3
UI_PLAYER_SKILLPOINTS_0474C1,0/3
UI_PLAYER_SKILLPOINTS_047D28,0/3
UI_PLAYER_SKILLPOINTS_048D11,0/3
UI_PLAYER_SKILLPOINTS_049E99,0/3
UI_PLAYER_SKILLPOINTS_04AAFF,0/3
UI_PLAYER_SKILLPOINTS_04BAE3,0/3
UI_PLAYER_SKILLPOINTS_04D307,0/3
UI_PLAYER_SKILLPOINTS_04E888,0/3
UI_PLAYER_SKILLPOINTS_04F039,0/3
UI_PLAYER_SKILLPOINTS_04F624,0/3
UI_PLAYER_SKILLPOINTS_04F8BF,0/3
UI_PLAYER_SKILLPOINTS_050572,0/3
UI_PLAYER_SKILLPOINTS_05261C,0/3
UI_PLAYER_SKILLPOINTS_053925,0/3
UI_PLAYER_SKILLPOINTS_053B48,0/3
UI_PLAYER_SKILLPOINTS_053C6A,0/3
UI_PLAYER_SKILLPOINTS_054500,0/3
UI_PLAYER_SKILLPOINTS_054C54,0/3
UI_PLAYER_SKILLPOINTS_055AD3,0/3
UI_PLAYER_SKILLPOINTS_055BC9,0/3
UI_PLAYER_SKILLPOINTS_05671E,0/3
UI_PLAYER_SKILLPOINTS_056C1E,0/3
UI_PLAYER_SKILLPOINTS_056C93,0/3
UI_PLAYER_SKILLPOINTS_05706A,0/3
UI_PLAYER_SKILLPOINTS_0574E2,0/3
UI_PLAYER_SKILLPOINTS_058506,0/3
UI_PLAYER_SKILLPOINTS_0586EC,0/3
UI_PLAYER_SKILLPOINTS_05A568,0/3
UI_PLAYER_SKILLPOINTS_05B660,0/3
UI_PLAYER_SKILLPOINTS_05B8F3,0/3
UI_PLAYER_SKILLPOINTS_05CD3B,0/3
UI_PLAYER_SKILLPOINTS_05ED5F,0/3
UI_PLAYER_SKILLPOINTS_060D76,0/3
UI_PLAYER_SKILLPOINTS_06196A,0/3
UI_PLAYER_SKILLPOINTS_063E48,0/3
UI_PLAYER_SKILLPOINTS_063F6A,0/3
UI_PLAYER_SKILLPOINTS_066A37,0/3
UI_PLAYER_SKILLPOINTS_069D28,0/3
UI_PLAYER_SKILLPOINTS_06BB0D,0/3
UI_PLAYER_SKILLPOINTS_06C45E,0/3
UI_PLAYER_SKILLPOINTS_070A65,0/3
UI_PLAYER_SKILLPOINTS_0710AA,0/3
UI_PLAYER_SKILLPOINTS_07158F,0/3
UI_PLAYER_SKILLPOINTS_0718C8,0/3
UI_PLAYER_SKILLPOINTS_0720F6,0/3
UI_PLAYER_SKILLPOINTS_0722E1,0/3
UI_PLAYER_SKILLPOINTS_0728D9,0/3
UI_PLAYER_SKILLPOINTS_073C17,0/3
UI_PLAYER_SKILLPOINTS_078A28,0/3
UI_PLAYER_SKILLPOINTS_07AF05,0/3
UI_PLAYER_SKILLPOINTS_07B9A1,0/3
UI_PLAYER_SKILLPOINTS_07C916,0/3
UI_PLAYER_SKILLPOINTS_07D95A,0/3
UI_PLAYER_SKILLPOINTS_07E38D,0/3
UI_PLAYER_SKILLPOINTS_07F2B3,0/3
UI_PLAYER_SKILLPOINTS_07F56C,0/3
UI_PLAYER_SKILLPOINTS_07F994,0/3
UI_PLAYER_SKILLPOINTS_080128,0/3
UI_PLAYER_SKILLPOINTS_0805D9,0/3
UI_PLAYER_SKILLPOINTS_080E54,0/3
UI_PLAYER_SKILLPOINTS_0811CB,0/3
UI_PLAYER_SKILLPOINTS_08406F,0/3
UI_PLAYER_SKILLPOINTS_08424C,0/3
UI_PLAYER_SKILLPOINTS_08534E,0/3
UI_PLAYER_SKILLPOINTS_08553B,0/3
UI_PLAYER_SKILLPOINTS_0861B3,0/3
UI_PLAYER_SKILLPOINTS_086BB3,0/3
UI_PLAYER_SKILLPOINTS_08784B,0/3
UI_PLAYER_SKILLPOINTS_0878D5,0/3
UI_PLAYER_SKILLPOINTS_087A64,0/3
UI_PLAYER_SKILLPOINTS_087E3E,0/3
UI_PLAYER_SKILLPOINTS_088232,0/3
UI_PLAYER_SKILLPOINTS_089BA5,0/3
UI_PLAYER_SKILLPOINTS_08CFFB,0/3
UI_PLAYER_SKILLPOINTS_08D849,0/3
UI_PLAYER_SKILLPOINTS_08DBDD,0/3
UI_PLAYER_SKILLPOINTS_08DD62,0/3
UI_PLAYER_SKILLPOINTS_08E0A9,0/3
UI_PLAYER_SKILLPOINTS_08F5B5,0/3
UI_PLAYER_SKILLPOINTS_08FA39,0/3
UI_PLAYER_SKILLPOINTS_090373,0/3
UI_PLAYER_SKILLPOINTS_09127D,0/3
UI_PLAYER_SKILLPOINTS_092106,0/3
UI_PLAYER_SKILLPOINTS_0921D5,0/3
UI_PLAYER_SKILLPOINTS_094E11,0/3
UI_PLAYER_SKILLPOINTS_095493,0/3
UI_PLAYER_SKILLPOINTS_095E16,0/3
UI_PLAYER_SKILLPOINTS_096974,0/3
UI_PLAYER_SKILLPOINTS_098E10,0/3
UI_PLAYER_SKILLPOINTS_09BB29,0/3
UI_PLAYER_SKILLPOINTS_09CE12,0/3
UI_PLAYER_SKILLPOINTS_09D15C,0/3
UI_PLAYER_SKILLPOINTS_09D35F,0/3
UI_PLAYER_SKILLPOINTS_09E5E9,0/3
UI_PLAYER_SKILLPOINTS_09EF3A,0/3
UI_PLAYER_SKILLPOINTS_0A0574,0/3
UI_PLAYER_SKILLPOINTS_0A059B,0/3
UI_PLAYER_SKILLPOINTS_0A1528,0/3
UI_PLAYER_SKILLPOINTS_0A18C8,0/3
UI_PLAYER_SKILLPOINTS_0A1DBB,0/3
UI_PLAYER_SKILLPOINTS_0A4614,0/3
UI_PLAYER_SKILLPOINTS_0A56C2,0/3
UI_PLAYER_SKILLPOINTS_0A5A97,0/3
UI_PLAYER_SKILLPOINTS_0A5B87,0/3
UI_PLAYER_SKILLPOINTS_0A5C7B,0/3
UI_PLAYER_SKILLPOINTS_0A61FB,0/3
UI_PLAYER_SKILLPOINTS_0A7244,0/3
UI_PLAYER_SKILLPOINTS_0A75C9,0/3
UI_PLAYER_SKILLPOINTS_0A7BEF,0/3
UI_PLAYER_SKILLPOINTS_0A81F4,0/3
UI_PLAYER_SKILLPOINTS_0A8A9D,0/3
UI_PLAYER_SKILLPOINTS_0A94FE,0/3
UI_PLAYER_SKILLPOINTS_0ABBC1,0/3
UI_PLAYER_SKILLPOINTS_0AD218,0/3
UI_PLAYER_SKILLPOINTS_0ADEC9,0/3
UI_PLAYER_SKILLPOINTS_0AE5F4,0/3
UI_PLAYER_SKILLPOINTS_0AE94A,0/3
UI_PLAYER_SKILLPOINTS_0B0337,0/3
UI_PLAYER_SKILLPOINTS_0B064C,0/3
UI_PLAYER_SKILLPOINTS_0B0789,0/3
UI_PLAYER_SKILLPOINTS_0B105F,0/3
UI_PLAYER_SKILLPOINTS_0B222B,0/3
UI_PLAYER_SKILLPOINTS_0B266B,0/3
UI_PLAYER_SKILLPOINTS_0B3BB8,0/3
UI_PLAYER_SKILLPOINTS_0B3F82,0/3
UI_PLAYER_SKILLPOINTS_0B4A7D,0/3
UI_PLAYER_SKILLPOINTS_0B6E93,0/3
UI_PLAYER_SKILLPOINTS_0B7C1E,0/3
UI_PLAYER_SKILLPOINTS_0B8C22,0/3
UI_PLAYER_SKILLPOINTS_0B8D02,0/3
UI_PLAYER_SKILLPOINTS_0B91AC,0/3
UI_PLAYER_SKILLPOINTS_0B9285,0/3
UI_PLAYER_SKILLPOINTS_0BC5BE,0/3
UI_PLAYER_SKILLPOINTS_0BD289,0/3
UI_PLAYER_SKILLPOINTS_0BE6EB,0/3
UI_PLAYER_SKILLPOINTS_0BF250,0/3
UI_PLAYER_SKILLPOINTS_0C0509,0/3
UI_PLAYER_SKILLPOINTS_0C109F,0/3
UI_PLAYER_SKILLPOINTS_0C1196,0/3
UI_PLAYER_SKILLPOINTS_0C14B6,0/3
UI_PLAYER_SKILLPOINTS_0C72A5,0/3
UI_PLAYER_SKILLPOINTS_0C80AF,0/3
UI_PLAYER_SKILLPOINTS_0C837C,0/3
UI_PLAYER_SKILLPOINTS_0C869F,0/3
UI_PLAYER_SKILLPOINTS_0CB740,0/3
UI_PLAYER_SKILLPOINTS_0CBD0F,0/3
UI_PLAYER_SKILLPOINTS_0CBED7,0/3
UI_PLAYER_SKILLPOINTS_0CC41E,0/3
UI_PLAYER_SKILLPOINTS_0CDACD,0/3
UI_PLAYER_SKILLPOINTS_0CDCFE,0/3
UI_PLAYER_SKILLPOINTS_0D026E,0/3
UI_PLAYER_SKILLPOINTS_0D18C3,0/3
UI_PLAYER_SKILLPOINTS_0D2AB1,0/3
UI_PLAYER_SKILLPOINTS_0D3237,0/3
UI_PLAYER_SKILLPOINTS_0D4E2D,0/3
UI_PLAYER_SKILLPOINTS_0D59C5,0/3
UI_PLAYER_SKILLPOINTS_0D678A,0/3
UI_PLAYER_SKILLPOINTS_0D688D,0/3
UI_PLAYER_SKILLPOINTS_0D6E7E,0/3
UI_PLAYER_SKILLPOINTS_0D8E05,0/3
UI_PLAYER_SKILLPOINTS_0D938B,0/3
UI_PLAYER_SKILLPOINTS_0D97F4,0/3
UI_PLAYER_SKILLPOINTS_0DBFE3,0/3
UI_PLAYER_SKILLPOINTS_0DD286,0/3
UI_PLAYER_SKILLPOINTS_0DF318,0/3
UI_PLAYER_SKILLPOINTS_0E1AB3,0/3
UI_PLAYER_SKILLPOINTS_0E2137,0/3
UI_PLAYER_SKILLPOINTS_0E24E4,0/3
UI_PLAYER_SKILLPOINTS_0E31F1,0/3
UI_PLAYER_SKILLPOINTS_0E5B9D,0/3
UI_PLAYER_SKILLPOINTS_0E860E,0/3
UI_PLAYER_SKILLPOINTS_0E8FCF,0/3
UI_PLAYER_SKILLPOINTS_0E9FC3,0/3
UI_PLAYER_SKILLPOINTS_0ED8AD,0/3
UI_PLAYER_SKILLPOINTS_0EE483,0/3
UI_PLAYER_SKILLPOINTS_0EF04C,0/3
UI_PLAYER_SKILLPOINTS_0F1CB3,0/3
UI_PLAYER_SKILLPOINTS_0F5C32,0/3
UI_PLAYER_SKILLPOINTS_0F71FE,0/3
UI_PLAYER_SKILLPOINTS_0F7393,0/3
UI_PLAYER_SKILLPOINTS_0F9469,0/3
UI_PLAYER_SKILLPOINTS_0FA2BD,0/3
UI_PLAYER_SKILLPOINTS_0FA584,0/3
UI_PLAYER_SKILLPOINTS_0FAB09,0/3
UI_PLAYER_SKILLPOINTS_0FF880,0/3
UI_PLAYER_SKILLPOINTS_100216,0/3
UI_PLAYER_SKILLPOINTS_101548,0/3
UI_PLAYER_SKILLPOINTS_101A8D,0/3
UI_PLAYER_SKILLPOINTS_106381,0/3
UI_PLAYER_SKILLPOINTS_1089BD,0/3
UI_PLAYER_SKILLPOINTS_10AEED,0/3
UI_PLAYER_SKILLPOINTS_10B589,0/3
UI_PLAYER_SKILLPOINTS_10C92A,0/3
UI_PLAYER_SKILLPOINTS_10CE85,0/3
UI_PLAYER_SKILLPOINTS_10D009,0/3
UI_PLAYER_SKILLPOINTS_10E037,0/3
UI_PLAYER_SKILLPOINTS_10E8CC,0/3
UI_PLAYER_SKILLPOINTS_10EAA3,0/3
UI_PLAYER_SKILLPOINTS_10FFD4,0/3
UI_PLAYER_SKILLPOINTS_1119F1,0/3
UI_PLAYER_SKILLPOINTS_114741,0/3
UI_PLAYER_SKILLPOINTS_114E1B,0/3
UI_PLAYER_SKILLPOINTS_1150BE,0/3
UI_PLAYER_SKILLPOINTS_117026,0/3
UI_PLAYER_SKILLPOINTS_1171B5,0/3
UI_PLAYER_SKILLPOINTS_1189C2,0/3
UI_PLAYER_SKILLPOINTS_118B3E,0/3
UI_PLAYER_SKILLPOINTS_11A150,0/3
UI_PLAYER_SKILLPOINTS_11AF53,0/3
UI_PLAYER_SKILLPOINTS_11D6BA,0/3
UI_PLAYER_SKILLPOINTS_11EDD1,0/3
UI_PLAYER_SKILLPOINTS_11F4C6,0/3
UI_PLAYER_SKILLPOINTS_11F843,0/3
UI_PLAYER_SKILLPOINTS_12059F,0/3
UI_PLAYER_SKILLPOINTS_122031,0/3
UI_PLAYER_SKILLPOINTS_1238BB,0/3
UI_PLAYER_SKILLPOINTS_124EFC,0/3
UI_PLAYER_SKILLPOINTS_125337,0/3
UI_PLAYER_SKILLPOINTS_125F16,0/3
UI_PLAYER_SKILLPOINTS_127AA9,0/3
UI_PLAYER_SKILLPOINTS_128356,0/3
UI_PLAYER_SKILLPOINTS_128425,0/3
UI_PLAYER_SKILLPOINTS_12ACC1,0/3
UI_PLAYER_SKILLPOINTS_12C4BF,0/3
UI_PLAYER_SKILLPOINTS_12F8F3,0/3
UI_PLAYER_SKILLPOINTS_13034A,0/3
UI_PLAYER_SKILLPOINTS_130C8F,0/3
UI_PLAYER_SKILLPOINTS_131FFE,0/3
UI_PLAYER_SKILLPOINTS_1320EF,0/3
UI_PLAYER_SKILLPOINTS_132AC8,0/3
UI_PLAYER_SKILLPOINTS_136881,0/3
UI_PLAYER_SKILLPOINTS_136EC5,0/3
UI_PLAYER_SKILLPOINTS_1371C1,0/3
UI_PLAYER_SKILLPOINTS_138536,0/3
UI_PLAYER_SKILLPOINTS_138CF4,0/3
UI_PLAYER_SKILLPOINTS_139944,0/3
UI_PLAYER_SKILLPOINTS_13A5CD,0/3
UI_PLAYER_SKILLPOINTS_13B3DE,0/3
UI_PLAYER_SKILLPOINTS_13BCB3,0/3
UI_PLAYER_SKILLPOINTS_13CD25,0/3
UI_PLAYER_SKILLPOINTS_13E131,0/3
UI_PLAYER_SKILLPOINTS_14654C,0/3
UI_PLAYER_SKILLPOINTS_147356,0/3
UI_PLAYER_SKILLPOINTS_147623,0/3
UI_PLAYER_SKILLPOINTS_148A0D,0/3
UI_PLAYER_SKILLPOINTS_14AFB6,0/3
UI_PLAYER_SKILLPOINTS_14BFB0,0/3
UI_PLAYER_SKILLPOINTS_14CD74,0/3
UI_PLAYER_SKILLPOINTS_14CE44,0/3
UI_PLAYER_SKILLPOINTS_14E6E7,0/3
UI_PLAYER_SKILLPOINTS_14ECF7,0/3
UI_PLAYER_SKILLPOINTS_14EFBF,0/3
UI_PLAYER_SKILLPOINTS_14F240,0/3
UI_PLAYER_SKILLPOINTS_14FB03,0/3
UI_PLAYER_SKILLPOINTS_15055B,0/3
UI_PLAYER_SKILLPOINTS_1510CF,0/3
UI_PLAYER_SKILLPOINTS_15127C,0/3
UI_PLAYER_SKILLPOINTS_151D58,0/3
UI_PLAYER_SKILLPOINTS_1524DE,0/3
UI_PLAYER_SKILLPOINTS_152CAF,0/3
UI_PLAYER_SKILLPOINTS_153F31,0/3
UI_PLAYER_SKILLPOINTS_1545A0,0/3
UI_PLAYER_SKILLPOINTS_154FFC,0/3
UI_PLAYER_SKILLPOINTS_15515B,0/3
UI_PLAYER_SKILLPOINTS_15573F,0/3
UI_PLAYER_SKILLPOINTS_158075,0/3
UI_PLAYER_SKILLPOINTS_1581B3,0/3
UI_PLAYER_SKILLPOINTS_15C017,0/3
UI_PLAYER_SKILLPOINTS_15DBF6,0/3
UI_PLAYER_SKILLPOINTS_15E5C0,0/3
UI_PLAYER_SKILLPOINTS_16048C,0/3
UI_PLAYER_SKILLPOINTS_162404,0/3
UI_PLAYER_SKILLPOINTS_163749,0/3
UI_PLAYER_SKILLPOINTS_164729,0/3
UI_PLAYER_SKILLPOINTS_164898,0/3
UI_PLAYER_SKILLPOINTS_164AEF,0/3
UI_PLAYER_SKILLPOINTS_164C49,0/3
UI_PLAYER_SKILLPOINTS_165746,0/3
UI_PLAYER_SKILLPOINTS_167738,0/3
UI_PLAYER_SKILLPOINTS_167E53,0/3
UI_PLAYER_SKILLPOINTS_16D72B,0/3
UI_PLAYER_SKILLPOINTS_16E9CF,0/3
UI_PLAYER_SKILLPOINTS_16EE06,0/3
UI_PLAYER_SKILLPOINTS_16FBFD,0/3
UI_PLAYER_SKILLPOINTS_176CC2,0/3
UI_PLAYER_SKILLPOINTS_17727F,0/3
UI_PLAYER_SKILLPOINTS_1782B9,0/3
UI_PLAYER_SKILLPOINTS_178A30,0/3
UI_PLAYER_SKILLPOINTS_178E01,0/3
UI_PLAYER_SKILLPOINTS_17C3D8,0/3
UI_PLAYER_SKILLPOINTS_17CEE3,0/3
UI_PLAYER_SKILLPOINTS_17E1F0,0/3
UI_PLAYER_SKILLPOINTS_17E7DC,0/3
UI_PLAYER_SKILLPOINTS_1801B1,0/3
UI_PLAYER_SKILLPOINTS_180481,0/3
UI_PLAYER_SKILLPOINTS_180D35,0/3
UI_PLAYER_SKILLPOINTS_182E14,0/3
UI_PLAYER_SKILLPOINTS_183464,0/3
UI_PLAYER_SKILLPOINTS_185629,0/3
UI_PLAYER_SKILLPOINTS_185894,0/3
UI_PLAYER_SKILLPOINTS_187CF4,0/3
UI_PLAYER_SKILLPOINTS_189DE5,0/3
UI_PLAYER_SKILLPOINTS_18A85C,0/3
UI_PLAYER_SKILLPOINTS_18C068,0/3
UI_PLAYER_SKILLPOINTS_18C63B,0/3
UI_PLAYER_SKILLPOINTS_18E114,0/3
UI_PLAYER_SKILLPOINTS_18F803,0/3
UI_PLAYER_SKILLPOINTS_1902A8,0/3
UI_PLAYER_SKILLPOINTS_1906C1,0/3
UI_PLAYER_SKILLPOINTS_1963D1,0/3
UI_PLAYER_SKILLPOINTS_196BDA,0/3
UI_PLAYER_SKILLPOINTS_1989F7,0/3
UI_PLAYER_SKILLPOINTS_1997D4,0/3
UI_PLAYER_SKILLPOINTS_19A905,0/3
UI_PLAYER_SKILLPOINTS_19BD90,0/3
UI_PLAYER_SKILLPOINTS_19D3F5,0/3
UI_PLAYER_SKILLPOINTS_19D650,0/3
UI_PLAYER_SKILLPOINTS_19DAF9,0/3
UI_PLAYER_SKILLPOINTS_19F91E,0/3
UI_PLAYER_SKILLPOINTS_19F982,0/3
UI_PLAYER_SKILLPOINTS_19FD53,0/3
UI_PLAYER_SKILLPOINTS_1A068F,0/3
UI_PLAYER_SKILLPOINTS_1A0A59,0/3
UI_PLAYER_SKILLPOINTS_1A12D8,0/3
UI_PLAYER_SKILLPOINTS_1A22CD,0/3
UI_PLAYER_SKILLPOINTS_1A230D,0/3
UI_PLAYER_SKILLPOINTS_1A5302,0/3
UI_PLAYER_SKILLPOINTS_1A62D1,0/3
UI_PLAYER_SKILLPOINTS_1A6D8A,0/3
UI_PLAYER_SKILLPOINTS_1A7EA6,0/3
UI_PLAYER_SKILLPOINTS_1A8E10,0/3
UI_PLAYER_SKILLPOINTS_1A9B6C,0/3
UI_PLAYER_SKILLPOINTS_1A9F69,0/3
UI_PLAYER_SKILLPOINTS_1AABE4,0/3
UI_PLAYER_SKILLPOINTS_1ACEBE,0/3
UI_PLAYER_SKILLPOINTS_1AF39A,0/3
UI_PLAYER_SKILLPOINTS_1B02F9,0/3
UI_PLAYER_SKILLPOINTS_1B1595,0/3
UI_PLAYER_SKILLPOINTS_1B2F8C,0/3
UI_PLAYER_SKILLPOINTS_1B3B4D,0/3
UI_PLAYER_SKILLPOINTS_1B44D3,0/3
UI_PLAYER_SKILLPOINTS_1B6272,0/3
UI_PLAYER_SKILLPOINTS_1B6996,0/3
UI_PLAYER_SKILLPOINTS_1B7547,0/3
UI_PLAYER_SKILLPOINTS_1B8B7F,0/3
UI_PLAYER_SKILLPOINTS_1BE2EE,0/3
UI_PLAYER_SKILLPOINTS_1C26D0,0/3
UI_PLAYER_SKILLPOINTS_1C42F6,0/3
UI_PLAYER_SKILLPOINTS_1C56AF,0/3
UI_PLAYER_SKILLPOINTS_1C5EFD,0/3
UI_PLAYER_SKILLPOINTS_1C665F,0/3
UI_PLAYER_SKILLPOINTS_1C7CB4,0/3
UI_PLAYER_SKILLPOINTS_1C7E87,0/3
UI_PLAYER_SKILLPOINTS_1CA7AA,0/3
UI_PLAYER_SKILLPOINTS_1CA9D8,0/3
UI_PLAYER_SKILLPOINTS_1CB258,0/3
UI_PLAYER_SKILLPOINTS_1CC685,0/3
UI_PLAYER_SKILLPOINTS_1CD98F,0/3
UI_PLAYER_SKILLPOINTS_1D0377,0/3
UI_PLAYER_SKILLPOINTS_1D0523,0/3
UI_PLAYER_SKILLPOINTS_1D0FC4,0/3
UI_PLAYER_SKILLPOINTS_1D2786,0/3
UI_PLAYER_SKILLPOINTS_1D3105,0/3
UI_PLAYER_SKILLPOINTS_1D321A,0/3
UI_PLAYER_SKILLPOINTS_1D3395,0/3
UI_PLAYER_SKILLPOINTS_1D42A3,0/3
UI_PLAYER_SKILLPOINTS_1D4A26,0/3
UI_PLAYER_SKILLPOINTS_1D7CBC,0/3
UI_PLAYER_SKILLPOINTS_1D8733,0/3
UI_PLAYER_SKILLPOINTS_1D896E,0/3
UI_PLAYER_SKILLPOINTS_1DB2BE,0/3
UI_PLAYER_SKILLPOINTS_1DC8F9,0/3
UI_PLAYER_SKILLPOINTS_1DD9D2,0/3
UI_PLAYER_SKILLPOINTS_1E1ECC,0/3
UI_PLAYER_SKILLPOINTS_1E2C48,0/3
UI_PLAYER_SKILLPOINTS_1E411C,0/3
UI_PLAYER_SKILLPOINTS_1E4581,0/3
UI_PLAYER_SKILLPOINTS_1E62FD,0/3
UI_PLAYER_SKILLPOINTS_1E6A01,0/3
UI_PLAYER_SKILLPOINTS_1E8D71,0/3
UI_PLAYER_SKILLPOINTS_1EADBC,0/3
UI_PLAYER_SKILLPOINTS_1EB69B,0/3
UI_PLAYER_SKILLPOINTS_1EB803,0/3
UI_PLAYER_SKILLPOINTS_1ECBF8,0/3
UI_PLAYER_SKILLPOINTS_1ED388,0/3
UI_PLAYER_SKILLPOINTS_1EDC39,0/3
UI_PLAYER_SKILLPOINTS_1EFFDE,0/3
UI_PLAYER_SKILLPOINTS_1F3AB2,0/3
UI_PLAYER_SKILLPOINTS_1F3BD0,0/3
UI_PLAYER_SKILLPOINTS_1F5BCA,0/3
UI_PLAYER_SKILLPOINTS_1F60D4,0/3
UI_PLAYER_SKILLPOINTS_1F6251,0/3
UI_PLAYER_SKILLPOINTS_1F72E2,0/3
UI_PLAYER_SKILLPOINTS_1F7548,0/3
UI_PLAYER_SKILLPOINTS_1F7CD7,0/3
UI_PLAYER_SKILLPOINTS_1F92CC,0/3
UI_PLAYER_SKILLPOINTS_1FA989,0/3
UI_PLAYER_SKILLPOINTS_1FAD56,0/3
UI_PLAYER_SKILLPOINTS_1FC5F8,0/3
UI_PLAYER_SKILLPOINTS_1FCD1B,0/3
UI_PLAYER_SKILLPOINTS_1FD498,0/3
UI_PLAYER_SKILLPOINTS_200B9D,0/3
UI_PLAYER_SKILLPOINTS_202449,0/3
UI_PLAYER_SKILLPOINTS_202833,0/3
UI_PLAYER_SKILLPOINTS_2043FA,0/3
UI_PLAYER_SKILLPOINTS_2071DA,0/3
UI_PLAYER_SKILLPOINTS_209036,0/3
UI_PLAYER_SKILLPOINTS_20A8EC,0/3
UI_PLAYER_SKILLPOINTS_20B310,0/3
UI_PLAYER_SKILLPOINTS_21053C,0/3
UI_PLAYER_SKILLPOINTS_211A5A,0/3
UI_PLAYER_SKILLPOINTS_211C9D,0/3
UI_PLAYER_SKILLPOINTS_212EBE,0/3
UI_PLAYER_SKILLPOINTS_214C60,0/3
UI_PLAYER_SKILLPOINTS_215177,0/3
UI_PLAYER_SKILLPOINTS_215E82,0/3
UI_PLAYER_SKILLPOINTS_216A07,0/3
UI_PLAYER_SKILLPOINTS_21B038,0/3
UI_PLAYER_SKILLPOINTS_21D232,0/3
UI_PLAYER_SKILLPOINTS_21E06B,0/3
UI_PLAYER_SKILLPOINTS_21E7AE,0/3
UI_PLAYER_SKILLPOINTS_21EC29,0/3
UI_PLAYER_SKILLPOINTS_21EF09,0/3
UI_PLAYER_SKILLPOINTS_21FD00,0/3
UI_PLAYER_SKILLPOINTS_220944,0/3
UI_PLAYER_SKILLPOINTS_220E11,0/3
UI_PLAYER_SKILLPOINTS_22355D,0/3
UI_PLAYER_SKILLPOINTS_22477A,0/3
UI_PLAYER_SKILLPOINTS_224C07,0/3
UI_PLAYER_SKILLPOINTS_225579,0/3
UI_PLAYER_SKILLPOINTS_225669,0/3
UI_PLAYER_SKILLPOINTS_226240,0/3
UI_PLAYER_SKILLPOINTS_2266B4,0/3
UI_PLAYER_SKILLPOINTS_226D32,0/3
UI_PLAYER_SKILLPOINTS_227286,0/3
UI_PLAYER_SKILLPOINTS_227D87,0/3
UI_PLAYER_SKILLPOINTS_22B68A,0/3
UI_PLAYER_SKILLPOINTS_22B87C,0/3
UI_PLAYER_SKILLPOINTS_22C601,0/3
UI_PLAYER_SKILLPOINTS_22C63C,0/3
UI_PLAYER_SKILLPOINTS_22E642,0/3
UI_PLAYER_SKILLPOINTS_22FD5C,0/3
UI_PLAYER_SKILLPOINTS_2303F7,0/3
UI_PLAYER_SKILLPOINTS_2305BE,0/3
UI_PLAYER_SKILLPOINTS_2316E3,0/3
UI_PLAYER_SKILLPOINTS_231B86,0/3
UI_PLAYER_SKILLPOINTS_233F4E,0/3
UI_PLAYER_SKILLPOINTS_238B82,0/3
UI_PLAYER_SKILLPOINTS_23A01F,0/3
UI_PLAYER_SKILLPOINTS_23A513,0/3
UI_PLAYER_SKILLPOINTS_23AD8E,0/3
UI_PLAYER_SKILLPOINTS_23B531,0/3
UI_PLAYER_SKILLPOINTS_23E09A,0/3
UI_PLAYER_SKILLPOINTS_23EB40,0/3
UI_PLAYER_SKILLPOINTS_23F62E,0/3
UI_PLAYER_SKILLPOINTS_23FF05,0/3
UI_PLAYER_SKILLPOINTS_240E48,0/3
UI_PLAYER_SKILLPOINTS_24113F,0/3
UI_PLAYER_SKILLPOINTS_241E3E,0/3
UI_PLAYER_SKILLPOINTS_24359E,0/3
UI_PLAYER_SKILLPOINTS_244848,0/3
UI_PLAYER_SKILLPOINTS_245392,0/3
UI_PLAYER_SKILLPOINTS_246AB5,0/3
UI_PLAYER_SKILLPOINTS_247272,0/3
UI_PLAYER_SKILLPOINTS_2486A2,0/3
UI_PLAYER_SKILLPOINTS_24887E,0/3
UI_PLAYER_SKILLPOINTS_24B92D,0/3
UI_PLAYER_SKILLPOINTS_24C860,0/3
UI_PLAYER_SKILLPOINTS_24DACE,0/3
UI_PLAYER_SKILLPOINTS_24ECE1,0/3
UI_PLAYER_SKILLPOINTS_24EF88,0/3
UI_PLAYER_SKILLPOINTS_24F645,0/3
UI_PLAYER_SKILLPOINTS_250764,0/3
UI_PLAYER_SKILLPOINTS_251933,0/3
UI_PLAYER_SKILLPOINTS_25263C,0/3
UI_PLAYER_SKILLPOINTS_25357D,0/3
UI_PLAYER_SKILLPOINTS_255210,0/3
UI_PLAYER_SKILLPOINTS_2561DD,0/3
UI_PLAYER_SKILLPOINTS_256B5B,0/3
UI_PLAYER_SKILLPOINTS_259887,0/3
UI_PLAYER_SKILLPOINTS_259A13,0/3
UI_PLAYER_SKILLPOINTS_25B23B,0/3
UI_PLAYER_SKILLPOINTS_25BFFF,0/3
UI_PLAYER_SKILLPOINTS_25D33D,0/3
UI_PLAYER_SKILLPOINTS_25D481,0/3
UI_PLAYER_SKILLPOINTS_25FC29,0/3
UI_PLAYER_SKILLPOINTS_25FE6A,0/3
UI_PLAYER_SKILLPOINTS_26122A,0/3
UI_PLAYER_SKILLPOINTS_261BA6,0/3
UI_PLAYER_SKILLPOINTS_261EEF,0/3
UI_PLAYER_SKILLPOINTS_2633C3,0/3
UI_PLAYER_SKILLPOINTS_263828,0/3
UI_PLAYER_SKILLPOINTS_263E80,0/3
UI_PLAYER_SKILLPOINTS_264738,0/3
UI_PLAYER_SKILLPOINTS_265F43,0/3
UI_PLAYER_SKILLPOINTS_26644C,0/3
UI_PLAYER_SKILLPOINTS_267892,0/3
UI_PLAYER_SKILLPOINTS_2686CF,0/3
UI_PLAYER_SKILLPOINTS_268FBE,0/3
UI_PLAYER_SKILLPOINTS_269E03,0/3
UI_PLAYER_SKILLPOINTS_26AAAA,0/3
UI_PLAYER_SKILLPOINTS_26B390,0/3
UI_PLAYER_SKILLPOINTS_26D851,0/3
UI_PLAYER_SKILLPOINTS_26E49F,0/3
UI_PLAYER_SKILLPOINTS_27224C,0/3
UI_PLAYER_SKILLPOINTS_2754F9,0/3
UI_PLAYER_SKILLPOINTS_277D41,0/3
UI_PLAYER_SKILLPOINTS_27B89F,0/3
UI_PLAYER_SKILLPOINTS_27BCD8,0/3
UI_PLAYER_SKILLPOINTS_27CCE7,0/3
UI_PLAYER_SKILLPOINTS_27D0A7,0/3
UI_PLAYER_SKILLPOINTS_27FD41,0/3
UI_PLAYER_SKILLPOINTS_27FE46,0/3
UI_PLAYER_SKILLPOINTS_28184D,0/3
UI_PLAYER_SKILLPOINTS_281EF2,0/3
UI_PLAYER_SKILLPOINTS_2825E5,0/3
UI_PLAYER_SKILLPOINTS_2825F3,0/3
UI_PLAYER_SKILLPOINTS_282E3B,0/3
UI_PLAYER_SKILLPOINTS_284E89,0/3
UI_PLAYER_SKILLPOINTS_2861DC,0/3
UI_PLAYER_SKILLPOINTS_286E42,0/3
UI_PLAYER_SKILLPOINTS_2875F6,0/3
UI_PLAYER_SKILLPOINTS_28AD03,0/3
UI_PLAYER_SKILLPOINTS_28B2A9,0/3
UI_PLAYER_SKILLPOINTS_28B593,0/3
UI_PLAYER_SKILLPOINTS_28BB59,0/3
UI_PLAYER_SKILLPOINTS_28BEF0,0/3
UI_PLAYER_SKILLPOINTS_28CA27,0/3
UI_PLAYER_SKILLPOINTS_28DD27,0/3
UI_PLAYER_SKILLPOINTS_28F5A6,0/3
UI_PLAYER_SKILLPOINTS_28F8AC,0/3
UI_PLAYER_SKILLPOINTS_28FCCD,0/3
UI_PLAYER_SKILLPOINTS_290F44,0/3
UI_PLAYER_SKILLPOINTS_29153B,0/3
UI_PLAYER_SKILLPOINTS_292D96,0/3
UI_PLAYER_SKILLPOINTS_29300A,0/3
UI_PLAYER_SKILLPOINTS_295527,0/3
UI_PLAYER_SKILLPOINTS_295E93,0/3
UI_PLAYER_SKILLPOINTS_296598,0/3
UI_PLAYER_SKILLPOINTS_297120,0/3
UI_PLAYER_SKILLPOINTS_298EC1,0/3
UI_PLAYER_SKILLPOINTS_2991FF,0/3
UI_PLAYER_SKILLPOINTS_299FAB,0/3
UI_PLAYER_SKILLPOINTS_29A75A,0/3
UI_PLAYER_SKILLPOINTS_29CD0F,0/3
UI_PLAYER_SKILLPOINTS_29E1B0,0/3
UI_PLAYER_SKILLPOINTS_29E35C,0/3
UI_PLAYER_SKILLPOINTS_29E731,0/3
UI_PLAYER_SKILLPOINTS_29F387,0/3
UI_PLAYER_SKILLPOINTS_2A3D66,0/3
UI_PLAYER_SKILLPOINTS_2A46EB,0/3
UI_PLAYER_SKILLPOINTS_2A6379,0/3
UI_PLAYER_SKILLPOINTS_2A7E09,0/3
UI_PLAYER_SKILLPOINTS_2A94BB,0/3
UI_PLAYER_SKILLPOINTS_2AA2F0,0/3
UI_PLAYER_SKILLPOINTS_2AAA4D,0/3
UI_PLAYER_SKILLPOINTS_2AB2F9,0/3
UI_PLAYER_SKILLPOINTS_2AE13D,0/3
UI_PLAYER_SKILLPOINTS_2AEEFB,0/3
UI_PLAYER_SKILLPOINTS_2AF866,0/3
UI_PLAYER_SKILLPOINTS_2B098A,0/3
UI_PLAYER_SKILLPOINTS_2B2305,0/3
UI_PLAYER_SKILLPOINTS_2B2C2F,0/3
UI_PLAYER_SKILLPOINTS_2B3BB8,0/3
UI_PLAYER_SKILLPOINTS_2B3D6E,0/3
UI_PLAYER_SKILLPOINTS_2B4E5F,0/3
UI_PLAYER_SKILLPOINTS_2B673D,0/3
UI_PLAYER_SKILLPOINTS_2B6A14,0/3
UI_PLAYER_SKILLPOINTS_2B6CD8,0/3
UI_PLAYER_SKILLPOINTS_2B7A34,0/3
UI_PLAYER_SKILLPOINTS_2BB2E3,0/3
UI_PLAYER_SKILLPOINTS_2BC626,0/3
UI_PLAYER_SKILLPOINTS_2BD366,0/3
UI_PLAYER_SKILLPOINTS_2BEA88,0/3
UI_PLAYER_SKILLPOINTS_2C03E7,0/3
UI_PLAYER_SKILLPOINTS_2C1B9A,0/3
UI_PLAYER_SKILLPOINTS_2C2F6D,0/3
UI_PLAYER_SKILLPOINTS_2C5143,0/3
UI_PLAYER_SKILLPOINTS_2C5686,0/3
UI_PLAYER_SKILLPOINTS_2C5D5C,0/3
UI_PLAYER_SKILLPOINTS_2C7595,0/3
UI_PLAYER_SKILLPOINTS_2CA530,0/3
UI_PLAYER_SKILLPOINTS_2CBB08,0/3
UI_PLAYER_SKILLPOINTS_2CDBBC,0/3
UI_PLAYER_SKILLPOINTS_2CE8F6,0/3
UI_PLAYER_SKILLPOINTS_2CEE91,0/3
UI_PLAYER_SKILLPOINTS_2D3B30,0/3
UI_PLAYER_SKILLPOINTS_2D4D96,0/3
UI_PLAYER_SKILLPOINTS_2D4F83,0/3
UI_PLAYER_SKILLPOINTS_2D9811,0/3
UI_PLAYER_SKILLPOINTS_2DA546,0/3
UI_PLAYER_SKILLPOINTS_2DB5F6,0/3
UI_PLAYER_SKILLPOINTS_2DCB46,0/3
UI_PLAYER_SKILLPOINTS_2DCB68,0/3
UI_PLAYER_SKILLPOINTS_2DD2ED,0/3
UI_PLAYER_SKILLPOINTS_2DE46D,0/3
UI_PLAYER_SKILLPOINTS_2DE8DB,0/3
UI_PLAYER_SKILLPOINTS_2DF111,0/3
UI_PLAYER_SKILLPOINTS_2E18DB,0/3
UI_PLAYER_SKILLPOINTS_2E39DF,0/3
UI_PLAYER_SKILLPOINTS_2E7446,0/3
UI_PLAYER_SKILLPOINTS_2E7525,0/3
UI_PLAYER_SKILLPOINTS_2E76E1,0/3
UI_PLAYER_SKILLPOINTS_2E7976,0/3
UI_PLAYER_SKILLPOINTS_2E7ECC,0/3
UI_PLAYER_SKILLPOINTS_2E805A,0/3
UI_PLAYER_SKILLPOINTS_2E90AB,0/3
UI_PLAYER_SKILLPOINTS_2EC5BF,0/3
UI_PLAYER_SKILLPOINTS_2ECAF8,0/3
UI_PLAYER_SKILLPOINTS_2EDB50,0/3
UI_PLAYER_SKILLPOINTS_2EF477,0/3
UI_PLAYER_SKILLPOINTS_2EFC55,0/3
UI_PLAYER_SKILLPOINTS_2F009E,0/3
UI_PLAYER_SKILLPOINTS_2F0C59,0/3
UI_PLAYER_SKILLPOINTS_2F1502,0/3
UI_PLAYER_SKILLPOINTS_2F2285,0/3
UI_PLAYER_SKILLPOINTS_2F2A5D,0/3
UI_PLAYER_SKILLPOINTS_2F2EBD,0/3
UI_PLAYER_SKILLPOINTS_2F4E84,0/3
UI_PLAYER_SKILLPOINTS_2F516F,0/3
UI_PLAYER_SKILLPOINTS_2F51EC,0/3
UI_PLAYER_SKILLPOINTS_2F67C3,0/3
UI_PLAYER_SKILLPOINTS_2F6FE9,0/3
UI_PLAYER_SKILLPOINTS_2F931B,0/3
UI_PLAYER_SKILLPOINTS_2F98F0,0/3
UI_PLAYER_SKILLPOINTS_2FAF80,0/3
UI_PLAYER_SKILLPOINTS_2FBAC9,0/3
UI_PLAYER_SKILLPOINTS_2FBEA9,0/3
UI_PLAYER_SKILLPOINTS_2FC34F,0/3
UI_PLAYER_SKILLPOINTS_2FD452,0/3
UI_PLAYER_SKILLPOINTS_2FDAAF,0/3
UI_PLAYER_SKILLPOINTS_2FF86F,0/3
UI_PLAYER_SKILLPOINTS_2FFD45,0/3
UI_PLAYER_SKILLPOINTS_2FFFC9,0/3
UI_PLAYER_SKILLPOINTS_3009B3,0/3
UI_PLAYER_SKILLPOINTS_301035,0/3
UI_PLAYER_SKILLPOINTS_30111B,0/3
UI_PLAYER_SKILLPOINTS_301C9F,0/3
UI_PLAYER_SKILLPOINTS_3035EF,0/3
UI_PLAYER_SKILLPOINTS_303DDA,0/3
UI_PLAYER_SKILLPOINTS_304263,0/3
UI_PLAYER_SKILLPOINTS_30BACA,0/3
UI_PLAYER_SKILLPOINTS_30C1DC,0/3
UI_PLAYER_SKILLPOINTS_30C5DA,0/3
UI_PLAYER_SKILLPOINTS_30EB53,0/3
UI_PLAYER_SKILLPOINTS_30EECA,0/3
UI_PLAYER_SKILLPOINTS_30EF75,0/3
UI_PLAYER_SKILLPOINTS_311AC1,0/3
UI_PLAYER_SKILLPOINTS_312307,0/3
UI_PLAYER_SKILLPOINTS_3147CE,0/3
UI_PLAYER_SKILLPOINTS_3155A4,0/3
UI_PLAYER_SKILLPOINTS_3164E4,0/3
UI_PLAYER_SKILLPOINTS_3185B9,0/3
UI_PLAYER_SKILLPOINTS_3194D0,0/3
UI_PLAYER_SKILLPOINTS_31B17C,0/3
UI_PLAYER_SKILLPOINTS_31BC37,0/3
UI_PLAYER_SKILLPOINTS_31BF23,0/3
UI_PLAYER_SKILLPOINTS_31F0D4,0/3
UI_PLAYER_SKILLPOINTS_321561,0/3
UI_PLAYER_SKILLPOINTS_32300E,0/3
UI_PLAYER_SKILLPOINTS_324C77,0/3
UI_PLAYER_SKILLPOINTS_32829E,0/3
UI_PLAYER_SKILLPOINTS_328EB2,0/3
UI_PLAYER_SKILLPOINTS_32B767,0/3
UI_PLAYER_SKILLPOINTS_32BE00,0/3
UI_PLAYER_SKILLPOINTS_32BED1,0/3
UI_PLAYER_SKILLPOINTS_32CB5A,0/3
UI_PLAYER_SKILLPOINTS_330920,0/3
UI_PLAYER_SKILLPOINTS_330BE1,0/3
UI_PLAYER_SKILLPOINTS_3368A2,0/3
UI_PLAYER_SKILLPOINTS_338009,0/3
UI_PLAYER_SKILLPOINTS_338846,0/3
UI_PLAYER_SKILLPOINTS_33944F,0/3
UI_PLAYER_SKILLPOINTS_339A70,0/3
UI_PLAYER_SKILLPOINTS_33ADBB,0/3
UI_PLAYER_SKILLPOINTS_33C5B2,0/3
UI_PLAYER_SKILLPOINTS_33CDC1,0/3
UI_PLAYER_SKILLPOINTS_33E18E,0/3
UI_PLAYER_SKILLPOINTS_33E28D,0/3
UI_PLAYER_SKILLPOINTS_33F446,0/3
UI_PLAYER_SKILLPOINTS_342214,0/3
UI_PLAYER_SKILLPOINTS_34250B,0/3
UI_PLAYER_SKILLPOINTS_347BCF,0/3
UI_PLAYER_SKILLPOINTS_348806,0/3
UI_PLAYER_SKILLPOINTS_34899C,0/3
UI_PLAYER_SKILLPOINTS_349D69,0/3
UI_PLAYER_SKILLPOINTS_34A05B,0/3
UI_PLAYER_SKILLPOINTS_34AC6D,0/3
UI_PLAYER_SKILLPOINTS_34AE14,0/3
UI_PLAYER_SKILLPOINTS_34B647,0/3
UI_PLAYER_SKILLPOINTS_34D11C,0/3
UI_PLAYER_SKILLPOINTS_34F6C0,0/3
UI_PLAYER_SKILLPOINTS_34FC33,0/3
UI_PLAYER_SKILLPOINTS_3502B3,0/3
UI_PLAYER_SKILLPOINTS_350579,0/3
UI_PLAYER_SKILLPOINTS_350E9E,0/3
UI_PLAYER_SKILLPOINTS_3522D0,0/3
UI_PLAYER_SKILLPOINTS_352C7D,0/3
UI_PLAYER_SKILLPOINTS_353105,0/3
UI_PLAYER_SKILLPOINTS_353903,0/3
UI_PLAYER_SKILLPOINTS_3541B0,0/3
UI_PLAYER_SKILLPOINTS_356AFD,0/3
UI_PLAYER_SKILLPOINTS_358AB8,0/3
UI_PLAYER_SKILLPOINTS_358E1A,0/3
UI_PLAYER_SKILLPOINTS_35A579,0/3
UI_PLAYER_SKILLPOINTS_35A7A3,0/3
UI_PLAYER_SKILLPOINTS_35A9AD,0/3
UI_PLAYER_SKILLPOINTS_35BE10,0/3
UI_PLAYER_SKILLPOINTS_35BFA5,0/3
UI_PLAYER_SKILLPOINTS_35CD07,0/3
UI_PLAYER_SKILLPOINTS_35E1AF,0/3
UI_PLAYER_SKILLPOINTS_35E5E4,0/3
UI_PLAYER_SKILLPOINTS_35EB00,0/3
UI_PLAYER_SKILLPOINTS_35F75C,0/3
UI_PLAYER_SKILLPOINTS_35F8FD,0/3
UI_PLAYER_SKILLPOINTS_35F9F3,0/3
UI_PLAYER_SKILLPOINTS_3613FD,0/3
UI_PLAYER_SKILLPOINTS_365887,0/3
UI_PLAYER_SKILLPOINTS_365EB9,0/3
UI_PLAYER_SKILLPOINTS_366A7F,0/3
UI_PLAYER_SKILLPOINTS_367302,0/3
UI_PLAYER_SKILLPOINTS_367AF2,0/3
UI_PLAYER_SKILLPOINTS_3687AD,0/3
UI_PLAYER_SKILLPOINTS_36904B,0/3
UI_PLAYER_SKILLPOINTS_369698,0/3
UI_PLAYER_SKILLPOINTS_36A0DE,0/3
UI_PLAYER_SKILLPOINTS_36A2F1,0/3
UI_PLAYER_SKILLPOINTS_36EEFC,0/3
UI_PLAYER_SKILLPOINTS_36FBC9,0/3
UI_PLAYER_SKILLPOINTS_36FF01,0/3
UI_PLAYER_SKILLPOINTS_36FF5A,0/3
UI_PLAYER_SKILLPOINTS_374493,0/3
UI_PLAYER_SKILLPOINTS_375D60,0/3
UI_PLAYER_SKILLPOINTS_3760AB,0/3
UI_PLAYER_SKILLPOINTS_376422,0/3
UI_PLAYER_SKILLPOINTS_3765AF,0/3
UI_PLAYER_SKILLPOINTS_3765C8,0/3
UI_PLAYER_SKILLPOINTS_377F06,0/3
UI_PLAYER_SKILLPOINTS_378D99,0/3
UI_PLAYER_SKILLPOINTS_3794C2,0/3
UI_PLAYER_SKILLPOINTS_37B09B,0/3
UI_PLAYER_SKILLPOINTS_37C443,0/3
UI_PLAYER_SKILLPOINTS_37D1A1,0/3
UI_PLAYER_SKILLPOINTS_37D30B,0/3
UI_PLAYER_SKILLPOINTS_37D336,0/3
UI_PLAYER_SKILLPOINTS_37DD91,0/3
UI_PLAYER_SKILLPOINTS_3803C2,0/3
UI_PLAYER_SKILLPOINTS_380C61,0/3
UI_PLAYER_SKILLPOINTS_380FCE,0/3
UI_PLAYER_SKILLPOINTS_382BD0,0/3
UI_PLAYER_SKILLPOINTS_382C26,0/3
UI_PLAYER_SKILLPOINTS_38350A,0/3
UI_PLAYER_SKILLPOINTS_38388A,0/3
UI_PLAYER_SKILLPOINTS_385774,0/3
UI_PLAYER_SKILLPOINTS_387861,0/3
UI_PLAYER_SKILLPOINTS_388C26,0/3
UI_PLAYER_SKILLPOINTS_388F69,0/3
UI_PLAYER_SKILLPOINTS_389B65,0/3
UI_PLAYER_SKILLPOINTS_38ABCB,0/3
UI_PLAYER_SKILLPOINTS_38B5E4,0/3
UI_PLAYER_SKILLPOINTS_38B7B8,0/3
UI_PLAYER_SKILLPOINTS_38CF7F,0/3
UI_PLAYER_SKILLPOINTS_38DD70,0/3
UI_PLAYER_SKILLPOINTS_38E9BA,0/3
UI_PLAYER_SKILLPOINTS_390F06,0/3
UI_PLAYER_SKILLPOINTS_392B1D,0/3
UI_PLAYER_SKILLPOINTS_396D40,0/3
UI_PLAYER_SKILLPOINTS_39847D,0/3
UI_PLAYER_SKILLPOINTS_398C79,0/3
UI_PLAYER_SKILLPOINTS_39C573,0/3
UI_PLAYER_SKILLPOINTS_39DC5F,0/3
UI_PLAYER_SKILLPOINTS_39F469,0/3
UI_PLAYER_SKILLPOINTS_39FCE1,0/3
UI_PLAYER_SKILLPOINTS_3A02D4,0/3
UI_PLAYER_SKILLPOINTS_3A0459,0/3
UI_PLAYER_SKILLPOINTS_3A05C1,0/3
UI_PLAYER_SKILLPOINTS_3A2C14,0/3
UI_PLAYER_SKILLPOINTS_3A2C52,0/3
UI_PLAYER_SKILLPOINTS_3A363D,0/3
UI_PLAYER_SKILLPOINTS_3A5593,0/3
UI_PLAYER_SKILLPOINTS_3A7546,0/3
UI_PLAYER_SKILLPOINTS_3A9791,0/3
UI_PLAYER_SKILLPOINTS_3AAF73,0/3
UI_PLAYER_SKILLPOINTS_3AC2FE,0/3
UI_PLAYER_SKILLPOINTS_3AC99D,0/3
UI_PLAYER_SKILLPOINTS_3AE285,0/3
UI_PLAYER_SKILLPOINTS_3AE876,0/3
UI_PLAYER_SKILLPOINTS_3B3497,0/3
UI_PLAYER_SKILLPOINTS_3B43F6,0/3
UI_PLAYER_SKILLPOINTS_3B4E95,0/3
UI_PLAYER_SKILLPOINTS_3B5245,0/3
UI_PLAYER_SKILLPOINTS_3B75AC,0/3
UI_PLAYER_SKILLPOINTS_3BC068,0/3
UI_PLAYER_SKILLPOINTS_3BD9E0,0/3
UI_PLAYER_SKILLPOINTS_3BDE45,0/3
UI_PLAYER_SKILLPOINTS_3BE17B,0/3
UI_PLAYER_SKILLPOINTS_3BE2CD,0/3
UI_PLAYER_SKILLPOINTS_3BFB56,0/3
UI_PLAYER_SKILLPOINTS_3C00A6,0/3
UI_PLAYER_SKILLPOINTS_3C0A04,0/3
UI_PLAYER_SKILLPOINTS_3C1284,0/3
UI_PLAYER_SKILLPOINTS_3C1FF5,0/3
UI_PLAYER_SKILLPOINTS_3C439D,0/3
UI_PLAYER_SKILLPOINTS_3C5456,0/3
UI_PLAYER_SKILLPOINTS_3C568F,0/3
UI_PLAYER_SKILLPOINTS_3C5D86,0/3
UI_PLAYER_SKILLPOINTS_3C66E3,0/3
UI_PLAYER_SKILLPOINTS_3C7753,0/3
UI_PLAYER_SKILLPOINTS_3C7C43,0/3
UI_PLAYER_SKILLPOINTS_3C89AE,0/3
UI_PLAYER_SKILLPOINTS_3C9B2F,0/3
UI_PLAYER_SKILLPOINTS_3C9F14,0/3
UI_PLAYER_SKILLPOINTS_3CA2C4,0/3
UI_PLAYER_SKILLPOINTS_3CC6D0,0/3
UI_PLAYER_SKILLPOINTS_3CE3FD,0/3
UI_PLAYER_SKILLPOINTS_3CE561,0/3
UI_PLAYER_SKILLPOINTS_3CFB62,0/3
UI_PLAYER_SKILLPOINTS_3CFF4F,0/3
UI_PLAYER_SKILLPOINTS_3D013A,0/3
UI_PLAYER_SKILLPOINTS_3D0686,0/3
UI_PLAYER_SKILLPOINTS_3D13E3,0/3
UI_PLAYER_SKILLPOINTS_3D1578,0/3
UI_PLAYER_SKILLPOINTS_3D2BAA,0/3
UI_PLAYER_SKILLPOINTS_3D810F,0/3
UI_PLAYER_SKILLPOINTS_3DA383,0/3
UI_PLAYER_SKILLPOINTS_3DB24D,0/3
UI_PLAYER_SKILLPOINTS_3DCC35,0/3
UI_PLAYER_SKILLPOINTS_3DDDA7,0/3
UI_PLAYER_SKILLPOINTS_3DEC9A,0/3
UI_PLAYER_SKILLPOINTS_3DED9E,0/3
UI_PLAYER_SKILLPOINTS_3DF57C,0/3
UI_PLAYER_SKILLPOINTS_3E088A,0/3
UI_PLAYER_SKILLPOINTS_3E1642,0/3
UI_PLAYER_SKILLPOINTS_3E4A3A,0/3
UI_PLAYER_SKILLPOINTS_3E5160,0/3
UI_PLAYER_SKILLPOINTS_3E56F5,0/3
UI_PLAYER_SKILLPOINTS_3E5F4C,0/3
UI_PLAYER_SKILLPOINTS_3E6CC7,0/3
UI_PLAYER_SKILLPOINTS_3E82F2,0/3
UI_PLAYER_SKILLPOINTS_3EA3CD,0/3
UI_PLAYER_SKILLPOINTS_3EBB26,0/3
UI_PLAYER_SKILLPOINTS_3EC895,0/3
UI_PLAYER_SKILLPOINTS_3EEC09,0/3
UI_PLAYER_SKILLPOINTS_3F1989,0/3
UI_PLAYER_SKILLPOINTS_3F21DF,0/3
UI_PLAYER_SKILLPOINTS_3F50E4,0/3
UI_PLAYER_SKILLPOINTS_3F56C9,0/3
UI_PLAYER_SKILLPOINTS_3F62A9,0/3
UI_PLAYER_SKILLPOINTS_3F78BA,0/3
UI_PLAYER_SKILLPOINTS_3F876A,0/3
UI_PLAYER_SKILLPOINTS_3F8C1D,0/3
UI_PLAYER_SKILLPOINTS_3F8D42,0/3
UI_PLAYER_SKILLPOINTS_3F8F2F,0/3
UI_PLAYER_SKILLPOINTS_3FB6C8,0/3
UI_PLAYER_SKILLPOINTS_3FB6EB,0/3
UI_PLAYER_SKILLPOINTS_3FD69F,0/3
UI_PLAYER_SKILLPOINTS_3FD8FD,0/3
UI_PLAYER_SKILLPOINTS_3FDA8E,0/3
UI_PLAYER_SKILLPOINTS_3FE133,0/3
UI_PLAYER_SKILLPOINTS_3FE15E,0/3
UI_PLAYER_SKILLPOINTS_3FEF50,0/3
UI_PLAYER_SKILLPOINTS_402980,0/3
UI_PLAYER_SKILLPOINTS_402990,0/3
UI_PLAYER_SKILLPOINTS_402F68,0/3
UI_PLAYER_SKILLPOINTS_4042AF,0/3
UI_PLAYER_SKILLPOINTS_4044D7,0/3
UI_PLAYER_SKILLPOINTS_40486D,0/3
UI_PLAYER_SKILLPOINTS_40486F,0/3
UI_PLAYER_SKILLPOINTS_40576F,0/3
UI_PLAYER_SKILLPOINTS_4059BD,0/3
UI_PLAYER_SKILLPOINTS_4075D7,0/3
UI_PLAYER_SKILLPOINTS_4076CB,0/3
UI_PLAYER_SKILLPOINTS_407ECE,0/3
UI_PLAYER_SKILLPOINTS_408211,0/3
UI_PLAYER_SKILLPOINTS_408E0D,0/3
UI_PLAYER_SKILLPOINTS_4098B2,0/3
UI_PLAYER_SKILLPOINTS_40B7DB,0/3
UI_PLAYER_SKILLPOINTS_40BB55,0/3
UI_PLAYER_SKILLPOINTS_40DCB4,0/3
UI_PLAYER_SKILLPOINTS_40E9B0,0/3
UI_PLAYER_SKILLPOINTS_40FEB8,0/3
UI_PLAYER_SKILLPOINTS_4116AE,0/3
UI_PLAYER_SKILLPOINTS_411A39,0/3
UI_PLAYER_SKILLPOINTS_4153EF,0/3
UI_PLAYER_SKILLPOINTS_416AD6,0/3
UI_PLAYER_SKILLPOINTS_417724,0/3
UI_PLAYER_SKILLPOINTS_41784D,0/3
UI_PLAYER_SKILLPOINTS_4192DD,0/3
UI_PLAYER_SKILLPOINTS_41B81B,0/3
UI_PLAYER_SKILLPOINTS_41BC97,0/3
UI_PLAYER_SKILLPOINTS_41C959,0/3
UI_PLAYER_SKILLPOINTS_41CA71,0/3
UI_PLAYER_SKILLPOINTS_41D16B,0/3
UI_PLAYER_SKILLPOINTS_41D348,0/3
UI_PLAYER_SKILLPOINTS_41EF88,0/3
UI_PLAYER_SKILLPOINTS_41F033,0/3
UI_PLAYER_SKILLPOINTS_41F57B,0/3
UI_PLAYER_SKILLPOINTS_41F810,0/3
UI_PLAYER_SKILLPOINTS_422957,0/3
UI_PLAYER_SKILLPOINTS_4235B6,0/3
UI_PLAYER_SKILLPOINTS_4235CE,0/3
UI_PLAYER_SKILLPOINTS_42363C,0/3
UI_PLAYER_SKILLPOINTS_423799,0/3
UI_PLAYER_SKILLPOINTS_427B2B,0/3
UI_PLAYER_SKILLPOINTS_4280C8,0/3
UI_PLAYER_SKILLPOINTS_429AA3,0/3
UI_PLAYER_SKILLPOINTS_429CA6,0/3
UI_PLAYER_SKILLPOINTS_42A9F0,0/3
UI_PLAYER_SKILLPOINTS_42AF01,0/3
UI_PLAYER_SKILLPOINTS_42AF44,0/3
UI_PLAYER_SKILLPOINTS_42C8E7,0/3
UI_PLAYER_SKILLPOINTS_42D4FD,0/3
UI_PLAYER_SKILLPOINTS_42D8A7,0/3
UI_PLAYER_SKILLPOINTS_42E09A,0/3
UI_PLAYER_SKILLPOINTS_42E4E5,0/3
UI_PLAYER_SKILLPOINTS_42F53A,0/3
UI_PLAYER_SKILLPOINTS_430C03,0/3
UI_PLAYER_SKILLPOINTS_43129F,0/3
UI_PLAYER_SKILLPOINTS_4344ED,0/3
UI_PLAYER_SKILLPOINTS_43514B,0/3
UI_PLAYER_SKILLPOINTS_435844,0/3
UI_PLAYER_SKILLPOINTS_436854,0/3
UI_PLAYER_SKILLPOINTS_436BD8,0/3
UI_PLAYER_SKILLPOINTS_437B88,0/3
UI_PLAYER_SKILLPOINTS_437DFC,0/3
UI_PLAYER_SKILLPOINTS_437EB2,0/3
UI_PLAYER_SKILLPOINTS_4380D0,0/3
UI_PLAYER_SKILLPOINTS_4396AE,0/3
UI_PLAYER_SKILLPOINTS_43B701,0/3
UI_PLAYER_SKILLPOINTS_43D574,0/3
UI_PLAYER_SKILLPOINTS_43DD0B,0/3
UI_PLAYER_SKILLPOINTS_43E495,0/3
UI_PLAYER_SKILLPOINTS_43EEE8,0/3
UI_PLAYER_SKILLPOINTS_43F6EB,0/3
UI_PLAYER_SKILLPOINTS_43FF6E,0/3
UI_PLAYER_SKILLPOINTS_4428AA,0/3
UI_PLAYER_SKILLPOINTS_442F75,0/3
UI_PLAYER_SKILLPOINTS_44690F,0/3
UI_PLAYER_SKILLPOINTS_448755,0/3
UI_PLAYER_SKILLPOINTS_44AA62,0/3
UI_PLAYER_SKILLPOINTS_44B0C1,0/3
UI_PLAYER_SKILLPOINTS_44D1AE,0/3
UI_PLAYER_SKILLPOINTS_44DC79,0/3
UI_PLAYER_SKILLPOINTS_450B8E,0/3
UI_PLAYER_SKILLPOINTS_451315,0/3
UI_PLAYER_SKILLPOINTS_452CF4,0/3
UI_PLAYER_SKILLPOINTS_453726,0/3
UI_PLAYER_SKILLPOINTS_455666,0/3
UI_PLAYER_SKILLPOINTS_45606A,0/3
UI_PLAYER_SKILLPOINTS_45688A,0/3
UI_PLAYER_SKILLPOINTS_456E73,0/3
UI_PLAYER_SKILLPOINTS_4572A8,0/3
UI_PLAYER_SKILLPOINTS_457718,0/3
UI_PLAYER_SKILLPOINTS_45B8E3,0/3
UI_PLAYER_SKILLPOINTS_45D977,0/3
UI_PLAYER_SKILLPOINTS_45DBBD,0/3
UI_PLAYER_SKILLPOINTS_460198,0/3
UI_PLAYER_SKILLPOINTS_463CE1,0/3
UI_PLAYER_SKILLPOINTS_4651F4,0/3
UI_PLAYER_SKILLPOINTS_465B01,0/3
UI_PLAYER_SKILLPOINTS_4667BA,0/3
UI_PLAYER_SKILLPOINTS_4667C7,0/3
UI_PLAYER_SKILLPOINTS_46829A,0/3
UI_PLAYER_SKILLPOINTS_469674,0/3
UI_PLAYER_SKILLPOINTS_46AF88,0/3
UI_PLAYER_SKILLPOINTS_46B937,0/3
UI_PLAYER_SKILLPOINTS_46BF0B,0/3
UI_PLAYER_SKILLPOINTS_46E64D,0/3
UI_PLAYER_SKILLPOINTS_46EE42,0/3
UI_PLAYER_SKILLPOINTS_46F0C9,0/3
UI_PLAYER_SKILLPOINTS_470D75,0/3
UI_PLAYER_SKILLPOINTS_472033,0/3
UI_PLAYER_SKILLPOINTS_473585,0/3
UI_PLAYER_SKILLPOINTS_474747,0/3
UI_PLAYER_SKILLPOINTS_475550,0/3
UI_PLAYER_SKILLPOINTS_476B9E,0/3
UI_PLAYER_SKILLPOINTS_47749D,0/3
UI_PLAYER_SKILLPOINTS_47A970,0/3
UI_PLAYER_SKILLPOINTS_47AC58,0/3
UI_PLAYER_SKILLPOINTS_47C20D,0/3
UI_PLAYER_SKILLPOINTS_47CC70,0/3
UI_PLAYER_SKILLPOINTS_47D00A,0/3
UI_PLAYER_SKILLPOINTS_47E23D,0/3
UI_PLAYER_SKILLPOINTS_47FDF7,0/3
UI_PLAYER_SKILLPOINTS_48092E,0/3
UI_PLAYER_SKILLPOINTS_48240C,0/3
UI_PLAYER_SKILLPOINTS_483AE6,0/3
UI_PLAYER_SKILLPOINTS_483B15,0/3
UI_PLAYER_SKILLPOINTS_484243,0/3
UI_PLAYER_SKILLPOINTS_4843D8,0/3
UI_PLAYER_SKILLPOINTS_48687F,0/3
UI_PLAYER_SKILLPOINTS_48823D,0/3
UI_PLAYER_SKILLPOINTS_488B5A,0/3
UI_PLAYER_SKILLPOINTS_48A502,0/3
UI_PLAYER_SKILLPOINTS_48D7FC,0/3
UI_PLAYER_SKILLPOINTS_48DA2D,0/3
UI_PLAYER_SKILLPOINTS_48DF79,0/3
UI_PLAYER_SKILLPOINTS_48E3E5,0/3
UI_PLAYER_SKILLPOINTS_48F230,0/3
UI_PLAYER_SKILLPOINTS_48F9C8,0/3
UI_PLAYER_SKILLPOINTS_490955,0/3
UI_PLAYER_SKILLPOINTS_4914C3,0/3
UI_PLAYER_SKILLPOINTS_491847,0/3
UI_PLAYER_SKILLPOINTS_491AD2,0/3
UI_PLAYER_SKILLPOINTS_491CCB,0/3
UI_PLAYER_SKILLPOINTS_492A51,0/3
UI_PLAYER_SKILLPOINTS_492D06,0/3
UI_PLAYER_SKILLPOINTS_492D5A,0/3
UI_PLAYER_SKILLPOINTS_494696,0/3
UI_PLAYER_SKILLPOINTS_494EC3,0/3
UI_PLAYER_SKILLPOINTS_4953E4,0/3
UI_PLAYER_SKILLPOINTS_4975ED,0/3
UI_PLAYER_SKILLPOINTS_4978CF,0/3
UI_PLAYER_SKILLPOINTS_498584,0/3
UI_PLAYER_SKILLPOINTS_499935,0/3
UI_PLAYER_SKILLPOINTS_49D750,0/3
UI_PLAYER_SKILLPOINTS_49ED25,0/3
UI_PLAYER_SKILLPOINTS_49F2DA,0/3
UI_PLAYER_SKILLPOINTS_49FA5A,0/3
UI_PLAYER_SKILLPOINTS_49FA79,0/3
UI_PLAYER_SKILLPOINTS_49FDF1,0/3
UI_PLAYER_SKILLPOINTS_4A080B,0/3
UI_PLAYER_SKILLPOINTS_4A0A4A,0/3
UI_PLAYER_SKILLPOINTS_4A0F86,0/3
UI_PLAYER_SKILLPOINTS_4A2875,0/3
UI_PLAYER_SKILLPOINTS_4A2FA0,0/3
UI_PLAYER_SKILLPOINTS_4A52D4,0/3
UI_PLAYER_SKILLPOINTS_4A6D9B,0/3
UI_PLAYER_SKILLPOINTS_4A6DEE,0/3
UI_PLAYER_SKILLPOINTS_4A812F,0/3
UI_PLAYER_SKILLPOINTS_4A867D,0/3
UI_PLAYER_SKILLPOINTS_4ABB8E,0/3
UI_PLAYER_SKILLPOINTS_4AE7F1,0/3
UI_PLAYER_SKILLPOINTS_4AF858,0/3
UI_PLAYER_SKILLPOINTS_4B0DA7,0/3
UI_PLAYER_SKILLPOINTS_4B43F3,0/3
UI_PLAYER_SKILLPOINTS_4B54D2,0/3
UI_PLAYER_SKILLPOINTS_4B5740,0/3
UI_PLAYER_SKILLPOINTS_4B5881,0/3
UI_PLAYER_SKILLPOINTS_4B5E7F,0/3
UI_PLAYER_SKILLPOINTS_4B7377,0/3
UI_PLAYER_SKILLPOINTS_4BA6A9,0/3
UI_PLAYER_SKILLPOINTS_4BB7C3,0/3
UI_PLAYER_SKILLPOINTS_4BB990,0/3
UI_PLAYER_SKILLPOINTS_4BC2E7,0/3
UI_PLAYER_SKILLPOINTS_4BCF2D,0/3
UI_PLAYER_SKILLPOINTS_4BCFB3,0/3
UI_PLAYER_SKILLPOINTS_4BDF5E,0/3
UI_PLAYER_SKILLPOINTS_4BE18F,0/3
UI_PLAYER_SKILLPOINTS_4C3F04,0/3
UI_PLAYER_SKILLPOINTS_4C5BB7,0/3
UI_PLAYER_SKILLPOINTS_4C79FC,0/3
UI_PLAYER_SKILLPOINTS_4C8821,0/3
UI_PLAYER_SKILLPOINTS_4C99ED,0/3
UI_PLAYER_SKILLPOINTS_4CAAEC,0/3
UI_PLAYER_SKILLPOINTS_4CC5C5,0/3
UI_PLAYER_SKILLPOINTS_4CD79A,0/3
UI_PLAYER_SKILLPOINTS_4CF8FD,0/3
UI_PLAYER_SKILLPOINTS_4D03DA,0/3
UI_PLAYER_SKILLPOINTS_4D05BD,0/3
UI_PLAYER_SKILLPOINTS_4D09D8,0/3
UI_PLAYER_SKILLPOINTS_4D0C9D,0/3
UI_PLAYER_SKILLPOINTS_4D132F,0/3
UI_PLAYER_SKILLPOINTS_4D1911,0/3
UI_PLAYER_SKILLPOINTS_4D2464,0/3
UI_PLAYER_SKILLPOINTS_4D74C3,0/3
UI_PLAYER_SKILLPOINTS_4D792E,0/3
UI_PLAYER_SKILLPOINTS_4D9602,0/3
UI_PLAYER_SKILLPOINTS_4DAE2C,0/3
UI_PLAYER_SKILLPOINTS_4DB00D,0/3
UI_PLAYER_SKILLPOINTS_4DB635,0/3
UI_PLAYER_SKILLPOINTS_4DE204,0/3
UI_PLAYER_SKILLPOINTS_4DF19C,0/3
UI_PLAYER_SKILLPOINTS_4DF5AA,0/3
UI_PLAYER_SKILLPOINTS_4DF664,0/3
UI_PLAYER_SKILLPOINTS_4DF693,0/3
UI_PLAYER_SKILLPOINTS_4E0105,0/3
UI_PLAYER_SKILLPOINTS_4E014B,0/3
UI_PLAYER_SKILLPOINTS_4E07BE,0/3
UI_PLAYER_SKILLPOINTS_4E0CCC,0/3
UI_PLAYER_SKILLPOINTS_4E0DA4,0/3
UI_PLAYER_SKILLPOINTS_4E215C,0/3
UI_PLAYER_SKILLPOINTS_4E23C3,0/3
UI_PLAYER_SKILLPOINTS_4E2F2B,0/3
UI_PLAYER_SKILLPOINTS_4E72C1,0/3
UI_PLAYER_SKILLPOINTS_4E9889,0/3
UI_PLAYER_SKILLPOINTS_4E9EA1,0/3
UI_PLAYER_SKILLPOINTS_4EA11B,0/3
UI_PLAYER_SKILLPOINTS_4EA670,0/3
UI_PLAYER_SKILLPOINTS_4EEDC4,0/3
UI_PLAYER_SKILLPOINTS_4EFF52,0/3
UI_PLAYER_SKILLPOINTS_4F0B26,0/3
UI_PLAYER_SKILLPOINTS_4F12DA,0/3
UI_PLAYER_SKILLPOINTS_4F2CE1,0/3
UI_PLAYER_SKILLPOINTS_4F370F,0/3
UI_PLAYER_SKILLPOINTS_4F4513,0/3
UI_PLAYER_SKILLPOINTS_4F5E46,0/3
UI_PLAYER_SKILLPOINTS_4FC2B2,0/3
UI_PLAYER_SKILLPOINTS_4FC6A0,0/3
UI_PLAYER_SKILLPOINTS_4FC89A,0/3
UI_PLAYER_SKILLPOINTS_4FD4E5,0/3
UI_PLAYER_SKILLPOINTS_501111,0/3
UI_PLAYER_SKILLPOINTS_504B10,0/3
UI_PLAYER_SKILLPOINTS_5050A8,0/3
UI_PLAYER_SKILLPOINTS_5072AD,0/3
UI_PLAYER_SKILLPOINTS_508198,0/3
UI_PLAYER_SKILLPOINTS_50D336,0/3
UI_PLAYER_SKILLPOINTS_50EC70,0/3
UI_PLAYER_SKILLPOINTS_510715,0/3
UI_PLAYER_SKILLPOINTS_510AEE,0/3
UI_PLAYER_SKILLPOINTS_510C37,0/3
UI_PLAYER_SKILLPOINTS_510F72,0/3
UI_PLAYER_SKILLPOINTS_512A3B,0/3
UI_PLAYER_SKILLPOINTS_5156D4,0/3
UI_PLAYER_SKILLPOINTS_515FA3,0/3
UI_PLAYER_SKILLPOINTS_516DAF,0/3
UI_PLAYER_SKILLPOINTS_517B2B,0/3
UI_PLAYER_SKILLPOINTS_51ED20,0/3
UI_PLAYER_SKILLPOINTS_51F8EF,0/3
UI_PLAYER_SKILLPOINTS_520F88,0/3
UI_PLAYER_SKILLPOINTS_521838,0/3
UI_PLAYER_SKILLPOINTS_523F53,0/3
UI_PLAYER_SKILLPOINTS_52457C,0/3
UI_PLAYER_SKILLPOINTS_5253B5,0/3
UI_PLAYER_SKILLPOINTS_527963,0/3
UI_PLAYER_SKILLPOINTS_5284B3,0/3
UI_PLAYER_SKILLPOINTS_52890D,0/3
UI_PLAYER_SKILLPOINTS_5295AD,0/3
UI_PLAYER_SKILLPOINTS_52AA59,0/3
UI_PLAYER_SKILLPOINTS_52CC48,0/3
UI_PLAYER_SKILLPOINTS_52E48F,0/3
UI_PLAYER_SKILLPOINTS_52E602,0/3
UI_PLAYER_SKILLPOINTS_532AEF,0/3
UI_PLAYER_SKILLPOINTS_53477A,0/3
UI_PLAYER_SKILLPOINTS_53543B,0/3
UI_PLAYER_SKILLPOINTS_53716E,0/3
UI_PLAYER_SKILLPOINTS_538114,0/3
UI_PLAYER_SKILLPOINTS_538336,0/3
UI_PLAYER_SKILLPOINTS_53B3DD,0/3
UI_PLAYER_SKILLPOINTS_53B6EA,0/3
UI_PLAYER_SKILLPOINTS_53BF17,0/3
UI_PLAYER_SKILLPOINTS_53C1D4,0/3
UI_PLAYER_SKILLPOINTS_53C93A,0/3
UI_PLAYER_SKILLPOINTS_53D72E,0/3
UI_PLAYER_SKILLPOINTS_53DC1F,0/3
UI_PLAYER_SKILLPOINTS_53EB45,0/3
UI_PLAYER_SKILLPOINTS_5431AC,0/3
UI_PLAYER_SKILLPOINTS_54393E,0/3
UI_PLAYER_SKILLPOINTS_5457C1,0/3
UI_PLAYER_SKILLPOINTS_545913,0/3
UI_PLAYER_SKILLPOINTS_545D74,0/3
UI_PLAYER_SKILLPOINTS_547DAF,0/3
UI_PLAYER_SKILLPOINTS_548235,0/3
UI_PLAYER_SKILLPOINTS_549684,0/3
UI_PLAYER_SKILLPOINTS_54CA42,0/3
UI_PLAYER_SKILLPOINTS_54DFAD,0/3
UI_PLAYER_SKILLPOINTS_54E242,0/3
UI_PLAYER_SKILLPOINTS_54FDCD,0/3
UI_PLAYER_SKILLPOINTS_552FC1,0/3
UI_PLAYER_SKILLPOINTS_555682,0/3
UI_PLAYER_SKILLPOINTS_555C05,0/3
UI_PLAYER_SKILLPOINTS_5560B6,0/3
UI_PLAYER_SKILLPOINTS_559BC6,0/3
UI_PLAYER_SKILLPOINTS_55A2B4,0/3
UI_PLAYER_SKILLPOINTS_55B42E,0/3
UI_PLAYER_SKILLPOINTS_55B879,0/3
UI_PLAYER_SKILLPOINTS_55F3AC,0/3
UI_PLAYER_SKILLPOINTS_561AB5,0/3
UI_PLAYER_SKILLPOINTS_562C2B,0/3
UI_PLAYER_SKILLPOINTS_564A95,0/3
UI_PLAYER_SKILLPOINTS_5650A2,0/3
UI_PLAYER_SKILLPOINTS_5651E3,0/3
UI_PLAYER_SKILLPOINTS_565732,0/3
UI_PLAYER_SKILLPOINTS_5657AC,0/3
UI_PLAYER_SKILLPOINTS_5682A9,0/3
UI_PLAYER_SKILLPOINTS_568B47,0/3
UI_PLAYER_SKILLPOINTS_569149,0/3
UI_PLAYER_SKILLPOINTS_56920F,0/3
UI_PLAYER_SKILLPOINTS_56B2FA,0/3
UI_PLAYER_SKILLPOINTS_56D356,0/3
UI_PLAYER_SKILLPOINTS_56D3D4,0/3
UI_PLAYER_SKILLPOINTS_56E06C,0/3
UI_PLAYER_SKILLPOINTS_56F910,0/3
UI_PLAYER_SKILLPOINTS_56FEE3,0/3
UI_PLAYER_SKILLPOINTS_5706CF,0/3
UI_PLAYER_SKILLPOINTS_5729B6,0/3
UI_PLAYER_SKILLPOINTS_572E96,0/3
UI_PLAYER_SKILLPOINTS_574583,0/3
UI_PLAYER_SKILLPOINTS_5759B3,0/3
UI_PLAYER_SKILLPOINTS_57711F,0/3
UI_PLAYER_SKILLPOINTS_577C02,0/3
UI_PLAYER_SKILLPOINTS_578DB6,0/3
UI_PLAYER_SKILLPOINTS_579212,0/3
UI_PLAYER_SKILLPOINTS_57C5C1,0/3
UI_PLAYER_SKILLPOINTS_57CB1B,0/3
UI_PLAYER_SKILLPOINTS_57D79B,0/3
UI_PLAYER_SKILLPOINTS_57D9B1,0/3
UI_PLAYER_SKILLPOINTS_57E83E,0/3
UI_PLAYER_SKILLPOINTS_57EAAC,0/3
UI_PLAYER_SKILLPOINTS_57EE4E,0/3
UI_PLAYER_SKILLPOINTS_5802EF,0/3
UI_PLAYER_SKILLPOINTS_581553,0/3
UI_PLAYER_SKILLPOINTS_582346,0/3
UI_PLAYER_SKILLPOINTS_584D60,0/3
UI_PLAYER_SKILLPOINTS_585723,0/3
UI_PLAYER_SKILLPOINTS_5894F5,0/3
UI_PLAYER_SKILLPOINTS_589D32,0/3
UI_PLAYER_SKILLPOINTS_589EFD,0/3
UI_PLAYER_SKILLPOINTS_58AD66,0/3
UI_PLAYER_SKILLPOINTS_58BE4C,0/3
UI_PLAYER_SKILLPOINTS_58C265,0/3
UI_PLAYER_SKILLPOINTS_58C308,0/3
UI_PLAYER_SKILLPOINTS_58C7D2,0/3
UI_PLAYER_SKILLPOINTS_58C968,0/3
UI_PLAYER_SKILLPOINTS_5912B1,0/3
UI_PLAYER_SKILLPOINTS_591A2E,0/3
UI_PLAYER_SKILLPOINTS_592DFF,0/3
UI_PLAYER_SKILLPOINTS_5930B3,0/3
UI_PLAYER_SKILLPOINTS_594ED1,0/3
UI_PLAYER_SKILLPOINTS_5950D8,0/3
UI_PLAYER_SKILLPOINTS_59524A,0/3
UI_PLAYER_SKILLPOINTS_59A3C5,0/3
UI_PLAYER_SKILLPOINTS_59C2EB,0/3
UI_PLAYER_SKILLPOINTS_59C3EF,0/3
UI_PLAYER_SKILLPOINTS_59E319,0/3
UI_PLAYER_SKILLPOINTS_59ED0F,0/3
UI_PLAYER_SKILLPOINTS_5A054F,0/3
UI_PLAYER_SKILLPOINTS_5A17EF,0/3
UI_PLAYER_SKILLPOINTS_5A1EF8,0/3
UI_PLAYER_SKILLPOINTS_5A2A92,0/3
UI_PLAYER_SKILLPOINTS_5A4623,0/3
UI_PLAYER_SKILLPOINTS_5A4810,0/3
UI_PLAYER_SKILLPOINTS_5A56A3,0/3
UI_PLAYER_SKILLPOINTS_5A5BFA,0/3
UI_PLAYER_SKILLPOINTS_5A62FB,0/3
UI_PLAYER_SKILLPOINTS_5A6364,0/3
UI_PLAYER_SKILLPOINTS_5A7BB5,0/3
UI_PLAYER_SKILLPOINTS_5A84DA,0/3
UI_PLAYER_SKILLPOINTS_5A8854,0/3
UI_PLAYER_SKILLPOINTS_5A8BD2,0/3
UI_PLAYER_SKILLPOINTS_5A8C19,0/3
UI_PLAYER_SKILLPOINTS_5A9B11,0/3
UI_PLAYER_SKILLPOINTS_5AA74B,0/3
UI_PLAYER_SKILLPOINTS_5B0A8B,0/3
UI_PLAYER_SKILLPOINTS_5B0B5A,0/3
UI_PLAYER_SKILLPOINTS_5B0D5E,0/3
UI_PLAYER_SKILLPOINTS_5B155A,0/3
UI_PLAYER_SKILLPOINTS_5B2766,0/3
UI_PLAYER_SKILLPOINTS_5B3078,0/3
UI_PLAYER_SKILLPOINTS_5B4A4E,0/3
UI_PLAYER_SKILLPOINTS_5B4FBC,0/3
UI_PLAYER_SKILLPOINTS_5B5732,0/3
UI_PLAYER_SKILLPOINTS_5B5CF8,0/3
UI_PLAYER_SKILLPOINTS_5B6F3A,0/3
UI_PLAYER_SKILLPOINTS_5B72B4,0/3
UI_PLAYER_SKILLPOINTS_5B7AED,0/3
UI_PLAYER_SKILLPOINTS_5B9E05,0/3
UI_PLAYER_SKILLPOINTS_5BA684,0/3
UI_PLAYER_SKILLPOINTS_5BB39A,0/3
UI_PLAYER_SKILLPOINTS_5C01A4,0/3
UI_PLAYER_SKILLPOINTS_5C1B32,0/3
UI_PLAYER_SKILLPOINTS_5C38B0,0/3
UI_PLAYER_SKILLPOINTS_5C4015,0/3
UI_PLAYER_SKILLPOINTS_5C4A6C,0/3
UI_PLAYER_SKILLPOINTS_5C6185,0/3
UI_PLAYER_SKILLPOINTS_5C74A1,0/3
UI_PLAYER_SKILLPOINTS_5C8488,0/3
UI_PLAYER_SKILLPOINTS_5C9A44,0/3
UI_PLAYER_SKILLPOINTS_5CA00A,0/3
UI_PLAYER_SKILLPOINTS_5CA3A1,0/3
UI_PLAYER_SKILLPOINTS_5CA470,0/3
UI_PLAYER_SKILLPOINTS_5CBD26,0/3
UI_PLAYER_SKILLPOINTS_5CC273,0/3
UI_PLAYER_SKILLPOINTS_5CF075,0/3
UI_PLAYER_SKILLPOINTS_5D168B,0/3
UI_PLAYER_SKILLPOINTS_5D2AFB,0/3
UI_PLAYER_SKILLPOINTS_5D3F16,0/3
UI_PLAYER_SKILLPOINTS_5D4344,0/3
UI_PLAYER_SKILLPOINTS_5D492A,0/3
UI_PLAYER_SKILLPOINTS_5D4EAC,0/3
UI_PLAYER_SKILLPOINTS_5D50A1,0/3
UI_PLAYER_SKILLPOINTS_5D5AF5,0/3
UI_PLAYER_SKILLPOINTS_5D6EBA,0/3
UI_PLAYER_SKILLPOINTS_5D970C,0/3
UI_PLAYER_SKILLPOINTS_5D978F,0/3
UI_PLAYER_SKILLPOINTS_5DA934,0/3
UI_PLAYER_SKILLPOINTS_5DAAAB,0/3
UI_PLAYER_SKILLPOINTS_5DB887,0/3
UI_PLAYER_SKILLPOINTS_5DCBE2,0/3
UI_PLAYER_SKILLPOINTS_5DD844,0/3
UI_PLAYER_SKILLPOINTS_5DE4B6,0/3
UI_PLAYER_SKILLPOINTS_5DE625,0/3
UI_PLAYER_SKILLPOINTS_5DF1C5,0/3
UI_PLAYER_SKILLPOINTS_5DF4DF,0/3
UI_PLAYER_SKILLPOINTS_5DF8C7,0/3
UI_PLAYER_SKILLPOINTS_5E0482,0/3
UI_PLAYER_SKILLPOINTS_5E2655,0/3
UI_PLAYER_SKILLPOINTS_5E3A4D,0/3
UI_PLAYER_SKILLPOINTS_5E49DA,0/3
UI_PLAYER_SKILLPOINTS_5E52A8,0/3
UI_PLAYER_SKILLPOINTS_5E550D,0/3
UI_PLAYER_SKILLPOINTS_5E6975,0/3
UI_PLAYER_SKILLPOINTS_5E7550,0/3
UI_PLAYER_SKILLPOINTS_5E787D,0/3
UI_PLAYER_SKILLPOINTS_5E7C17,0/3
UI_PLAYER_SKILLPOINTS_5E84B6,0/3
UI_PLAYER_SKILLPOINTS_5E934F,0/3
UI_PLAYER_SKILLPOINTS_5EA183,0/3
UI_PLAYER_SKILLPOINTS_5EA2D2,0/3
UI_PLAYER_SKILLPOINTS_5EA5A2,0/3
UI_PLAYER_SKILLPOINTS_5EA686,0/3
UI_PLAYER_SKILLPOINTS_5EC165,0/3
UI_PLAYER_SKILLPOINTS_5EC9D2,0/3
UI_PLAYER_SKILLPOINTS_5EDF3E,0/3
UI_PLAYER_SKILLPOINTS_5EE729,0/3
UI_PLAYER_SKILLPOINTS_5EEAED,0/3
UI_PLAYER_SKILLPOINTS_5EEBF3,0/3
UI_PLAYER_SKILLPOINTS_5F0029,0/3
UI_PLAYER_SKILLPOINTS_5F3237,0/3
UI_PLAYER_SKILLPOINTS_5F3827,0/3
UI_PLAYER_SKILLPOINTS_5F382A,0/3
UI_PLAYER_SKILLPOINTS_5F47CD,0/3
UI_PLAYER_SKILLPOINTS_5F7398,0/3
UI_PLAYER_SKILLPOINTS_5F805E,0/3
UI_PLAYER_SKILLPOINTS_5FA019,0/3
UI_PLAYER_SKILLPOINTS_5FAC0C,0/3
UI_PLAYER_SKILLPOINTS_5FAEB4,0/3
UI_PLAYER_SKILLPOINTS_5FBDC3,0/3
UI_PLAYER_SKILLPOINTS_5FC6BD,0/3
UI_PLAYER_SKILLPOINTS_5FCC59,0/3
UI_PLAYER_SKILLPOINTS_5FCF05,0/3
UI_PLAYER_SKILLPOINTS_5FDBAC,0/3
UI_PLAYER_SKILLPOINTS_5FDD53,0/3
UI_PLAYER_SKILLPOINTS_5FED51,0/3
UI_PLAYER_SKILLPOINTS_5FFA3A,0/3
UI_PLAYER_SKILLPOINTS_60240E,0/3
UI_PLAYER_SKILLPOINTS_603633,0/3
UI_PLAYER_SKILLPOINTS_60879C,0/3
UI_PLAYER_SKILLPOINTS_609385,0/3
UI_PLAYER_SKILLPOINTS_6095D5,0/3
UI_PLAYER_SKILLPOINTS_60A00E,0/3
UI_PLAYER_SKILLPOINTS_60A529,0/3
UI_PLAYER_SKILLPOINTS_60A767,0/3
UI_PLAYER_SKILLPOINTS_60DBDB,0/3
UI_PLAYER_SKILLPOINTS_611198,0/3
UI_PLAYER_SKILLPOINTS_61235B,0/3
UI_PLAYER_SKILLPOINTS_613ABA,0/3
UI_PLAYER_SKILLPOINTS_615802,0/3
UI_PLAYER_SKILLPOINTS_617868,0/3
UI_PLAYER_SKILLPOINTS_617FEC,0/3
UI_PLAYER_SKILLPOINTS_6182D0,0/3
UI_PLAYER_SKILLPOINTS_61DD71,0/3
UI_PLAYER_SKILLPOINTS_61DE0D,0/3
UI_PLAYER_SKILLPOINTS_61DF14,0/3
UI_PLAYER_SKILLPOINTS_6201E1,0/3
UI_PLAYER_SKILLPOINTS_620617,0/3
UI_PLAYER_SKILLPOINTS_620B10,0/3
UI_PLAYER_SKILLPOINTS_6220E5,0/3
UI_PLAYER_SKILLPOINTS_622B91,0/3
UI_PLAYER_SKILLPOINTS_624200,0/3
UI_PLAYER_SKILLPOINTS_62430E,0/3
UI_PLAYER_SKILLPOINTS_627782,0/3
UI_PLAYER_SKILLPOINTS_627E7A,0/3
UI_PLAYER_SKILLPOINTS_628DB8,0/3
UI_PLAYER_SKILLPOINTS_628FBB,0/3
UI_PLAYER_SKILLPOINTS_629682,0/3
UI_PLAYER_SKILLPOINTS_629940,0/3
UI_PLAYER_SKILLPOINTS_62AECD,0/3
UI_PLAYER_SKILLPOINTS_62B5B3,0/3
UI_PLAYER_SKILLPOINTS_62B782,0/3
UI_PLAYER_SKILLPOINTS_62DF6C,0/3
UI_PLAYER_SKILLPOINTS_62E732,0/3
UI_PLAYER_SKILLPOINTS_62EC1E,0/3
UI_PLAYER_SKILLPOINTS_62F196,0/3
UI_PLAYER_SKILLPOINTS_630275,0/3
UI_PLAYER_SKILLPOINTS_63092B,0/3
UI_PLAYER_SKILLPOINTS_63130C,0/3
UI_PLAYER_SKILLPOINTS_633E51,0/3
UI_PLAYER_SKILLPOINTS_636A82,0/3
UI_PLAYER_SKILLPOINTS_637506,0/3
UI_PLAYER_SKILLPOINTS_6390AC,0/3
UI_PLAYER_SKILLPOINTS_639F7A,0/3
UI_PLAYER_SKILLPOINTS_63B52A,0/3
UI_PLAYER_SKILLPOINTS_63B882,0/3
UI_PLAYER_SKILLPOINTS_63C2B3,0/3
UI_PLAYER_SKILLPOINTS_63CCBC,0/3
UI_PLAYER_SKILLPOINTS_63CEFB,0/3
UI_PLAYER_SKILLPOINTS_63DB4E,0/3
UI_PLAYER_SKILLPOINTS_6401F7,0/3
UI_PLAYER_SKILLPOINTS_641AA0,0/3
UI_PLAYER_SKILLPOINTS_64228B,0/3
UI_PLAYER_SKILLPOINTS_642B57,0/3
UI_PLAYER_SKILLPOINTS_64542C,0/3
UI_PLAYER_SKILLPOINTS_6466D1,0/3
UI_PLAYER_SKILLPOINTS_646749,0/3
UI_PLAYER_SKILLPOINTS_647AA0,0/3
UI_PLAYER_SKILLPOINTS_648995,0/3
UI_PLAYER_SKILLPOINTS_648CDB,0/3
UI_PLAYER_SKILLPOINTS_6496ED,0/3
UI_PLAYER_SKILLPOINTS_64C166,0/3
UI_PLAYER_SKILLPOINTS_64C8AE,0/3
UI_PLAYER_SKILLPOINTS_64CF8B,0/3
UI_PLAYER_SKILLPOINTS_64EFEB,0/3
UI_PLAYER_SKILLPOINTS_6508C6,0/3
UI_PLAYER_SKILLPOINTS_65310F,0/3
UI_PLAYER_SKILLPOINTS_6539DE,0/3
UI_PLAYER_SKILLPOINTS_653D0C,0/3
UI_PLAYER_SKILLPOINTS_655370,0/3
UI_PLAYER_SKILLPOINTS_655B46,0/3
UI_PLAYER_SKILLPOINTS_656161,0/3
UI_PLAYER_SKILLPOINTS_65807B,0/3
UI_PLAYER_SKILLPOINTS_65831E,0/3
UI_PLAYER_SKILLPOINTS_6595F4,0/3
UI_PLAYER_SKILLPOINTS_659BDB,0/3
UI_PLAYER_SKILLPOINTS_659D53,0/3
UI_PLAYER_SKILLPOINTS_659D63,0/3
UI_PLAYER_SKILLPOINTS_65AB2E,0/3
UI_PLAYER_SKILLPOINTS_65BAB9,0/3
UI_PLAYER_SKILLPOINTS_65D442,0/3
UI_PLAYER_SKILLPOINTS_65D8CC,0/3
UI_PLAYER_SKILLPOINTS_65E46C,0/3
UI_PLAYER_SKILLPOINTS_662CF4,0/3
UI_PLAYER_SKILLPOINTS_663B5B,0/3
UI_PLAYER_SKILLPOINTS_663F5D,0/3
UI_PLAYER_SKILLPOINTS_664550,0/3
UI_PLAYER_SKILLPOINTS_664A8D,0/3
UI_PLAYER_SKILLPOINTS_665271,0/3
UI_PLAYER_SKILLPOINTS_665B2A,0/3
UI_PLAYER_SKILLPOINTS_66B67F,0/3
UI_PLAYER_SKILLPOINTS_66BB05,0/3
UI_PLAYER_SKILLPOINTS_66C4D4,0/3
UI_PLAYER_SKILLPOINTS_66D1E5,0/3
UI_PLAYER_SKILLPOINTS_66F2D1,0/3
UI_PLAYER_SKILLPOINTS_6710DF,0/3
UI_PLAYER_SKILLPOINTS_671EC3,0/3
UI_PLAYER_SKILLPOINTS_674BC3,0/3
UI_PLAYER_SKILLPOINTS_675AEC,0/3
UI_PLAYER_SKILLPOINTS_6763E7,0/3
UI_PLAYER_SKILLPOINTS_677164,0/3
UI_PLAYER_SKILLPOINTS_677F21,0/3
UI_PLAYER_SKILLPOINTS_677FEE,0/3
UI_PLAYER_SKILLPOINTS_679133,0/3
UI_PLAYER_SKILLPOINTS_679CF9,0/3
UI_PLAYER_SKILLPOINTS_67A15C,0/3
UI_PLAYER_SKILLPOINTS_67B1D8,0/3
UI_PLAYER_SKILLPOINTS_67C307,0/3
UI_PLAYER_SKILLPOINTS_67C3A8,0/3
UI_PLAYER_SKILLPOINTS_67D5DF,0/3
UI_PLAYER_SKILLPOINTS_67DDD3,0/3
UI_PLAYER_SKILLPOINTS_67F0FA,0/3
UI_PLAYER_SKILLPOINTS_6821C3,0/3
UI_PLAYER_SKILLPOINTS_6828DB,0/3
UI_PLAYER_SKILLPOINTS_682D0C,0/3
UI_PLAYER_SKILLPOINTS_683E6E,0/3
UI_PLAYER_SKILLPOINTS_684130,0/3
UI_PLAYER_SKILLPOINTS_685799,0/3
UI_PLAYER_SKILLPOINTS_685F1A,0/3
UI_PLAYER_SKILLPOINTS_6869B0,0/3
UI_PLAYER_SKILLPOINTS_68850C,0/3
UI_PLAYER_SKILLPOINTS_68862C,0/3
UI_PLAYER_SKILLPOINTS_68887C,0/3
UI_PLAYER_SKILLPOINTS_689A0E,0/3
UI_PLAYER_SKILLPOINTS_68BE72,0/3
UI_PLAYER_SKILLPOINTS_68C0B0,0/3
UI_PLAYER_SKILLPOINTS_68C257,0/3
UI_PLAYER_SKILLPOINTS_68C3F3,0/3
UI_PLAYER_SKILLPOINTS_68D2A9,0/3
UI_PLAYER_SKILLPOINTS_68D400,0/3
UI_PLAYER_SKILLPOINTS_68D78B,0/3
UI_PLAYER_SKILLPOINTS_68FD9D,0/3
UI_PLAYER_SKILLPOINTS_6901EE,0/3
UI_PLAYER_SKILLPOINTS_690AEC,0/3
UI_PLAYER_SKILLPOINTS_691432,0/3
UI_PLAYER_SKILLPOINTS_691672,0/3
UI_PLAYER_SKILLPOINTS_691FDE,0/3
UI_PLAYER_SKILLPOINTS_692D61,0/3
UI_PLAYER_SKILLPOINTS_695334,0/3
UI_PLAYER_SKILLPOINTS_69AC2A,0/3
UI_PLAYER_SKILLPOINTS_69B868,0/3
UI_PLAYER_SKILLPOINTS_69C5C8,0/3
UI_PLAYER_SKILLPOINTS_69D018,0/3
UI_PLAYER_SKILLPOINTS_69E9B5,0/3
UI_PLAYER_SKILLPOINTS_69EF7E,0/3
UI_PLAYER_SKILLPOINTS_69F861,0/3
UI_PLAYER_SKILLPOINTS_6A1537,0/3
UI_PLAYER_SKILLPOINTS_6A17F8,0/3
UI_PLAYER_SKILLPOINTS_6A1D6F,0/3
UI_PLAYER_SKILLPOINTS_6A37F8,0/3
UI_PLAYER_SKILLPOINTS_6A3A38,0/3
UI_PLAYER_SKILLPOINTS_6A6C5E,0/3
UI_PLAYER_SKILLPOINTS_6A6F77,0/3
UI_PLAYER_SKILLPOINTS_6A7966,0/3
UI_PLAYER_SKILLPOINTS_6A7A89,0/3
UI_PLAYER_SKILLPOINTS_6A7B49,0/3
UI_PLAYER_SKILLPOINTS_6A8929,0/3
UI_PLAYER_SKILLPOINTS_6A8A72,0/3
UI_PLAYER_SKILLPOINTS_6A987E,0/3
UI_PLAYER_SKILLPOINTS_6AA523,0/3
UI_PLAYER_SKILLPOINTS_6AA76D,0/3
UI_PLAYER_SKILLPOINTS_6AAD89,0/3
UI_PLAYER_SKILLPOINTS_6ABE36,0/3
UI_PLAYER_SKILLPOINTS_6AC433,0/3
UI_PLAYER_SKILLPOINTS_6ACEC5,0/3
UI_PLAYER_SKILLPOINTS_6ADEC5,0/3
UI_PLAYER_SKILLPOINTS_6AFBD2,0/3
UI_PLAYER_SKILLPOINTS_6B0CBB,0/3
UI_PLAYER_SKILLPOINTS_6B28F8,0/3
UI_PLAYER_SKILLPOINTS_6B373F,0/3
UI_PLAYER_SKILLPOINTS_6B3F64,0/3
UI_PLAYER_SKILLPOINTS_6B691E,0/3
UI_PLAYER_SKILLPOINTS_6B833A,0/3
UI_PLAYER_SKILLPOINTS_6BA8E3,0/3
UI_PLAYER_SKILLPOINTS_6BC242,0/3
UI_PLAYER_SKILLPOINTS_6BCDF6,0/3
UI_PLAYER_SKILLPOINTS_6BE286,0/3
UI_PLAYER_SKILLPOINTS_6BE5E7,0/3
UI_PLAYER_SKILLPOINTS_6BF5B4,0/3
UI_PLAYER_SKILLPOINTS_6C3455,0/3
UI_PLAYER_SKILLPOINTS_6C3F79,0/3
UI_PLAYER_SKILLPOINTS_6C43B0,0/3
UI_PLAYER_SKILLPOINTS_6C4769,0/3
UI_PLAYER_SKILLPOINTS_6C756D,0/3
UI_PLAYER_SKILLPOINTS_6C7B35,0/3
UI_PLAYER_SKILLPOINTS_6D2FB3,0/3
UI_PLAYER_SKILLPOINTS_6D3FCA,0/3
UI_PLAYER_SKILLPOINTS_6D4BF7,0/3
UI_PLAYER_SKILLPOINTS_6D4CFC,0/3
UI_PLAYER_SKILLPOINTS_6D54E8,0/3
UI_PLAYER_SKILLPOINTS_6D7323,0/3
UI_PLAYER_SKILLPOINTS_6D74C8,0/3
UI_PLAYER_SKILLPOINTS_6D7803,0/3
UI_PLAYER_SKILLPOINTS_6D7F4E,0/3
UI_PLAYER_SKILLPOINTS_6D889C,0/3
UI_PLAYER_SKILLPOINTS_6D9CC6,0/3
UI_PLAYER_SKILLPOINTS_6DB612,0/3
UI_PLAYER_SKILLPOINTS_6DCED8,0/3
UI_PLAYER_SKILLPOINTS_6E1AEE,0/3
UI_PLAYER_SKILLPOINTS_6E3F8A,0/3
UI_PLAYER_SKILLPOINTS_6E46EA,0/3
UI_PLAYER_SKILLPOINTS_6E4744,0/3
UI_PLAYER_SKILLPOINTS_6E4DD1,0/3
UI_PLAYER_SKILLPOINTS_6E7ACA,0/3
UI_PLAYER_SKILLPOINTS_6E7AF4,0/3
UI_PLAYER_SKILLPOINTS_6E81A1,0/3
UI_PLAYER_SKILLPOINTS_6E8DBE,0/3
UI_PLAYER_SKILLPOINTS_6E9CB5,0/3
UI_PLAYER_SKILLPOINTS_6E9DC0,0/3
UI_PLAYER_SKILLPOINTS_6EA388,0/3
UI_PLAYER_SKILLPOINTS_6EAA20,0/3
UI_PLAYER_SKILLPOINTS_6EAE94,0/3
UI_PLAYER_SKILLPOINTS_6EB351,0/3
UI_PLAYER_SKILLPOINTS_6EB77C,0/3
UI_PLAYER_SKILLPOINTS_6EBF7E,0/3
UI_PLAYER_SKILLPOINTS_6EEDDB,0/3
UI_PLAYER_SKILLPOINTS_6EFDE0,0/3
UI_PLAYER_SKILLPOINTS_6F46A6,0/3
UI_PLAYER_SKILLPOINTS_6F5D4D,0/3
UI_PLAYER_SKILLPOINTS_6F83DB,0/3
UI_PLAYER_SKILLPOINTS_6FA5CD,0/3
UI_PLAYER_SKILLPOINTS_6FA8A8,0/3
UI_PLAYER_SKILLPOINTS_6FB4F9,0/3
UI_PLAYER_SKILLPOINTS_6FB609,0/3
UI_PLAYER_SKILLPOINTS_6FB64F,0/3
UI_PLAYER_SKILLPOINTS_6FE2F7,0/3
UI_PLAYER_SKILLPOINTS_6FE3A2,0/3
UI_PLAYER_SKILLPOINTS_6FF346,0/3
UI_PLAYER_SKILLPOINTS_700605,0/3
UI_PLAYER_SKILLPOINTS_7020FE,0/3
UI_PLAYER_SKILLPOINTS_703115,0/3
UI_PLAYER_SKILLPOINTS_705A1A,0/3
UI_PLAYER_SKILLPOINTS_70A2C4,0/3
UI_PLAYER_SKILLPOINTS_70A95B,0/3
UI_PLAYER_SKILLPOINTS_70B1FF,0/3
UI_PLAYER_SKILLPOINTS_70B357,0/3
UI_PLAYER_SKILLPOINTS_70BB2A,0/3
UI_PLAYER_SKILLPOINTS_70BE56,0/3
UI_PLAYER_SKILLPOINTS_70C41C,0/3
UI_PLAYER_SKILLPOINTS_70D100,0/3
UI_PLAYER_SKILLPOINTS_70DE70,0/3
UI_PLAYER_SKILLPOINTS_70E5EB,0/3
UI_PLAYER_SKILLPOINTS_70F044,0/3
UI_PLAYER_SKILLPOINTS_70F495,0/3
UI_PLAYER_SKILLPOINTS_70FCBF,0/3
UI_PLAYER_SKILLPOINTS_70FDDC,0/3
UI_PLAYER_SKILLPOINTS_7105DF,0/3
UI_PLAYER_SKILLPOINTS_7108F9,0/3
UI_PLAYER_SKILLPOINTS_710AE3,0/3
UI_PLAYER_SKILLPOINTS_710FF4,0/3
UI_PLAYER_SKILLPOINTS_711237,0/3
UI_PLAYER_SKILLPOINTS_711286,0/3
UI_PLAYER_SKILLPOINTS_7145DB,0/3
UI_PLAYER_SKILLPOINTS_7161F3,0/3
UI_PLAYER_SKILLPOINTS_718EDE,0/3
UI_PLAYER_SKILLPOINTS_718F35,0/3
UI_PLAYER_SKILLPOINTS_71A6C5,0/3
UI_PLAYER_SKILLPOINTS_71AD8D,0/3
UI_PLAYER_SKILLPOINTS_71B460,0/3
UI_PLAYER_SKILLPOINTS_71B7EA,0/3
UI_PLAYER_SKILLPOINTS_71B8EA,0/3
UI_PLAYER_SKILLPOINTS_71C224,0/3
UI_PLAYER_SKILLPOINTS_71C31E,0/3
UI_PLAYER_SKILLPOINTS_71CB4F,0/3
UI_PLAYER_SKILLPOINTS_71CD0B,0/3
UI_PLAYER_SKILLPOINTS_71EB08,0/3
UI_PLAYER_SKILLPOINTS_720A9F,0/3
UI_PLAYER_SKILLPOINTS_7217D3,0/3
UI_PLAYER_SKILLPOINTS_722661,0/3
UI_PLAYER_SKILLPOINTS_722A9F,0/3
UI_PLAYER_SKILLPOINTS_72325E,0/3
UI_PLAYER_SKILLPOINTS_723835,0/3
UI_PLAYER_SKILLPOINTS_7240ED,0/3
UI_PLAYER_SKILLPOINTS_724CFD,0/3
UI_PLAYER_SKILLPOINTS_725431,0/3
UI_PLAYER_SKILLPOINTS_726D31,0/3
UI_PLAYER_SKILLPOINTS_727D19,0/3
UI_PLAYER_SKILLPOINTS_728C3A,0/3
UI_PLAYER_SKILLPOINTS_729756,0/3
UI_PLAYER_SKILLPOINTS_72B8F7,0/3
UI_PLAYER_SKILLPOINTS_72EFFF,0/3
UI_PLAYER_SKILLPOINTS_72FE3A,0/3
UI_PLAYER_SKILLPOINTS_730399,0/3
UI_PLAYER_SKILLPOINTS_7314AE,0/3
UI_PLAYER_SKILLPOINTS_73218E,0/3
UI_PLAYER_SKILLPOINTS_73320B,0/3
UI_PLAYER_SKILLPOINTS_7335E9,0/3
UI_PLAYER_SKILLPOINTS_73537C,0/3
UI_PLAYER_SKILLPOINTS_735BC5,0/3
UI_PLAYER_SKILLPOINTS_735C6A,0/3
UI_PLAYER_SKILLPOINTS_7360DA,0/3
UI_PLAYER_SKILLPOINTS_736841,0/3
UI_PLAYER_SKILLPOINTS_737001,0/3
UI_PLAYER_SKILLPOINTS_7375E2,0/3
UI_PLAYER_SKILLPOINTS_7382F8,0/3
UI_PLAYER_SKILLPOINTS_73E85B,0/3
UI_PLAYER_SKILLPOINTS_73EBAA,0/3
UI_PLAYER_SKILLPOINTS_73FCB6,0/3
UI_PLAYER_SKILLPOINTS_740C11,0/3
UI_PLAYER_SKILLPOINTS_743E49,0/3
UI_PLAYER_SKILLPOINTS_746BF3,0/3
UI_PLAYER_SKILLPOINTS_7478D0,0/3
UI_PLAYER_SKILLPOINTS_748295,0/3
UI_PLAYER_SKILLPOINTS_749108,0/3
UI_PLAYER_SKILLPOINTS_74A247,0/3
UI_PLAYER_SKILLPOINTS_74C76C,0/3
UI_PLAYER_SKILLPOINTS_74D2F2,0/3
UI_PLAYER_SKILLPOINTS_74F986,0/3
UI_PLAYER_SKILLPOINTS_75050B,0/3
UI_PLAYER_SKILLPOINTS_75147F,0/3
UI_PLAYER_SKILLPOINTS_751C6B,0/3
UI_PLAYER_SKILLPOINTS_75223E,0/3
UI_PLAYER_SKILLPOINTS_752A43,0/3
UI_PLAYER_SKILLPOINTS_753513,0/3
UI_PLAYER_SKILLPOINTS_753BB5,0/3
UI_PLAYER_SKILLPOINTS_753FA4,0/3
UI_PLAYER_SKILLPOINTS_754224,0/3
UI_PLAYER_SKILLPOINTS_754679,0/3
UI_PLAYER_SKILLPOINTS_7547F8,0/3
UI_PLAYER_SKILLPOINTS_7549CB,0/3
UI_PLAYER_SKILLPOINTS_755037,0/3
UI_PLAYER_SKILLPOINTS_7577D7,0/3
UI_PLAYER_SKILLPOINTS_7578BF,0/3
UI_PLAYER_SKILLPOINTS_75856C,0/3
UI_PLAYER_SKILLPOINTS_758701,0/3
UI_PLAYER_SKILLPOINTS_759E9A,0/3
UI_PLAYER_SKILLPOINTS_75AE0A,0/3
UI_PLAYER_SKILLPOINTS_75C180,0/3
UI_PLAYER_SKILLPOINTS_761C4A,0/3
UI_PLAYER_SKILLPOINTS_762CCA,0/3
UI_PLAYER_SKILLPOINTS_762F90,0/3
UI_PLAYER_SKILLPOINTS_76584F,0/3
UI_PLAYER_SKILLPOINTS_768DF5,0/3
UI_PLAYER_SKILLPOINTS_768EA1,0/3
UI_PLAYER_SKILLPOINTS_7695AE,0/3
UI_PLAYER_SKILLPOINTS_76A567,0/3
UI_PLAYER_SKILLPOINTS_76E2B9,0/3
UI_PLAYER_SKILLPOINTS_76FD79,0/3
UI_PLAYER_SKILLPOINTS_770031,0/3
UI_PLAYER_SKILLPOINTS_7704BB,0/3
UI_PLAYER_SKILLPOINTS_770520,0/3
UI_PLAYER_SKILLPOINTS_770962,0/3
UI_PLAYER_SKILLPOINTS_770CA2,0/3
UI_PLAYER_SKILLPOINTS_77337C,0/3
UI_PLAYER_SKILLPOINTS_773BA1,0/3
UI_PLAYER_SKILLPOINTS_7747FF,0/3
UI_PLAYER_SKILLPOINTS_774C46,0/3
UI_PLAYER_SKILLPOINTS_77562E,0/3
UI_PLAYER_SKILLPOINTS_775748,0/3
UI_PLAYER_SKILLPOINTS_777806,0/3
UI_PLAYER_SKILLPOINTS_778855,0/3
UI_PLAYER_SKILLPOINTS_77C38D,0/3
UI_PLAYER_SKILLPOINTS_77C67D,0/3
UI_PLAYER_SKILLPOINTS_77C945,0/3
UI_PLAYER_SKILLPOINTS_77CDBC,0/3
UI_PLAYER_SKILLPOINTS_77E41F,0/3
UI_PLAYER_SKILLPOINTS_77EC7D,0/3
UI_PLAYER_SKILLPOINTS_77F70F,0/3
UI_PLAYER_SKILLPOINTS_7818CD,0/3
UI_PLAYER_SKILLPOINTS_782B0C,0/3
UI_PLAYER_SKILLPOINTS_783AC5,0/3
UI_PLAYER_SKILLPOINTS_784420,0/3
UI_PLAYER_SKILLPOINTS_7856DE,0/3
UI_PLAYER_SKILLPOINTS_7878AA,0/3
UI_PLAYER_SKILLPOINTS_78820B,0/3
UI_PLAYER_SKILLPOINTS_789572,0/3
UI_PLAYER_SKILLPOINTS_7898C4,0/3
UI_PLAYER_SKILLPOINTS_78A658,0/3
UI_PLAYER_SKILLPOINTS_78C7FA,0/3
UI_PLAYER_SKILLPOINTS_78D9D8,0/3
UI_PLAYER_SKILLPOINTS_78E666,0/3
UI_PLAYER_SKILLPOINTS_78F886,0/3
UI_PLAYER_SKILLPOINTS_78F9EE,0/3
UI_PLAYER_SKILLPOINTS_78FD8B,0/3
UI_PLAYER_SKILLPOINTS_7916DE,0/3
UI_PLAYER_SKILLPOINTS_791F59,0/3
UI_PLAYER_SKILLPOINTS_794B39,0/3
UI_PLAYER_SKILLPOINTS_795AC7,0/3
UI_PLAYER_SKILLPOINTS_79809C,0/3
UI_PLAYER_SKILLPOINTS_7989DE,0/3
UI_PLAYER_SKILLPOINTS_79A034,0/3
UI_PLAYER_SKILLPOINTS_79B5E8,0/3
UI_PLAYER_SKILLPOINTS_79BFB3,0/3
UI_PLAYER_SKILLPOINTS_79E0E7,0/3
UI_PLAYER_SKILLPOINTS_7A0DD4,0/3
UI_PLAYER_SKILLPOINTS_7A0FE2,0/3
UI_PLAYER_SKILLPOINTS_7A1908,0/3
UI_PLAYER_SKILLPOINTS_7A2505,0/3
UI_PLAYER_SKILLPOINTS_7A3394,0/3
UI_PLAYER_SKILLPOINTS_7A53B9,0/3
UI_PLAYER_SKILLPOINTS_7A723E,0/3
UI_PLAYER_SKILLPOINTS_7A7EE2,0/3
UI_PLAYER_SKILLPOINTS_7A8656,0/3
UI_PLAYER_SKILLPOINTS_7A9E72,0/3
UI_PLAYER_SKILLPOINTS_7AA023,0/3
UI_PLAYER_SKILLPOINTS_7AA19E,0/3
UI_PLAYER_SKILLPOINTS_7AA418,0/3
UI_PLAYER_SKILLPOINTS_7ABE8E,0/3
UI_PLAYER_SKILLPOINTS_7ACE0D,0/3
UI_PLAYER_SKILLPOINTS_7AF7ED,0/3
UI_PLAYER_SKILLPOINTS_7B00AE,0/3
UI_PLAYER_SKILLPOINTS_7B0A89,0/3
UI_PLAYER_SKILLPOINTS_7B1435,0/3
UI_PLAYER_SKILLPOINTS_7B2891,0/3
UI_PLAYER_SKILLPOINTS_7B37A8,0/3
UI_PLAYER_SKILLPOINTS_7B4818,0/3
UI_PLAYER_SKILLPOINTS_7B4F12,0/3
UI_PLAYER_SKILLPOINTS_7B9109,0/3
UI_PLAYER_SKILLPOINTS_7B99B6,0/3
UI_PLAYER_SKILLPOINTS_7BA8A1,0/3
UI_PLAYER_SKILLPOINTS_7BCA03,0/3
UI_PLAYER_SKILLPOINTS_7BCCC5,0/3
UI_PLAYER_SKILLPOINTS_7BD98E,0/3
UI_PLAYER_SKILLPOINTS_7BE31A,0/3
UI_PLAYER_SKILLPOINTS_7C00C5,0/3
UI_PLAYER_SKILLPOINTS_7C0799,0/3
UI_PLAYER_SKILLPOINTS_7C0C93,0/3
UI_PLAYER_SKILLPOINTS_7C2DCE,0/3
UI_PLAYER_SKILLPOINTS_7C30F1,0/3
UI_PLAYER_SKILLPOINTS_7C3391,0/3
UI_PLAYER_SKILLPOINTS_7C4093,0/3
UI_PLAYER_SKILLPOINTS_7C753C,0/3
UI_PLAYER_SKILLPOINTS_7CB346,0/3
UI_PLAYER_SKILLPOINTS_7CC599,0/3
UI_PLAYER_SKILLPOINTS_7CE3AA,0/3
UI_PLAYER_SKILLPOINTS_7CEC2D,0/3
UI_PLAYER_SKILLPOINTS_7CFCB7,0/3
UI_PLAYER_SKILLPOINTS_7D02CF,0/3
UI_PLAYER_SKILLPOINTS_7D1CEA,0/3
UI_PLAYER_SKILLPOINTS_7D229F,0/3
UI_PLAYER_SKILLPOINTS_7D365E,0/3
UI_PLAYER_SKILLPOINTS_7D3C72,0/3
UI_PLAYER_SKILLPOINTS_7D54D1,0/3
UI_PLAYER_SKILLPOINTS_7D6046,0/3
UI_PLAYER_SKILLPOINTS_7D6A7F,0/3
UI_PLAYER_SKILLPOINTS_7D904A,0/3
UI_PLAYER_SKILLPOINTS_7DBC01,0/3
UI_PLAYER_SKILLPOINTS_7DCB28,0/3
UI_PLAYER_SKILLPOINTS_7DECBC,0/3
UI_PLAYER_SKILLPOINTS_7DFD76,0/3
UI_PLAYER_SKILLPOINTS_7E01C0,0/3
UI_PLAYER_SKILLPOINTS_7E1E0B,0/3
UI_PLAYER_SKILLPOINTS_7E2237,0/3
UI_PLAYER_SKILLPOINTS_7E230F,0/3
UI_PLAYER_SKILLPOINTS_7E46E3,0/3
UI_PLAYER_SKILLPOINTS_7E4AF6,0/3
UI_PLAYER_SKILLPOINTS_7E4DFC,0/3
UI_PLAYER_SKILLPOINTS_7E5CD1,0/3
UI_PLAYER_SKILLPOINTS_7E8CBC,0/3
UI_PLAYER_SKILLPOINTS_7EC541,0/3
UI_PLAYER_SKILLPOINTS_7ECC1F,0/3
UI_PLAYER_SKILLPOINTS_7ED560,0/3
UI_PLAYER_SKILLPOINTS_7EF020,0/3
UI_PLAYER_SKILLPOINTS_7EF3F5,0/3
UI_PLAYER_SKILLPOINTS_7EF762,0/3
UI_PLAYER_SKILLPOINTS_7F04CE,0/3
UI_PLAYER_SKILLPOINTS_7F081D,0/3
UI_PLAYER_SKILLPOINTS_7F1DBD,0/3
UI_PLAYER_SKILLPOINTS_7F2593,0/3
UI_PLAYER_SKILLPOINTS_7F3380,0/3
UI_PLAYER_SKILLPOINTS_7F3904,0/3
UI_PLAYER_SKILLPOINTS_7F3AA6,0/3
UI_PLAYER_SKILLPOINTS_7F48D5,0/3
UI_PLAYER_SKILLPOINTS_7F6AA8,0/3
UI_PLAYER_SKILLPOINTS_7F86B0,0/3
UI_PLAYER_SKILLPOINTS_7F94AE,0/3
UI_PLAYER_SKILLPOINTS_7FAC08,0/3
UI_PLAYER_SKILLPOINTS_7FB509,0/3
UI_PLAYER_SKILLPOINTS_7FB679,0/3
UI_PLAYER_SKILLPOINTS_7FB95F,0/3
UI_PLAYER_SKILLPOINTS_7FC606,0/3
UI_PLAYER_SKILLPOINTS_7FD293,0/3
UI_PLAYER_SPECTATINGPLAYE_5E8AD4,Viakaros
UI_PLAYER_SPEED_04C480,Velocità:
UI_PLAYER_SPELL_HASTE_2A38D4,Celerità magica:
UI_PLAYER_STAM_53B904,Vigore:
UI_PLAYER_STAT_00C7FD,Probabilità di critico vs. veleno:
UI_PLAYER_STAT_00DBF2,Durata veleno:
UI_PLAYER_STAT_06C1AD,Danno vs. stordito:
UI_PLAYER_STAT_072B3B,Penetrazione da elettricità:
UI_PLAYER_STAT_084A77,Danno fisico %:
UI_PLAYER_STAT_08C77D,Armatura contundente:
UI_PLAYER_STAT_08D3EF,Danno vs. assiderato:
UI_PLAYER_STAT_08FDFC,Rigenerazione del vigore
UI_PLAYER_STAT_0B00B4,Penetrazione dell'armatura %:
UI_PLAYER_STAT_0BADC2,Danno perforante:
UI_PLAYER_STAT_106DF2,Danno critico vs. sanguinamento:
UI_PLAYER_STAT_1330E5,Armatura perforante:
UI_PLAYER_STAT_13451B,Danno da elettricità:
UI_PLAYER_STAT_13979F,Scossa max:
UI_PLAYER_STAT_14FAA2,HP %:
UI_PLAYER_STAT_1601DA,Penetrazione delle resistenze:
UI_PLAYER_STAT_177A1A,Resistenza %:
UI_PLAYER_STAT_181F34,Probabilità di critico:
UI_PLAYER_STAT_194A2B,Durata furia:
UI_PLAYER_STAT_1B55F0,Danno da etere:
UI_PLAYER_STAT_1F6311,Probabilità di critico vs. assiderato:
UI_PLAYER_STAT_2341E3,Danno contundente:
UI_PLAYER_STAT_2529E9,Velocità di movimento
UI_PLAYER_STAT_257869,Danno da sanguinamento:
UI_PLAYER_STAT_265239,Penetrazione da ghiaccio:
UI_PLAYER_STAT_270E36,Danno da decadimento:
UI_PLAYER_STAT_28E2DD,Danno da fuoco:
UI_PLAYER_STAT_29B403,Penetrazione dell'armatura:
UI_PLAYER_STAT_2A6CB1,Danno vs. ustione:
UI_PLAYER_STAT_2CD692,Danno critico:
UI_PLAYER_STAT_2D9678,Probabilità di critico vs. ustione:
UI_PLAYER_STAT_2DE105,Armatura:
UI_PLAYER_STAT_301FD9,Penetrazione da decadimento:
UI_PLAYER_STAT_340BB1,Vigore %:
UI_PLAYER_STAT_3492E6,Penetrazione dell'armatura:
UI_PLAYER_STAT_35D8F8,Danno da taglio:
UI_PLAYER_STAT_37AA8C,Danno vs. veleno:
UI_PLAYER_STAT_38B9EB,Durata sanguinamento:
UI_PLAYER_STAT_390019,Resistenza all'elettricità:
UI_PLAYER_STAT_39B066,Penetrazione da etere:
UI_PLAYER_STAT_39DFE1,Penetrazione contundente:
UI_PLAYER_STAT_39F0AD,Concentrazione al colpo
UI_PLAYER_STAT_3C432A,Potenza del gelo:
UI_PLAYER_STAT_3D5E5E,Concentrazione %:
UI_PLAYER_STAT_3FC123,Danno vs. salute massima:
UI_PLAYER_STAT_420E11,Danno vs. salute bassa:
UI_PLAYER_STAT_45809D,Danno critico vs. stordito:
UI_PLAYER_STAT_47D79D,Danno vs. sanguinamento:
UI_PLAYER_STAT_49A411,Penetrazione da taglio:
UI_PLAYER_STAT_49BA1A,Penetrazione delle resistenze:
UI_PLAYER_STAT_4CC1D9,Probabilità di critico vs. sanguinamento:
UI_PLAYER_STAT_4F3705,Danno vs. penetrazione:
UI_PLAYER_STAT_50B11B,Danno d'attacco:
UI_PLAYER_STAT_512AB2,Ustione max:
UI_PLAYER_STAT_532605,Danno da ghiaccio:
UI_PLAYER_STAT_536BE1,Aumento accumulo stordimento:
UI_PLAYER_STAT_580B7A,Resistenza:
UI_PLAYER_STAT_596B30,Durata ustione:
UI_PLAYER_STAT_5A0385,Probabilità di critico vs. stordito:
UI_PLAYER_STAT_5A2F44,Danno vs. stordito:
UI_PLAYER_STAT_5AE27C,Penetrazione perforante:
UI_PLAYER_STAT_5C23A9,Danno da veleno:
UI_PLAYER_STAT_5CD6CB,Penetrazione delle resistenze %:
UI_PLAYER_STAT_5DEA1E,Resistenza al decadimento:
UI_PLAYER_STAT_5F8CDE,Danno fisico:
UI_PLAYER_STAT_5F9C03,Danno magico %:
UI_PLAYER_STAT_606BB2,Sanguinamento max:
UI_PLAYER_STAT_60ABD0,Veleno max:
UI_PLAYER_STAT_624F9D,Danno magico:
UI_PLAYER_STAT_64889D,Danno critico vs. ustione:
UI_PLAYER_STAT_65533C,Resistenza all'etere:
UI_PLAYER_STAT_65716F,Penetrazione magica:
UI_PLAYER_STAT_66F9B2,Furia max:
UI_PLAYER_STAT_67AB9A,Rigenerazione della concentrazione
UI_PLAYER_STAT_72BB8B,Armatura %:
UI_PLAYER_STAT_72C2F9,Resistenza al ghiaccio:
UI_PLAYER_STAT_736CD4,Armatura da taglio:
UI_PLAYER_STAT_755ACC,Penetrazione fisica:
UI_PLAYER_STAT_78E13E,Gelo max:
UI_PLAYER_STAT_79F70E,Penetrazione da fuoco:
UI_PLAYER_STAT_7A7910,Resistenza al fuoco:
UI_PLAYER_STAT_7DAB38,Danno critico vs. veleno:
UI_PLAYER_STAT_7FAE98,Durata gelo:
UI_PLAYER_STATISTICS_00A3BF,Statistiche
UI_PLAYER_STRENGTH_467A30,Forza:
UI_PLAYER_STRENGTH_76B46A,Forza
UI_PLAYER_SUPPORT_15864F,Supporto
UI_PLAYER_SUPPORT_43CB43,Supporto
UI_PLAYER_TELEPORTTO_7E8DBC,Teletrasporto a:
UI_PLAYER_TIME_551E20,Tempo
UI_PLAYER_TIME_7B66D7,Tempo
UI_PLAYER_TIMEOFDAY_4EBD26,Ora:
UI_PLAYER_TITLE_178DE7,Il mercante ambulante
UI_PLAYER_TITLE_2A687D,Addestratore
UI_PLAYER_TITLE_30FDBE,Compra
UI_PLAYER_TITLE_4C6642,Compra
UI_PLAYER_TITLE_7F397C,Il mercante ambulante
UI_PLAYER_TMP_00447F,Piazza segnalatore
UI_PLAYER_TMP_008544,Scorri
UI_PLAYER_TMP_00D642,Crea
UI_PLAYER_TMP_00F40A,Crea
UI_PLAYER_TMP_014335,Seleziona la quantità
UI_PLAYER_TMP_0176C4,Sciogli
UI_PLAYER_TMP_019ACF,Cambia il nome del gruppo
UI_PLAYER_TMP_01BE6C,Mostra/nascondi le descrizioni oggetti
UI_PLAYER_TMP_01E956,LB
UI_PLAYER_TMP_020FAB,Successivo/Precedente
UI_PLAYER_TMP_02C3F5,RB
UI_PLAYER_TMP_03FE13,Menu dei filtri
UI_PLAYER_TMP_044744,RT
UI_PLAYER_TMP_04C613,Per <color=#FFDA00>bloccare il bersaglio</color> premi  
UI_PLAYER_TMP_04F69C,Sposta oggetto
UI_PLAYER_TMP_050C2E,Scambia
UI_PLAYER_TMP_0580C5,Missione principale
UI_PLAYER_TMP_0622C1,MAIUSC
UI_PLAYER_TMP_065D72,Strutture
UI_PLAYER_TMP_068D26,Seleziona la quantità
UI_PLAYER_TMP_06F259,Pagina successiva
UI_PLAYER_TMP_07984E,la <color=#FFDA00>concentrazione</color> e il <color=#FFDA00>vigore</color> caleranno.
UI_PLAYER_TMP_07F228,Per <color=#FFDA00>attaccare</color> premi  
UI_PLAYER_TMP_07F228_2,Per <color=#FFDA00>parare</color> premi  
UI_PLAYER_TMP_07F228_3,Per <color=#FFDA00>attaccare</color> premi  
UI_PLAYER_TMP_07F228_4,Per <color=#FFDA00>parare</color> premi  
UI_PLAYER_TMP_07F228_5,Per <color=#FFDA00>parare</color> premi  
UI_PLAYER_TMP_07F228_6,Per <color=#FFDA00>attaccare</color> premi  
UI_PLAYER_TMP_07F229,Per <color=#FFDA00>parare</color> premi  
UI_PLAYER_TMP_0888AC,Regola il valore
UI_PLAYER_TMP_0897E4,Conferma
UI_PLAYER_TMP_08D12A,Per <color=#FFDA00>correre</color> tieni premuto
UI_PLAYER_TMP_098947,Mostra/nascondi il menu dei filtri
UI_PLAYER_TMP_09B2F7,Espressione
UI_PLAYER_TMP_09BZJK,Espressioni
UI_PLAYER_TMP_0A3CCF,<color=#FFDA00>Muoviti</color> con
UI_PLAYER_TMP_0ABA7C,Indietro
UI_PLAYER_TMP_0B9961,Punto abilità disponibile
UI_PLAYER_TMP_0BC45C,Per <color=#FFDA00>parare</color> premi  
UI_PLAYER_TMP_0BC45C_2,Per <color=#FFDA00>attaccare</color> premi  
UI_PLAYER_TMP_0BC678,Ricette
UI_PLAYER_TMP_0BFA3E,Ricorda di <color=#FFDA00>mangiare</color> e <color=#FFDA00>bere</color> regolarmente.
UI_PLAYER_TMP_0CD063,Materiali richiesti
UI_PLAYER_TMP_0E0E49,spazio
UI_PLAYER_TMP_0E4097,"Altrimenti la tua <color=#FFDA00>salute</color> massima,  "
UI_PLAYER_TMP_0E9697,"Altrimenti la tua <color=#FFDA00>salute</color> massima,  "
UI_PLAYER_TMP_0EFB81,Conferma
UI_PLAYER_TMP_0F54F1,Accetta
UI_PLAYER_TMP_0F7EFA,Indietro
UI_PLAYER_TMP_0FAC3C,Resta <color=#FFDA00>sazio</color> e <color=#FFDA00>idratato</color>.
UI_PLAYER_TMP_1_177E4B,Puoi <color=#FFDA00>creare</color> nello <color=#FFDA00>zaino</color> premendo
UI_PLAYER_TMP_1_1C3439,<color=#FFDA00>slot appropriato</color> per equipaggiarlo.
UI_PLAYER_TMP_1_2780FE,<color=#FFDA00>slot appropriato</color> per equipaggiarlo.
UI_PLAYER_TMP_1_31055C,Puoi <color=#FFDA00>creare</color> nello <color=#FFDA00>zaino</color> premendo
UI_PLAYER_TMP_1_35E608,L
UI_PLAYER_TMP_1_37A10E,Apri la <color=#FFDA00>mappa </color> in qualsiasi momento <color=#FFDA00>premendo </color>
UI_PLAYER_TMP_1_48B29C,<color=#FFDA00>slot appropriato</color> per equipaggiarlo.
UI_PLAYER_TMP_1_50067F,<color=#FFDA00>slot appropriato</color> per equipaggiarlo.
UI_PLAYER_TMP_1_50A52A,Apri la <color=#FFDA00>mappa </color> in qualsiasi momento <color=#FFDA00>premendo </color>
UI_PLAYER_TMP_1_69A80A,L
UI_PLAYER_TMP_1_70E17C,Apri la <color=#FFDA00>mappa </color> in qualsiasi momento <color=#FFDA00>premendo </color>
UI_PLAYER_TMP_1_74AE39,Apri la <color=#FFDA00>mappa </color> in qualsiasi momento <color=#FFDA00>premendo </color>
UI_PLAYER_TMP_10_00C314,"Alcuni oggetti, come le <color=#FFDA00>pozioni</color>, possono essere <color=#FFDA00>assegnati</color> alla <color=#FFDA00>barra rapida</color> per l'uso immediato in <color=#FFDA00>combattimento</color>."
UI_PLAYER_TMP_10_155E67,"Alcuni oggetti, come le <color=#FFDA00>pozioni</color>, possono essere <color=#FFDA00>assegnati</color> alla <color=#FFDA00>barra rapida</color> per l'uso immediato in <color=#FFDA00>combattimento</color>."
UI_PLAYER_TMP_10_57CA64,"Alcuni oggetti, come le <color=#FFDA00>pozioni</color>, possono essere <color=#FFDA00>assegnati</color> alla <color=#FFDA00>barra rapida</color> per l'uso immediato in <color=#FFDA00>combattimento</color>."
UI_PLAYER_TMP_10_65195A,"Alcuni oggetti, come le <color=#FFDA00>pozioni</color>, possono essere <color=#FFDA00>assegnati</color> alla <color=#FFDA00>barra rapida</color> per l'uso immediato in <color=#FFDA00>combattimento</color>."
UI_PLAYER_TMP_1055FB,Ricette collegate
UI_PLAYER_TMP_10794F,Seleziona la quantità
UI_PLAYER_TMP_108C36,Mostra/nascondi le descrizioni oggetti
UI_PLAYER_TMP_10C9FE,22:00
UI_PLAYER_TMP_10E850,RT
UI_PLAYER_TMP_114A4A,Z
UI_PLAYER_TMP_11DD41,Scegli
UI_PLAYER_TMP_120BD4,Crea
UI_PLAYER_TMP_1215DB,Lista dei desideri
UI_PLAYER_TMP_121B52,Scegli
UI_PLAYER_TMP_122528,Seleziona la quantità
UI_PLAYER_TMP_12A4A4,Indietro
UI_PLAYER_TMP_12A74B,RT
UI_PLAYER_TMP_12F886,Resta <color=#FFDA00>sazio</color> e <color=#FFDA00>idratato</color>.
UI_PLAYER_TMP_130D16,per interagire e raccogliere gli oggetti
UI_PLAYER_TMP_133082,Pagina successiva
UI_PLAYER_TMP_134B6D,Nome della costruzione
UI_PLAYER_TMP_135244,Taglie
UI_PLAYER_TMP_135244_2,Avanzate
UI_PLAYER_TMP_135632,Equipaggia
UI_PLAYER_TMP_13B589,Getta oggetto
UI_PLAYER_TMP_13BA94,Ordina
UI_PLAYER_TMP_143AD2,Offesa
UI_PLAYER_TMP_14A1AA,Movimento: premi  
UI_PLAYER_TMP_151B8F,Aumenta/Diminuisci
UI_PLAYER_TMP_153354,Scorri le opzioni
UI_PLAYER_TMP_15664B,Menu oggetti
UI_PLAYER_TMP_15EB5F,Sposta oggetto
UI_PLAYER_TMP_162F60,Regola il valore
UI_PLAYER_TMP_164531,W
UI_PLAYER_TMP_1645E5,RT
UI_PLAYER_TMP_16CDC5,Sciogli
UI_PLAYER_TMP_16EF6A,Ricompense
UI_PLAYER_TMP_17F825,Seleziona la quantità
UI_PLAYER_TMP_1827BC,Ordine:
UI_PLAYER_TMP_183225,X
UI_PLAYER_TMP_1886D4,Getta oggetto
UI_PLAYER_TMP_18A866,Mostra/nascondi le descrizioni
UI_PLAYER_TMP_190923,Seleziona la quantità
UI_PLAYER_TMP_193846,w
UI_PLAYER_TMP_193ED3,Decorazioni da muro
UI_PLAYER_TMP_197A35,Mostra/nascondi le descrizioni
UI_PLAYER_TMP_197A81,Lascia il gruppo
UI_PLAYER_TMP_19ADA7,RT
UI_PLAYER_TMP_1A6C87,Ordina
UI_PLAYER_TMP_1AA0A2,Codex
UI_PLAYER_TMP_1B0D40,Q
UI_PLAYER_TMP_1B2FE0,I
UI_PLAYER_TMP_1B3703,Trasferisci la pila
UI_PLAYER_TMP_1BECCB,Sposta oggetto
UI_PLAYER_TMP_1C4E7F,RT
UI_PLAYER_TMP_1C6C4F,LT
UI_PLAYER_TMP_1CCF0D,Rigen.
UI_PLAYER_TMP_1CD685,B
UI_PLAYER_TMP_1D260D,Menu oggetti
UI_PLAYER_TMP_1D4FEC,Pagina completata
UI_PLAYER_TMP_1D60C9,Mostra/nascondi le descrizioni oggetti
UI_PLAYER_TMP_1E2453,Aumenta/Diminuisci
UI_PLAYER_TMP_1E81A6,Esci
UI_PLAYER_TMP_1FCC86,Deposito
UI_PLAYER_TMP_2055A8,Pagina successiva
UI_PLAYER_TMP_20B53A,Mostra/nascondi le descrizioni
UI_PLAYER_TMP_214A79,Completa il gruppo di compiti
UI_PLAYER_TMP_21A825,Decorazioni del terreno
UI_PLAYER_TMP_21B857,Avvicinati alla cassa e premi
UI_PLAYER_TMP_21C409,Resta <color=#FFDA00>sazio</color> e <color=#FFDA00>idratato</color>.
UI_PLAYER_TMP_21D329,Menu principale
UI_PLAYER_TMP_224D12,Espressioni
UI_PLAYER_TMP_226B4E,Scambia
UI_PLAYER_TMP_22781C,Usa/Equipaggia
UI_PLAYER_TMP_228C57,Scegli oggetto
UI_PLAYER_TMP_22B9CA,Getta oggetto
UI_PLAYER_TMP_233945,I
UI_PLAYER_TMP_236A87,RS
UI_PLAYER_TMP_23C871,per interagire e raccogliere gli oggetti
UI_PLAYER_TMP_242F5A,Indietro
UI_PLAYER_TMP_2462E4,Comandi
UI_PLAYER_TMP_249C8E,LB
UI_PLAYER_TMP_25160A,Trasferisci tutto nell'inventario
UI_PLAYER_TMP_25414A,Sblocca le costruzioni
UI_PLAYER_TMP_258617,Attiva/disattiva rottura equipaggiamento
UI_PLAYER_TMP_25879B,Apri finestra del profilo
UI_PLAYER_TMP_258FEA,LT
UI_PLAYER_TMP_265B64,la <color=#FFDA00>concentrazione</color> e il <color=#FFDA00>vigore</color> caleranno.
UI_PLAYER_TMP_26A9D0,Attiva/disattiva rottura equipaggiamento
UI_PLAYER_TMP_273377,<color=#FFDA00>Muoviti</color> con
UI_PLAYER_TMP_2798FF,Menu oggetti
UI_PLAYER_TMP_27AE7D,Menu oggetti
UI_PLAYER_TMP_288384,Impostazioni audio
UI_PLAYER_TMP_293954,Conferma
UI_PLAYER_TMP_2944A0,Esci
UI_PLAYER_TMP_29F2FD,SPAZIO
UI_PLAYER_TMP_2A2191,Bonus dei set
UI_PLAYER_TMP_2A281F,Scegli la costruzione
UI_PLAYER_TMP_2A2FB2,B
UI_PLAYER_TMP_2A51FB,Ordina per:
UI_PLAYER_TMP_2A8E57,Scegli
UI_PLAYER_TMP_2AFDD5,Applica
UI_PLAYER_TMP_2B5450,Crea
UI_PLAYER_TMP_2B9EEB,Indietro
UI_PLAYER_TMP_2BA9AA,MAIUSC
UI_PLAYER_TMP_2BEE20,Mostra/nascondi le descrizioni
UI_PLAYER_TMP_2C01FC,Pagina successiva
UI_PLAYER_TMP_2C6AC4,Seleziona
UI_PLAYER_TMP_2C75E7,Menu dei Varchi
UI_PLAYER_TMP_2CD93F,Conferma
UI_PLAYER_TMP_2D0013,Scegli
UI_PLAYER_TMP_2D0B76,Equipaggia
UI_PLAYER_TMP_2D1C3F,Completato
UI_PLAYER_TMP_2D3064,Menu oggetti
UI_PLAYER_TMP_2D472F,Riempi il sostentamento
UI_PLAYER_TMP_2D583B,Scegli
UI_PLAYER_TMP_2D58C4,Getta oggetto
UI_PLAYER_TMP_2D606E,Esci
UI_PLAYER_TMP_2D6D38,spazio
UI_PLAYER_TMP_2EA13E,Indietro
UI_PLAYER_TMP_2EC340,B
UI_PLAYER_TMP_2F1B90,Menu dei filtri
UI_PLAYER_TMP_2F60F7,LB
UI_PLAYER_TMP_2F6511,Punto abilità disponibile
UI_PLAYER_TMP_2F6EE9,Puoi <color=#FFDA00>creare</color> nello <color=#FFDA00>zaino</color> premendo
UI_PLAYER_TMP_2F7913,Vuoi davvero frantumare l'oggetto equipaggiato?
UI_PLAYER_TMP_2FE91F,Segnaposto nome missione
UI_PLAYER_TMP_3_012865,Assegna i <color=#FFDA00>consumabili</color> alla <color=#FFDA00>barra rapida</color>
UI_PLAYER_TMP_3_08BA2D,Apri l'<color=#FFDA00>inventario</color>
UI_PLAYER_TMP_3_19505C,Apri il <color=#FFDA00>menu costruzioni</color> tenendo premuto
UI_PLAYER_TMP_3_2774D7,Assegna i <color=#FFDA00>consumabili</color> alla <color=#FFDA00>barra rapida</color>
UI_PLAYER_TMP_3_27BB4F,Avvicinati alla cassa e premi
UI_PLAYER_TMP_3_326CDC,Apri il <color=#FFDA00>menu costruzioni</color> premendo
UI_PLAYER_TMP_3_35163A,Apri il <color=#FFDA00>menu costruzioni</color> premendo
UI_PLAYER_TMP_3_5BE5F9,Apri l'<color=#FFDA00>inventario</color>
UI_PLAYER_TMP_3_62F30F,Assegna i <color=#FFDA00>consumabili</color> alla <color=#FFDA00>barra rapida</color>
UI_PLAYER_TMP_3_6A56C9,Apri il <color=#FFDA00>menu costruzioni</color> tenendo premuto
UI_PLAYER_TMP_3_72E5B5,Avvicinati alla cassa e premi
UI_PLAYER_TMP_3_773836,Assegna i <color=#FFDA00>consumabili</color> alla <color=#FFDA00>barra rapida</color>
UI_PLAYER_TMP_3_7B2F57,Apri l'<color=#FFDA00>inventario</color>
UI_PLAYER_TMP_3_7D2529,Apri l'<color=#FFDA00>inventario</color>
UI_PLAYER_TMP_303885,Per <color=#FFDA00>attaccare</color> premi  
UI_PLAYER_TMP_3081B0,Regola il valore
UI_PLAYER_TMP_30C092,Seleziona la quantità
UI_PLAYER_TMP_310756,Azzera
UI_PLAYER_TMP_31CBA1,Seleziona la quantità
UI_PLAYER_TMP_31F921,Scegli
UI_PLAYER_TMP_320E00,Punto abilità disponibile
UI_PLAYER_TMP_3289E3,Migliora
UI_PLAYER_TMP_32BD68,Scegli
UI_PLAYER_TMP_32C6BF,Incarico
UI_PLAYER_TMP_3309CE,Ordina e filtra
UI_PLAYER_TMP_337A01,I
UI_PLAYER_TMP_337E83,Indietro
UI_PLAYER_TMP_339AC5,Avvicinati alla cassa e premi
UI_PLAYER_TMP_3489CA,Incantesimo
UI_PLAYER_TMP_348F18,Apri/chiudi l'elenco delle statistiche
UI_PLAYER_TMP_34CD66,Corriere compagno
UI_PLAYER_TMP_34D5FE,Per <color=#FFDA00>scattare</color> premi
UI_PLAYER_TMP_35DF0A,Scegli la ricetta
UI_PLAYER_TMP_35FB76,LT
UI_PLAYER_TMP_36131D,Mostra/nascondi le descrizioni oggetti
UI_PLAYER_TMP_363C33,Indietro
UI_PLAYER_TMP_36895B,Prosciuga sostentamento\n
UI_PLAYER_TMP_36D4DC,Getta oggetto
UI_PLAYER_TMP_36FF2B,Navigazione del menu
UI_PLAYER_TMP_3708C9,e <color=#FFDA00>tieni premuto</color>
UI_PLAYER_TMP_37280D,Scegli la ricetta
UI_PLAYER_TMP_375B99,Crea
UI_PLAYER_TMP_37638B,Seleziona la quantità
UI_PLAYER_TMP_377257,Per <color=#FFDA00>correre</color> tieni premuto
UI_PLAYER_TMP_37C5BD,Penetrazione
UI_PLAYER_TMP_386AF6,Corriere
UI_PLAYER_TMP_38BD96,Menu oggetti
UI_PLAYER_TMP_39585C,spazio
UI_PLAYER_TMP_3AC0D9,Menu oggetti
UI_PLAYER_TMP_3ACDAF,Equipaggia
UI_PLAYER_TMP_3B2FE0,Menu oggetti
UI_PLAYER_TMP_3B8452,Valori degli attributi 
UI_PLAYER_TMP_3BD446,<color=#FFDA00>Muoviti</color> con
UI_PLAYER_TMP_3C42EB,Mostra/nascondi le descrizioni
UI_PLAYER_TMP_3C9FE9,Esci
UI_PLAYER_TMP_3CA183,Impostazioni dei comandi
UI_PLAYER_TMP_3CB017,Piazza segnalatore
UI_PLAYER_TMP_3CD2AA,Seleziona la quantità
UI_PLAYER_TMP_3D3402,Scoperta casuale delle ricette
UI_PLAYER_TMP_3D59C2,Conferma
UI_PLAYER_TMP_3D681B,Ebbrezza max
UI_PLAYER_TMP_3E549E,Per <color=#FFDA00>parare</color> premi  
UI_PLAYER_TMP_3E549E_2,Per <color=#FFDA00>parare</color> tieni premuto
UI_PLAYER_TMP_3E8381,Esci
UI_PLAYER_TMP_3F69DA,Punto abilità disponibile
UI_PLAYER_TMP_3FB1D3,Mostra/nascondi le descrizioni
UI_PLAYER_TMP_4003E3,Apri la finestra di scambio
UI_PLAYER_TMP_403FF3,Mostra/nascondi le descrizioni
UI_PLAYER_TMP_40584F,"Blightseed, Pathweaver, Ironfist, Momentum, Blablabla, acsncdnfn,duhfsjsjfkll"
UI_PLAYER_TMP_407358,Seleziona la quantità
UI_PLAYER_TMP_40E011,Earlwood
UI_PLAYER_TMP_414677,Mostra/nascondi le descrizioni oggetti
UI_PLAYER_TMP_419681,Seleziona la quantità
UI_PLAYER_TMP_419B00,Miglioramento della costruzione
UI_PLAYER_TMP_41CFBD,Apri la finestra di scambio
UI_PLAYER_TMP_41EC48,Prendi tutto
UI_PLAYER_TMP_420C9A,Nessun tempo di recupero
UI_PLAYER_TMP_420CCZ,Non bersagliabile
UI_PLAYER_TMP_423006,Attiva/disattiva rottura equipaggiamento
UI_PLAYER_TMP_427186,22:00
UI_PLAYER_TMP_428413,Indietro
UI_PLAYER_TMP_429200,Aumenta/Diminuisci
UI_PLAYER_TMP_4297B0,Indietro
UI_PLAYER_TMP_42AFC2,la <color=#FFDA00>concentrazione</color> e il <color=#FFDA00>vigore</color> caleranno.
UI_PLAYER_TMP_42E76E,Menu dei Varchi
UI_PLAYER_TMP_437DD6,Mostra/nascondi le descrizioni oggetti
UI_PLAYER_TMP_4387FF,Mostra/nascondi le descrizioni oggetti
UI_PLAYER_TMP_43E95B,M
UI_PLAYER_TMP_441AE2,Mostra sulla mappa
UI_PLAYER_TMP_445629,Aumenta/Diminuisci
UI_PLAYER_TMP_44624C,Costo del miglioramento
UI_PLAYER_TMP_4466F4,RB
UI_PLAYER_TMP_451334,Carillon di Heimen
UI_PLAYER_TMP_454E04,Attiva/disattiva rottura equipaggiamento
UI_PLAYER_TMP_45BF14,e <color=#FFDA00>tieni premuto</color>
UI_PLAYER_TMP_45E0AD,Aumenta/Diminuisci
UI_PLAYER_TMP_46281F,Attributi
UI_PLAYER_TMP_4773AE,Scegli l'incarico
UI_PLAYER_TMP_47C996,Elimina segnalatore
UI_PLAYER_TMP_47CB14,Mostra/nascondi le descrizioni oggetti
UI_PLAYER_TMP_47CF2D,poi <color=#FFDA00>smonta</color> una costruzione <color=#FFDA00>selezionandola</color> con il
UI_PLAYER_TMP_47F779,Y
UI_PLAYER_TMP_49408A,Mostra sulla mappa
UI_PLAYER_TMP_49452D,Tavolo
UI_PLAYER_TMP_4949CD,Crea
UI_PLAYER_TMP_499D71,Informazioni sul personaggio
UI_PLAYER_TMP_4A0678,Chiaro
UI_PLAYER_TMP_4A0DD5,Personaggio
UI_PLAYER_TMP_4AE3F6,Mostra/nascondi il menu dei filtri
UI_PLAYER_TMP_4B1654,Mostra/nascondi le descrizioni oggetti
UI_PLAYER_TMP_4B62AD,Per <color=#FFDA00>correre</color> tieni premuto
UI_PLAYER_TMP_4B6A7E,Apri la finestra di scambio
UI_PLAYER_TMP_4BBB6E,Effetto di stato
UI_PLAYER_TMP_4CE9BA,Trasferisci tutti gli oggetti
UI_PLAYER_TMP_4D2E4E,Trasferisci tutti gli oggetti
UI_PLAYER_TMP_4D3977,Seleziona la quantità
UI_PLAYER_TMP_4DB587,Mostra/nascondi le descrizioni oggetti
UI_PLAYER_TMP_4DD44E,Missione secondaria
UI_PLAYER_TMP_4DD9FE,w
UI_PLAYER_TMP_4E6424,Mostra/nascondi le descrizioni
UI_PLAYER_TMP_4E675E,Mappa completa
UI_PLAYER_TMP_4E762D,poi <color=#FFDA00>smonta</color> una costruzione <color=#FFDA00>selezionandola</color> con il
UI_PLAYER_TMP_4E77B9,Indietro
UI_PLAYER_TMP_4E77B9_2,Esci
UI_PLAYER_TMP_4F1E6A,Termina la conversazione
UI_PLAYER_TMP_4F38BE,Apri la finestra di scambio
UI_PLAYER_TMP_4F6558,Z
UI_PLAYER_TMP_5005A9,Per <color=#FFDA00>bloccare il bersaglio</color> premi  
UI_PLAYER_TMP_506177,Scegli
UI_PLAYER_TMP_509023,w
UI_PLAYER_TMP_50D21B,"Altrimenti la tua <color=#FFDA00>salute</color> massima,  "
UI_PLAYER_TMP_511656,w
UI_PLAYER_TMP_5123B4,D
UI_PLAYER_TMP_513DC0,Frantuma equipaggiamento
UI_PLAYER_TMP_516FD8,Regola il valore
UI_PLAYER_TMP_51958A,Impostazioni di gioco
UI_PLAYER_TMP_51B488,Nome della costruzione
UI_PLAYER_TMP_52C3F5,Navigazione in gioco
UI_PLAYER_TMP_534832,E
UI_PLAYER_TMP_534836,Crea
UI_PLAYER_TMP_534A7D,Trasferisci tutto nell'inventario
UI_PLAYER_TMP_53AB51,A
UI_PLAYER_TMP_53FBF4,Produzione
UI_PLAYER_TMP_540411,Crea
UI_PLAYER_TMP_55149C,Mostra/nascondi il menu dei filtri
UI_PLAYER_TMP_55460D,Inventario
UI_PLAYER_TMP_556C6C,Mostra/nascondi le descrizioni oggetti
UI_PLAYER_TMP_55CD1C,Per <color=#FFDA00>parare</color> tieni premuto
UI_PLAYER_TMP_55E899,I
UI_PLAYER_TMP_562D06,R
UI_PLAYER_TMP_564A8D,Trasferisci tutto nell'inventario
UI_PLAYER_TMP_5657DC,Seleziona la quantità
UI_PLAYER_TMP_569A9C,A
UI_PLAYER_TMP_56D950,Ordina
UI_PLAYER_TMP_5718A5,Mostra/nascondi le descrizioni
UI_PLAYER_TMP_57193F,Scegli la costruzione
UI_PLAYER_TMP_57B403,Tutti
UI_PLAYER_TMP_57DA60,Pergamena del Varco
UI_PLAYER_TMP_582341,RS
UI_PLAYER_TMP_5836F6,Riempi i vitali
UI_PLAYER_TMP_5853B0,Getta oggetto
UI_PLAYER_TMP_585D1E,Apri la finestra di scambio
UI_PLAYER_TMP_5867F5,Getta oggetto
UI_PLAYER_TMP_5904F5,W
UI_PLAYER_TMP_5917BC,la <color=#FFDA00>concentrazione</color> e il <color=#FFDA00>vigore</color> caleranno.
UI_PLAYER_TMP_591EAD,Crea
UI_PLAYER_TMP_5938F0,M
UI_PLAYER_TMP_59AE97,Seleziona la quantità
UI_PLAYER_TMP_5A558C,Seleziona la quantità
UI_PLAYER_TMP_5B1775,Libro degli incantesimi
UI_PLAYER_TMP_5B30AE,Incarichi
UI_PLAYER_TMP_5B30AE_2,Statistiche di base
UI_PLAYER_TMP_5B624A,Segui missione
UI_PLAYER_TMP_5B7E7A,Seleziona la quantità
UI_PLAYER_TMP_5C110C,Aumenta/Diminuisci
UI_PLAYER_TMP_5C43DD,Regola il valore
UI_PLAYER_TMP_5C92E5,Menu oggetti
UI_PLAYER_TMP_5CCB73,Pannello equipaggiamento
UI_PLAYER_TMP_5CCB73_2,Mostra/nascondi le descrizioni oggetti
UI_PLAYER_TMP_5D5C39,Regola il valore
UI_PLAYER_TMP_5D631F,Aumenta/Diminuisci
UI_PLAYER_TMP_5D8C3F,Getta oggetto
UI_PLAYER_TMP_5D9C5C,Generale
UI_PLAYER_TMP_5E38D5,Mobilio
UI_PLAYER_TMP_5E6F1B,Esci
UI_PLAYER_TMP_5E7FC2,Regola il valore
UI_PLAYER_TMP_5F27CA,Menu dei filtri
UI_PLAYER_TMP_5F500F,Getta oggetto
UI_PLAYER_TMP_5F8017,Riproduci/Pausa
UI_PLAYER_TMP_5F838F,Albero delle abilità
UI_PLAYER_TMP_5FB941,Getta oggetto
UI_PLAYER_TMP_5FCB82,Resta <color=#FFDA00>sazio</color> e <color=#FFDA00>idratato</color>.
UI_PLAYER_TMP_6004F2,Accelera
UI_PLAYER_TMP_610212,A
UI_PLAYER_TMP_6163DD,Statistiche principali
UI_PLAYER_TMP_6189E4,No
UI_PLAYER_TMP_61CF96,Trasferisci tutti gli oggetti
UI_PLAYER_TMP_61D37F,F
UI_PLAYER_TMP_62CE90,RT
UI_PLAYER_TMP_62D012,Per <color=#FFDA00>scattare</color> premi
UI_PLAYER_TMP_630E26,Missione
UI_PLAYER_TMP_637E99,Y
UI_PLAYER_TMP_6446BB,Personaggio
UI_PLAYER_TMP_658455,Gruppo attuale
UI_PLAYER_TMP_6593C7,Per <color=#FFDA00>attaccare</color> premi  
UI_PLAYER_TMP_65E2FA,poi <color=#FFDA00>smonta</color> una costruzione <color=#FFDA00>passandoci sopra</color> e <color=#FFDA00>tenendo premuto</color>
UI_PLAYER_TMP_663570,E
UI_PLAYER_TMP_66AF23,Crea
UI_PLAYER_TMP_66C121,Avanti
UI_PLAYER_TMP_67903E,Audio
UI_PLAYER_TMP_679212,Per <color=#FFDA00>scattare</color> premi
UI_PLAYER_TMP_67D209,Elenco dei giocatori
UI_PLAYER_TMP_683F7F,Ricorda di <color=#FFDA00>mangiare</color> e <color=#FFDA00>bere</color> regolarmente.
UI_PLAYER_TMP_68793B,Puoi <color=#FFDA00>creare</color> nello <color=#FFDA00>zaino</color> premendo
UI_PLAYER_TMP_68C3F3,RS
UI_PLAYER_TMP_690610,Santuario
UI_PLAYER_TMP_69124F,Ordina
UI_PLAYER_TMP_6957AC,Mostra sulla mappa
UI_PLAYER_TMP_69A22B,Per <color=#FFDA00>correre</color> tieni premuto
UI_PLAYER_TMP_69DDA7,Multigiocatore
UI_PLAYER_TMP_6A69F6,Mostra/nascondi le descrizioni
UI_PLAYER_TMP_6A975E,Q
UI_PLAYER_TMP_6AD2B9,spazio
UI_PLAYER_TMP_6AD37A,Seleziona la quantità
UI_PLAYER_TMP_6B406E,Trasferisci oggetto
UI_PLAYER_TMP_6C5156,B
UI_PLAYER_TMP_6C5937,LT
UI_PLAYER_TMP_6CA778,W
UI_PLAYER_TMP_6CA94E,Azzera gli attributi
UI_PLAYER_TMP_6CD81D,Seleziona la quantità
UI_PLAYER_TMP_6D3329,Ruota
UI_PLAYER_TMP_6D4DCC,Letto
UI_PLAYER_TMP_6D8214,"Altrimenti la tua <color=#FFDA00>salute</color> massima,  "
UI_PLAYER_TMP_6E0F45,RS
UI_PLAYER_TMP_6E40DB,Crea
UI_PLAYER_TMP_6E4893,Incarichi disponibili
UI_PLAYER_TMP_6F080D,L
UI_PLAYER_TMP_6F8C58,Pagina successiva
UI_PLAYER_TMP_6F922D,Ricorda di <color=#FFDA00>mangiare</color> e <color=#FFDA00>bere</color> regolarmente.
UI_PLAYER_TMP_71308C,Mappa
UI_PLAYER_TMP_725019,Smonta
UI_PLAYER_TMP_72D572,Mostra/nascondi le descrizioni oggetti
UI_PLAYER_TMP_7312A0,Indietro
UI_PLAYER_TMP_731C5A,Q
UI_PLAYER_TMP_74309A,Esci
UI_PLAYER_TMP_749A02,Ordina
UI_PLAYER_TMP_74BF8E,Pagina successiva
UI_PLAYER_TMP_74CD71,Ricorda di <color=#FFDA00>mangiare</color> e <color=#FFDA00>bere</color> regolarmente.
UI_PLAYER_TMP_74DD90,Schermo
UI_PLAYER_TMP_74EC72,Seleziona la quantità
UI_PLAYER_TMP_7532F4,Mostra/nascondi le descrizioni oggetti
UI_PLAYER_TMP_75361F,Test prestazioni
UI_PLAYER_TMP_754F25,Impostazioni
UI_PLAYER_TMP_75688E,Ordina
UI_PLAYER_TMP_75B495,Crea
UI_PLAYER_TMP_75EFFE,RT
UI_PLAYER_TMP_7718EE,Mostra/nascondi le descrizioni oggetti
UI_PLAYER_TMP_7741A4,Scegli
UI_PLAYER_TMP_7758BD,<color=#FFDA00>Muoviti</color> con
UI_PLAYER_TMP_782AF9,Impostazioni dello schermo
UI_PLAYER_TMP_7844C2,Fotogrammi
UI_PLAYER_TMP_79346B,Fondazione
UI_PLAYER_TMP_7951BE,Annulla/Indietro
UI_PLAYER_TMP_7975DC,SPAZIO
UI_PLAYER_TMP_79DCF4,Percentuale
UI_PLAYER_TMP_7A3BFC,Invulnerabilità
UI_PLAYER_TMP_7A3CDF,Per <color=#FFDA00>scattare</color> premi
UI_PLAYER_TMP_7A70D2,Trasferisci tutto nell'inventario
UI_PLAYER_TMP_7A740A,Passa
UI_PLAYER_TMP_7A7447,Pagina successiva
UI_PLAYER_TMP_7A7776,Decorazioni
UI_PLAYER_TMP_7A8B41,poi <color=#FFDA00>smonta</color> una costruzione <color=#FFDA00>passandoci sopra</color> e <color=#FFDA00>tenendo premuto</color>
UI_PLAYER_TMP_7AA0C5,S
UI_PLAYER_TMP_7AC2EB,Difesa
UI_PLAYER_TMP_7B8FAE,RT
UI_PLAYER_TMP_7BE1C9,Annulla
UI_PLAYER_TMP_7C320C,Crea
UI_PLAYER_TMP_7C93D7,Contribuisci
UI_PLAYER_TMP_7CB267,A
UI_PLAYER_TMP_7DAB94,Muri
UI_PLAYER_TMP_7DF28A,Esci
UI_PLAYER_TMP_7E4FB3,Apri/chiudi l'elenco delle statistiche
UI_PLAYER_TMP_7ECE2F,Intestazione
UI_PLAYER_TMP_7F4B27,Ordina
UI_PLAYER_TMP_7F845A,Sì
UI_PLAYER_TMP_7F959A,Indietro
UI_PLAYER_TMP_7FB975,LB
UI_PLAYER_TMP_9_07F3F4,Equipaggia <color=#FFDA00>più pezzi</color> dello stesso set per attivare un potente <color=#FFDA00>bonus del set!</color>
UI_PLAYER_TMP_9_10B874,poi <color=#FFDA00>trascina</color> un pezzo di <color=#FFDA00>equipaggiamento</color> nello
UI_PLAYER_TMP_9_1FAD83,Usa i <color=#FFDA00>cristalli di mappa</color> per completare la mappa.
UI_PLAYER_TMP_9_1FF9A6,Equipaggia <color=#FFDA00>più pezzi</color> dello stesso set per attivare un potente <color=#FFDA00>bonus del set!</color>
UI_PLAYER_TMP_9_250DA0,Usa i <color=#FFDA00>cristalli di mappa</color> per completare la mappa.
UI_PLAYER_TMP_9_2561DA,Equipaggia <color=#FFDA00>più pezzi</color> dello stesso set per attivare un potente <color=#FFDA00>bonus del set!</color>
UI_PLAYER_TMP_9_2C08AA,poi <color=#FFDA00>trascina</color> un pezzo di <color=#FFDA00>equipaggiamento</color> nello
UI_PLAYER_TMP_9_2FB997,per interagire e raccogliere gli oggetti
UI_PLAYER_TMP_9_369C58,Lancia gli incantesimi con:
UI_PLAYER_TMP_9_4207EF,Lancia gli incantesimi con:
UI_PLAYER_TMP_9_467598,poi <color=#FFDA00>trascina</color> un pezzo di <color=#FFDA00>equipaggiamento</color> nello
UI_PLAYER_TMP_9_4956CC,poi <color=#FFDA00>trascina</color> un pezzo di <color=#FFDA00>equipaggiamento</color> nello
UI_PLAYER_TMP_9_52B503,Usa i <color=#FFDA00>cristalli di mappa</color> per completare la mappa.
UI_PLAYER_TMP_9_536EE0,Lancia gli incantesimi con:
UI_PLAYER_TMP_9_5981BE,Lancia gli incantesimi con:
UI_PLAYER_TMP_9_6BF221,Equipaggia <color=#FFDA00>più pezzi</color> dello stesso set per attivare un potente <color=#FFDA00>bonus del set!</color>
UI_PLAYER_TMP_9_77A9E9,per interagire e raccogliere gli oggetti
UI_PLAYER_TMP_9_7C03C5,Usa i <color=#FFDA00>cristalli di mappa</color> per completare la mappa.
UI_PLAYER_TOOLS_275780,Strumenti
UI_PLAYER_TOOLS_30916A,Strumenti
UI_PLAYER_TOTALBANNED_58ADCE,Giocatori banditi in totale
UI_PLAYER_TYPE_5D3390,Cane
UI_PLAYER_TYPE_5E30D2,Consumabile
UI_PLAYER_TYPE_6C4FAF,Bracciale
UI_PLAYER_TYPE_79D132,Cibo
UI_PLAYER_TYPE_7CC55E,Libro degli incantesimi
UI_PLAYER_TYPE_7EA90E,Consumabile
UI_PLAYER_UTILITY_64A202,Utilità
UI_PLAYER_VITALS_17F618,Vitali
UI_PLAYER_WAYPOINT_780690,Varco:
UI_PLAYER_WAYPOINTHEADER_25BF92,Varchi
UI_PLAYER_WEATHER_7634FF,Meteo:
UI_PLAYER_WRONGBENCH_4BA655,La ricetta è per un altro banco
UI_PLAYER_WRONGBENCH_52EA6C,La ricetta è per un altro banco
UI_PLAYER_XP_0E4C6C,XP:
UI_PLAYER_XP_6E62A8,XP
UI_PLAYER_XPLABEL_7557CF,XP:
UI_PLAYER_XPLABLE_70163B,XP:
UI_PLAYERCHATMESSA_NAME_753A2E,Joseph
UI_POI_FOUND,Punto d'interesse trovato:
UI_POKER_BET,Punta ${0}
UI_POKER_BUYIN_REQUIRED,Serve un ingresso da 100G per giocare
UI_POKER_CALL,Chiama ${0}
UI_POKER_CHECK,Passo
UI_POKER_CONSOLE_ALL_IN,{0} è andato all-in con {1} fiche.
UI_POKER_CONSOLE_BET,{0} ha puntato {1} fiche.
UI_POKER_CONSOLE_BIG_BLIND,{0} è ora il buio grande.
UI_POKER_CONSOLE_CALLED,{0} ha chiamato.
UI_POKER_CONSOLE_CANNOT_SIT_IN_NO_GOLD,{0} non può entrare (oro insufficiente).
UI_POKER_CONSOLE_CHECKED,{0} ha passato.
UI_POKER_CONSOLE_COUNTDOWN_ABORTED,Conto alla rovescia annullato: restano meno di due giocatori.
UI_POKER_CONSOLE_COUNTDOWN_COMPLETE,Conto alla rovescia finito. Si distribuisce la prima mano!
UI_POKER_CONSOLE_COUNTDOWN_STARTED,La prima mano inizia in {0} secondi...
UI_POKER_CONSOLE_FOLDED,{0} si è ritirato.
UI_POKER_CONSOLE_HAND_AUTO_FOLDED,La mano di {0} è stata passata automaticamente.
UI_POKER_CONSOLE_JOINED_SEAT,{0} si è unito al tavolo al posto {1}.
UI_POKER_CONSOLE_NEW_HAND,Inizio di una nuova mano.
UI_POKER_CONSOLE_NO_BIG_BLIND,Nessun giocatore attivo può versare il buio grande.
UI_POKER_CONSOLE_NO_DEALER,Nessun giocatore attivo può prendere il bottone del mazziere.
UI_POKER_CONSOLE_NO_FIRST_ACTOR,Nessun giocatore può agire per primo.
UI_POKER_CONSOLE_NO_SEATS,Non ci sono posti liberi a questo tavolo.
UI_POKER_CONSOLE_NO_SEATS_NPC,Non ci sono posti liberi a questo tavolo per un NPC.
UI_POKER_CONSOLE_NO_SMALL_BLIND,Nessun giocatore attivo può versare il buio piccolo.
UI_POKER_CONSOLE_NPC_OUT_OF_CHIPS,{0} ha esaurito le fiche e ha lasciato il tavolo.
UI_POKER_CONSOLE_ONE_PLAYER_REMAINS,Resta un solo giocatore. Il turno è finito.
UI_POKER_CONSOLE_PLAYER_OUT_OF_CHIPS,{0} ha esaurito le fiche e salta il turno.
UI_POKER_CONSOLE_POT_FORFEIT,Nessuno ha diritto al piatto di {0}. Viene perso.
UI_POKER_CONSOLE_RAISED,{0} ha rilanciato di {1} fiche.
UI_POKER_CONSOLE_SAT_IN,{0} è rientrato.
UI_POKER_CONSOLE_SAT_OUT,{0} salta il turno.
UI_POKER_CONSOLE_SITTING_OUT_NO_GOLD,{0} salta il turno (oro insufficiente per l'ingresso).
UI_POKER_CONSOLE_SMALL_BLIND,{0} è ora il buio piccolo.
UI_POKER_CONSOLE_TABLE_FULL,Il tavolo è pieno.
UI_POKER_CONSOLE_TIE_SPLIT,{0} pareggiano per il piatto di {1}! Ognuno riceve {2}.
UI_POKER_CONSOLE_TIMED_OUT,{0} ha esaurito il tempo e passa.
UI_POKER_CONSOLE_WINS_MAIN_POT,{0} vince il piatto principale di {1}.
UI_POKER_CONSOLE_WINS_POT,{0} vince il piatto di {1} con {2}.
UI_POKER_CONSOLE_WINS_SIDE_POT,{0} vince un piatto laterale di {1} con {2}.
UI_POKER_HAND_FLUSH,Colore
UI_POKER_HAND_FOUROFAKIND,Poker
UI_POKER_HAND_FULLHOUSE,Full
UI_POKER_HAND_HIGHCARD,Carta Alta
UI_POKER_HAND_PAIR,Coppia
UI_POKER_HAND_ROYALFLUSH,Scala Reale Massima
UI_POKER_HAND_STRAIGHT,Scala
UI_POKER_HAND_STRAIGHTFLUSH,Scala Reale
UI_POKER_HAND_THREEOFAKIND,Tris
UI_POKER_HAND_TWOPAIR,Doppia Coppia
UI_POKER_HAND_UNKNOWN,Mano sconosciuta
UI_POKER_RAISE,Rilancia ${0}
UI_POKER_RANK_ACE,Asso
UI_POKER_RANK_EIGHT,Otto
UI_POKER_RANK_FIVE,Cinque
UI_POKER_RANK_FOUR,Quattro
UI_POKER_RANK_JACK,Fante
UI_POKER_RANK_KING,Re
UI_POKER_RANK_NINE,Nove
UI_POKER_RANK_QUEEN,Donna
UI_POKER_RANK_SEVEN,Sette
UI_POKER_RANK_SIX,Sei
UI_POKER_RANK_TEN,Dieci
UI_POKER_RANK_THREE,Tre
UI_POKER_RANK_TWO,Due
UI_POKER_SIT_IN,Entra al tavolo
UI_POKER_SIT_OUT,Salta il turno
UI_POKER_WAITING_FOR_PLAYERS,In attesa di un altro giocatore...
UI_PRICE,Prezzo
UI_PRODUCTION_ACTIVE,attivo
UI_PRODUCTION_INACTIVE,inattivo
UI_PRODUCTION_RATE_PER_SEC,{0} {1}/sec
UI_PRODUCTION_RATE_PER_TIME,{0} {1}/{2}s
UI_PRODUCTIONBUILD_ACTIONNAME_0131EB,Conferma
UI_PRODUCTIONBUILD_ACTIONNAME_08AAE2,Azione
UI_PRODUCTIONBUILD_ACTIONNAME_0FC875,Azione
UI_PRODUCTIONBUILD_ACTIONNAME_294AEE,Azione
UI_PRODUCTIONBUILD_ACTIONNAME_33F839,Azione
UI_PRODUCTIONBUILD_ACTIONNAME_404490,Annulla
UI_PRODUCTIONBUILD_ACTIONNAME_43CA26,Azione
UI_PRODUCTIONBUILD_ITEM_6DFB57,X
UI_QUANTITY,Quantità
UI_QUEST_ADVANCED,Avanzate
UI_QUEST_BANNER_ADVANCED,{0}\n{1}
UI_QUEST_COMPLETE,Missione completata!
UI_QUEST_NAME_TIERED,{0} - {1}
UI_QUEST_TAB_ALL,Tutti
UI_QUEST_TAB_COMPLETED,Completato
UI_QUEST_TAB_DEED,Incarichi
UI_QUEST_TAB_EVENT,Eventi
UI_QUEST_TAB_MAIN,Missioni principali
UI_QUEST_TAB_SIDE,Missioni secondarie
UI_QUESTS,Missioni
UI_QUESTSCREEN_ACTIONNAME_18B79C,Azione
UI_QUESTSCREEN_ACTIONNAME_3FE82A,Segui missione
UI_QUESTSCREEN_ACTIONNAME_567417,Indietro
UI_QUESTSCREEN_ACTIONNAME_577877,Abbandona
UI_QUESTSCREEN_ACTIONNAME_63321D,Mostra sulla mappa
UI_QUESTSCREEN_ACTIONNAME_761493,Azione
UI_QUESTSCREEN_TRACKQUEST_TIP,Clicca questo pulsante per seguire la missione
UI_QUESTTRACKERUI_TMP_15EC74,22:00
UI_QUESTTRACKERUI_TMP_21FAC7,22:00
UI_QUESTTRACKERUI_TMP_2E2D89,22:00
UI_QUESTTRACKERUI_TMP_2FF47E,22:00
UI_QUESTUI_TRACKQUEST_TIP,Clicca questo pulsante per seguire la missione
UI_RACE_ELF_NAME,Elfo
UI_RACE_HUMAN_DESC,"Celebri per ingegno e adattabilità, gli umani sono la razza più numerosa di Mirkea. Prosperano negli ambienti più diversi e contribuiscono molto al progresso culturale e tecnologico del regno."
UI_RACE_HUMAN_NAME,Umano
UI_RACE_MINOTAUR_DESC,"I minotauri sono creature imponenti e muscolose con la testa di toro, note per forza formidabile, pensiero strategico e sensi acuti. Alti oltre due metri e mezzo, sono rispettati e temuti in tutta Mirkea come guerrieri feroci e tattici abili."
UI_RACE_MINOTAUR_NAME,Minotauro
UI_RACECOLOR_ELF_FEMALE_BLACK,Capelli
UI_RACECOLOR_ELF_FEMALE_BLUE,Abbigliamento
UI_RACECOLOR_ELF_FEMALE_CYAN,Cintura
UI_RACECOLOR_ELF_FEMALE_GREEN,Stivali
UI_RACECOLOR_ELF_FEMALE_MAGENTA,Pugnale 1
UI_RACECOLOR_ELF_FEMALE_RED,Mantello
UI_RACECOLOR_ELF_FEMALE_WHITE,Pelle
UI_RACECOLOR_ELF_FEMALE_YELLOW,Pugnale 2
UI_RACECOLOR_ELF_MALE_BLACK,Capelli
UI_RACECOLOR_ELF_MALE_BLUE,Pantaloni
UI_RACECOLOR_ELF_MALE_CYAN,Spilla
UI_RACECOLOR_ELF_MALE_GREEN,Abbigliamento
UI_RACECOLOR_ELF_MALE_MAGENTA,Pugnale 1
UI_RACECOLOR_ELF_MALE_RED,Mantello
UI_RACECOLOR_ELF_MALE_WHITE,Pelle
UI_RACECOLOR_ELF_MALE_YELLOW,Pugnale 2
UI_RACECOLOR_HUMAN_FEMALE_BLACK,Capelli
UI_RACECOLOR_HUMAN_FEMALE_BLUE,Abbigliamento 2
UI_RACECOLOR_HUMAN_FEMALE_CYAN,Spilla
UI_RACECOLOR_HUMAN_FEMALE_GREEN,Abbigliamento 1
UI_RACECOLOR_HUMAN_FEMALE_MAGENTA,Spada
UI_RACECOLOR_HUMAN_FEMALE_RED,Mantello
UI_RACECOLOR_HUMAN_FEMALE_WHITE,Pelle
UI_RACECOLOR_HUMAN_FEMALE_YELLOW,Balestra
UI_RACECOLOR_HUMAN_MALE_BLACK,Capelli
UI_RACECOLOR_HUMAN_MALE_BLUE,Abbigliamento 2
UI_RACECOLOR_HUMAN_MALE_CYAN,Spallaccio
UI_RACECOLOR_HUMAN_MALE_GREEN,Abbigliamento 1
UI_RACECOLOR_HUMAN_MALE_MAGENTA,Spada
UI_RACECOLOR_HUMAN_MALE_RED,Sciarpa
UI_RACECOLOR_HUMAN_MALE_WHITE,Pelle
UI_RACECOLOR_HUMAN_MALE_YELLOW,Balestra
UI_RACECOLOR_MINOTAUR_FEMALE_BLACK,Capelli
UI_RACECOLOR_MINOTAUR_FEMALE_BLUE,Spallaccio
UI_RACECOLOR_MINOTAUR_FEMALE_CYAN,Corna
UI_RACECOLOR_MINOTAUR_FEMALE_GREEN,Abbigliamento
UI_RACECOLOR_MINOTAUR_FEMALE_MAGENTA,Ascia 1
UI_RACECOLOR_MINOTAUR_FEMALE_RED,Sciarpa
UI_RACECOLOR_MINOTAUR_FEMALE_WHITE,Pelliccia
UI_RACECOLOR_MINOTAUR_FEMALE_YELLOW,Ascia 2
UI_RACECOLOR_MINOTAUR_MALE_BLACK,Pelliccia
UI_RACECOLOR_MINOTAUR_MALE_BLUE,Dettagli
UI_RACECOLOR_MINOTAUR_MALE_CYAN,Corna
UI_RACECOLOR_MINOTAUR_MALE_GREEN,Armatura
UI_RACECOLOR_MINOTAUR_MALE_MAGENTA,Ascia 1
UI_RACECOLOR_MINOTAUR_MALE_RED,Mantello
UI_RACECOLOR_MINOTAUR_MALE_WHITE,Pelle
UI_RACECOLOR_MINOTAUR_MALE_YELLOW,Ascia 2
UI_RANDOMRECIPEDIS_ACTIONNAME_0131EB,Conferma
UI_RANDOMRECIPEDIS_ACTIONNAME_03B637,Azione
UI_RANDOMRECIPEDIS_ACTIONNAME_08AAE2,Azione
UI_RANDOMRECIPEDIS_ACTIONNAME_0FC875,Azione
UI_RANDOMRECIPEDIS_ACTIONNAME_2504C1,Azione
UI_RANDOMRECIPEDIS_ACTIONNAME_294AEE,Azione
UI_RANDOMRECIPEDIS_ACTIONNAME_33F839,Azione
UI_RANDOMRECIPEDIS_ACTIONNAME_404490,Annulla
UI_RANDOMRECIPEDIS_ACTIONNAME_43CA26,Azione
UI_RARITY_ANCIENT,Antico
UI_RARITY_COMMON,Comune
UI_RARITY_HEROIC,Eroico
UI_RARITY_MYTHICAL,Mitico
UI_RARITY_RARE,Raro
UI_RARITY_UNCOMMON,Non comune
UI_RECEIVED_GOLD,Oro ricevuto:
UI_RECEIVED_ITEM,Oggetto ricevuto:
UI_RECEIVED_WORKERS,Seguaci ricevuti:
UI_RECEIVED_XP,XP ricevuti:
UI_RECIPE_ALREADY_LEARNED,Ricetta già appresa
UI_RECIPE_DISCOVERY_MIN_INPUTS,Seleziona almeno {0} oggetti da ricetta duplicati
UI_RECIPE_DISCOVERY_NONE_LEFT,Nessuna ricetta da sbloccare.
UI_RECIPE_DISCOVERY_NOT_CRAFTABLE,Quell'oggetto non insegna una ricetta realizzabile
UI_RECIPE_DISCOVERY_NOT_LEARNED,Non hai ancora appreso questa ricetta. Usa invece l'oggetto
UI_RECIPE_DISCOVERY_ONLY_BACKPACK,Si possono selezionare solo oggetti da ricetta dello zaino
UI_RECIPE_DISCOVERY_ONLY_RECIPES,Si possono selezionare solo oggetti da ricetta
UI_RECIPE_DISCOVERY_SELECTION_CHANGED,Selezione cambiata. Scegli di nuovo gli oggetti della ricetta
UI_RECIPE_DISCOVERY_SLOTS_FULL,Tutti gli slot di selezione sono pieni
UI_RECIPE_DISCOVERY_STACK_ALREADY_SELECTED,Quella pila è già selezionata per intero
UI_RECIPE_REQUIRED_3903BF,Richiede un banco da lavoro
UI_REFILL_COMBAT_ITEMS,Riposa presso un falò per ricaricare gli oggetti da combattimento
UI_REQUIRED_ALCHEMYTABLE,Richiede un tavolo d'alchimia
UI_REQUIRED_ATTRIBUTE,Attributo richiesto:
UI_REQUIRED_CAMPFIRE,Richiede un falò
UI_REQUIRED_MYRLL,Richiede Myrll
UI_REQUIRED_PREFIX,Richiesti: 
UI_REQUIRED_RAHANER,Richiede Rahaner
UI_REQUIRED_TAMSIN,Richiede Tamsin
UI_REQUIRED_WOODFIRESTOVE,Richiede una stufa a legna
UI_REQUIRED_WORKBENCH,Richiede un banco da lavoro
UI_RESOURCE_ITEM_33ED87,Pino [1/13]
UI_RESPAWN_CONTROLLER_EMOJIPOWER,per il potere delle emoji
UI_RESPAWN_CONTROLLER_ORHOLD,...o tieni premuto
UI_RESPAWN_CONTROLLER_REVIVELINE_PREFIX,Attendi la rianimazione o tieni premuto  
UI_RESPAWN_CONTROLLER_REVIVELINE_SUFFIX,per rianimarti al punto di passaggio più vicino.
UI_RESPAWN_KEYBOARD_EMOJIPOWER,per il potere delle emoji
UI_RESPAWN_KEYBOARD_ORHOLD,...o tieni premuto
UI_RESPAWN_KEYBOARD_REVIVELINE_PREFIX,Attendi la rianimazione o tieni premuto  
UI_RESPAWN_KEYBOARD_REVIVELINE_SUFFIX,per rianimarti al punto di passaggio più vicino.
UI_RESPEC_ALL,Riassegna tutto:
UI_RESPEC_COST,Costo di riassegnazione:
UI_RESPEC_COST_FREE,1 punto
UI_RUNESET_PIECE_BONUS,{0} - {1} pezzi: {2}
UI_RUNESET_SET_ACTIVE,{0} - Set attivo
UI_SANCTUM_NEW_MEMBER,Un nuovo membro si è unito al Santuario
UI_SAVE_FAILED_EXITING,Salvataggio fallito: ritorno al menu principale per proteggere i tuoi progressi.
UI_SEARCHSETTING_TMP_054F2C,Difficoltà
UI_SEARCHSETTING_TMP_054F2C_10,Nascondi
UI_SEARCHSETTING_TMP_054F2C_11,Difficoltà
UI_SEARCHSETTING_TMP_054F2C_12,Ping
UI_SEARCHSETTING_TMP_054F2C_13,Nascondi
UI_SEARCHSETTING_TMP_054F2C_14,Difficoltà
UI_SEARCHSETTING_TMP_054F2C_15,Ping
UI_SEARCHSETTING_TMP_054F2C_16,Difficoltà
UI_SEARCHSETTING_TMP_054F2C_17,Ping
UI_SEARCHSETTING_TMP_054F2C_18,Difficoltà
UI_SEARCHSETTING_TMP_054F2C_19,Ping
UI_SEARCHSETTING_TMP_054F2C_2,Difficoltà
UI_SEARCHSETTING_TMP_054F2C_20,Difficoltà
UI_SEARCHSETTING_TMP_054F2C_21,Ping
UI_SEARCHSETTING_TMP_054F2C_22,Difficoltà
UI_SEARCHSETTING_TMP_054F2C_23,Ping
UI_SEARCHSETTING_TMP_054F2C_24,Difficoltà
UI_SEARCHSETTING_TMP_054F2C_25,Ping
UI_SEARCHSETTING_TMP_054F2C_26,Difficoltà
UI_SEARCHSETTING_TMP_054F2C_27,Ping
UI_SEARCHSETTING_TMP_054F2C_28,Ping
UI_SEARCHSETTING_TMP_054F2C_29,Ordina per
UI_SEARCHSETTING_TMP_054F2C_3,Ping
UI_SEARCHSETTING_TMP_054F2C_30,Ping
UI_SEARCHSETTING_TMP_054F2C_31,Non mostrare
UI_SEARCHSETTING_TMP_054F2C_4,Nascondi
UI_SEARCHSETTING_TMP_054F2C_5,Difficoltà
UI_SEARCHSETTING_TMP_054F2C_6,Ping
UI_SEARCHSETTING_TMP_054F2C_7,Nascondi
UI_SEARCHSETTING_TMP_054F2C_8,Difficoltà
UI_SEARCHSETTING_TMP_054F2C_9,Ping
UI_SEARCHSETTING_TMP_1_033857,Mostra solo
UI_SEARCHSETTING_TMP_1_033857_2,Non mostrare
UI_SEARCHSETTING_TMP_15C37C,Server pieni
UI_SEARCHSETTING_TMP_1FF7FC,Solo nuovi personaggi
UI_SEARCHSETTING_TMP_24C0DD,Già giocato
UI_SEARCHSETTING_TMP_24C0DD_16,Con il personaggio
UI_SEARCHSETTING_TMP_24C0DD_2,Già giocato
UI_SEARCHSETTING_TMP_24C0DD_3,Già giocato
UI_SEARCHSETTING_TMP_24C0DD_4,Già giocato
UI_SEARCHSETTING_TMP_24C0DD_5,Già giocato
UI_SEARCHSETTING_TMP_24C0DD_6,Già giocato
UI_SEARCHSETTING_TMP_24C0DD_7,Già giocato
UI_SEARCHSETTING_TMP_24C0DD_8,Già giocato
UI_SEARCHSETTING_TMP_24C0DD_9,Con il personaggio
UI_SEARCHSETTING_TMP_28D799,Bottino personale
UI_SEARCHSETTING_TMP_4753AE,Server vuoti
UI_SEARCHSETTING_TMP_5242C6,Fuoco amico
UI_SEARCHSETTING_TMP_726171,Protetta da password
UI_SEARCHSETTING_TMP_726171_16,Protetta da password
UI_SEARCHSETTING_TMP_726171_2,Protetta da password
UI_SEARCHSETTING_TMP_726171_3,Protetta da password
UI_SEARCHSETTING_TMP_726171_4,Protetta da password
UI_SEARCHSETTING_TMP_726171_5,Protetta da password
UI_SEARCHSETTING_TMP_726171_6,Protetta da password
UI_SEARCHSETTING_TMP_726171_7,Protetta da password
UI_SEARCHSETTING_TMP_726171_8,Protetta da password
UI_SEARCHSETTING_TMP_726171_9,Protetta da password
UI_SEARCHSETTING_TMP_76E8F3,Amici online
UI_SEARCHSETTING_TMP_76E8F3_16,Con gli amici
UI_SEARCHSETTING_TMP_76E8F3_2,Amici online
UI_SEARCHSETTING_TMP_76E8F3_3,Amici online
UI_SEARCHSETTING_TMP_76E8F3_4,Amici online
UI_SEARCHSETTING_TMP_76E8F3_5,Amici online
UI_SEARCHSETTING_TMP_76E8F3_6,Amici online
UI_SEARCHSETTING_TMP_76E8F3_7,Amici online
UI_SEARCHSETTING_TMP_76E8F3_8,Amici online
UI_SEARCHSETTING_TMP_76E8F3_9,Con gli amici
UI_SELL,Vendi
UI_SEND_TO_PET,Invia al compagno
UI_SERVERENTRIES_DIFFICULTY_3BAA85,Moderato
UI_SERVERLISTROW_NAME_6918E7,Thelongestnamee
UI_SERVERLISTROW_PARTYNAME_2AC006,Nome del gruppo
UI_SETTINGS,Impostazioni
UI_SETTINGS_BANNED_PLAYERS,Giocatori banditi: {0}
UI_SETTINGS_ENABLE_CHAT,Attiva la chat
UI_SETTINGS_LEGACY_CAMERA,Telecamera classica (Dev)
UI_SETTINGS_NEW_CHARACTERS_ONLY_DISABLE_CONFIRM,Questa impostazione non può essere riattivata una volta disattivata. Vuoi continuare?
UI_SETTINGS_REDUCE_MOTION,Riduci il movimento
UI_SETTINGS_SHARE_MAP_FRAGMENTS,Condividi i frammenti di mappa
UI_SETTINGS_SHARE_WAYGATE_UNLOCKS,Condividi i Varchi sbloccati
UI_SETTINGS_SHOW_QUEST_ARROWS,Mostra le frecce delle missioni
UI_SETTINGS_SHOW_SPELL_INDICATORS_DURING_CAST,Mostra gli indicatori durante il lancio
UI_SETTINGS_WORLD_DIFFICULTY,Difficoltà del mondo
UI_SETTINGSSCREEN_ACTIONNAME_217C2B,Tieni premuto per azzerare i comandi
UI_SETTINGSSCREEN_ACTIONNAME_3893B3,Azione
UI_SETTINGSSCREEN_ACTIONNAME_3C6C12,Scegli
UI_SETTINGSSCREEN_ACTIONNAME_4EF50A,Azione
UI_SETTINGSSCREEN_ACTIONNAME_55892C,Indietro
UI_SETTINGSSCREEN_MANAGEBANS,Gestisci i bandi
UI_SETTINGSSCREEN_MANAGEBANS_GAMEPLAY,Gestisci i bandi
UI_SETTINGSSCREEN_MULTIPLAYER_HEADER,Impostazioni multigiocatore
UI_SETTINGSSCREEN_NAME_1F6D2D,Nascondi i nomi dei giocatori
UI_SETTINGSSCREEN_NAME_6E8573,Apertura automatica delle porte
UI_SETTINGSSCREEN_SCREENSHAKE,Scuotimento dello schermo
UI_SETTINGSSCREEN_STEAMBINDINGS_CANCEL,Non l'ho fatto
UI_SETTINGSSCREEN_STEAMBINDINGS_CONFIRM,L'ho fatto
UI_SETTINGSSCREEN_STEAMBINDINGS_MESSAGE,Per usare questa funzione devi assegnare i tasti posteriori dello Steam Deck da F5 a F8
UI_SETTINGSUI_BANDATE_7E663B,01/12/26
UI_SETTINGSUI_MANAGEBANS,Gestisci i bandi
UI_SETTINGSUI_MULTIPLAYER_HEADER,Impostazioni multigiocatore
UI_SETTINGSUI_PLAYERNAME_483E58,Viakaros
UI_SETTINGSUI_STEAMBINDINGS_CANCEL,Non l'ho fatto
UI_SETTINGSUI_STEAMBINDINGS_CONFIRM,L'ho fatto
UI_SETTINGSUI_STEAMBINDINGS_MESSAGE,Per usare questa funzione devi assegnare i tasti posteriori dello Steam Deck da F5 a F8
UI_SHOP,Negozio
UI_SHOP_BUY,Compra
UI_SHOP_BUYBACK_ACTION,Riacquista
UI_SHOP_SELL,Vendi
UI_SHOP_TAB_BUYBACK,Riacquista
UI_SHOP_TAB_MATERIAL,Material
UI_SHOP_TAB_SHOP,Negozio
UI_SHOPITEM_ITEM_6A0BC1,Fiori e ghiande
UI_SKILLS,Abilità
UI_SKILLTREE_MENUHEADER,Albero delle abilità
UI_SKILLTREE_NO_MATCHES,Nessun risultato
UI_SKILLTREEUI_SKILLPOINTS_000986,0/3
UI_SKILLTREEUI_SKILLPOINTS_002F55,0/3
UI_SKILLTREEUI_SKILLPOINTS_004E98,0/3
UI_SKILLTREEUI_SKILLPOINTS_005698,0/3
UI_SKILLTREEUI_SKILLPOINTS_006285,0/3
UI_SKILLTREEUI_SKILLPOINTS_0074CC,0/3
UI_SKILLTREEUI_SKILLPOINTS_007A93,0/3
UI_SKILLTREEUI_SKILLPOINTS_00BB66,0/3
UI_SKILLTREEUI_SKILLPOINTS_00BCBE,0/3
UI_SKILLTREEUI_SKILLPOINTS_00C5DA,0/3
UI_SKILLTREEUI_SKILLPOINTS_00D044,0/3
UI_SKILLTREEUI_SKILLPOINTS_00E771,0/3
UI_SKILLTREEUI_SKILLPOINTS_00EB5E,0/3
UI_SKILLTREEUI_SKILLPOINTS_00F432,0/3
UI_SKILLTREEUI_SKILLPOINTS_010AC7,0/3
UI_SKILLTREEUI_SKILLPOINTS_011381,0/3
UI_SKILLTREEUI_SKILLPOINTS_011DCB,0/3
UI_SKILLTREEUI_SKILLPOINTS_0123A4,0/3
UI_SKILLTREEUI_SKILLPOINTS_012792,0/3
UI_SKILLTREEUI_SKILLPOINTS_0127CA,0/3
UI_SKILLTREEUI_SKILLPOINTS_014972,0/3
UI_SKILLTREEUI_SKILLPOINTS_016F43,0/3
UI_SKILLTREEUI_SKILLPOINTS_018B2A,0/3
UI_SKILLTREEUI_SKILLPOINTS_019021,0/3
UI_SKILLTREEUI_SKILLPOINTS_019C27,0/3
UI_SKILLTREEUI_SKILLPOINTS_01AE2B,0/3
UI_SKILLTREEUI_SKILLPOINTS_01D0D7,0/3
UI_SKILLTREEUI_SKILLPOINTS_01D912,0/3
UI_SKILLTREEUI_SKILLPOINTS_01E6DB,0/3
UI_SKILLTREEUI_SKILLPOINTS_01EE71,0/3
UI_SKILLTREEUI_SKILLPOINTS_01F250,0/3
UI_SKILLTREEUI_SKILLPOINTS_01F584,0/3
UI_SKILLTREEUI_SKILLPOINTS_01F768,0/3
UI_SKILLTREEUI_SKILLPOINTS_01F7F0,0/3
UI_SKILLTREEUI_SKILLPOINTS_02193C,0/3
UI_SKILLTREEUI_SKILLPOINTS_022733,0/3
UI_SKILLTREEUI_SKILLPOINTS_0231F1,0/3
UI_SKILLTREEUI_SKILLPOINTS_024299,0/3
UI_SKILLTREEUI_SKILLPOINTS_024365,0/3
UI_SKILLTREEUI_SKILLPOINTS_02654E,0/3
UI_SKILLTREEUI_SKILLPOINTS_02750E,0/3
UI_SKILLTREEUI_SKILLPOINTS_027E3C,0/3
UI_SKILLTREEUI_SKILLPOINTS_0280FA,0/3
UI_SKILLTREEUI_SKILLPOINTS_028E9A,0/3
UI_SKILLTREEUI_SKILLPOINTS_0296A5,0/3
UI_SKILLTREEUI_SKILLPOINTS_02C06D,0/3
UI_SKILLTREEUI_SKILLPOINTS_02C094,0/3
UI_SKILLTREEUI_SKILLPOINTS_02C724,0/3
UI_SKILLTREEUI_SKILLPOINTS_02D9A3,0/3
UI_SKILLTREEUI_SKILLPOINTS_02F284,0/3
UI_SKILLTREEUI_SKILLPOINTS_02F4A1,0/3
UI_SKILLTREEUI_SKILLPOINTS_02FE74,0/3
UI_SKILLTREEUI_SKILLPOINTS_0301B3,0/3
UI_SKILLTREEUI_SKILLPOINTS_0317D1,0/3
UI_SKILLTREEUI_SKILLPOINTS_0355C9,0/3
UI_SKILLTREEUI_SKILLPOINTS_035845,0/3
UI_SKILLTREEUI_SKILLPOINTS_035EB8,0/3
UI_SKILLTREEUI_SKILLPOINTS_036879,0/3
UI_SKILLTREEUI_SKILLPOINTS_037999,0/3
UI_SKILLTREEUI_SKILLPOINTS_037E99,0/3
UI_SKILLTREEUI_SKILLPOINTS_038253,0/3
UI_SKILLTREEUI_SKILLPOINTS_0386E2,0/3
UI_SKILLTREEUI_SKILLPOINTS_0395D2,0/3
UI_SKILLTREEUI_SKILLPOINTS_03A28B,0/3
UI_SKILLTREEUI_SKILLPOINTS_03B704,0/3
UI_SKILLTREEUI_SKILLPOINTS_03CB0D,0/3
UI_SKILLTREEUI_SKILLPOINTS_03CC03,0/3
UI_SKILLTREEUI_SKILLPOINTS_03EE6F,0/3
UI_SKILLTREEUI_SKILLPOINTS_03F01D,0/3
UI_SKILLTREEUI_SKILLPOINTS_04471C,0/3
UI_SKILLTREEUI_SKILLPOINTS_044989,0/3
UI_SKILLTREEUI_SKILLPOINTS_046303,0/3
UI_SKILLTREEUI_SKILLPOINTS_04743E,0/3
UI_SKILLTREEUI_SKILLPOINTS_0474F3,0/3
UI_SKILLTREEUI_SKILLPOINTS_04789C,0/3
UI_SKILLTREEUI_SKILLPOINTS_047E1D,0/3
UI_SKILLTREEUI_SKILLPOINTS_049AD1,0/3
UI_SKILLTREEUI_SKILLPOINTS_049B1D,0/3
UI_SKILLTREEUI_SKILLPOINTS_04BB8F,0/3
UI_SKILLTREEUI_SKILLPOINTS_04BEF7,0/3
UI_SKILLTREEUI_SKILLPOINTS_04C920,0/3
UI_SKILLTREEUI_SKILLPOINTS_04E5D7,0/3
UI_SKILLTREEUI_SKILLPOINTS_04F04D,0/3
UI_SKILLTREEUI_SKILLPOINTS_04F514,0/3
UI_SKILLTREEUI_SKILLPOINTS_04F880,0/3
UI_SKILLTREEUI_SKILLPOINTS_04FFF0,0/3
UI_SKILLTREEUI_SKILLPOINTS_050353,0/3
UI_SKILLTREEUI_SKILLPOINTS_05206C,0/3
UI_SKILLTREEUI_SKILLPOINTS_05406E,0/3
UI_SKILLTREEUI_SKILLPOINTS_0543C0,0/3
UI_SKILLTREEUI_SKILLPOINTS_054E60,0/3
UI_SKILLTREEUI_SKILLPOINTS_0552B0,0/3
UI_SKILLTREEUI_SKILLPOINTS_055B7D,0/3
UI_SKILLTREEUI_SKILLPOINTS_0570A3,0/3
UI_SKILLTREEUI_SKILLPOINTS_057568,0/3
UI_SKILLTREEUI_SKILLPOINTS_05772D,0/3
UI_SKILLTREEUI_SKILLPOINTS_05991B,0/3
UI_SKILLTREEUI_SKILLPOINTS_05A96E,0/3
UI_SKILLTREEUI_SKILLPOINTS_05BAF8,0/3
UI_SKILLTREEUI_SKILLPOINTS_05D369,0/3
UI_SKILLTREEUI_SKILLPOINTS_05EFCF,0/3
UI_SKILLTREEUI_SKILLPOINTS_05F859,0/3
UI_SKILLTREEUI_SKILLPOINTS_061583,0/3
UI_SKILLTREEUI_SKILLPOINTS_061CF3,0/3
UI_SKILLTREEUI_SKILLPOINTS_062B35,0/3
UI_SKILLTREEUI_SKILLPOINTS_062F28,0/3
UI_SKILLTREEUI_SKILLPOINTS_0655D4,0/3
UI_SKILLTREEUI_SKILLPOINTS_0657A8,0/3
UI_SKILLTREEUI_SKILLPOINTS_06789B,0/3
UI_SKILLTREEUI_SKILLPOINTS_067FE8,0/3
UI_SKILLTREEUI_SKILLPOINTS_0683A9,0/3
UI_SKILLTREEUI_SKILLPOINTS_06871A,0/3
UI_SKILLTREEUI_SKILLPOINTS_0688BA,0/3
UI_SKILLTREEUI_SKILLPOINTS_06AA23,0/3
UI_SKILLTREEUI_SKILLPOINTS_06ABAB,0/3
UI_SKILLTREEUI_SKILLPOINTS_06C320,0/3
UI_SKILLTREEUI_SKILLPOINTS_06CADD,0/3
UI_SKILLTREEUI_SKILLPOINTS_06D8CA,0/3
UI_SKILLTREEUI_SKILLPOINTS_06E4F2,0/3
UI_SKILLTREEUI_SKILLPOINTS_06E97D,0/3
UI_SKILLTREEUI_SKILLPOINTS_06F740,0/3
UI_SKILLTREEUI_SKILLPOINTS_070B36,0/3
UI_SKILLTREEUI_SKILLPOINTS_071C24,0/3
UI_SKILLTREEUI_SKILLPOINTS_072262,0/3
UI_SKILLTREEUI_SKILLPOINTS_075A7D,0/3
UI_SKILLTREEUI_SKILLPOINTS_076127,0/3
UI_SKILLTREEUI_SKILLPOINTS_077E1A,0/3
UI_SKILLTREEUI_SKILLPOINTS_079D87,0/3
UI_SKILLTREEUI_SKILLPOINTS_07BD23,0/3
UI_SKILLTREEUI_SKILLPOINTS_07C94E,0/3
UI_SKILLTREEUI_SKILLPOINTS_07D7C2,0/3
UI_SKILLTREEUI_SKILLPOINTS_07E67A,0/3
UI_SKILLTREEUI_SKILLPOINTS_0802F8,0/3
UI_SKILLTREEUI_SKILLPOINTS_082231,0/3
UI_SKILLTREEUI_SKILLPOINTS_082B2C,0/3
UI_SKILLTREEUI_SKILLPOINTS_0835E9,0/3
UI_SKILLTREEUI_SKILLPOINTS_083862,0/3
UI_SKILLTREEUI_SKILLPOINTS_083FD7,0/3
UI_SKILLTREEUI_SKILLPOINTS_08493F,0/3
UI_SKILLTREEUI_SKILLPOINTS_0852D6,0/3
UI_SKILLTREEUI_SKILLPOINTS_08586C,0/3
UI_SKILLTREEUI_SKILLPOINTS_086AEE,0/3
UI_SKILLTREEUI_SKILLPOINTS_08714F,0/3
UI_SKILLTREEUI_SKILLPOINTS_08746F,0/3
UI_SKILLTREEUI_SKILLPOINTS_088F7B,0/3
UI_SKILLTREEUI_SKILLPOINTS_089187,0/3
UI_SKILLTREEUI_SKILLPOINTS_0892E0,0/3
UI_SKILLTREEUI_SKILLPOINTS_08969A,0/3
UI_SKILLTREEUI_SKILLPOINTS_089ADF,0/3
UI_SKILLTREEUI_SKILLPOINTS_089D9E,0/3
UI_SKILLTREEUI_SKILLPOINTS_08B826,0/3
UI_SKILLTREEUI_SKILLPOINTS_08BC08,0/3
UI_SKILLTREEUI_SKILLPOINTS_093A3D,0/3
UI_SKILLTREEUI_SKILLPOINTS_094724,0/3
UI_SKILLTREEUI_SKILLPOINTS_095875,0/3
UI_SKILLTREEUI_SKILLPOINTS_0961EB,0/3
UI_SKILLTREEUI_SKILLPOINTS_0965A0,0/3
UI_SKILLTREEUI_SKILLPOINTS_097DC4,0/3
UI_SKILLTREEUI_SKILLPOINTS_0985D7,0/3
UI_SKILLTREEUI_SKILLPOINTS_098E7E,0/3
UI_SKILLTREEUI_SKILLPOINTS_099249,0/3
UI_SKILLTREEUI_SKILLPOINTS_09BBEE,0/3
UI_SKILLTREEUI_SKILLPOINTS_09C36C,0/3
UI_SKILLTREEUI_SKILLPOINTS_09CC2F,0/3
UI_SKILLTREEUI_SKILLPOINTS_09D796,0/3
UI_SKILLTREEUI_SKILLPOINTS_09EA97,0/3
UI_SKILLTREEUI_SKILLPOINTS_09F03B,0/3
UI_SKILLTREEUI_SKILLPOINTS_09F395,0/3
UI_SKILLTREEUI_SKILLPOINTS_09F635,0/3
UI_SKILLTREEUI_SKILLPOINTS_09F953,0/3
UI_SKILLTREEUI_SKILLPOINTS_0A01BF,0/3
UI_SKILLTREEUI_SKILLPOINTS_0A0943,0/3
UI_SKILLTREEUI_SKILLPOINTS_0A1266,0/3
UI_SKILLTREEUI_SKILLPOINTS_0A1347,0/3
UI_SKILLTREEUI_SKILLPOINTS_0A2498,0/3
UI_SKILLTREEUI_SKILLPOINTS_0A292F,0/3
UI_SKILLTREEUI_SKILLPOINTS_0A31B9,0/3
UI_SKILLTREEUI_SKILLPOINTS_0A38D0,0/3
UI_SKILLTREEUI_SKILLPOINTS_0A520B,0/3
UI_SKILLTREEUI_SKILLPOINTS_0A590B,0/3
UI_SKILLTREEUI_SKILLPOINTS_0A6015,0/3
UI_SKILLTREEUI_SKILLPOINTS_0A73A1,0/3
UI_SKILLTREEUI_SKILLPOINTS_0A8516,0/3
UI_SKILLTREEUI_SKILLPOINTS_0AA49F,0/3
UI_SKILLTREEUI_SKILLPOINTS_0AB606,0/3
UI_SKILLTREEUI_SKILLPOINTS_0AB947,0/3
UI_SKILLTREEUI_SKILLPOINTS_0ABA0C,0/3
UI_SKILLTREEUI_SKILLPOINTS_0AC648,0/3
UI_SKILLTREEUI_SKILLPOINTS_0AC875,0/3
UI_SKILLTREEUI_SKILLPOINTS_0AD3D0,0/3
UI_SKILLTREEUI_SKILLPOINTS_0AD62F,0/3
UI_SKILLTREEUI_SKILLPOINTS_0AD923,0/3
UI_SKILLTREEUI_SKILLPOINTS_0AE108,0/3
UI_SKILLTREEUI_SKILLPOINTS_0AE5CB,0/3
UI_SKILLTREEUI_SKILLPOINTS_0AF45A,0/3
UI_SKILLTREEUI_SKILLPOINTS_0AFAFC,0/3
UI_SKILLTREEUI_SKILLPOINTS_0AFC02,0/3
UI_SKILLTREEUI_SKILLPOINTS_0B0586,0/3
UI_SKILLTREEUI_SKILLPOINTS_0B15AA,0/3
UI_SKILLTREEUI_SKILLPOINTS_0B1F97,0/3
UI_SKILLTREEUI_SKILLPOINTS_0B28EC,0/3
UI_SKILLTREEUI_SKILLPOINTS_0B3215,0/3
UI_SKILLTREEUI_SKILLPOINTS_0B4976,0/3
UI_SKILLTREEUI_SKILLPOINTS_0B4AE4,0/3
UI_SKILLTREEUI_SKILLPOINTS_0B6EBC,0/3
UI_SKILLTREEUI_SKILLPOINTS_0B74FA,0/3
UI_SKILLTREEUI_SKILLPOINTS_0B7575,0/3
UI_SKILLTREEUI_SKILLPOINTS_0B9294,0/3
UI_SKILLTREEUI_SKILLPOINTS_0BA125,0/3
UI_SKILLTREEUI_SKILLPOINTS_0BA913,0/3
UI_SKILLTREEUI_SKILLPOINTS_0BA9AB,0/3
UI_SKILLTREEUI_SKILLPOINTS_0BC405,0/3
UI_SKILLTREEUI_SKILLPOINTS_0BD5B8,0/3
UI_SKILLTREEUI_SKILLPOINTS_0BD803,0/3
UI_SKILLTREEUI_SKILLPOINTS_0BE2C5,0/3
UI_SKILLTREEUI_SKILLPOINTS_0BF2EE,0/3
UI_SKILLTREEUI_SKILLPOINTS_0BF342,0/3
UI_SKILLTREEUI_SKILLPOINTS_0BF7E3,0/3
UI_SKILLTREEUI_SKILLPOINTS_0C0CC3,0/3
UI_SKILLTREEUI_SKILLPOINTS_0C14E8,0/3
UI_SKILLTREEUI_SKILLPOINTS_0C2A8E,0/3
UI_SKILLTREEUI_SKILLPOINTS_0C2BC0,0/3
UI_SKILLTREEUI_SKILLPOINTS_0C3D20,0/3
UI_SKILLTREEUI_SKILLPOINTS_0C5BA7,0/3
UI_SKILLTREEUI_SKILLPOINTS_0C5F48,0/3
UI_SKILLTREEUI_SKILLPOINTS_0C93A7,0/3
UI_SKILLTREEUI_SKILLPOINTS_0C9490,0/3
UI_SKILLTREEUI_SKILLPOINTS_0CAB04,0/3
UI_SKILLTREEUI_SKILLPOINTS_0CAC06,0/3
UI_SKILLTREEUI_SKILLPOINTS_0CAE72,0/3
UI_SKILLTREEUI_SKILLPOINTS_0CBC4E,0/3
UI_SKILLTREEUI_SKILLPOINTS_0CD1F4,0/3
UI_SKILLTREEUI_SKILLPOINTS_0CDE39,0/3
UI_SKILLTREEUI_SKILLPOINTS_0CECF2,0/3
UI_SKILLTREEUI_SKILLPOINTS_0D002E,0/3
UI_SKILLTREEUI_SKILLPOINTS_0D0417,0/3
UI_SKILLTREEUI_SKILLPOINTS_0D1313,0/3
UI_SKILLTREEUI_SKILLPOINTS_0D28A0,0/3
UI_SKILLTREEUI_SKILLPOINTS_0D2F8A,0/3
UI_SKILLTREEUI_SKILLPOINTS_0D4558,0/3
UI_SKILLTREEUI_SKILLPOINTS_0D6098,0/3
UI_SKILLTREEUI_SKILLPOINTS_0D732A,0/3
UI_SKILLTREEUI_SKILLPOINTS_0D7CBB,0/3
UI_SKILLTREEUI_SKILLPOINTS_0D8131,0/3
UI_SKILLTREEUI_SKILLPOINTS_0D8A5B,0/3
UI_SKILLTREEUI_SKILLPOINTS_0D8BC2,0/3
UI_SKILLTREEUI_SKILLPOINTS_0D8D5A,0/3
UI_SKILLTREEUI_SKILLPOINTS_0D917A,0/3
UI_SKILLTREEUI_SKILLPOINTS_0D930C,0/3
UI_SKILLTREEUI_SKILLPOINTS_0D9F69,0/3
UI_SKILLTREEUI_SKILLPOINTS_0DC610,0/3
UI_SKILLTREEUI_SKILLPOINTS_0DEC6A,0/3
UI_SKILLTREEUI_SKILLPOINTS_0E1A15,0/3
UI_SKILLTREEUI_SKILLPOINTS_0E215E,0/3
UI_SKILLTREEUI_SKILLPOINTS_0E27D8,0/3
UI_SKILLTREEUI_SKILLPOINTS_0E290B,0/3
UI_SKILLTREEUI_SKILLPOINTS_0E3443,0/3
UI_SKILLTREEUI_SKILLPOINTS_0E3447,0/3
UI_SKILLTREEUI_SKILLPOINTS_0E411F,0/3
UI_SKILLTREEUI_SKILLPOINTS_0E434E,0/3
UI_SKILLTREEUI_SKILLPOINTS_0E491D,0/3
UI_SKILLTREEUI_SKILLPOINTS_0E6DCD,0/3
UI_SKILLTREEUI_SKILLPOINTS_0E746B,0/3
UI_SKILLTREEUI_SKILLPOINTS_0E7AA3,0/3
UI_SKILLTREEUI_SKILLPOINTS_0E7B62,0/3
UI_SKILLTREEUI_SKILLPOINTS_0EAEAA,0/3
UI_SKILLTREEUI_SKILLPOINTS_0EB563,0/3
UI_SKILLTREEUI_SKILLPOINTS_0EB662,0/3
UI_SKILLTREEUI_SKILLPOINTS_0EB6A9,0/3
UI_SKILLTREEUI_SKILLPOINTS_0EC001,0/3
UI_SKILLTREEUI_SKILLPOINTS_0EC125,0/3
UI_SKILLTREEUI_SKILLPOINTS_0EC15E,0/3
UI_SKILLTREEUI_SKILLPOINTS_0EE6F7,0/3
UI_SKILLTREEUI_SKILLPOINTS_0EEFF0,0/3
UI_SKILLTREEUI_SKILLPOINTS_0EFBAF,0/3
UI_SKILLTREEUI_SKILLPOINTS_0F14C5,0/3
UI_SKILLTREEUI_SKILLPOINTS_0F2421,0/3
UI_SKILLTREEUI_SKILLPOINTS_0F2757,0/3
UI_SKILLTREEUI_SKILLPOINTS_0F2DB4,0/3
UI_SKILLTREEUI_SKILLPOINTS_0F3609,0/3
UI_SKILLTREEUI_SKILLPOINTS_0F47C5,0/3
UI_SKILLTREEUI_SKILLPOINTS_0F6A50,0/3
UI_SKILLTREEUI_SKILLPOINTS_0F7399,0/3
UI_SKILLTREEUI_SKILLPOINTS_0F7F36,0/3
UI_SKILLTREEUI_SKILLPOINTS_0F87EF,0/3
UI_SKILLTREEUI_SKILLPOINTS_0F89A9,0/3
UI_SKILLTREEUI_SKILLPOINTS_0FAF32,0/3
UI_SKILLTREEUI_SKILLPOINTS_0FAFCB,0/3
UI_SKILLTREEUI_SKILLPOINTS_0FBB38,0/3
UI_SKILLTREEUI_SKILLPOINTS_0FF6D5,0/3
UI_SKILLTREEUI_SKILLPOINTS_101DD3,0/3
UI_SKILLTREEUI_SKILLPOINTS_102765,0/3
UI_SKILLTREEUI_SKILLPOINTS_102835,0/3
UI_SKILLTREEUI_SKILLPOINTS_104E71,0/3
UI_SKILLTREEUI_SKILLPOINTS_10580F,0/3
UI_SKILLTREEUI_SKILLPOINTS_107479,0/3
UI_SKILLTREEUI_SKILLPOINTS_107D17,0/3
UI_SKILLTREEUI_SKILLPOINTS_1099D1,0/3
UI_SKILLTREEUI_SKILLPOINTS_10A625,0/3
UI_SKILLTREEUI_SKILLPOINTS_10B54D,0/3
UI_SKILLTREEUI_SKILLPOINTS_10DA30,0/3
UI_SKILLTREEUI_SKILLPOINTS_10E00C,0/3
UI_SKILLTREEUI_SKILLPOINTS_10F37B,0/3
UI_SKILLTREEUI_SKILLPOINTS_112522,0/3
UI_SKILLTREEUI_SKILLPOINTS_11259E,0/3
UI_SKILLTREEUI_SKILLPOINTS_1128C2,0/3
UI_SKILLTREEUI_SKILLPOINTS_1142FB,0/3
UI_SKILLTREEUI_SKILLPOINTS_11631B,0/3
UI_SKILLTREEUI_SKILLPOINTS_1167AF,0/3
UI_SKILLTREEUI_SKILLPOINTS_116949,0/3
UI_SKILLTREEUI_SKILLPOINTS_1172A4,0/3
UI_SKILLTREEUI_SKILLPOINTS_11ABE5,0/3
UI_SKILLTREEUI_SKILLPOINTS_11ADE8,0/3
UI_SKILLTREEUI_SKILLPOINTS_11B502,0/3
UI_SKILLTREEUI_SKILLPOINTS_11BF74,0/3
UI_SKILLTREEUI_SKILLPOINTS_11D3C9,0/3
UI_SKILLTREEUI_SKILLPOINTS_11D619,0/3
UI_SKILLTREEUI_SKILLPOINTS_11D913,0/3
UI_SKILLTREEUI_SKILLPOINTS_11DA16,0/3
UI_SKILLTREEUI_SKILLPOINTS_11E58A,0/3
UI_SKILLTREEUI_SKILLPOINTS_11F180,0/3
UI_SKILLTREEUI_SKILLPOINTS_11FF6A,0/3
UI_SKILLTREEUI_SKILLPOINTS_120704,0/3
UI_SKILLTREEUI_SKILLPOINTS_1208E8,0/3
UI_SKILLTREEUI_SKILLPOINTS_120A19,0/3
UI_SKILLTREEUI_SKILLPOINTS_1210D0,0/3
UI_SKILLTREEUI_SKILLPOINTS_1226B4,0/3
UI_SKILLTREEUI_SKILLPOINTS_1228ED,0/3
UI_SKILLTREEUI_SKILLPOINTS_122985,0/3
UI_SKILLTREEUI_SKILLPOINTS_1231C2,0/3
UI_SKILLTREEUI_SKILLPOINTS_124A3D,0/3
UI_SKILLTREEUI_SKILLPOINTS_124AFF,0/3
UI_SKILLTREEUI_SKILLPOINTS_129AB5,0/3
UI_SKILLTREEUI_SKILLPOINTS_12ABFD,0/3
UI_SKILLTREEUI_SKILLPOINTS_12C557,0/3
UI_SKILLTREEUI_SKILLPOINTS_12D26E,0/3
UI_SKILLTREEUI_SKILLPOINTS_12D609,0/3
UI_SKILLTREEUI_SKILLPOINTS_12DFE2,0/3
UI_SKILLTREEUI_SKILLPOINTS_12E0BC,0/3
UI_SKILLTREEUI_SKILLPOINTS_12FC3D,0/3
UI_SKILLTREEUI_SKILLPOINTS_12FE2F,0/3
UI_SKILLTREEUI_SKILLPOINTS_1309D7,0/3
UI_SKILLTREEUI_SKILLPOINTS_13123E,0/3
UI_SKILLTREEUI_SKILLPOINTS_131B8C,0/3
UI_SKILLTREEUI_SKILLPOINTS_132267,0/3
UI_SKILLTREEUI_SKILLPOINTS_13236C,0/3
UI_SKILLTREEUI_SKILLPOINTS_134A7B,0/3
UI_SKILLTREEUI_SKILLPOINTS_134B43,0/3
UI_SKILLTREEUI_SKILLPOINTS_134C37,0/3
UI_SKILLTREEUI_SKILLPOINTS_135045,0/3
UI_SKILLTREEUI_SKILLPOINTS_13569E,0/3
UI_SKILLTREEUI_SKILLPOINTS_1358D1,0/3
UI_SKILLTREEUI_SKILLPOINTS_13618B,0/3
UI_SKILLTREEUI_SKILLPOINTS_1365B9,0/3
UI_SKILLTREEUI_SKILLPOINTS_137543,0/3
UI_SKILLTREEUI_SKILLPOINTS_1380DD,0/3
UI_SKILLTREEUI_SKILLPOINTS_1382CB,0/3
UI_SKILLTREEUI_SKILLPOINTS_138784,0/3
UI_SKILLTREEUI_SKILLPOINTS_138FCC,0/3
UI_SKILLTREEUI_SKILLPOINTS_139B9D,0/3
UI_SKILLTREEUI_SKILLPOINTS_13A427,0/3
UI_SKILLTREEUI_SKILLPOINTS_13A51F,0/3
UI_SKILLTREEUI_SKILLPOINTS_13B5F6,0/3
UI_SKILLTREEUI_SKILLPOINTS_13C3FD,0/3
UI_SKILLTREEUI_SKILLPOINTS_13D2E5,0/3
UI_SKILLTREEUI_SKILLPOINTS_13E82C,0/3
UI_SKILLTREEUI_SKILLPOINTS_14039C,0/3
UI_SKILLTREEUI_SKILLPOINTS_141498,0/3
UI_SKILLTREEUI_SKILLPOINTS_1445B9,0/3
UI_SKILLTREEUI_SKILLPOINTS_144848,0/3
UI_SKILLTREEUI_SKILLPOINTS_144852,0/3
UI_SKILLTREEUI_SKILLPOINTS_146156,0/3
UI_SKILLTREEUI_SKILLPOINTS_146483,0/3
UI_SKILLTREEUI_SKILLPOINTS_1473E9,0/3
UI_SKILLTREEUI_SKILLPOINTS_147B65,0/3
UI_SKILLTREEUI_SKILLPOINTS_1485A7,0/3
UI_SKILLTREEUI_SKILLPOINTS_148D50,0/3
UI_SKILLTREEUI_SKILLPOINTS_14921B,0/3
UI_SKILLTREEUI_SKILLPOINTS_149ED3,0/3
UI_SKILLTREEUI_SKILLPOINTS_14A3F1,0/3
UI_SKILLTREEUI_SKILLPOINTS_14ABE0,0/3
UI_SKILLTREEUI_SKILLPOINTS_14B1D3,0/3
UI_SKILLTREEUI_SKILLPOINTS_14D8B2,0/3
UI_SKILLTREEUI_SKILLPOINTS_14DEDE,0/3
UI_SKILLTREEUI_SKILLPOINTS_14E6E6,0/3
UI_SKILLTREEUI_SKILLPOINTS_14E9ED,0/3
UI_SKILLTREEUI_SKILLPOINTS_14EF70,0/3
UI_SKILLTREEUI_SKILLPOINTS_14F6BF,0/3
UI_SKILLTREEUI_SKILLPOINTS_151E36,0/3
UI_SKILLTREEUI_SKILLPOINTS_1534CC,0/3
UI_SKILLTREEUI_SKILLPOINTS_15533F,0/3
UI_SKILLTREEUI_SKILLPOINTS_1573D9,0/3
UI_SKILLTREEUI_SKILLPOINTS_1584C6,0/3
UI_SKILLTREEUI_SKILLPOINTS_1590EE,0/3
UI_SKILLTREEUI_SKILLPOINTS_159468,0/3
UI_SKILLTREEUI_SKILLPOINTS_1596C6,0/3
UI_SKILLTREEUI_SKILLPOINTS_15A9BE,0/3
UI_SKILLTREEUI_SKILLPOINTS_15C8C5,0/3
UI_SKILLTREEUI_SKILLPOINTS_15CE3C,0/3
UI_SKILLTREEUI_SKILLPOINTS_15D7C4,0/3
UI_SKILLTREEUI_SKILLPOINTS_15E077,0/3
UI_SKILLTREEUI_SKILLPOINTS_15E3F4,0/3
UI_SKILLTREEUI_SKILLPOINTS_15F192,0/3
UI_SKILLTREEUI_SKILLPOINTS_15FC74,0/3
UI_SKILLTREEUI_SKILLPOINTS_16093D,0/3
UI_SKILLTREEUI_SKILLPOINTS_1609DB,0/3
UI_SKILLTREEUI_SKILLPOINTS_161BB3,0/3
UI_SKILLTREEUI_SKILLPOINTS_1630BD,0/3
UI_SKILLTREEUI_SKILLPOINTS_163C89,0/3
UI_SKILLTREEUI_SKILLPOINTS_163E3B,0/3
UI_SKILLTREEUI_SKILLPOINTS_16602F,0/3
UI_SKILLTREEUI_SKILLPOINTS_167A49,0/3
UI_SKILLTREEUI_SKILLPOINTS_1680FE,0/3
UI_SKILLTREEUI_SKILLPOINTS_16B45B,0/3
UI_SKILLTREEUI_SKILLPOINTS_16BB94,0/3
UI_SKILLTREEUI_SKILLPOINTS_16BC40,0/3
UI_SKILLTREEUI_SKILLPOINTS_16C0DE,0/3
UI_SKILLTREEUI_SKILLPOINTS_16F0C9,0/3
UI_SKILLTREEUI_SKILLPOINTS_16F512,0/3
UI_SKILLTREEUI_SKILLPOINTS_16F558,0/3
UI_SKILLTREEUI_SKILLPOINTS_16F82A,0/3
UI_SKILLTREEUI_SKILLPOINTS_171510,0/3
UI_SKILLTREEUI_SKILLPOINTS_1719FE,0/3
UI_SKILLTREEUI_SKILLPOINTS_17205B,0/3
UI_SKILLTREEUI_SKILLPOINTS_1729B8,0/3
UI_SKILLTREEUI_SKILLPOINTS_1741FC,0/3
UI_SKILLTREEUI_SKILLPOINTS_17459F,0/3
UI_SKILLTREEUI_SKILLPOINTS_1745F6,0/3
UI_SKILLTREEUI_SKILLPOINTS_175999,0/3
UI_SKILLTREEUI_SKILLPOINTS_177849,0/3
UI_SKILLTREEUI_SKILLPOINTS_17804E,0/3
UI_SKILLTREEUI_SKILLPOINTS_178FA7,0/3
UI_SKILLTREEUI_SKILLPOINTS_179D3D,0/3
UI_SKILLTREEUI_SKILLPOINTS_17A050,0/3
UI_SKILLTREEUI_SKILLPOINTS_17A1D9,0/3
UI_SKILLTREEUI_SKILLPOINTS_17A20E,0/3
UI_SKILLTREEUI_SKILLPOINTS_17A83F,0/3
UI_SKILLTREEUI_SKILLPOINTS_17AA8F,0/3
UI_SKILLTREEUI_SKILLPOINTS_17AEFF,0/3
UI_SKILLTREEUI_SKILLPOINTS_17B9B0,0/3
UI_SKILLTREEUI_SKILLPOINTS_17CDA4,0/3
UI_SKILLTREEUI_SKILLPOINTS_17D733,0/3
UI_SKILLTREEUI_SKILLPOINTS_17D74E,0/3
UI_SKILLTREEUI_SKILLPOINTS_17EA95,0/3
UI_SKILLTREEUI_SKILLPOINTS_17F1EB,0/3
UI_SKILLTREEUI_SKILLPOINTS_17F335,0/3
UI_SKILLTREEUI_SKILLPOINTS_1810AE,0/3
UI_SKILLTREEUI_SKILLPOINTS_181662,0/3
UI_SKILLTREEUI_SKILLPOINTS_182801,0/3
UI_SKILLTREEUI_SKILLPOINTS_183391,0/3
UI_SKILLTREEUI_SKILLPOINTS_184118,0/3
UI_SKILLTREEUI_SKILLPOINTS_185EAF,0/3
UI_SKILLTREEUI_SKILLPOINTS_186720,0/3
UI_SKILLTREEUI_SKILLPOINTS_1869DA,0/3
UI_SKILLTREEUI_SKILLPOINTS_186FBF,0/3
UI_SKILLTREEUI_SKILLPOINTS_189131,0/3
UI_SKILLTREEUI_SKILLPOINTS_1898CD,0/3
UI_SKILLTREEUI_SKILLPOINTS_189D45,0/3
UI_SKILLTREEUI_SKILLPOINTS_18B98B,0/3
UI_SKILLTREEUI_SKILLPOINTS_18E622,0/3
UI_SKILLTREEUI_SKILLPOINTS_190959,0/3
UI_SKILLTREEUI_SKILLPOINTS_19175D,0/3
UI_SKILLTREEUI_SKILLPOINTS_1918D1,0/3
UI_SKILLTREEUI_SKILLPOINTS_194380,0/3
UI_SKILLTREEUI_SKILLPOINTS_195752,0/3
UI_SKILLTREEUI_SKILLPOINTS_195BF0,0/3
UI_SKILLTREEUI_SKILLPOINTS_19633D,0/3
UI_SKILLTREEUI_SKILLPOINTS_196A63,0/3
UI_SKILLTREEUI_SKILLPOINTS_196FA7,0/3
UI_SKILLTREEUI_SKILLPOINTS_1977BB,0/3
UI_SKILLTREEUI_SKILLPOINTS_198216,0/3
UI_SKILLTREEUI_SKILLPOINTS_198245,0/3
UI_SKILLTREEUI_SKILLPOINTS_199095,0/3
UI_SKILLTREEUI_SKILLPOINTS_19A7A9,0/3
UI_SKILLTREEUI_SKILLPOINTS_19ADF6,0/3
UI_SKILLTREEUI_SKILLPOINTS_19C671,0/3
UI_SKILLTREEUI_SKILLPOINTS_19C6C9,0/3
UI_SKILLTREEUI_SKILLPOINTS_19CA63,0/3
UI_SKILLTREEUI_SKILLPOINTS_19CAF6,0/3
UI_SKILLTREEUI_SKILLPOINTS_19CBBA,0/3
UI_SKILLTREEUI_SKILLPOINTS_19CEF6,0/3
UI_SKILLTREEUI_SKILLPOINTS_19DCA9,0/3
UI_SKILLTREEUI_SKILLPOINTS_19E00A,0/3
UI_SKILLTREEUI_SKILLPOINTS_19E7F6,0/3
UI_SKILLTREEUI_SKILLPOINTS_19F212,0/3
UI_SKILLTREEUI_SKILLPOINTS_1A1C2C,0/3
UI_SKILLTREEUI_SKILLPOINTS_1A2618,0/3
UI_SKILLTREEUI_SKILLPOINTS_1A2B36,0/3
UI_SKILLTREEUI_SKILLPOINTS_1A3995,0/3
UI_SKILLTREEUI_SKILLPOINTS_1A48AE,0/3
UI_SKILLTREEUI_SKILLPOINTS_1A81B7,0/3
UI_SKILLTREEUI_SKILLPOINTS_1A9ACF,0/3
UI_SKILLTREEUI_SKILLPOINTS_1A9F5A,0/3
UI_SKILLTREEUI_SKILLPOINTS_1AB135,0/3
UI_SKILLTREEUI_SKILLPOINTS_1AB820,0/3
UI_SKILLTREEUI_SKILLPOINTS_1AC515,0/3
UI_SKILLTREEUI_SKILLPOINTS_1ACDB8,0/3
UI_SKILLTREEUI_SKILLPOINTS_1AE0FB,0/3
UI_SKILLTREEUI_SKILLPOINTS_1AEB3A,0/3
UI_SKILLTREEUI_SKILLPOINTS_1AF522,0/3
UI_SKILLTREEUI_SKILLPOINTS_1AF723,0/3
UI_SKILLTREEUI_SKILLPOINTS_1B04EE,0/3
UI_SKILLTREEUI_SKILLPOINTS_1B25E2,0/3
UI_SKILLTREEUI_SKILLPOINTS_1B4386,0/3
UI_SKILLTREEUI_SKILLPOINTS_1B4BDC,0/3
UI_SKILLTREEUI_SKILLPOINTS_1B575A,0/3
UI_SKILLTREEUI_SKILLPOINTS_1B608B,0/3
UI_SKILLTREEUI_SKILLPOINTS_1B6F42,0/3
UI_SKILLTREEUI_SKILLPOINTS_1B81F5,0/3
UI_SKILLTREEUI_SKILLPOINTS_1B96CE,0/3
UI_SKILLTREEUI_SKILLPOINTS_1B9946,0/3
UI_SKILLTREEUI_SKILLPOINTS_1BA7D1,0/3
UI_SKILLTREEUI_SKILLPOINTS_1BA92B,0/3
UI_SKILLTREEUI_SKILLPOINTS_1BB3AB,0/3
UI_SKILLTREEUI_SKILLPOINTS_1BB9E9,0/3
UI_SKILLTREEUI_SKILLPOINTS_1BBDFF,0/3
UI_SKILLTREEUI_SKILLPOINTS_1BC1BB,0/3
UI_SKILLTREEUI_SKILLPOINTS_1BC96B,0/3
UI_SKILLTREEUI_SKILLPOINTS_1BE3B0,0/3
UI_SKILLTREEUI_SKILLPOINTS_1BE76B,0/3
UI_SKILLTREEUI_SKILLPOINTS_1BE890,0/3
UI_SKILLTREEUI_SKILLPOINTS_1BEA6D,0/3
UI_SKILLTREEUI_SKILLPOINTS_1BED60,0/3
UI_SKILLTREEUI_SKILLPOINTS_1BFBB6,0/3
UI_SKILLTREEUI_SKILLPOINTS_1C03C2,0/3
UI_SKILLTREEUI_SKILLPOINTS_1C067B,0/3
UI_SKILLTREEUI_SKILLPOINTS_1C2B00,0/3
UI_SKILLTREEUI_SKILLPOINTS_1C3AFA,0/3
UI_SKILLTREEUI_SKILLPOINTS_1C4A0A,0/3
UI_SKILLTREEUI_SKILLPOINTS_1C4CF7,0/3
UI_SKILLTREEUI_SKILLPOINTS_1C622A,0/3
UI_SKILLTREEUI_SKILLPOINTS_1C634C,0/3
UI_SKILLTREEUI_SKILLPOINTS_1C6690,0/3
UI_SKILLTREEUI_SKILLPOINTS_1C7403,0/3
UI_SKILLTREEUI_SKILLPOINTS_1C7CAF,0/3
UI_SKILLTREEUI_SKILLPOINTS_1C7EE4,0/3
UI_SKILLTREEUI_SKILLPOINTS_1C84C2,0/3
UI_SKILLTREEUI_SKILLPOINTS_1C8B17,0/3
UI_SKILLTREEUI_SKILLPOINTS_1C8CAF,0/3
UI_SKILLTREEUI_SKILLPOINTS_1CA2B4,0/3
UI_SKILLTREEUI_SKILLPOINTS_1CA47B,0/3
UI_SKILLTREEUI_SKILLPOINTS_1CBFB1,0/3
UI_SKILLTREEUI_SKILLPOINTS_1CCFA0,0/3
UI_SKILLTREEUI_SKILLPOINTS_1CD4BB,0/3
UI_SKILLTREEUI_SKILLPOINTS_1CDC39,0/3
UI_SKILLTREEUI_SKILLPOINTS_1CEFF3,0/3
UI_SKILLTREEUI_SKILLPOINTS_1CF3E7,0/3
UI_SKILLTREEUI_SKILLPOINTS_1CF63F,0/3
UI_SKILLTREEUI_SKILLPOINTS_1CFF09,0/3
UI_SKILLTREEUI_SKILLPOINTS_1CFFE0,0/3
UI_SKILLTREEUI_SKILLPOINTS_1D0A95,0/3
UI_SKILLTREEUI_SKILLPOINTS_1D0D06,0/3
UI_SKILLTREEUI_SKILLPOINTS_1D11B8,0/3
UI_SKILLTREEUI_SKILLPOINTS_1D13D8,0/3
UI_SKILLTREEUI_SKILLPOINTS_1D3ABC,0/3
UI_SKILLTREEUI_SKILLPOINTS_1D7E67,0/3
UI_SKILLTREEUI_SKILLPOINTS_1D96CC,0/3
UI_SKILLTREEUI_SKILLPOINTS_1D9884,0/3
UI_SKILLTREEUI_SKILLPOINTS_1DC3E7,0/3
UI_SKILLTREEUI_SKILLPOINTS_1DD165,0/3
UI_SKILLTREEUI_SKILLPOINTS_1E0CEC,0/3
UI_SKILLTREEUI_SKILLPOINTS_1E1061,0/3
UI_SKILLTREEUI_SKILLPOINTS_1E42A0,0/3
UI_SKILLTREEUI_SKILLPOINTS_1E4402,0/3
UI_SKILLTREEUI_SKILLPOINTS_1E4E00,0/3
UI_SKILLTREEUI_SKILLPOINTS_1E5590,0/3
UI_SKILLTREEUI_SKILLPOINTS_1E5E13,0/3
UI_SKILLTREEUI_SKILLPOINTS_1E84B5,0/3
UI_SKILLTREEUI_SKILLPOINTS_1E8911,0/3
UI_SKILLTREEUI_SKILLPOINTS_1EBF98,0/3
UI_SKILLTREEUI_SKILLPOINTS_1ECBFB,0/3
UI_SKILLTREEUI_SKILLPOINTS_1ECE8E,0/3
UI_SKILLTREEUI_SKILLPOINTS_1ED21C,0/3
UI_SKILLTREEUI_SKILLPOINTS_1ED4CC,0/3
UI_SKILLTREEUI_SKILLPOINTS_1F0A4B,0/3
UI_SKILLTREEUI_SKILLPOINTS_1F1471,0/3
UI_SKILLTREEUI_SKILLPOINTS_1F1C60,0/3
UI_SKILLTREEUI_SKILLPOINTS_1F2552,0/3
UI_SKILLTREEUI_SKILLPOINTS_1F2D86,0/3
UI_SKILLTREEUI_SKILLPOINTS_1F33E0,0/3
UI_SKILLTREEUI_SKILLPOINTS_1F3846,0/3
UI_SKILLTREEUI_SKILLPOINTS_1F389F,0/3
UI_SKILLTREEUI_SKILLPOINTS_1F509A,0/3
UI_SKILLTREEUI_SKILLPOINTS_1F56D9,0/3
UI_SKILLTREEUI_SKILLPOINTS_1F5F09,0/3
UI_SKILLTREEUI_SKILLPOINTS_1F6AE7,0/3
UI_SKILLTREEUI_SKILLPOINTS_1F6E77,0/3
UI_SKILLTREEUI_SKILLPOINTS_1F70A6,0/3
UI_SKILLTREEUI_SKILLPOINTS_1F94B5,0/3
UI_SKILLTREEUI_SKILLPOINTS_1FBABF,0/3
UI_SKILLTREEUI_SKILLPOINTS_1FC559,0/3
UI_SKILLTREEUI_SKILLPOINTS_1FCEC0,0/3
UI_SKILLTREEUI_SKILLPOINTS_1FFEBC,0/3
UI_SKILLTREEUI_SKILLPOINTS_200C72,0/3
UI_SKILLTREEUI_SKILLPOINTS_201566,0/3
UI_SKILLTREEUI_SKILLPOINTS_20239E,0/3
UI_SKILLTREEUI_SKILLPOINTS_2034E0,0/3
UI_SKILLTREEUI_SKILLPOINTS_203B64,0/3
UI_SKILLTREEUI_SKILLPOINTS_203C6D,0/3
UI_SKILLTREEUI_SKILLPOINTS_203F91,0/3
UI_SKILLTREEUI_SKILLPOINTS_205887,0/3
UI_SKILLTREEUI_SKILLPOINTS_205C3C,0/3
UI_SKILLTREEUI_SKILLPOINTS_20714B,0/3
UI_SKILLTREEUI_SKILLPOINTS_207916,0/3
UI_SKILLTREEUI_SKILLPOINTS_207D20,0/3
UI_SKILLTREEUI_SKILLPOINTS_207E75,0/3
UI_SKILLTREEUI_SKILLPOINTS_208CE2,0/3
UI_SKILLTREEUI_SKILLPOINTS_209AF8,0/3
UI_SKILLTREEUI_SKILLPOINTS_20B87B,0/3
UI_SKILLTREEUI_SKILLPOINTS_20E3CB,0/3
UI_SKILLTREEUI_SKILLPOINTS_20E9A9,0/3
UI_SKILLTREEUI_SKILLPOINTS_20FB1D,0/3
UI_SKILLTREEUI_SKILLPOINTS_21097F,0/3
UI_SKILLTREEUI_SKILLPOINTS_2116FE,0/3
UI_SKILLTREEUI_SKILLPOINTS_211F59,0/3
UI_SKILLTREEUI_SKILLPOINTS_2132FC,0/3
UI_SKILLTREEUI_SKILLPOINTS_214788,0/3
UI_SKILLTREEUI_SKILLPOINTS_2148D7,0/3
UI_SKILLTREEUI_SKILLPOINTS_2161F9,0/3
UI_SKILLTREEUI_SKILLPOINTS_216D5E,0/3
UI_SKILLTREEUI_SKILLPOINTS_21769F,0/3
UI_SKILLTREEUI_SKILLPOINTS_218B70,0/3
UI_SKILLTREEUI_SKILLPOINTS_219E60,0/3
UI_SKILLTREEUI_SKILLPOINTS_21A159,0/3
UI_SKILLTREEUI_SKILLPOINTS_21A169,0/3
UI_SKILLTREEUI_SKILLPOINTS_21AA28,0/3
UI_SKILLTREEUI_SKILLPOINTS_21AE92,0/3
UI_SKILLTREEUI_SKILLPOINTS_21B970,0/3
UI_SKILLTREEUI_SKILLPOINTS_21CC83,0/3
UI_SKILLTREEUI_SKILLPOINTS_21D3E0,0/3
UI_SKILLTREEUI_SKILLPOINTS_21ECAA,0/3
UI_SKILLTREEUI_SKILLPOINTS_220D64,0/3
UI_SKILLTREEUI_SKILLPOINTS_221517,0/3
UI_SKILLTREEUI_SKILLPOINTS_223EF6,0/3
UI_SKILLTREEUI_SKILLPOINTS_2245C7,0/3
UI_SKILLTREEUI_SKILLPOINTS_22745E,0/3
UI_SKILLTREEUI_SKILLPOINTS_227FE7,0/3
UI_SKILLTREEUI_SKILLPOINTS_229202,0/3
UI_SKILLTREEUI_SKILLPOINTS_22A735,0/3
UI_SKILLTREEUI_SKILLPOINTS_22AA03,0/3
UI_SKILLTREEUI_SKILLPOINTS_22AC5F,0/3
UI_SKILLTREEUI_SKILLPOINTS_22B5C5,0/3
UI_SKILLTREEUI_SKILLPOINTS_22BBEE,0/3
UI_SKILLTREEUI_SKILLPOINTS_230179,0/3
UI_SKILLTREEUI_SKILLPOINTS_2304A4,0/3
UI_SKILLTREEUI_SKILLPOINTS_2304CB,0/3
UI_SKILLTREEUI_SKILLPOINTS_231238,0/3
UI_SKILLTREEUI_SKILLPOINTS_231889,0/3
UI_SKILLTREEUI_SKILLPOINTS_232350,0/3
UI_SKILLTREEUI_SKILLPOINTS_232933,0/3
UI_SKILLTREEUI_SKILLPOINTS_232A63,0/3
UI_SKILLTREEUI_SKILLPOINTS_232F63,0/3
UI_SKILLTREEUI_SKILLPOINTS_23362D,0/3
UI_SKILLTREEUI_SKILLPOINTS_233E28,0/3
UI_SKILLTREEUI_SKILLPOINTS_236939,0/3
UI_SKILLTREEUI_SKILLPOINTS_237E8D,0/3
UI_SKILLTREEUI_SKILLPOINTS_23913F,0/3
UI_SKILLTREEUI_SKILLPOINTS_23A652,0/3
UI_SKILLTREEUI_SKILLPOINTS_23AC91,0/3
UI_SKILLTREEUI_SKILLPOINTS_23B0A6,0/3
UI_SKILLTREEUI_SKILLPOINTS_23B418,0/3
UI_SKILLTREEUI_SKILLPOINTS_23B4A5,0/3
UI_SKILLTREEUI_SKILLPOINTS_23BE7D,0/3
UI_SKILLTREEUI_SKILLPOINTS_23BF67,0/3
UI_SKILLTREEUI_SKILLPOINTS_23C32A,0/3
UI_SKILLTREEUI_SKILLPOINTS_23D561,0/3
UI_SKILLTREEUI_SKILLPOINTS_23D862,0/3
UI_SKILLTREEUI_SKILLPOINTS_23EB89,0/3
UI_SKILLTREEUI_SKILLPOINTS_23F20D,0/3
UI_SKILLTREEUI_SKILLPOINTS_23F669,0/3
UI_SKILLTREEUI_SKILLPOINTS_241DCE,0/3
UI_SKILLTREEUI_SKILLPOINTS_243362,0/3
UI_SKILLTREEUI_SKILLPOINTS_2438E3,0/3
UI_SKILLTREEUI_SKILLPOINTS_243EBD,0/3
UI_SKILLTREEUI_SKILLPOINTS_2445D5,0/3
UI_SKILLTREEUI_SKILLPOINTS_244F4D,0/3
UI_SKILLTREEUI_SKILLPOINTS_2454D1,0/3
UI_SKILLTREEUI_SKILLPOINTS_245CC1,0/3
UI_SKILLTREEUI_SKILLPOINTS_246CE1,0/3
UI_SKILLTREEUI_SKILLPOINTS_246D19,0/3
UI_SKILLTREEUI_SKILLPOINTS_24718C,0/3
UI_SKILLTREEUI_SKILLPOINTS_2478A1,0/3
UI_SKILLTREEUI_SKILLPOINTS_247F60,0/3
UI_SKILLTREEUI_SKILLPOINTS_2488D7,0/3
UI_SKILLTREEUI_SKILLPOINTS_24919C,0/3
UI_SKILLTREEUI_SKILLPOINTS_2496F2,0/3
UI_SKILLTREEUI_SKILLPOINTS_249B68,0/3
UI_SKILLTREEUI_SKILLPOINTS_24B1A3,0/3
UI_SKILLTREEUI_SKILLPOINTS_24CFEB,0/3
UI_SKILLTREEUI_SKILLPOINTS_24E29B,0/3
UI_SKILLTREEUI_SKILLPOINTS_24E7CA,0/3
UI_SKILLTREEUI_SKILLPOINTS_25028C,0/3
UI_SKILLTREEUI_SKILLPOINTS_251696,0/3
UI_SKILLTREEUI_SKILLPOINTS_2523D9,0/3
UI_SKILLTREEUI_SKILLPOINTS_2526A0,0/3
UI_SKILLTREEUI_SKILLPOINTS_252A87,0/3
UI_SKILLTREEUI_SKILLPOINTS_252D63,0/3
UI_SKILLTREEUI_SKILLPOINTS_2534C7,0/3
UI_SKILLTREEUI_SKILLPOINTS_2534D4,0/3
UI_SKILLTREEUI_SKILLPOINTS_255B76,0/3
UI_SKILLTREEUI_SKILLPOINTS_2561C1,0/3
UI_SKILLTREEUI_SKILLPOINTS_256DB0,0/3
UI_SKILLTREEUI_SKILLPOINTS_2580B4,0/3
UI_SKILLTREEUI_SKILLPOINTS_25817D,0/3
UI_SKILLTREEUI_SKILLPOINTS_258485,0/3
UI_SKILLTREEUI_SKILLPOINTS_258DD5,0/3
UI_SKILLTREEUI_SKILLPOINTS_25983C,0/3
UI_SKILLTREEUI_SKILLPOINTS_25A162,0/3
UI_SKILLTREEUI_SKILLPOINTS_25A391,0/3
UI_SKILLTREEUI_SKILLPOINTS_25B96F,0/3
UI_SKILLTREEUI_SKILLPOINTS_25E16D,0/3
UI_SKILLTREEUI_SKILLPOINTS_25E460,0/3
UI_SKILLTREEUI_SKILLPOINTS_25EFC9,0/3
UI_SKILLTREEUI_SKILLPOINTS_25F8A3,0/3
UI_SKILLTREEUI_SKILLPOINTS_261711,0/3
UI_SKILLTREEUI_SKILLPOINTS_26172C,0/3
UI_SKILLTREEUI_SKILLPOINTS_2619F9,0/3
UI_SKILLTREEUI_SKILLPOINTS_263AA1,0/3
UI_SKILLTREEUI_SKILLPOINTS_264838,0/3
UI_SKILLTREEUI_SKILLPOINTS_26512C,0/3
UI_SKILLTREEUI_SKILLPOINTS_26666E,0/3
UI_SKILLTREEUI_SKILLPOINTS_266A63,0/3
UI_SKILLTREEUI_SKILLPOINTS_267637,0/3
UI_SKILLTREEUI_SKILLPOINTS_26775D,0/3
UI_SKILLTREEUI_SKILLPOINTS_267EFD,0/3
UI_SKILLTREEUI_SKILLPOINTS_26846D,0/3
UI_SKILLTREEUI_SKILLPOINTS_269017,0/3
UI_SKILLTREEUI_SKILLPOINTS_26999E,0/3
UI_SKILLTREEUI_SKILLPOINTS_26A718,0/3
UI_SKILLTREEUI_SKILLPOINTS_26A80C,0/3
UI_SKILLTREEUI_SKILLPOINTS_26B697,0/3
UI_SKILLTREEUI_SKILLPOINTS_26C135,0/3
UI_SKILLTREEUI_SKILLPOINTS_26D313,0/3
UI_SKILLTREEUI_SKILLPOINTS_26D890,0/3
UI_SKILLTREEUI_SKILLPOINTS_26DFDB,0/3
UI_SKILLTREEUI_SKILLPOINTS_270449,0/3
UI_SKILLTREEUI_SKILLPOINTS_271777,0/3
UI_SKILLTREEUI_SKILLPOINTS_271CDE,0/3
UI_SKILLTREEUI_SKILLPOINTS_271CF9,0/3
UI_SKILLTREEUI_SKILLPOINTS_271E07,0/3
UI_SKILLTREEUI_SKILLPOINTS_271FCF,0/3
UI_SKILLTREEUI_SKILLPOINTS_272050,0/3
UI_SKILLTREEUI_SKILLPOINTS_272688,0/3
UI_SKILLTREEUI_SKILLPOINTS_272B46,0/3
UI_SKILLTREEUI_SKILLPOINTS_272FFA,0/3
UI_SKILLTREEUI_SKILLPOINTS_2740A6,0/3
UI_SKILLTREEUI_SKILLPOINTS_274307,0/3
UI_SKILLTREEUI_SKILLPOINTS_274342,0/3
UI_SKILLTREEUI_SKILLPOINTS_274980,0/3
UI_SKILLTREEUI_SKILLPOINTS_275253,0/3
UI_SKILLTREEUI_SKILLPOINTS_2755E6,0/3
UI_SKILLTREEUI_SKILLPOINTS_2773DE,0/3
UI_SKILLTREEUI_SKILLPOINTS_277416,0/3
UI_SKILLTREEUI_SKILLPOINTS_278B9D,0/3
UI_SKILLTREEUI_SKILLPOINTS_27AD67,0/3
UI_SKILLTREEUI_SKILLPOINTS_27B3DF,0/3
UI_SKILLTREEUI_SKILLPOINTS_27C2F1,0/3
UI_SKILLTREEUI_SKILLPOINTS_27CD7E,0/3
UI_SKILLTREEUI_SKILLPOINTS_27D7ED,0/3
UI_SKILLTREEUI_SKILLPOINTS_27D832,0/3
UI_SKILLTREEUI_SKILLPOINTS_27F75C,0/3
UI_SKILLTREEUI_SKILLPOINTS_27FC02,0/3
UI_SKILLTREEUI_SKILLPOINTS_27FCCE,0/3
UI_SKILLTREEUI_SKILLPOINTS_27FE53,0/3
UI_SKILLTREEUI_SKILLPOINTS_27FF1A,0/3
UI_SKILLTREEUI_SKILLPOINTS_28002B,0/3
UI_SKILLTREEUI_SKILLPOINTS_281172,0/3
UI_SKILLTREEUI_SKILLPOINTS_281646,0/3
UI_SKILLTREEUI_SKILLPOINTS_282086,0/3
UI_SKILLTREEUI_SKILLPOINTS_2820AB,0/3
UI_SKILLTREEUI_SKILLPOINTS_283B9D,0/3
UI_SKILLTREEUI_SKILLPOINTS_283FD1,0/3
UI_SKILLTREEUI_SKILLPOINTS_284268,0/3
UI_SKILLTREEUI_SKILLPOINTS_284AD3,0/3
UI_SKILLTREEUI_SKILLPOINTS_285247,0/3
UI_SKILLTREEUI_SKILLPOINTS_285F36,0/3
UI_SKILLTREEUI_SKILLPOINTS_286150,0/3
UI_SKILLTREEUI_SKILLPOINTS_287F8A,0/3
UI_SKILLTREEUI_SKILLPOINTS_288DA0,0/3
UI_SKILLTREEUI_SKILLPOINTS_2899CC,0/3
UI_SKILLTREEUI_SKILLPOINTS_289B3A,0/3
UI_SKILLTREEUI_SKILLPOINTS_28A9BA,0/3
UI_SKILLTREEUI_SKILLPOINTS_28C03D,0/3
UI_SKILLTREEUI_SKILLPOINTS_28C39E,0/3
UI_SKILLTREEUI_SKILLPOINTS_28C5F8,0/3
UI_SKILLTREEUI_SKILLPOINTS_28CDA9,0/3
UI_SKILLTREEUI_SKILLPOINTS_28D375,0/3
UI_SKILLTREEUI_SKILLPOINTS_28D968,0/3
UI_SKILLTREEUI_SKILLPOINTS_28F908,0/3
UI_SKILLTREEUI_SKILLPOINTS_29088A,0/3
UI_SKILLTREEUI_SKILLPOINTS_290B8D,0/3
UI_SKILLTREEUI_SKILLPOINTS_291F43,0/3
UI_SKILLTREEUI_SKILLPOINTS_293246,0/3
UI_SKILLTREEUI_SKILLPOINTS_294A6E,0/3
UI_SKILLTREEUI_SKILLPOINTS_295F9A,0/3
UI_SKILLTREEUI_SKILLPOINTS_296088,0/3
UI_SKILLTREEUI_SKILLPOINTS_296F8A,0/3
UI_SKILLTREEUI_SKILLPOINTS_297BBB,0/3
UI_SKILLTREEUI_SKILLPOINTS_29916B,0/3
UI_SKILLTREEUI_SKILLPOINTS_2994FC,0/3
UI_SKILLTREEUI_SKILLPOINTS_29AACA,0/3
UI_SKILLTREEUI_SKILLPOINTS_29B899,0/3
UI_SKILLTREEUI_SKILLPOINTS_29BE89,0/3
UI_SKILLTREEUI_SKILLPOINTS_29FE1B,0/3
UI_SKILLTREEUI_SKILLPOINTS_2A0903,0/3
UI_SKILLTREEUI_SKILLPOINTS_2A1B7A,0/3
UI_SKILLTREEUI_SKILLPOINTS_2A2F73,0/3
UI_SKILLTREEUI_SKILLPOINTS_2A3A06,0/3
UI_SKILLTREEUI_SKILLPOINTS_2A66DB,0/3
UI_SKILLTREEUI_SKILLPOINTS_2A7F9E,0/3
UI_SKILLTREEUI_SKILLPOINTS_2AA67D,0/3
UI_SKILLTREEUI_SKILLPOINTS_2AD08F,0/3
UI_SKILLTREEUI_SKILLPOINTS_2AD68C,0/3
UI_SKILLTREEUI_SKILLPOINTS_2AE4AE,0/3
UI_SKILLTREEUI_SKILLPOINTS_2AE712,0/3
UI_SKILLTREEUI_SKILLPOINTS_2AE734,0/3
UI_SKILLTREEUI_SKILLPOINTS_2AE7FC,0/3
UI_SKILLTREEUI_SKILLPOINTS_2AE824,0/3
UI_SKILLTREEUI_SKILLPOINTS_2B115D,0/3
UI_SKILLTREEUI_SKILLPOINTS_2B2C8A,0/3
UI_SKILLTREEUI_SKILLPOINTS_2B32ED,0/3
UI_SKILLTREEUI_SKILLPOINTS_2B3424,0/3
UI_SKILLTREEUI_SKILLPOINTS_2B36A2,0/3
UI_SKILLTREEUI_SKILLPOINTS_2B4712,0/3
UI_SKILLTREEUI_SKILLPOINTS_2B5123,0/3
UI_SKILLTREEUI_SKILLPOINTS_2B5218,0/3
UI_SKILLTREEUI_SKILLPOINTS_2B56C7,0/3
UI_SKILLTREEUI_SKILLPOINTS_2B5D1C,0/3
UI_SKILLTREEUI_SKILLPOINTS_2B6196,0/3
UI_SKILLTREEUI_SKILLPOINTS_2B63C6,0/3
UI_SKILLTREEUI_SKILLPOINTS_2B6412,0/3
UI_SKILLTREEUI_SKILLPOINTS_2B64DC,0/3
UI_SKILLTREEUI_SKILLPOINTS_2B657C,0/3
UI_SKILLTREEUI_SKILLPOINTS_2B660E,0/3
UI_SKILLTREEUI_SKILLPOINTS_2B6BBB,0/3
UI_SKILLTREEUI_SKILLPOINTS_2B7C14,0/3
UI_SKILLTREEUI_SKILLPOINTS_2B87BF,0/3
UI_SKILLTREEUI_SKILLPOINTS_2B9FB4,0/3
UI_SKILLTREEUI_SKILLPOINTS_2BA7F5,0/3
UI_SKILLTREEUI_SKILLPOINTS_2BAECB,0/3
UI_SKILLTREEUI_SKILLPOINTS_2BC257,0/3
UI_SKILLTREEUI_SKILLPOINTS_2C144A,0/3
UI_SKILLTREEUI_SKILLPOINTS_2C1B62,0/3
UI_SKILLTREEUI_SKILLPOINTS_2C2444,0/3
UI_SKILLTREEUI_SKILLPOINTS_2C2A4D,0/3
UI_SKILLTREEUI_SKILLPOINTS_2C3488,0/3
UI_SKILLTREEUI_SKILLPOINTS_2C37EB,0/3
UI_SKILLTREEUI_SKILLPOINTS_2C39E2,0/3
UI_SKILLTREEUI_SKILLPOINTS_2C5F6C,0/3
UI_SKILLTREEUI_SKILLPOINTS_2C6696,0/3
UI_SKILLTREEUI_SKILLPOINTS_2C68D0,0/3
UI_SKILLTREEUI_SKILLPOINTS_2C827A,0/3
UI_SKILLTREEUI_SKILLPOINTS_2C8A33,0/3
UI_SKILLTREEUI_SKILLPOINTS_2CB25A,0/3
UI_SKILLTREEUI_SKILLPOINTS_2CB645,0/3
UI_SKILLTREEUI_SKILLPOINTS_2CC399,0/3
UI_SKILLTREEUI_SKILLPOINTS_2CC3B8,0/3
UI_SKILLTREEUI_SKILLPOINTS_2CF078,0/3
UI_SKILLTREEUI_SKILLPOINTS_2D0BBC,0/3
UI_SKILLTREEUI_SKILLPOINTS_2D13A0,0/3
UI_SKILLTREEUI_SKILLPOINTS_2D27DF,0/3
UI_SKILLTREEUI_SKILLPOINTS_2D4A7C,0/3
UI_SKILLTREEUI_SKILLPOINTS_2D5780,0/3
UI_SKILLTREEUI_SKILLPOINTS_2D58D7,0/3
UI_SKILLTREEUI_SKILLPOINTS_2D5AC6,0/3
UI_SKILLTREEUI_SKILLPOINTS_2D6D36,0/3
UI_SKILLTREEUI_SKILLPOINTS_2D6FAF,0/3
UI_SKILLTREEUI_SKILLPOINTS_2D75AC,0/3
UI_SKILLTREEUI_SKILLPOINTS_2D8BAE,0/3
UI_SKILLTREEUI_SKILLPOINTS_2D8C14,0/3
UI_SKILLTREEUI_SKILLPOINTS_2D8D08,0/3
UI_SKILLTREEUI_SKILLPOINTS_2D8FB1,0/3
UI_SKILLTREEUI_SKILLPOINTS_2D9111,0/3
UI_SKILLTREEUI_SKILLPOINTS_2DA261,0/3
UI_SKILLTREEUI_SKILLPOINTS_2DB6CA,0/3
UI_SKILLTREEUI_SKILLPOINTS_2DCF2D,0/3
UI_SKILLTREEUI_SKILLPOINTS_2DD64D,0/3
UI_SKILLTREEUI_SKILLPOINTS_2DE270,0/3
UI_SKILLTREEUI_SKILLPOINTS_2DE3E3,0/3
UI_SKILLTREEUI_SKILLPOINTS_2E396F,0/3
UI_SKILLTREEUI_SKILLPOINTS_2E47FB,0/3
UI_SKILLTREEUI_SKILLPOINTS_2E58B0,0/3
UI_SKILLTREEUI_SKILLPOINTS_2E5DE9,0/3
UI_SKILLTREEUI_SKILLPOINTS_2E7715,0/3
UI_SKILLTREEUI_SKILLPOINTS_2E820D,0/3
UI_SKILLTREEUI_SKILLPOINTS_2E8933,0/3
UI_SKILLTREEUI_SKILLPOINTS_2E92F2,0/3
UI_SKILLTREEUI_SKILLPOINTS_2EC051,0/3
UI_SKILLTREEUI_SKILLPOINTS_2EEE41,0/3
UI_SKILLTREEUI_SKILLPOINTS_2F1630,0/3
UI_SKILLTREEUI_SKILLPOINTS_2F2921,0/3
UI_SKILLTREEUI_SKILLPOINTS_2F4396,0/3
UI_SKILLTREEUI_SKILLPOINTS_2F57B2,0/3
UI_SKILLTREEUI_SKILLPOINTS_2F59B1,0/3
UI_SKILLTREEUI_SKILLPOINTS_2F6693,0/3
UI_SKILLTREEUI_SKILLPOINTS_2F6BB7,0/3
UI_SKILLTREEUI_SKILLPOINTS_2F71D6,0/3
UI_SKILLTREEUI_SKILLPOINTS_2F7578,0/3
UI_SKILLTREEUI_SKILLPOINTS_2F7E05,0/3
UI_SKILLTREEUI_SKILLPOINTS_2F8092,0/3
UI_SKILLTREEUI_SKILLPOINTS_2FA84D,0/3
UI_SKILLTREEUI_SKILLPOINTS_2FB3BE,0/3
UI_SKILLTREEUI_SKILLPOINTS_2FB5A6,0/3
UI_SKILLTREEUI_SKILLPOINTS_2FE06A,0/3
UI_SKILLTREEUI_SKILLPOINTS_2FEA04,0/3
UI_SKILLTREEUI_SKILLPOINTS_2FF1D4,0/3
UI_SKILLTREEUI_SKILLPOINTS_3024BA,0/3
UI_SKILLTREEUI_SKILLPOINTS_302E0E,0/3
UI_SKILLTREEUI_SKILLPOINTS_303AA1,0/3
UI_SKILLTREEUI_SKILLPOINTS_303EC9,0/3
UI_SKILLTREEUI_SKILLPOINTS_304B3F,0/3
UI_SKILLTREEUI_SKILLPOINTS_30519A,0/3
UI_SKILLTREEUI_SKILLPOINTS_305DCE,0/3
UI_SKILLTREEUI_SKILLPOINTS_308C61,0/3
UI_SKILLTREEUI_SKILLPOINTS_308DBC,0/3
UI_SKILLTREEUI_SKILLPOINTS_309414,0/3
UI_SKILLTREEUI_SKILLPOINTS_309753,0/3
UI_SKILLTREEUI_SKILLPOINTS_30B481,0/3
UI_SKILLTREEUI_SKILLPOINTS_30BF8E,0/3
UI_SKILLTREEUI_SKILLPOINTS_30C139,0/3
UI_SKILLTREEUI_SKILLPOINTS_30C61D,0/3
UI_SKILLTREEUI_SKILLPOINTS_30D8A9,0/3
UI_SKILLTREEUI_SKILLPOINTS_30F76A,0/3
UI_SKILLTREEUI_SKILLPOINTS_310B0D,0/3
UI_SKILLTREEUI_SKILLPOINTS_311674,0/3
UI_SKILLTREEUI_SKILLPOINTS_311F9E,0/3
UI_SKILLTREEUI_SKILLPOINTS_31241C,0/3
UI_SKILLTREEUI_SKILLPOINTS_312E1C,0/3
UI_SKILLTREEUI_SKILLPOINTS_312EC8,0/3
UI_SKILLTREEUI_SKILLPOINTS_314846,0/3
UI_SKILLTREEUI_SKILLPOINTS_314E0B,0/3
UI_SKILLTREEUI_SKILLPOINTS_3169D1,0/3
UI_SKILLTREEUI_SKILLPOINTS_316C64,0/3
UI_SKILLTREEUI_SKILLPOINTS_3187A4,0/3
UI_SKILLTREEUI_SKILLPOINTS_318F3D,0/3
UI_SKILLTREEUI_SKILLPOINTS_319CC5,0/3
UI_SKILLTREEUI_SKILLPOINTS_31A093,0/3
UI_SKILLTREEUI_SKILLPOINTS_31A217,0/3
UI_SKILLTREEUI_SKILLPOINTS_31B544,0/3
UI_SKILLTREEUI_SKILLPOINTS_31C798,0/3
UI_SKILLTREEUI_SKILLPOINTS_31CB4D,0/3
UI_SKILLTREEUI_SKILLPOINTS_31F0C2,0/3
UI_SKILLTREEUI_SKILLPOINTS_31FDBA,0/3
UI_SKILLTREEUI_SKILLPOINTS_32069E,0/3
UI_SKILLTREEUI_SKILLPOINTS_321365,0/3
UI_SKILLTREEUI_SKILLPOINTS_3213D9,0/3
UI_SKILLTREEUI_SKILLPOINTS_32147A,0/3
UI_SKILLTREEUI_SKILLPOINTS_32221A,0/3
UI_SKILLTREEUI_SKILLPOINTS_323F52,0/3
UI_SKILLTREEUI_SKILLPOINTS_323F99,0/3
UI_SKILLTREEUI_SKILLPOINTS_324CB1,0/3
UI_SKILLTREEUI_SKILLPOINTS_32548F,0/3
UI_SKILLTREEUI_SKILLPOINTS_3257BE,0/3
UI_SKILLTREEUI_SKILLPOINTS_326B4D,0/3
UI_SKILLTREEUI_SKILLPOINTS_327E9D,0/3
UI_SKILLTREEUI_SKILLPOINTS_32CBB8,0/3
UI_SKILLTREEUI_SKILLPOINTS_32DE1F,0/3
UI_SKILLTREEUI_SKILLPOINTS_32E1F3,0/3
UI_SKILLTREEUI_SKILLPOINTS_32FBB4,0/3
UI_SKILLTREEUI_SKILLPOINTS_330405,0/3
UI_SKILLTREEUI_SKILLPOINTS_3310CE,0/3
UI_SKILLTREEUI_SKILLPOINTS_331ED6,0/3
UI_SKILLTREEUI_SKILLPOINTS_3326CC,0/3
UI_SKILLTREEUI_SKILLPOINTS_333301,0/3
UI_SKILLTREEUI_SKILLPOINTS_334C97,0/3
UI_SKILLTREEUI_SKILLPOINTS_334E0C,0/3
UI_SKILLTREEUI_SKILLPOINTS_335824,0/3
UI_SKILLTREEUI_SKILLPOINTS_335E62,0/3
UI_SKILLTREEUI_SKILLPOINTS_336198,0/3
UI_SKILLTREEUI_SKILLPOINTS_336DB8,0/3
UI_SKILLTREEUI_SKILLPOINTS_336FE4,0/3
UI_SKILLTREEUI_SKILLPOINTS_33822B,0/3
UI_SKILLTREEUI_SKILLPOINTS_3385E0,0/3
UI_SKILLTREEUI_SKILLPOINTS_3387EB,0/3
UI_SKILLTREEUI_SKILLPOINTS_33A270,0/3
UI_SKILLTREEUI_SKILLPOINTS_33A38E,0/3
UI_SKILLTREEUI_SKILLPOINTS_33A582,0/3
UI_SKILLTREEUI_SKILLPOINTS_33B55B,0/3
UI_SKILLTREEUI_SKILLPOINTS_33C649,0/3
UI_SKILLTREEUI_SKILLPOINTS_33EEA6,0/3
UI_SKILLTREEUI_SKILLPOINTS_33F4FA,0/3
UI_SKILLTREEUI_SKILLPOINTS_33F82A,0/3
UI_SKILLTREEUI_SKILLPOINTS_33FA29,0/3
UI_SKILLTREEUI_SKILLPOINTS_33FF18,0/3
UI_SKILLTREEUI_SKILLPOINTS_33FFD2,0/3
UI_SKILLTREEUI_SKILLPOINTS_34015D,0/3
UI_SKILLTREEUI_SKILLPOINTS_3424E3,0/3
UI_SKILLTREEUI_SKILLPOINTS_343A0E,0/3
UI_SKILLTREEUI_SKILLPOINTS_345213,0/3
UI_SKILLTREEUI_SKILLPOINTS_3455B2,0/3
UI_SKILLTREEUI_SKILLPOINTS_3479D2,0/3
UI_SKILLTREEUI_SKILLPOINTS_34A501,0/3
UI_SKILLTREEUI_SKILLPOINTS_34D256,0/3
UI_SKILLTREEUI_SKILLPOINTS_34E587,0/3
UI_SKILLTREEUI_SKILLPOINTS_34ED3F,0/3
UI_SKILLTREEUI_SKILLPOINTS_34EDC4,0/3
UI_SKILLTREEUI_SKILLPOINTS_34EF78,0/3
UI_SKILLTREEUI_SKILLPOINTS_34F0CD,0/3
UI_SKILLTREEUI_SKILLPOINTS_34FE64,0/3
UI_SKILLTREEUI_SKILLPOINTS_3502B9,0/3
UI_SKILLTREEUI_SKILLPOINTS_350C43,0/3
UI_SKILLTREEUI_SKILLPOINTS_351A86,0/3
UI_SKILLTREEUI_SKILLPOINTS_352089,0/3
UI_SKILLTREEUI_SKILLPOINTS_352A32,0/3
UI_SKILLTREEUI_SKILLPOINTS_352E23,0/3
UI_SKILLTREEUI_SKILLPOINTS_3532AC,0/3
UI_SKILLTREEUI_SKILLPOINTS_3537DF,0/3
UI_SKILLTREEUI_SKILLPOINTS_353F14,0/3
UI_SKILLTREEUI_SKILLPOINTS_354A27,0/3
UI_SKILLTREEUI_SKILLPOINTS_354D6D,0/3
UI_SKILLTREEUI_SKILLPOINTS_354F90,0/3
UI_SKILLTREEUI_SKILLPOINTS_355E6D,0/3
UI_SKILLTREEUI_SKILLPOINTS_3567A8,0/3
UI_SKILLTREEUI_SKILLPOINTS_358638,0/3
UI_SKILLTREEUI_SKILLPOINTS_359AC4,0/3
UI_SKILLTREEUI_SKILLPOINTS_35BDC3,0/3
UI_SKILLTREEUI_SKILLPOINTS_35D701,0/3
UI_SKILLTREEUI_SKILLPOINTS_35E777,0/3
UI_SKILLTREEUI_SKILLPOINTS_3605D4,0/3
UI_SKILLTREEUI_SKILLPOINTS_360C41,0/3
UI_SKILLTREEUI_SKILLPOINTS_36154B,0/3
UI_SKILLTREEUI_SKILLPOINTS_3627C9,0/3
UI_SKILLTREEUI_SKILLPOINTS_365090,0/3
UI_SKILLTREEUI_SKILLPOINTS_3655B9,0/3
UI_SKILLTREEUI_SKILLPOINTS_3659BF,0/3
UI_SKILLTREEUI_SKILLPOINTS_3659C2,0/3
UI_SKILLTREEUI_SKILLPOINTS_366636,0/3
UI_SKILLTREEUI_SKILLPOINTS_36734B,0/3
UI_SKILLTREEUI_SKILLPOINTS_3683CF,0/3
UI_SKILLTREEUI_SKILLPOINTS_3691C7,0/3
UI_SKILLTREEUI_SKILLPOINTS_369717,0/3
UI_SKILLTREEUI_SKILLPOINTS_36A51E,0/3
UI_SKILLTREEUI_SKILLPOINTS_36AEE2,0/3
UI_SKILLTREEUI_SKILLPOINTS_36E465,0/3
UI_SKILLTREEUI_SKILLPOINTS_371AF3,0/3
UI_SKILLTREEUI_SKILLPOINTS_371D81,0/3
UI_SKILLTREEUI_SKILLPOINTS_3728B6,0/3
UI_SKILLTREEUI_SKILLPOINTS_374F27,0/3
UI_SKILLTREEUI_SKILLPOINTS_376DCC,0/3
UI_SKILLTREEUI_SKILLPOINTS_3770AC,0/3
UI_SKILLTREEUI_SKILLPOINTS_377363,0/3
UI_SKILLTREEUI_SKILLPOINTS_379586,0/3
UI_SKILLTREEUI_SKILLPOINTS_379AF4,0/3
UI_SKILLTREEUI_SKILLPOINTS_37B0B4,0/3
UI_SKILLTREEUI_SKILLPOINTS_37DC3C,0/3
UI_SKILLTREEUI_SKILLPOINTS_37EEE4,0/3
UI_SKILLTREEUI_SKILLPOINTS_37FBAE,0/3
UI_SKILLTREEUI_SKILLPOINTS_3803A5,0/3
UI_SKILLTREEUI_SKILLPOINTS_380DD0,0/3
UI_SKILLTREEUI_SKILLPOINTS_38299E,0/3
UI_SKILLTREEUI_SKILLPOINTS_383D62,0/3
UI_SKILLTREEUI_SKILLPOINTS_3863AD,0/3
UI_SKILLTREEUI_SKILLPOINTS_386571,0/3
UI_SKILLTREEUI_SKILLPOINTS_386C9F,0/3
UI_SKILLTREEUI_SKILLPOINTS_386CE3,0/3
UI_SKILLTREEUI_SKILLPOINTS_3871C9,0/3
UI_SKILLTREEUI_SKILLPOINTS_387AFA,0/3
UI_SKILLTREEUI_SKILLPOINTS_387F82,0/3
UI_SKILLTREEUI_SKILLPOINTS_3887E6,0/3
UI_SKILLTREEUI_SKILLPOINTS_38A0D1,0/3
UI_SKILLTREEUI_SKILLPOINTS_38A19C,0/3
UI_SKILLTREEUI_SKILLPOINTS_38AF34,0/3
UI_SKILLTREEUI_SKILLPOINTS_38D9C5,0/3
UI_SKILLTREEUI_SKILLPOINTS_38DF20,0/3
UI_SKILLTREEUI_SKILLPOINTS_38E4A1,0/3
UI_SKILLTREEUI_SKILLPOINTS_38E804,0/3
UI_SKILLTREEUI_SKILLPOINTS_38F65A,0/3
UI_SKILLTREEUI_SKILLPOINTS_3901DD,0/3
UI_SKILLTREEUI_SKILLPOINTS_391331,0/3
UI_SKILLTREEUI_SKILLPOINTS_39251F,0/3
UI_SKILLTREEUI_SKILLPOINTS_392964,0/3
UI_SKILLTREEUI_SKILLPOINTS_393256,0/3
UI_SKILLTREEUI_SKILLPOINTS_393E37,0/3
UI_SKILLTREEUI_SKILLPOINTS_394D6B,0/3
UI_SKILLTREEUI_SKILLPOINTS_395A19,0/3
UI_SKILLTREEUI_SKILLPOINTS_398416,0/3
UI_SKILLTREEUI_SKILLPOINTS_398E1F,0/3
UI_SKILLTREEUI_SKILLPOINTS_399102,0/3
UI_SKILLTREEUI_SKILLPOINTS_39A1B9,0/3
UI_SKILLTREEUI_SKILLPOINTS_39BE64,0/3
UI_SKILLTREEUI_SKILLPOINTS_39C60B,0/3
UI_SKILLTREEUI_SKILLPOINTS_39C7A4,0/3
UI_SKILLTREEUI_SKILLPOINTS_39D480,0/3
UI_SKILLTREEUI_SKILLPOINTS_39FD2F,0/3
UI_SKILLTREEUI_SKILLPOINTS_3A01A4,0/3
UI_SKILLTREEUI_SKILLPOINTS_3A1030,0/3
UI_SKILLTREEUI_SKILLPOINTS_3A1689,0/3
UI_SKILLTREEUI_SKILLPOINTS_3A25C2,0/3
UI_SKILLTREEUI_SKILLPOINTS_3A3675,0/3
UI_SKILLTREEUI_SKILLPOINTS_3A3A85,0/3
UI_SKILLTREEUI_SKILLPOINTS_3A685A,0/3
UI_SKILLTREEUI_SKILLPOINTS_3A6A0E,0/3
UI_SKILLTREEUI_SKILLPOINTS_3A7453,0/3
UI_SKILLTREEUI_SKILLPOINTS_3A801F,0/3
UI_SKILLTREEUI_SKILLPOINTS_3A8497,0/3
UI_SKILLTREEUI_SKILLPOINTS_3ABDFB,0/3
UI_SKILLTREEUI_SKILLPOINTS_3ADD98,0/3
UI_SKILLTREEUI_SKILLPOINTS_3AE52F,0/3
UI_SKILLTREEUI_SKILLPOINTS_3B08C5,0/3
UI_SKILLTREEUI_SKILLPOINTS_3B0D77,0/3
UI_SKILLTREEUI_SKILLPOINTS_3B291F,0/3
UI_SKILLTREEUI_SKILLPOINTS_3B2AAF,0/3
UI_SKILLTREEUI_SKILLPOINTS_3B354D,0/3
UI_SKILLTREEUI_SKILLPOINTS_3B4638,0/3
UI_SKILLTREEUI_SKILLPOINTS_3B472A,0/3
UI_SKILLTREEUI_SKILLPOINTS_3B561A,0/3
UI_SKILLTREEUI_SKILLPOINTS_3B5AFC,0/3
UI_SKILLTREEUI_SKILLPOINTS_3B71CF,0/3
UI_SKILLTREEUI_SKILLPOINTS_3B72CA,0/3
UI_SKILLTREEUI_SKILLPOINTS_3B7A93,0/3
UI_SKILLTREEUI_SKILLPOINTS_3B9AC5,0/3
UI_SKILLTREEUI_SKILLPOINTS_3BA225,0/3
UI_SKILLTREEUI_SKILLPOINTS_3BB1C7,0/3
UI_SKILLTREEUI_SKILLPOINTS_3BBC73,0/3
UI_SKILLTREEUI_SKILLPOINTS_3BDA2C,0/3
UI_SKILLTREEUI_SKILLPOINTS_3BE426,0/3
UI_SKILLTREEUI_SKILLPOINTS_3BE6D0,0/3
UI_SKILLTREEUI_SKILLPOINTS_3BF1BB,0/3
UI_SKILLTREEUI_SKILLPOINTS_3BF279,0/3
UI_SKILLTREEUI_SKILLPOINTS_3C13A2,0/3
UI_SKILLTREEUI_SKILLPOINTS_3C1A9A,0/3
UI_SKILLTREEUI_SKILLPOINTS_3C3FAD,0/3
UI_SKILLTREEUI_SKILLPOINTS_3C4431,0/3
UI_SKILLTREEUI_SKILLPOINTS_3C458A,0/3
UI_SKILLTREEUI_SKILLPOINTS_3C4DBB,0/3
UI_SKILLTREEUI_SKILLPOINTS_3C5600,0/3
UI_SKILLTREEUI_SKILLPOINTS_3C59E2,0/3
UI_SKILLTREEUI_SKILLPOINTS_3C70C8,0/3
UI_SKILLTREEUI_SKILLPOINTS_3C742C,0/3
UI_SKILLTREEUI_SKILLPOINTS_3C8162,0/3
UI_SKILLTREEUI_SKILLPOINTS_3C901A,0/3
UI_SKILLTREEUI_SKILLPOINTS_3C9730,0/3
UI_SKILLTREEUI_SKILLPOINTS_3CA085,0/3
UI_SKILLTREEUI_SKILLPOINTS_3CA0B9,0/3
UI_SKILLTREEUI_SKILLPOINTS_3CA96C,0/3
UI_SKILLTREEUI_SKILLPOINTS_3CC1CE,0/3
UI_SKILLTREEUI_SKILLPOINTS_3CD231,0/3
UI_SKILLTREEUI_SKILLPOINTS_3CD5FB,0/3
UI_SKILLTREEUI_SKILLPOINTS_3CFF7E,0/3
UI_SKILLTREEUI_SKILLPOINTS_3D078D,0/3
UI_SKILLTREEUI_SKILLPOINTS_3D258E,0/3
UI_SKILLTREEUI_SKILLPOINTS_3D26BF,0/3
UI_SKILLTREEUI_SKILLPOINTS_3D3808,0/3
UI_SKILLTREEUI_SKILLPOINTS_3D5BC7,0/3
UI_SKILLTREEUI_SKILLPOINTS_3D6779,0/3
UI_SKILLTREEUI_SKILLPOINTS_3D882E,0/3
UI_SKILLTREEUI_SKILLPOINTS_3D8BB3,0/3
UI_SKILLTREEUI_SKILLPOINTS_3DA81D,0/3
UI_SKILLTREEUI_SKILLPOINTS_3DAD54,0/3
UI_SKILLTREEUI_SKILLPOINTS_3DAE8D,0/3
UI_SKILLTREEUI_SKILLPOINTS_3DB0E4,0/3
UI_SKILLTREEUI_SKILLPOINTS_3DCC62,0/3
UI_SKILLTREEUI_SKILLPOINTS_3DCCDB,0/3
UI_SKILLTREEUI_SKILLPOINTS_3DD4EC,0/3
UI_SKILLTREEUI_SKILLPOINTS_3DDE04,0/3
UI_SKILLTREEUI_SKILLPOINTS_3DE83B,0/3
UI_SKILLTREEUI_SKILLPOINTS_3DF6A7,0/3
UI_SKILLTREEUI_SKILLPOINTS_3DF7F8,0/3
UI_SKILLTREEUI_SKILLPOINTS_3E0285,0/3
UI_SKILLTREEUI_SKILLPOINTS_3E13A6,0/3
UI_SKILLTREEUI_SKILLPOINTS_3E312D,0/3
UI_SKILLTREEUI_SKILLPOINTS_3E3DBC,0/3
UI_SKILLTREEUI_SKILLPOINTS_3E4465,0/3
UI_SKILLTREEUI_SKILLPOINTS_3E7069,0/3
UI_SKILLTREEUI_SKILLPOINTS_3E7450,0/3
UI_SKILLTREEUI_SKILLPOINTS_3E7676,0/3
UI_SKILLTREEUI_SKILLPOINTS_3E846E,0/3
UI_SKILLTREEUI_SKILLPOINTS_3E89BE,0/3
UI_SKILLTREEUI_SKILLPOINTS_3E9DF8,0/3
UI_SKILLTREEUI_SKILLPOINTS_3EA189,0/3
UI_SKILLTREEUI_SKILLPOINTS_3EB374,0/3
UI_SKILLTREEUI_SKILLPOINTS_3EBA60,0/3
UI_SKILLTREEUI_SKILLPOINTS_3EBAE0,0/3
UI_SKILLTREEUI_SKILLPOINTS_3EC042,0/3
UI_SKILLTREEUI_SKILLPOINTS_3EDFEB,0/3
UI_SKILLTREEUI_SKILLPOINTS_3EE927,0/3
UI_SKILLTREEUI_SKILLPOINTS_3EEB63,0/3
UI_SKILLTREEUI_SKILLPOINTS_3EF5EB,0/3
UI_SKILLTREEUI_SKILLPOINTS_3EFC85,0/3
UI_SKILLTREEUI_SKILLPOINTS_3F0460,0/3
UI_SKILLTREEUI_SKILLPOINTS_3F1EE9,0/3
UI_SKILLTREEUI_SKILLPOINTS_3F2FD8,0/3
UI_SKILLTREEUI_SKILLPOINTS_3F5A26,0/3
UI_SKILLTREEUI_SKILLPOINTS_3F6308,0/3
UI_SKILLTREEUI_SKILLPOINTS_3F687B,0/3
UI_SKILLTREEUI_SKILLPOINTS_3F7CF0,0/3
UI_SKILLTREEUI_SKILLPOINTS_3F96EA,0/3
UI_SKILLTREEUI_SKILLPOINTS_3F9FB8,0/3
UI_SKILLTREEUI_SKILLPOINTS_3FC1D5,0/3
UI_SKILLTREEUI_SKILLPOINTS_3FD2DA,0/3
UI_SKILLTREEUI_SKILLPOINTS_3FE0EF,0/3
UI_SKILLTREEUI_SKILLPOINTS_3FE3E5,0/3
UI_SKILLTREEUI_SKILLPOINTS_3FE774,0/3
UI_SKILLTREEUI_SKILLPOINTS_3FEBE0,0/3
UI_SKILLTREEUI_SKILLPOINTS_401071,0/3
UI_SKILLTREEUI_SKILLPOINTS_401F09,0/3
UI_SKILLTREEUI_SKILLPOINTS_403930,0/3
UI_SKILLTREEUI_SKILLPOINTS_403FB5,0/3
UI_SKILLTREEUI_SKILLPOINTS_4043F9,0/3
UI_SKILLTREEUI_SKILLPOINTS_405282,0/3
UI_SKILLTREEUI_SKILLPOINTS_40553C,0/3
UI_SKILLTREEUI_SKILLPOINTS_405819,0/3
UI_SKILLTREEUI_SKILLPOINTS_406C9C,0/3
UI_SKILLTREEUI_SKILLPOINTS_407941,0/3
UI_SKILLTREEUI_SKILLPOINTS_407F49,0/3
UI_SKILLTREEUI_SKILLPOINTS_409323,0/3
UI_SKILLTREEUI_SKILLPOINTS_409443,0/3
UI_SKILLTREEUI_SKILLPOINTS_4094AF,0/3
UI_SKILLTREEUI_SKILLPOINTS_409AEF,0/3
UI_SKILLTREEUI_SKILLPOINTS_40CB7A,0/3
UI_SKILLTREEUI_SKILLPOINTS_40CCF4,0/3
UI_SKILLTREEUI_SKILLPOINTS_40DDAC,0/3
UI_SKILLTREEUI_SKILLPOINTS_40E902,0/3
UI_SKILLTREEUI_SKILLPOINTS_40F58B,0/3
UI_SKILLTREEUI_SKILLPOINTS_4116CF,0/3
UI_SKILLTREEUI_SKILLPOINTS_4119BE,0/3
UI_SKILLTREEUI_SKILLPOINTS_411B60,0/3
UI_SKILLTREEUI_SKILLPOINTS_41467C,0/3
UI_SKILLTREEUI_SKILLPOINTS_41482D,0/3
UI_SKILLTREEUI_SKILLPOINTS_415283,0/3
UI_SKILLTREEUI_SKILLPOINTS_415862,0/3
UI_SKILLTREEUI_SKILLPOINTS_41762B,0/3
UI_SKILLTREEUI_SKILLPOINTS_4176BD,0/3
UI_SKILLTREEUI_SKILLPOINTS_4193AE,0/3
UI_SKILLTREEUI_SKILLPOINTS_419461,0/3
UI_SKILLTREEUI_SKILLPOINTS_419DEB,0/3
UI_SKILLTREEUI_SKILLPOINTS_41A49C,0/3
UI_SKILLTREEUI_SKILLPOINTS_41A6E0,0/3
UI_SKILLTREEUI_SKILLPOINTS_41AADA,0/3
UI_SKILLTREEUI_SKILLPOINTS_41B10B,0/3
UI_SKILLTREEUI_SKILLPOINTS_41C237,0/3
UI_SKILLTREEUI_SKILLPOINTS_41F9EC,0/3
UI_SKILLTREEUI_SKILLPOINTS_42115E,0/3
UI_SKILLTREEUI_SKILLPOINTS_4218F4,0/3
UI_SKILLTREEUI_SKILLPOINTS_421E75,0/3
UI_SKILLTREEUI_SKILLPOINTS_421F2B,0/3
UI_SKILLTREEUI_SKILLPOINTS_422444,0/3
UI_SKILLTREEUI_SKILLPOINTS_4228F2,0/3
UI_SKILLTREEUI_SKILLPOINTS_42357C,0/3
UI_SKILLTREEUI_SKILLPOINTS_423849,0/3
UI_SKILLTREEUI_SKILLPOINTS_423864,0/3
UI_SKILLTREEUI_SKILLPOINTS_424AEA,0/3
UI_SKILLTREEUI_SKILLPOINTS_424F45,0/3
UI_SKILLTREEUI_SKILLPOINTS_425C9B,0/3
UI_SKILLTREEUI_SKILLPOINTS_425F54,0/3
UI_SKILLTREEUI_SKILLPOINTS_426A4E,0/3
UI_SKILLTREEUI_SKILLPOINTS_427199,0/3
UI_SKILLTREEUI_SKILLPOINTS_42935B,0/3
UI_SKILLTREEUI_SKILLPOINTS_42A0C4,0/3
UI_SKILLTREEUI_SKILLPOINTS_42AFA0,0/3
UI_SKILLTREEUI_SKILLPOINTS_42B37B,0/3
UI_SKILLTREEUI_SKILLPOINTS_42C854,0/3
UI_SKILLTREEUI_SKILLPOINTS_42D03F,0/3
UI_SKILLTREEUI_SKILLPOINTS_42E0E4,0/3
UI_SKILLTREEUI_SKILLPOINTS_42EC9E,0/3
UI_SKILLTREEUI_SKILLPOINTS_42F586,0/3
UI_SKILLTREEUI_SKILLPOINTS_42FA65,0/3
UI_SKILLTREEUI_SKILLPOINTS_43043C,0/3
UI_SKILLTREEUI_SKILLPOINTS_4308D2,0/3
UI_SKILLTREEUI_SKILLPOINTS_431AA1,0/3
UI_SKILLTREEUI_SKILLPOINTS_432FF5,0/3
UI_SKILLTREEUI_SKILLPOINTS_4333D7,0/3
UI_SKILLTREEUI_SKILLPOINTS_434883,0/3
UI_SKILLTREEUI_SKILLPOINTS_4349C9,0/3
UI_SKILLTREEUI_SKILLPOINTS_43575A,0/3
UI_SKILLTREEUI_SKILLPOINTS_438680,0/3
UI_SKILLTREEUI_SKILLPOINTS_4395E9,0/3
UI_SKILLTREEUI_SKILLPOINTS_43BABA,0/3
UI_SKILLTREEUI_SKILLPOINTS_43C59D,0/3
UI_SKILLTREEUI_SKILLPOINTS_43D4FF,0/3
UI_SKILLTREEUI_SKILLPOINTS_43DCCC,0/3
UI_SKILLTREEUI_SKILLPOINTS_44077A,0/3
UI_SKILLTREEUI_SKILLPOINTS_440EAC,0/3
UI_SKILLTREEUI_SKILLPOINTS_44186B,0/3
UI_SKILLTREEUI_SKILLPOINTS_441D89,0/3
UI_SKILLTREEUI_SKILLPOINTS_4437ED,0/3
UI_SKILLTREEUI_SKILLPOINTS_443A06,0/3
UI_SKILLTREEUI_SKILLPOINTS_443CC0,0/3
UI_SKILLTREEUI_SKILLPOINTS_443D12,0/3
UI_SKILLTREEUI_SKILLPOINTS_444873,0/3
UI_SKILLTREEUI_SKILLPOINTS_44730F,0/3
UI_SKILLTREEUI_SKILLPOINTS_44740A,0/3
UI_SKILLTREEUI_SKILLPOINTS_447D33,0/3
UI_SKILLTREEUI_SKILLPOINTS_4482C2,0/3
UI_SKILLTREEUI_SKILLPOINTS_44AE78,0/3
UI_SKILLTREEUI_SKILLPOINTS_44AF83,0/3
UI_SKILLTREEUI_SKILLPOINTS_44C801,0/3
UI_SKILLTREEUI_SKILLPOINTS_44E2B3,0/3
UI_SKILLTREEUI_SKILLPOINTS_44E977,0/3
UI_SKILLTREEUI_SKILLPOINTS_44F121,0/3
UI_SKILLTREEUI_SKILLPOINTS_44FC19,0/3
UI_SKILLTREEUI_SKILLPOINTS_451835,0/3
UI_SKILLTREEUI_SKILLPOINTS_4520BF,0/3
UI_SKILLTREEUI_SKILLPOINTS_452388,0/3
UI_SKILLTREEUI_SKILLPOINTS_4528EF,0/3
UI_SKILLTREEUI_SKILLPOINTS_452FCB,0/3
UI_SKILLTREEUI_SKILLPOINTS_454C60,0/3
UI_SKILLTREEUI_SKILLPOINTS_45582B,0/3
UI_SKILLTREEUI_SKILLPOINTS_455A21,0/3
UI_SKILLTREEUI_SKILLPOINTS_455E7F,0/3
UI_SKILLTREEUI_SKILLPOINTS_456964,0/3
UI_SKILLTREEUI_SKILLPOINTS_457215,0/3
UI_SKILLTREEUI_SKILLPOINTS_4585E5,0/3
UI_SKILLTREEUI_SKILLPOINTS_45906F,0/3
UI_SKILLTREEUI_SKILLPOINTS_459096,0/3
UI_SKILLTREEUI_SKILLPOINTS_45BCD2,0/3
UI_SKILLTREEUI_SKILLPOINTS_45BDC4,0/3
UI_SKILLTREEUI_SKILLPOINTS_45BF0A,0/3
UI_SKILLTREEUI_SKILLPOINTS_45D8B7,0/3
UI_SKILLTREEUI_SKILLPOINTS_45DBF5,0/3
UI_SKILLTREEUI_SKILLPOINTS_45F734,0/3
UI_SKILLTREEUI_SKILLPOINTS_45FD72,0/3
UI_SKILLTREEUI_SKILLPOINTS_46064D,0/3
UI_SKILLTREEUI_SKILLPOINTS_461624,0/3
UI_SKILLTREEUI_SKILLPOINTS_461673,0/3
UI_SKILLTREEUI_SKILLPOINTS_46211E,0/3
UI_SKILLTREEUI_SKILLPOINTS_462FB0,0/3
UI_SKILLTREEUI_SKILLPOINTS_463223,0/3
UI_SKILLTREEUI_SKILLPOINTS_463DCB,0/3
UI_SKILLTREEUI_SKILLPOINTS_46470D,0/3
UI_SKILLTREEUI_SKILLPOINTS_465A7F,0/3
UI_SKILLTREEUI_SKILLPOINTS_46C6CC,0/3
UI_SKILLTREEUI_SKILLPOINTS_46D292,0/3
UI_SKILLTREEUI_SKILLPOINTS_46E246,0/3
UI_SKILLTREEUI_SKILLPOINTS_46E893,0/3
UI_SKILLTREEUI_SKILLPOINTS_46EE88,0/3
UI_SKILLTREEUI_SKILLPOINTS_46F2DC,0/3
UI_SKILLTREEUI_SKILLPOINTS_470459,0/3
UI_SKILLTREEUI_SKILLPOINTS_47087C,0/3
UI_SKILLTREEUI_SKILLPOINTS_471641,0/3
UI_SKILLTREEUI_SKILLPOINTS_471F59,0/3
UI_SKILLTREEUI_SKILLPOINTS_473338,0/3
UI_SKILLTREEUI_SKILLPOINTS_47337C,0/3
UI_SKILLTREEUI_SKILLPOINTS_4739C8,0/3
UI_SKILLTREEUI_SKILLPOINTS_473D6C,0/3
UI_SKILLTREEUI_SKILLPOINTS_4744C6,0/3
UI_SKILLTREEUI_SKILLPOINTS_475358,0/3
UI_SKILLTREEUI_SKILLPOINTS_47752F,0/3
UI_SKILLTREEUI_SKILLPOINTS_4776E6,0/3
UI_SKILLTREEUI_SKILLPOINTS_4781E0,0/3
UI_SKILLTREEUI_SKILLPOINTS_479089,0/3
UI_SKILLTREEUI_SKILLPOINTS_479B8B,0/3
UI_SKILLTREEUI_SKILLPOINTS_479F07,0/3
UI_SKILLTREEUI_SKILLPOINTS_47B47D,0/3
UI_SKILLTREEUI_SKILLPOINTS_47CDD0,0/3
UI_SKILLTREEUI_SKILLPOINTS_47E84D,0/3
UI_SKILLTREEUI_SKILLPOINTS_47F949,0/3
UI_SKILLTREEUI_SKILLPOINTS_4811D5,0/3
UI_SKILLTREEUI_SKILLPOINTS_4815B8,0/3
UI_SKILLTREEUI_SKILLPOINTS_4825FA,0/3
UI_SKILLTREEUI_SKILLPOINTS_484B0B,0/3
UI_SKILLTREEUI_SKILLPOINTS_485E02,0/3
UI_SKILLTREEUI_SKILLPOINTS_486A4E,0/3
UI_SKILLTREEUI_SKILLPOINTS_4871F1,0/3
UI_SKILLTREEUI_SKILLPOINTS_487D90,0/3
UI_SKILLTREEUI_SKILLPOINTS_48B67F,0/3
UI_SKILLTREEUI_SKILLPOINTS_48BAC0,0/3
UI_SKILLTREEUI_SKILLPOINTS_48BC70,0/3
UI_SKILLTREEUI_SKILLPOINTS_48C926,0/3
UI_SKILLTREEUI_SKILLPOINTS_48CE9E,0/3
UI_SKILLTREEUI_SKILLPOINTS_48D195,0/3
UI_SKILLTREEUI_SKILLPOINTS_48DE0C,0/3
UI_SKILLTREEUI_SKILLPOINTS_48EA62,0/3
UI_SKILLTREEUI_SKILLPOINTS_4903D9,0/3
UI_SKILLTREEUI_SKILLPOINTS_4909C5,0/3
UI_SKILLTREEUI_SKILLPOINTS_4920C1,0/3
UI_SKILLTREEUI_SKILLPOINTS_49224E,0/3
UI_SKILLTREEUI_SKILLPOINTS_496977,0/3
UI_SKILLTREEUI_SKILLPOINTS_497260,0/3
UI_SKILLTREEUI_SKILLPOINTS_49759E,0/3
UI_SKILLTREEUI_SKILLPOINTS_499744,0/3
UI_SKILLTREEUI_SKILLPOINTS_499A76,0/3
UI_SKILLTREEUI_SKILLPOINTS_499D82,0/3
UI_SKILLTREEUI_SKILLPOINTS_49ACDA,0/3
UI_SKILLTREEUI_SKILLPOINTS_49AF23,0/3
UI_SKILLTREEUI_SKILLPOINTS_49B2ED,0/3
UI_SKILLTREEUI_SKILLPOINTS_49C4FA,0/3
UI_SKILLTREEUI_SKILLPOINTS_49C528,0/3
UI_SKILLTREEUI_SKILLPOINTS_49CDC0,0/3
UI_SKILLTREEUI_SKILLPOINTS_49D134,0/3
UI_SKILLTREEUI_SKILLPOINTS_49DCA9,0/3
UI_SKILLTREEUI_SKILLPOINTS_49DDF6,0/3
UI_SKILLTREEUI_SKILLPOINTS_49E125,0/3
UI_SKILLTREEUI_SKILLPOINTS_49EC93,0/3
UI_SKILLTREEUI_SKILLPOINTS_49F708,0/3
UI_SKILLTREEUI_SKILLPOINTS_4A08E8,0/3
UI_SKILLTREEUI_SKILLPOINTS_4A1359,0/3
UI_SKILLTREEUI_SKILLPOINTS_4A1690,0/3
UI_SKILLTREEUI_SKILLPOINTS_4A353A,0/3
UI_SKILLTREEUI_SKILLPOINTS_4A3F75,0/3
UI_SKILLTREEUI_SKILLPOINTS_4A4E6C,0/3
UI_SKILLTREEUI_SKILLPOINTS_4A4E8F,0/3
UI_SKILLTREEUI_SKILLPOINTS_4A5A34,0/3
UI_SKILLTREEUI_SKILLPOINTS_4A5EC6,0/3
UI_SKILLTREEUI_SKILLPOINTS_4A6A67,0/3
UI_SKILLTREEUI_SKILLPOINTS_4A6E1C,0/3
UI_SKILLTREEUI_SKILLPOINTS_4A7227,0/3
UI_SKILLTREEUI_SKILLPOINTS_4A7D9A,0/3
UI_SKILLTREEUI_SKILLPOINTS_4A8771,0/3
UI_SKILLTREEUI_SKILLPOINTS_4A9AE4,0/3
UI_SKILLTREEUI_SKILLPOINTS_4AA29B,0/3
UI_SKILLTREEUI_SKILLPOINTS_4AB8A9,0/3
UI_SKILLTREEUI_SKILLPOINTS_4ABC5F,0/3
UI_SKILLTREEUI_SKILLPOINTS_4AC9CB,0/3
UI_SKILLTREEUI_SKILLPOINTS_4AD38C,0/3
UI_SKILLTREEUI_SKILLPOINTS_4AE6A6,0/3
UI_SKILLTREEUI_SKILLPOINTS_4B01D8,0/3
UI_SKILLTREEUI_SKILLPOINTS_4B0224,0/3
UI_SKILLTREEUI_SKILLPOINTS_4B15FF,0/3
UI_SKILLTREEUI_SKILLPOINTS_4B1701,0/3
UI_SKILLTREEUI_SKILLPOINTS_4B1841,0/3
UI_SKILLTREEUI_SKILLPOINTS_4B229D,0/3
UI_SKILLTREEUI_SKILLPOINTS_4B2696,0/3
UI_SKILLTREEUI_SKILLPOINTS_4B2AA7,0/3
UI_SKILLTREEUI_SKILLPOINTS_4B378A,0/3
UI_SKILLTREEUI_SKILLPOINTS_4B3B2A,0/3
UI_SKILLTREEUI_SKILLPOINTS_4B45A5,0/3
UI_SKILLTREEUI_SKILLPOINTS_4B4963,0/3
UI_SKILLTREEUI_SKILLPOINTS_4B4AC1,0/3
UI_SKILLTREEUI_SKILLPOINTS_4B93B0,0/3
UI_SKILLTREEUI_SKILLPOINTS_4BC2BC,0/3
UI_SKILLTREEUI_SKILLPOINTS_4BC7A7,0/3
UI_SKILLTREEUI_SKILLPOINTS_4BC9E8,0/3
UI_SKILLTREEUI_SKILLPOINTS_4BD529,0/3
UI_SKILLTREEUI_SKILLPOINTS_4BD7E6,0/3
UI_SKILLTREEUI_SKILLPOINTS_4BDC1F,0/3
UI_SKILLTREEUI_SKILLPOINTS_4BECCD,0/3
UI_SKILLTREEUI_SKILLPOINTS_4BF844,0/3
UI_SKILLTREEUI_SKILLPOINTS_4C0613,0/3
UI_SKILLTREEUI_SKILLPOINTS_4C1842,0/3
UI_SKILLTREEUI_SKILLPOINTS_4C65B7,0/3
UI_SKILLTREEUI_SKILLPOINTS_4C66E6,0/3
UI_SKILLTREEUI_SKILLPOINTS_4C755E,0/3
UI_SKILLTREEUI_SKILLPOINTS_4C7B23,0/3
UI_SKILLTREEUI_SKILLPOINTS_4C8D86,0/3
UI_SKILLTREEUI_SKILLPOINTS_4C9003,0/3
UI_SKILLTREEUI_SKILLPOINTS_4C93C2,0/3
UI_SKILLTREEUI_SKILLPOINTS_4CBF4C,0/3
UI_SKILLTREEUI_SKILLPOINTS_4CC542,0/3
UI_SKILLTREEUI_SKILLPOINTS_4CC5F7,0/3
UI_SKILLTREEUI_SKILLPOINTS_4CEEC1,0/3
UI_SKILLTREEUI_SKILLPOINTS_4D1A24,0/3
UI_SKILLTREEUI_SKILLPOINTS_4D20EB,0/3
UI_SKILLTREEUI_SKILLPOINTS_4D47F2,0/3
UI_SKILLTREEUI_SKILLPOINTS_4D61FA,0/3
UI_SKILLTREEUI_SKILLPOINTS_4D7491,0/3
UI_SKILLTREEUI_SKILLPOINTS_4D8A60,0/3
UI_SKILLTREEUI_SKILLPOINTS_4D9AB6,0/3
UI_SKILLTREEUI_SKILLPOINTS_4DAFA7,0/3
UI_SKILLTREEUI_SKILLPOINTS_4DB06B,0/3
UI_SKILLTREEUI_SKILLPOINTS_4DB3B5,0/3
UI_SKILLTREEUI_SKILLPOINTS_4DC15A,0/3
UI_SKILLTREEUI_SKILLPOINTS_4DC390,0/3
UI_SKILLTREEUI_SKILLPOINTS_4DC831,0/3
UI_SKILLTREEUI_SKILLPOINTS_4DDB23,0/3
UI_SKILLTREEUI_SKILLPOINTS_4DE9DB,0/3
UI_SKILLTREEUI_SKILLPOINTS_4DF01A,0/3
UI_SKILLTREEUI_SKILLPOINTS_4E08CC,0/3
UI_SKILLTREEUI_SKILLPOINTS_4E0997,0/3
UI_SKILLTREEUI_SKILLPOINTS_4E1E46,0/3
UI_SKILLTREEUI_SKILLPOINTS_4E31CD,0/3
UI_SKILLTREEUI_SKILLPOINTS_4E454F,0/3
UI_SKILLTREEUI_SKILLPOINTS_4E62A2,0/3
UI_SKILLTREEUI_SKILLPOINTS_4E6DF7,0/3
UI_SKILLTREEUI_SKILLPOINTS_4E7F80,0/3
UI_SKILLTREEUI_SKILLPOINTS_4E8A55,0/3
UI_SKILLTREEUI_SKILLPOINTS_4E979E,0/3
UI_SKILLTREEUI_SKILLPOINTS_4E995D,0/3
UI_SKILLTREEUI_SKILLPOINTS_4EA6D8,0/3
UI_SKILLTREEUI_SKILLPOINTS_4ECB7E,0/3
UI_SKILLTREEUI_SKILLPOINTS_4ED0C0,0/3
UI_SKILLTREEUI_SKILLPOINTS_4ED4AD,0/3
UI_SKILLTREEUI_SKILLPOINTS_4EDCDD,0/3
UI_SKILLTREEUI_SKILLPOINTS_4EE99F,0/3
UI_SKILLTREEUI_SKILLPOINTS_4EF4E3,0/3
UI_SKILLTREEUI_SKILLPOINTS_4EFF31,0/3
UI_SKILLTREEUI_SKILLPOINTS_4F1200,0/3
UI_SKILLTREEUI_SKILLPOINTS_4F2623,0/3
UI_SKILLTREEUI_SKILLPOINTS_4F308D,0/3
UI_SKILLTREEUI_SKILLPOINTS_4F376D,0/3
UI_SKILLTREEUI_SKILLPOINTS_4F4D13,0/3
UI_SKILLTREEUI_SKILLPOINTS_4F66A6,0/3
UI_SKILLTREEUI_SKILLPOINTS_4F6F5D,0/3
UI_SKILLTREEUI_SKILLPOINTS_4FADD5,0/3
UI_SKILLTREEUI_SKILLPOINTS_4FB5D0,0/3
UI_SKILLTREEUI_SKILLPOINTS_4FCF1E,0/3
UI_SKILLTREEUI_SKILLPOINTS_4FD211,0/3
UI_SKILLTREEUI_SKILLPOINTS_4FD582,0/3
UI_SKILLTREEUI_SKILLPOINTS_4FE067,0/3
UI_SKILLTREEUI_SKILLPOINTS_4FEB2C,0/3
UI_SKILLTREEUI_SKILLPOINTS_4FEE49,0/3
UI_SKILLTREEUI_SKILLPOINTS_5018A1,0/3
UI_SKILLTREEUI_SKILLPOINTS_5027DA,0/3
UI_SKILLTREEUI_SKILLPOINTS_502B1C,0/3
UI_SKILLTREEUI_SKILLPOINTS_502EBB,0/3
UI_SKILLTREEUI_SKILLPOINTS_50467F,0/3
UI_SKILLTREEUI_SKILLPOINTS_5053FC,0/3
UI_SKILLTREEUI_SKILLPOINTS_506C6C,0/3
UI_SKILLTREEUI_SKILLPOINTS_507160,0/3
UI_SKILLTREEUI_SKILLPOINTS_507A13,0/3
UI_SKILLTREEUI_SKILLPOINTS_508966,0/3
UI_SKILLTREEUI_SKILLPOINTS_50C0EA,0/3
UI_SKILLTREEUI_SKILLPOINTS_50C43D,0/3
UI_SKILLTREEUI_SKILLPOINTS_50C7F6,0/3
UI_SKILLTREEUI_SKILLPOINTS_50CE42,0/3
UI_SKILLTREEUI_SKILLPOINTS_50DE90,0/3
UI_SKILLTREEUI_SKILLPOINTS_50E5AD,0/3
UI_SKILLTREEUI_SKILLPOINTS_50F11D,0/3
UI_SKILLTREEUI_SKILLPOINTS_50F681,0/3
UI_SKILLTREEUI_SKILLPOINTS_510AC3,0/3
UI_SKILLTREEUI_SKILLPOINTS_511702,0/3
UI_SKILLTREEUI_SKILLPOINTS_511CCA,0/3
UI_SKILLTREEUI_SKILLPOINTS_515C0C,0/3
UI_SKILLTREEUI_SKILLPOINTS_519B22,0/3
UI_SKILLTREEUI_SKILLPOINTS_51A276,0/3
UI_SKILLTREEUI_SKILLPOINTS_51A8D3,0/3
UI_SKILLTREEUI_SKILLPOINTS_51ACBF,0/3
UI_SKILLTREEUI_SKILLPOINTS_51C5DA,0/3
UI_SKILLTREEUI_SKILLPOINTS_51C69B,0/3
UI_SKILLTREEUI_SKILLPOINTS_51CEF4,0/3
UI_SKILLTREEUI_SKILLPOINTS_51D52C,0/3
UI_SKILLTREEUI_SKILLPOINTS_51E7B1,0/3
UI_SKILLTREEUI_SKILLPOINTS_521D33,0/3
UI_SKILLTREEUI_SKILLPOINTS_522E6A,0/3
UI_SKILLTREEUI_SKILLPOINTS_524113,0/3
UI_SKILLTREEUI_SKILLPOINTS_52413F,0/3
UI_SKILLTREEUI_SKILLPOINTS_525855,0/3
UI_SKILLTREEUI_SKILLPOINTS_525DE4,0/3
UI_SKILLTREEUI_SKILLPOINTS_5262FA,0/3
UI_SKILLTREEUI_SKILLPOINTS_526CA5,0/3
UI_SKILLTREEUI_SKILLPOINTS_527A33,0/3
UI_SKILLTREEUI_SKILLPOINTS_527BB1,0/3
UI_SKILLTREEUI_SKILLPOINTS_528CAB,0/3
UI_SKILLTREEUI_SKILLPOINTS_528D34,0/3
UI_SKILLTREEUI_SKILLPOINTS_529854,0/3
UI_SKILLTREEUI_SKILLPOINTS_52A30F,0/3
UI_SKILLTREEUI_SKILLPOINTS_52AB51,0/3
UI_SKILLTREEUI_SKILLPOINTS_52B42D,0/3
UI_SKILLTREEUI_SKILLPOINTS_52C712,0/3
UI_SKILLTREEUI_SKILLPOINTS_5306DA,0/3
UI_SKILLTREEUI_SKILLPOINTS_530750,0/3
UI_SKILLTREEUI_SKILLPOINTS_530D39,0/3
UI_SKILLTREEUI_SKILLPOINTS_531979,0/3
UI_SKILLTREEUI_SKILLPOINTS_532145,0/3
UI_SKILLTREEUI_SKILLPOINTS_532A31,0/3
UI_SKILLTREEUI_SKILLPOINTS_53320C,0/3
UI_SKILLTREEUI_SKILLPOINTS_5339E1,0/3
UI_SKILLTREEUI_SKILLPOINTS_534C00,0/3
UI_SKILLTREEUI_SKILLPOINTS_535328,0/3
UI_SKILLTREEUI_SKILLPOINTS_536506,0/3
UI_SKILLTREEUI_SKILLPOINTS_536FBC,0/3
UI_SKILLTREEUI_SKILLPOINTS_538CAC,0/3
UI_SKILLTREEUI_SKILLPOINTS_539300,0/3
UI_SKILLTREEUI_SKILLPOINTS_53981E,0/3
UI_SKILLTREEUI_SKILLPOINTS_539C89,0/3
UI_SKILLTREEUI_SKILLPOINTS_539DA2,0/3
UI_SKILLTREEUI_SKILLPOINTS_53BD5A,0/3
UI_SKILLTREEUI_SKILLPOINTS_53BE72,0/3
UI_SKILLTREEUI_SKILLPOINTS_53DC79,0/3
UI_SKILLTREEUI_SKILLPOINTS_53E2B8,0/3
UI_SKILLTREEUI_SKILLPOINTS_53EAEC,0/3
UI_SKILLTREEUI_SKILLPOINTS_53EDC3,0/3
UI_SKILLTREEUI_SKILLPOINTS_53F5AC,0/3
UI_SKILLTREEUI_SKILLPOINTS_53F76D,0/3
UI_SKILLTREEUI_SKILLPOINTS_53FA17,0/3
UI_SKILLTREEUI_SKILLPOINTS_541991,0/3
UI_SKILLTREEUI_SKILLPOINTS_542015,0/3
UI_SKILLTREEUI_SKILLPOINTS_5428F8,0/3
UI_SKILLTREEUI_SKILLPOINTS_54362A,0/3
UI_SKILLTREEUI_SKILLPOINTS_543D4A,0/3
UI_SKILLTREEUI_SKILLPOINTS_544E8F,0/3
UI_SKILLTREEUI_SKILLPOINTS_545138,0/3
UI_SKILLTREEUI_SKILLPOINTS_5455FC,0/3
UI_SKILLTREEUI_SKILLPOINTS_545DC7,0/3
UI_SKILLTREEUI_SKILLPOINTS_54603B,0/3
UI_SKILLTREEUI_SKILLPOINTS_5460A9,0/3
UI_SKILLTREEUI_SKILLPOINTS_546806,0/3
UI_SKILLTREEUI_SKILLPOINTS_547A8A,0/3
UI_SKILLTREEUI_SKILLPOINTS_547CC4,0/3
UI_SKILLTREEUI_SKILLPOINTS_547E5C,0/3
UI_SKILLTREEUI_SKILLPOINTS_54871F,0/3
UI_SKILLTREEUI_SKILLPOINTS_549788,0/3
UI_SKILLTREEUI_SKILLPOINTS_549851,0/3
UI_SKILLTREEUI_SKILLPOINTS_54A6A3,0/3
UI_SKILLTREEUI_SKILLPOINTS_54BC5F,0/3
UI_SKILLTREEUI_SKILLPOINTS_54C7F1,0/3
UI_SKILLTREEUI_SKILLPOINTS_54DA6C,0/3
UI_SKILLTREEUI_SKILLPOINTS_54DC09,0/3
UI_SKILLTREEUI_SKILLPOINTS_5504AA,0/3
UI_SKILLTREEUI_SKILLPOINTS_55089A,0/3
UI_SKILLTREEUI_SKILLPOINTS_55100D,0/3
UI_SKILLTREEUI_SKILLPOINTS_5518C1,0/3
UI_SKILLTREEUI_SKILLPOINTS_5523CD,0/3
UI_SKILLTREEUI_SKILLPOINTS_55268A,0/3
UI_SKILLTREEUI_SKILLPOINTS_552C39,0/3
UI_SKILLTREEUI_SKILLPOINTS_555132,0/3
UI_SKILLTREEUI_SKILLPOINTS_555F2D,0/3
UI_SKILLTREEUI_SKILLPOINTS_558180,0/3
UI_SKILLTREEUI_SKILLPOINTS_558D5D,0/3
UI_SKILLTREEUI_SKILLPOINTS_5596B3,0/3
UI_SKILLTREEUI_SKILLPOINTS_559A3E,0/3
UI_SKILLTREEUI_SKILLPOINTS_559C8A,0/3
UI_SKILLTREEUI_SKILLPOINTS_55A65C,0/3
UI_SKILLTREEUI_SKILLPOINTS_55E44B,0/3
UI_SKILLTREEUI_SKILLPOINTS_55E6E7,0/3
UI_SKILLTREEUI_SKILLPOINTS_55E702,0/3
UI_SKILLTREEUI_SKILLPOINTS_55F215,0/3
UI_SKILLTREEUI_SKILLPOINTS_55F9C8,0/3
UI_SKILLTREEUI_SKILLPOINTS_560A3E,0/3
UI_SKILLTREEUI_SKILLPOINTS_560D9B,0/3
UI_SKILLTREEUI_SKILLPOINTS_56248E,0/3
UI_SKILLTREEUI_SKILLPOINTS_56372B,0/3
UI_SKILLTREEUI_SKILLPOINTS_563BCD,0/3
UI_SKILLTREEUI_SKILLPOINTS_567CFD,0/3
UI_SKILLTREEUI_SKILLPOINTS_56947D,0/3
UI_SKILLTREEUI_SKILLPOINTS_56AB93,0/3
UI_SKILLTREEUI_SKILLPOINTS_56C367,0/3
UI_SKILLTREEUI_SKILLPOINTS_56C923,0/3
UI_SKILLTREEUI_SKILLPOINTS_56C9C7,0/3
UI_SKILLTREEUI_SKILLPOINTS_56DEC2,0/3
UI_SKILLTREEUI_SKILLPOINTS_56E97C,0/3
UI_SKILLTREEUI_SKILLPOINTS_570581,0/3
UI_SKILLTREEUI_SKILLPOINTS_570F14,0/3
UI_SKILLTREEUI_SKILLPOINTS_5722D9,0/3
UI_SKILLTREEUI_SKILLPOINTS_574D12,0/3
UI_SKILLTREEUI_SKILLPOINTS_575C46,0/3
UI_SKILLTREEUI_SKILLPOINTS_575D08,0/3
UI_SKILLTREEUI_SKILLPOINTS_575E07,0/3
UI_SKILLTREEUI_SKILLPOINTS_576247,0/3
UI_SKILLTREEUI_SKILLPOINTS_5762DD,0/3
UI_SKILLTREEUI_SKILLPOINTS_57633D,0/3
UI_SKILLTREEUI_SKILLPOINTS_5765C9,0/3
UI_SKILLTREEUI_SKILLPOINTS_57870D,0/3
UI_SKILLTREEUI_SKILLPOINTS_578AFC,0/3
UI_SKILLTREEUI_SKILLPOINTS_578BD5,0/3
UI_SKILLTREEUI_SKILLPOINTS_579956,0/3
UI_SKILLTREEUI_SKILLPOINTS_57A32D,0/3
UI_SKILLTREEUI_SKILLPOINTS_580C3C,0/3
UI_SKILLTREEUI_SKILLPOINTS_581478,0/3
UI_SKILLTREEUI_SKILLPOINTS_581813,0/3
UI_SKILLTREEUI_SKILLPOINTS_581D94,0/3
UI_SKILLTREEUI_SKILLPOINTS_5837FC,0/3
UI_SKILLTREEUI_SKILLPOINTS_584E22,0/3
UI_SKILLTREEUI_SKILLPOINTS_585F14,0/3
UI_SKILLTREEUI_SKILLPOINTS_58696D,0/3
UI_SKILLTREEUI_SKILLPOINTS_5893A8,0/3
UI_SKILLTREEUI_SKILLPOINTS_58975D,0/3
UI_SKILLTREEUI_SKILLPOINTS_589F25,0/3
UI_SKILLTREEUI_SKILLPOINTS_58BA9E,0/3
UI_SKILLTREEUI_SKILLPOINTS_58C24F,0/3
UI_SKILLTREEUI_SKILLPOINTS_58D41B,0/3
UI_SKILLTREEUI_SKILLPOINTS_58DB37,0/3
UI_SKILLTREEUI_SKILLPOINTS_58E226,0/3
UI_SKILLTREEUI_SKILLPOINTS_58E584,0/3
UI_SKILLTREEUI_SKILLPOINTS_58E955,0/3
UI_SKILLTREEUI_SKILLPOINTS_58FD6B,0/3
UI_SKILLTREEUI_SKILLPOINTS_59088A,0/3
UI_SKILLTREEUI_SKILLPOINTS_591978,0/3
UI_SKILLTREEUI_SKILLPOINTS_5923CD,0/3
UI_SKILLTREEUI_SKILLPOINTS_593760,0/3
UI_SKILLTREEUI_SKILLPOINTS_594672,0/3
UI_SKILLTREEUI_SKILLPOINTS_5962EE,0/3
UI_SKILLTREEUI_SKILLPOINTS_59951D,0/3
UI_SKILLTREEUI_SKILLPOINTS_599B7B,0/3
UI_SKILLTREEUI_SKILLPOINTS_59AAE8,0/3
UI_SKILLTREEUI_SKILLPOINTS_59B8B3,0/3
UI_SKILLTREEUI_SKILLPOINTS_59B942,0/3
UI_SKILLTREEUI_SKILLPOINTS_59C147,0/3
UI_SKILLTREEUI_SKILLPOINTS_59E427,0/3
UI_SKILLTREEUI_SKILLPOINTS_59EFBE,0/3
UI_SKILLTREEUI_SKILLPOINTS_59F2DE,0/3
UI_SKILLTREEUI_SKILLPOINTS_59FBF6,0/3
UI_SKILLTREEUI_SKILLPOINTS_5A0BB6,0/3
UI_SKILLTREEUI_SKILLPOINTS_5A0C06,0/3
UI_SKILLTREEUI_SKILLPOINTS_5A143F,0/3
UI_SKILLTREEUI_SKILLPOINTS_5A1797,0/3
UI_SKILLTREEUI_SKILLPOINTS_5A18CF,0/3
UI_SKILLTREEUI_SKILLPOINTS_5A1F18,0/3
UI_SKILLTREEUI_SKILLPOINTS_5A2A17,0/3
UI_SKILLTREEUI_SKILLPOINTS_5A4AFC,0/3
UI_SKILLTREEUI_SKILLPOINTS_5A4B1F,0/3
UI_SKILLTREEUI_SKILLPOINTS_5A4F14,0/3
UI_SKILLTREEUI_SKILLPOINTS_5A5401,0/3
UI_SKILLTREEUI_SKILLPOINTS_5A547C,0/3
UI_SKILLTREEUI_SKILLPOINTS_5A5DF4,0/3
UI_SKILLTREEUI_SKILLPOINTS_5A63AE,0/3
UI_SKILLTREEUI_SKILLPOINTS_5A7E4F,0/3
UI_SKILLTREEUI_SKILLPOINTS_5A96CF,0/3
UI_SKILLTREEUI_SKILLPOINTS_5AA6D4,0/3
UI_SKILLTREEUI_SKILLPOINTS_5AC500,0/3
UI_SKILLTREEUI_SKILLPOINTS_5ADE54,0/3
UI_SKILLTREEUI_SKILLPOINTS_5AE045,0/3
UI_SKILLTREEUI_SKILLPOINTS_5AEE4E,0/3
UI_SKILLTREEUI_SKILLPOINTS_5AF347,0/3
UI_SKILLTREEUI_SKILLPOINTS_5AF490,0/3
UI_SKILLTREEUI_SKILLPOINTS_5AFB6E,0/3
UI_SKILLTREEUI_SKILLPOINTS_5B0286,0/3
UI_SKILLTREEUI_SKILLPOINTS_5B06F3,0/3
UI_SKILLTREEUI_SKILLPOINTS_5B110C,0/3
UI_SKILLTREEUI_SKILLPOINTS_5B13EC,0/3
UI_SKILLTREEUI_SKILLPOINTS_5B2297,0/3
UI_SKILLTREEUI_SKILLPOINTS_5B23C2,0/3
UI_SKILLTREEUI_SKILLPOINTS_5B29CB,0/3
UI_SKILLTREEUI_SKILLPOINTS_5B2F26,0/3
UI_SKILLTREEUI_SKILLPOINTS_5B42C6,0/3
UI_SKILLTREEUI_SKILLPOINTS_5B4A96,0/3
UI_SKILLTREEUI_SKILLPOINTS_5B507C,0/3
UI_SKILLTREEUI_SKILLPOINTS_5B682F,0/3
UI_SKILLTREEUI_SKILLPOINTS_5B6B14,0/3
UI_SKILLTREEUI_SKILLPOINTS_5B6CE9,0/3
UI_SKILLTREEUI_SKILLPOINTS_5B6E54,0/3
UI_SKILLTREEUI_SKILLPOINTS_5B736B,0/3
UI_SKILLTREEUI_SKILLPOINTS_5B98A8,0/3
UI_SKILLTREEUI_SKILLPOINTS_5BA337,0/3
UI_SKILLTREEUI_SKILLPOINTS_5BB22F,0/3
UI_SKILLTREEUI_SKILLPOINTS_5BC8E8,0/3
UI_SKILLTREEUI_SKILLPOINTS_5BCA1F,0/3
UI_SKILLTREEUI_SKILLPOINTS_5BCCC1,0/3
UI_SKILLTREEUI_SKILLPOINTS_5BCF21,0/3
UI_SKILLTREEUI_SKILLPOINTS_5BCF3C,0/3
UI_SKILLTREEUI_SKILLPOINTS_5BD023,0/3
UI_SKILLTREEUI_SKILLPOINTS_5BD1E1,0/3
UI_SKILLTREEUI_SKILLPOINTS_5BD42E,0/3
UI_SKILLTREEUI_SKILLPOINTS_5BD55F,0/3
UI_SKILLTREEUI_SKILLPOINTS_5BEA14,0/3
UI_SKILLTREEUI_SKILLPOINTS_5BF623,0/3
UI_SKILLTREEUI_SKILLPOINTS_5BF947,0/3
UI_SKILLTREEUI_SKILLPOINTS_5BFCCC,0/3
UI_SKILLTREEUI_SKILLPOINTS_5BFEC1,0/3
UI_SKILLTREEUI_SKILLPOINTS_5C0C92,0/3
UI_SKILLTREEUI_SKILLPOINTS_5C2719,0/3
UI_SKILLTREEUI_SKILLPOINTS_5C2D29,0/3
UI_SKILLTREEUI_SKILLPOINTS_5C43E7,0/3
UI_SKILLTREEUI_SKILLPOINTS_5C4E7C,0/3
UI_SKILLTREEUI_SKILLPOINTS_5C5C49,0/3
UI_SKILLTREEUI_SKILLPOINTS_5C659C,0/3
UI_SKILLTREEUI_SKILLPOINTS_5C6675,0/3
UI_SKILLTREEUI_SKILLPOINTS_5C6CB0,0/3
UI_SKILLTREEUI_SKILLPOINTS_5C89A4,0/3
UI_SKILLTREEUI_SKILLPOINTS_5C8AF9,0/3
UI_SKILLTREEUI_SKILLPOINTS_5C8B39,0/3
UI_SKILLTREEUI_SKILLPOINTS_5C8E6B,0/3
UI_SKILLTREEUI_SKILLPOINTS_5C95B5,0/3
UI_SKILLTREEUI_SKILLPOINTS_5CAC7A,0/3
UI_SKILLTREEUI_SKILLPOINTS_5CACC0,0/3
UI_SKILLTREEUI_SKILLPOINTS_5CF1D7,0/3
UI_SKILLTREEUI_SKILLPOINTS_5CF575,0/3
UI_SKILLTREEUI_SKILLPOINTS_5D0379,0/3
UI_SKILLTREEUI_SKILLPOINTS_5D03F4,0/3
UI_SKILLTREEUI_SKILLPOINTS_5D0B69,0/3
UI_SKILLTREEUI_SKILLPOINTS_5D16F7,0/3
UI_SKILLTREEUI_SKILLPOINTS_5D22B7,0/3
UI_SKILLTREEUI_SKILLPOINTS_5D5107,0/3
UI_SKILLTREEUI_SKILLPOINTS_5D51D4,0/3
UI_SKILLTREEUI_SKILLPOINTS_5D606C,0/3
UI_SKILLTREEUI_SKILLPOINTS_5D8D14,0/3
UI_SKILLTREEUI_SKILLPOINTS_5DA33A,0/3
UI_SKILLTREEUI_SKILLPOINTS_5DA345,0/3
UI_SKILLTREEUI_SKILLPOINTS_5DA411,0/3
UI_SKILLTREEUI_SKILLPOINTS_5DBF3D,0/3
UI_SKILLTREEUI_SKILLPOINTS_5DD5DD,0/3
UI_SKILLTREEUI_SKILLPOINTS_5DD6F3,0/3
UI_SKILLTREEUI_SKILLPOINTS_5DEDB4,0/3
UI_SKILLTREEUI_SKILLPOINTS_5DFE03,0/3
UI_SKILLTREEUI_SKILLPOINTS_5DFE78,0/3
UI_SKILLTREEUI_SKILLPOINTS_5E089E,0/3
UI_SKILLTREEUI_SKILLPOINTS_5E0F04,0/3
UI_SKILLTREEUI_SKILLPOINTS_5E2ADD,0/3
UI_SKILLTREEUI_SKILLPOINTS_5E308F,0/3
UI_SKILLTREEUI_SKILLPOINTS_5E441F,0/3
UI_SKILLTREEUI_SKILLPOINTS_5E4A9C,0/3
UI_SKILLTREEUI_SKILLPOINTS_5E509D,0/3
UI_SKILLTREEUI_SKILLPOINTS_5E5940,0/3
UI_SKILLTREEUI_SKILLPOINTS_5E87DE,0/3
UI_SKILLTREEUI_SKILLPOINTS_5E8FC6,0/3
UI_SKILLTREEUI_SKILLPOINTS_5E9D94,0/3
UI_SKILLTREEUI_SKILLPOINTS_5E9F7A,0/3
UI_SKILLTREEUI_SKILLPOINTS_5EA487,0/3
UI_SKILLTREEUI_SKILLPOINTS_5EB8B3,0/3
UI_SKILLTREEUI_SKILLPOINTS_5EBBCB,0/3
UI_SKILLTREEUI_SKILLPOINTS_5EC7BE,0/3
UI_SKILLTREEUI_SKILLPOINTS_5ED1B1,0/3
UI_SKILLTREEUI_SKILLPOINTS_5EDDC3,0/3
UI_SKILLTREEUI_SKILLPOINTS_5EE059,0/3
UI_SKILLTREEUI_SKILLPOINTS_5EE74C,0/3
UI_SKILLTREEUI_SKILLPOINTS_5EECAC,0/3
UI_SKILLTREEUI_SKILLPOINTS_5EFA04,0/3
UI_SKILLTREEUI_SKILLPOINTS_5EFC82,0/3
UI_SKILLTREEUI_SKILLPOINTS_5EFD01,0/3
UI_SKILLTREEUI_SKILLPOINTS_5F0C98,0/3
UI_SKILLTREEUI_SKILLPOINTS_5F17CB,0/3
UI_SKILLTREEUI_SKILLPOINTS_5F2DEA,0/3
UI_SKILLTREEUI_SKILLPOINTS_5F35D4,0/3
UI_SKILLTREEUI_SKILLPOINTS_5F41CD,0/3
UI_SKILLTREEUI_SKILLPOINTS_5F458E,0/3
UI_SKILLTREEUI_SKILLPOINTS_5F4ABF,0/3
UI_SKILLTREEUI_SKILLPOINTS_5F50DB,0/3
UI_SKILLTREEUI_SKILLPOINTS_5F6725,0/3
UI_SKILLTREEUI_SKILLPOINTS_5F67ED,0/3
UI_SKILLTREEUI_SKILLPOINTS_5F72A2,0/3
UI_SKILLTREEUI_SKILLPOINTS_5F7A29,0/3
UI_SKILLTREEUI_SKILLPOINTS_5F7F19,0/3
UI_SKILLTREEUI_SKILLPOINTS_5F7F79,0/3
UI_SKILLTREEUI_SKILLPOINTS_5F8F25,0/3
UI_SKILLTREEUI_SKILLPOINTS_5FADED,0/3
UI_SKILLTREEUI_SKILLPOINTS_5FE0CF,0/3
UI_SKILLTREEUI_SKILLPOINTS_600003,0/3
UI_SKILLTREEUI_SKILLPOINTS_600636,0/3
UI_SKILLTREEUI_SKILLPOINTS_60072B,0/3
UI_SKILLTREEUI_SKILLPOINTS_601925,0/3
UI_SKILLTREEUI_SKILLPOINTS_6023FF,0/3
UI_SKILLTREEUI_SKILLPOINTS_602449,0/3
UI_SKILLTREEUI_SKILLPOINTS_60330B,0/3
UI_SKILLTREEUI_SKILLPOINTS_604E49,0/3
UI_SKILLTREEUI_SKILLPOINTS_605BA1,0/3
UI_SKILLTREEUI_SKILLPOINTS_60689A,0/3
UI_SKILLTREEUI_SKILLPOINTS_606ACC,0/3
UI_SKILLTREEUI_SKILLPOINTS_606D58,0/3
UI_SKILLTREEUI_SKILLPOINTS_607110,0/3
UI_SKILLTREEUI_SKILLPOINTS_6093FE,0/3
UI_SKILLTREEUI_SKILLPOINTS_609595,0/3
UI_SKILLTREEUI_SKILLPOINTS_60A135,0/3
UI_SKILLTREEUI_SKILLPOINTS_60A869,0/3
UI_SKILLTREEUI_SKILLPOINTS_60C623,0/3
UI_SKILLTREEUI_SKILLPOINTS_60D462,0/3
UI_SKILLTREEUI_SKILLPOINTS_60D529,0/3
UI_SKILLTREEUI_SKILLPOINTS_60DF97,0/3
UI_SKILLTREEUI_SKILLPOINTS_60E534,0/3
UI_SKILLTREEUI_SKILLPOINTS_60F94F,0/3
UI_SKILLTREEUI_SKILLPOINTS_60FC56,0/3
UI_SKILLTREEUI_SKILLPOINTS_60FC95,0/3
UI_SKILLTREEUI_SKILLPOINTS_60FF69,0/3
UI_SKILLTREEUI_SKILLPOINTS_611169,0/3
UI_SKILLTREEUI_SKILLPOINTS_612F90,0/3
UI_SKILLTREEUI_SKILLPOINTS_614379,0/3
UI_SKILLTREEUI_SKILLPOINTS_6151E7,0/3
UI_SKILLTREEUI_SKILLPOINTS_615B26,0/3
UI_SKILLTREEUI_SKILLPOINTS_61732E,0/3
UI_SKILLTREEUI_SKILLPOINTS_618089,0/3
UI_SKILLTREEUI_SKILLPOINTS_618EE4,0/3
UI_SKILLTREEUI_SKILLPOINTS_61A3E5,0/3
UI_SKILLTREEUI_SKILLPOINTS_61AF80,0/3
UI_SKILLTREEUI_SKILLPOINTS_61B3BE,0/3
UI_SKILLTREEUI_SKILLPOINTS_61B872,0/3
UI_SKILLTREEUI_SKILLPOINTS_61CBBA,0/3
UI_SKILLTREEUI_SKILLPOINTS_61D1F8,0/3
UI_SKILLTREEUI_SKILLPOINTS_61D3BA,0/3
UI_SKILLTREEUI_SKILLPOINTS_61E56C,0/3
UI_SKILLTREEUI_SKILLPOINTS_61E981,0/3
UI_SKILLTREEUI_SKILLPOINTS_6225E1,0/3
UI_SKILLTREEUI_SKILLPOINTS_6238DB,0/3
UI_SKILLTREEUI_SKILLPOINTS_6266BE,0/3
UI_SKILLTREEUI_SKILLPOINTS_62C384,0/3
UI_SKILLTREEUI_SKILLPOINTS_62E0F5,0/3
UI_SKILLTREEUI_SKILLPOINTS_62E9C8,0/3
UI_SKILLTREEUI_SKILLPOINTS_62EBD3,0/3
UI_SKILLTREEUI_SKILLPOINTS_630802,0/3
UI_SKILLTREEUI_SKILLPOINTS_632F52,0/3
UI_SKILLTREEUI_SKILLPOINTS_6331FF,0/3
UI_SKILLTREEUI_SKILLPOINTS_6339E3,0/3
UI_SKILLTREEUI_SKILLPOINTS_63522F,0/3
UI_SKILLTREEUI_SKILLPOINTS_6354A0,0/3
UI_SKILLTREEUI_SKILLPOINTS_636136,0/3
UI_SKILLTREEUI_SKILLPOINTS_63738D,0/3
UI_SKILLTREEUI_SKILLPOINTS_63956A,0/3
UI_SKILLTREEUI_SKILLPOINTS_63A85E,0/3
UI_SKILLTREEUI_SKILLPOINTS_63B0B7,0/3
UI_SKILLTREEUI_SKILLPOINTS_63B85F,0/3
UI_SKILLTREEUI_SKILLPOINTS_63D705,0/3
UI_SKILLTREEUI_SKILLPOINTS_63DCC6,0/3
UI_SKILLTREEUI_SKILLPOINTS_63F089,0/3
UI_SKILLTREEUI_SKILLPOINTS_640859,0/3
UI_SKILLTREEUI_SKILLPOINTS_640F3E,0/3
UI_SKILLTREEUI_SKILLPOINTS_641272,0/3
UI_SKILLTREEUI_SKILLPOINTS_6415ED,0/3
UI_SKILLTREEUI_SKILLPOINTS_64289D,0/3
UI_SKILLTREEUI_SKILLPOINTS_642901,0/3
UI_SKILLTREEUI_SKILLPOINTS_6434B4,0/3
UI_SKILLTREEUI_SKILLPOINTS_644721,0/3
UI_SKILLTREEUI_SKILLPOINTS_644DC2,0/3
UI_SKILLTREEUI_SKILLPOINTS_645F58,0/3
UI_SKILLTREEUI_SKILLPOINTS_645F63,0/3
UI_SKILLTREEUI_SKILLPOINTS_647112,0/3
UI_SKILLTREEUI_SKILLPOINTS_6478C5,0/3
UI_SKILLTREEUI_SKILLPOINTS_647C04,0/3
UI_SKILLTREEUI_SKILLPOINTS_6486DF,0/3
UI_SKILLTREEUI_SKILLPOINTS_648775,0/3
UI_SKILLTREEUI_SKILLPOINTS_649B0E,0/3
UI_SKILLTREEUI_SKILLPOINTS_64A1E4,0/3
UI_SKILLTREEUI_SKILLPOINTS_64B0C5,0/3
UI_SKILLTREEUI_SKILLPOINTS_64D0DC,0/3
UI_SKILLTREEUI_SKILLPOINTS_64DC1B,0/3
UI_SKILLTREEUI_SKILLPOINTS_650B3E,0/3
UI_SKILLTREEUI_SKILLPOINTS_650B59,0/3
UI_SKILLTREEUI_SKILLPOINTS_650E26,0/3
UI_SKILLTREEUI_SKILLPOINTS_6510AC,0/3
UI_SKILLTREEUI_SKILLPOINTS_651394,0/3
UI_SKILLTREEUI_SKILLPOINTS_654256,0/3
UI_SKILLTREEUI_SKILLPOINTS_6553B8,0/3
UI_SKILLTREEUI_SKILLPOINTS_656C76,0/3
UI_SKILLTREEUI_SKILLPOINTS_659D7E,0/3
UI_SKILLTREEUI_SKILLPOINTS_65B713,0/3
UI_SKILLTREEUI_SKILLPOINTS_65BCB6,0/3
UI_SKILLTREEUI_SKILLPOINTS_65CFC1,0/3
UI_SKILLTREEUI_SKILLPOINTS_65E208,0/3
UI_SKILLTREEUI_SKILLPOINTS_65E6BA,0/3
UI_SKILLTREEUI_SKILLPOINTS_65E759,0/3
UI_SKILLTREEUI_SKILLPOINTS_65E7DE,0/3
UI_SKILLTREEUI_SKILLPOINTS_65FB92,0/3
UI_SKILLTREEUI_SKILLPOINTS_6601AB,0/3
UI_SKILLTREEUI_SKILLPOINTS_66094C,0/3
UI_SKILLTREEUI_SKILLPOINTS_661064,0/3
UI_SKILLTREEUI_SKILLPOINTS_6613FB,0/3
UI_SKILLTREEUI_SKILLPOINTS_661912,0/3
UI_SKILLTREEUI_SKILLPOINTS_661D84,0/3
UI_SKILLTREEUI_SKILLPOINTS_663200,0/3
UI_SKILLTREEUI_SKILLPOINTS_6664EA,0/3
UI_SKILLTREEUI_SKILLPOINTS_667FCA,0/3
UI_SKILLTREEUI_SKILLPOINTS_66826D,0/3
UI_SKILLTREEUI_SKILLPOINTS_66898C,0/3
UI_SKILLTREEUI_SKILLPOINTS_669506,0/3
UI_SKILLTREEUI_SKILLPOINTS_66B069,0/3
UI_SKILLTREEUI_SKILLPOINTS_66B4D5,0/3
UI_SKILLTREEUI_SKILLPOINTS_66C459,0/3
UI_SKILLTREEUI_SKILLPOINTS_66C6A4,0/3
UI_SKILLTREEUI_SKILLPOINTS_66D06B,0/3
UI_SKILLTREEUI_SKILLPOINTS_66ECAB,0/3
UI_SKILLTREEUI_SKILLPOINTS_66EFA9,0/3
UI_SKILLTREEUI_SKILLPOINTS_670A72,0/3
UI_SKILLTREEUI_SKILLPOINTS_6717B2,0/3
UI_SKILLTREEUI_SKILLPOINTS_6730C8,0/3
UI_SKILLTREEUI_SKILLPOINTS_6759CC,0/3
UI_SKILLTREEUI_SKILLPOINTS_6766FE,0/3
UI_SKILLTREEUI_SKILLPOINTS_6773A3,0/3
UI_SKILLTREEUI_SKILLPOINTS_677744,0/3
UI_SKILLTREEUI_SKILLPOINTS_67796A,0/3
UI_SKILLTREEUI_SKILLPOINTS_6781CD,0/3
UI_SKILLTREEUI_SKILLPOINTS_678721,0/3
UI_SKILLTREEUI_SKILLPOINTS_6788F0,0/3
UI_SKILLTREEUI_SKILLPOINTS_6795AD,0/3
UI_SKILLTREEUI_SKILLPOINTS_67A094,0/3
UI_SKILLTREEUI_SKILLPOINTS_67B095,0/3
UI_SKILLTREEUI_SKILLPOINTS_67B46A,0/3
UI_SKILLTREEUI_SKILLPOINTS_67E2B3,0/3
UI_SKILLTREEUI_SKILLPOINTS_67EC2E,0/3
UI_SKILLTREEUI_SKILLPOINTS_67F8DD,0/3
UI_SKILLTREEUI_SKILLPOINTS_67FC2D,0/3
UI_SKILLTREEUI_SKILLPOINTS_68095A,0/3
UI_SKILLTREEUI_SKILLPOINTS_680C10,0/3
UI_SKILLTREEUI_SKILLPOINTS_6816D4,0/3
UI_SKILLTREEUI_SKILLPOINTS_6825B3,0/3
UI_SKILLTREEUI_SKILLPOINTS_6825CF,0/3
UI_SKILLTREEUI_SKILLPOINTS_685C8C,0/3
UI_SKILLTREEUI_SKILLPOINTS_6863B7,0/3
UI_SKILLTREEUI_SKILLPOINTS_686C1E,0/3
UI_SKILLTREEUI_SKILLPOINTS_6885E4,0/3
UI_SKILLTREEUI_SKILLPOINTS_6891F4,0/3
UI_SKILLTREEUI_SKILLPOINTS_6893F3,0/3
UI_SKILLTREEUI_SKILLPOINTS_68A26E,0/3
UI_SKILLTREEUI_SKILLPOINTS_68A348,0/3
UI_SKILLTREEUI_SKILLPOINTS_68AFCA,0/3
UI_SKILLTREEUI_SKILLPOINTS_68C6AE,0/3
UI_SKILLTREEUI_SKILLPOINTS_68CE24,0/3
UI_SKILLTREEUI_SKILLPOINTS_68D23E,0/3
UI_SKILLTREEUI_SKILLPOINTS_68D882,0/3
UI_SKILLTREEUI_SKILLPOINTS_68E072,0/3
UI_SKILLTREEUI_SKILLPOINTS_68E76A,0/3
UI_SKILLTREEUI_SKILLPOINTS_690A39,0/3
UI_SKILLTREEUI_SKILLPOINTS_6915F2,0/3
UI_SKILLTREEUI_SKILLPOINTS_69175D,0/3
UI_SKILLTREEUI_SKILLPOINTS_692238,0/3
UI_SKILLTREEUI_SKILLPOINTS_692F7B,0/3
UI_SKILLTREEUI_SKILLPOINTS_693974,0/3
UI_SKILLTREEUI_SKILLPOINTS_694C59,0/3
UI_SKILLTREEUI_SKILLPOINTS_696156,0/3
UI_SKILLTREEUI_SKILLPOINTS_6966DE,0/3
UI_SKILLTREEUI_SKILLPOINTS_696802,0/3
UI_SKILLTREEUI_SKILLPOINTS_696ECA,0/3
UI_SKILLTREEUI_SKILLPOINTS_69A228,0/3
UI_SKILLTREEUI_SKILLPOINTS_69A665,0/3
UI_SKILLTREEUI_SKILLPOINTS_69A866,0/3
UI_SKILLTREEUI_SKILLPOINTS_69AB1A,0/3
UI_SKILLTREEUI_SKILLPOINTS_69B429,0/3
UI_SKILLTREEUI_SKILLPOINTS_69C49F,0/3
UI_SKILLTREEUI_SKILLPOINTS_69CF2E,0/3
UI_SKILLTREEUI_SKILLPOINTS_69D8DA,0/3
UI_SKILLTREEUI_SKILLPOINTS_69DC29,0/3
UI_SKILLTREEUI_SKILLPOINTS_69DC74,0/3
UI_SKILLTREEUI_SKILLPOINTS_69F329,0/3
UI_SKILLTREEUI_SKILLPOINTS_69FFE7,0/3
UI_SKILLTREEUI_SKILLPOINTS_6A25A5,0/3
UI_SKILLTREEUI_SKILLPOINTS_6A2AF0,0/3
UI_SKILLTREEUI_SKILLPOINTS_6A2B83,0/3
UI_SKILLTREEUI_SKILLPOINTS_6A35E2,0/3
UI_SKILLTREEUI_SKILLPOINTS_6A39B5,0/3
UI_SKILLTREEUI_SKILLPOINTS_6A4794,0/3
UI_SKILLTREEUI_SKILLPOINTS_6A528F,0/3
UI_SKILLTREEUI_SKILLPOINTS_6A5909,0/3
UI_SKILLTREEUI_SKILLPOINTS_6A5AAE,0/3
UI_SKILLTREEUI_SKILLPOINTS_6A6494,0/3
UI_SKILLTREEUI_SKILLPOINTS_6A7972,0/3
UI_SKILLTREEUI_SKILLPOINTS_6A86CA,0/3
UI_SKILLTREEUI_SKILLPOINTS_6A8FFA,0/3
UI_SKILLTREEUI_SKILLPOINTS_6AAF4E,0/3
UI_SKILLTREEUI_SKILLPOINTS_6AC2DA,0/3
UI_SKILLTREEUI_SKILLPOINTS_6ADC6F,0/3
UI_SKILLTREEUI_SKILLPOINTS_6ADCD7,0/3
UI_SKILLTREEUI_SKILLPOINTS_6AFE5C,0/3
UI_SKILLTREEUI_SKILLPOINTS_6B0D67,0/3
UI_SKILLTREEUI_SKILLPOINTS_6B169A,0/3
UI_SKILLTREEUI_SKILLPOINTS_6B1BE5,0/3
UI_SKILLTREEUI_SKILLPOINTS_6B2C18,0/3
UI_SKILLTREEUI_SKILLPOINTS_6B2C8B,0/3
UI_SKILLTREEUI_SKILLPOINTS_6B33D8,0/3
UI_SKILLTREEUI_SKILLPOINTS_6B3826,0/3
UI_SKILLTREEUI_SKILLPOINTS_6B44D6,0/3
UI_SKILLTREEUI_SKILLPOINTS_6B46EC,0/3
UI_SKILLTREEUI_SKILLPOINTS_6B4F3B,0/3
UI_SKILLTREEUI_SKILLPOINTS_6B527D,0/3
UI_SKILLTREEUI_SKILLPOINTS_6B5488,0/3
UI_SKILLTREEUI_SKILLPOINTS_6B552B,0/3
UI_SKILLTREEUI_SKILLPOINTS_6B7471,0/3
UI_SKILLTREEUI_SKILLPOINTS_6B7EDF,0/3
UI_SKILLTREEUI_SKILLPOINTS_6BB8CC,0/3
UI_SKILLTREEUI_SKILLPOINTS_6BB8D2,0/3
UI_SKILLTREEUI_SKILLPOINTS_6BD2C7,0/3
UI_SKILLTREEUI_SKILLPOINTS_6BF1E4,0/3
UI_SKILLTREEUI_SKILLPOINTS_6C1A83,0/3
UI_SKILLTREEUI_SKILLPOINTS_6C1B4B,0/3
UI_SKILLTREEUI_SKILLPOINTS_6C25D0,0/3
UI_SKILLTREEUI_SKILLPOINTS_6C27D0,0/3
UI_SKILLTREEUI_SKILLPOINTS_6C2A9C,0/3
UI_SKILLTREEUI_SKILLPOINTS_6C2AB7,0/3
UI_SKILLTREEUI_SKILLPOINTS_6C4EF2,0/3
UI_SKILLTREEUI_SKILLPOINTS_6C5E71,0/3
UI_SKILLTREEUI_SKILLPOINTS_6C793A,0/3
UI_SKILLTREEUI_SKILLPOINTS_6C7A1C,0/3
UI_SKILLTREEUI_SKILLPOINTS_6C9BDD,0/3
UI_SKILLTREEUI_SKILLPOINTS_6CAA92,0/3
UI_SKILLTREEUI_SKILLPOINTS_6CAC0B,0/3
UI_SKILLTREEUI_SKILLPOINTS_6CB855,0/3
UI_SKILLTREEUI_SKILLPOINTS_6CC383,0/3
UI_SKILLTREEUI_SKILLPOINTS_6CC7CA,0/3
UI_SKILLTREEUI_SKILLPOINTS_6CEDAE,0/3
UI_SKILLTREEUI_SKILLPOINTS_6CF1E5,0/3
UI_SKILLTREEUI_SKILLPOINTS_6D0C60,0/3
UI_SKILLTREEUI_SKILLPOINTS_6D0CF4,0/3
UI_SKILLTREEUI_SKILLPOINTS_6D3D8B,0/3
UI_SKILLTREEUI_SKILLPOINTS_6D49AD,0/3
UI_SKILLTREEUI_SKILLPOINTS_6D4E78,0/3
UI_SKILLTREEUI_SKILLPOINTS_6D7B8B,0/3
UI_SKILLTREEUI_SKILLPOINTS_6D7BD4,0/3
UI_SKILLTREEUI_SKILLPOINTS_6D8C7D,0/3
UI_SKILLTREEUI_SKILLPOINTS_6DAC55,0/3
UI_SKILLTREEUI_SKILLPOINTS_6DD1E7,0/3
UI_SKILLTREEUI_SKILLPOINTS_6DE09C,0/3
UI_SKILLTREEUI_SKILLPOINTS_6DE1E0,0/3
UI_SKILLTREEUI_SKILLPOINTS_6DE6DA,0/3
UI_SKILLTREEUI_SKILLPOINTS_6DEA01,0/3
UI_SKILLTREEUI_SKILLPOINTS_6E02DF,0/3
UI_SKILLTREEUI_SKILLPOINTS_6E1583,0/3
UI_SKILLTREEUI_SKILLPOINTS_6E1B26,0/3
UI_SKILLTREEUI_SKILLPOINTS_6E1C4D,0/3
UI_SKILLTREEUI_SKILLPOINTS_6E1D09,0/3
UI_SKILLTREEUI_SKILLPOINTS_6E2896,0/3
UI_SKILLTREEUI_SKILLPOINTS_6E4A61,0/3
UI_SKILLTREEUI_SKILLPOINTS_6E5A34,0/3
UI_SKILLTREEUI_SKILLPOINTS_6E7353,0/3
UI_SKILLTREEUI_SKILLPOINTS_6E7431,0/3
UI_SKILLTREEUI_SKILLPOINTS_6E7E9F,0/3
UI_SKILLTREEUI_SKILLPOINTS_6E8230,0/3
UI_SKILLTREEUI_SKILLPOINTS_6E9C7A,0/3
UI_SKILLTREEUI_SKILLPOINTS_6EADEF,0/3
UI_SKILLTREEUI_SKILLPOINTS_6EC286,0/3
UI_SKILLTREEUI_SKILLPOINTS_6EC760,0/3
UI_SKILLTREEUI_SKILLPOINTS_6EEB83,0/3
UI_SKILLTREEUI_SKILLPOINTS_6F079B,0/3
UI_SKILLTREEUI_SKILLPOINTS_6F36A6,0/3
UI_SKILLTREEUI_SKILLPOINTS_6F37B9,0/3
UI_SKILLTREEUI_SKILLPOINTS_6F5313,0/3
UI_SKILLTREEUI_SKILLPOINTS_6F5ACE,0/3
UI_SKILLTREEUI_SKILLPOINTS_6F8A0B,0/3
UI_SKILLTREEUI_SKILLPOINTS_6F91AA,0/3
UI_SKILLTREEUI_SKILLPOINTS_6F940B,0/3
UI_SKILLTREEUI_SKILLPOINTS_6FB119,0/3
UI_SKILLTREEUI_SKILLPOINTS_6FB3BB,0/3
UI_SKILLTREEUI_SKILLPOINTS_6FB5B2,0/3
UI_SKILLTREEUI_SKILLPOINTS_6FD12B,0/3
UI_SKILLTREEUI_SKILLPOINTS_6FD566,0/3
UI_SKILLTREEUI_SKILLPOINTS_6FEACF,0/3
UI_SKILLTREEUI_SKILLPOINTS_6FEF08,0/3
UI_SKILLTREEUI_SKILLPOINTS_700AD0,0/3
UI_SKILLTREEUI_SKILLPOINTS_701E82,0/3
UI_SKILLTREEUI_SKILLPOINTS_70326C,0/3
UI_SKILLTREEUI_SKILLPOINTS_703C73,0/3
UI_SKILLTREEUI_SKILLPOINTS_703E93,0/3
UI_SKILLTREEUI_SKILLPOINTS_704B2B,0/3
UI_SKILLTREEUI_SKILLPOINTS_704E8D,0/3
UI_SKILLTREEUI_SKILLPOINTS_70512F,0/3
UI_SKILLTREEUI_SKILLPOINTS_705E6B,0/3
UI_SKILLTREEUI_SKILLPOINTS_7063F4,0/3
UI_SKILLTREEUI_SKILLPOINTS_707817,0/3
UI_SKILLTREEUI_SKILLPOINTS_707BE1,0/3
UI_SKILLTREEUI_SKILLPOINTS_707F07,0/3
UI_SKILLTREEUI_SKILLPOINTS_708515,0/3
UI_SKILLTREEUI_SKILLPOINTS_708A01,0/3
UI_SKILLTREEUI_SKILLPOINTS_708E1D,0/3
UI_SKILLTREEUI_SKILLPOINTS_708FBF,0/3
UI_SKILLTREEUI_SKILLPOINTS_7094C0,0/3
UI_SKILLTREEUI_SKILLPOINTS_709D47,0/3
UI_SKILLTREEUI_SKILLPOINTS_70A7E3,0/3
UI_SKILLTREEUI_SKILLPOINTS_70C073,0/3
UI_SKILLTREEUI_SKILLPOINTS_70C0AE,0/3
UI_SKILLTREEUI_SKILLPOINTS_70C31B,0/3
UI_SKILLTREEUI_SKILLPOINTS_70F1E7,0/3
UI_SKILLTREEUI_SKILLPOINTS_71113C,0/3
UI_SKILLTREEUI_SKILLPOINTS_71145B,0/3
UI_SKILLTREEUI_SKILLPOINTS_71174C,0/3
UI_SKILLTREEUI_SKILLPOINTS_711E4D,0/3
UI_SKILLTREEUI_SKILLPOINTS_712807,0/3
UI_SKILLTREEUI_SKILLPOINTS_712C1B,0/3
UI_SKILLTREEUI_SKILLPOINTS_713650,0/3
UI_SKILLTREEUI_SKILLPOINTS_713B09,0/3
UI_SKILLTREEUI_SKILLPOINTS_713CD0,0/3
UI_SKILLTREEUI_SKILLPOINTS_7140DA,0/3
UI_SKILLTREEUI_SKILLPOINTS_71564E,0/3
UI_SKILLTREEUI_SKILLPOINTS_71847F,0/3
UI_SKILLTREEUI_SKILLPOINTS_7193B1,0/3
UI_SKILLTREEUI_SKILLPOINTS_71BAF8,0/3
UI_SKILLTREEUI_SKILLPOINTS_71BD39,0/3
UI_SKILLTREEUI_SKILLPOINTS_71BD58,0/3
UI_SKILLTREEUI_SKILLPOINTS_71C74D,0/3
UI_SKILLTREEUI_SKILLPOINTS_71DB52,0/3
UI_SKILLTREEUI_SKILLPOINTS_71F137,0/3
UI_SKILLTREEUI_SKILLPOINTS_71F924,0/3
UI_SKILLTREEUI_SKILLPOINTS_7205D2,0/3
UI_SKILLTREEUI_SKILLPOINTS_7215DD,0/3
UI_SKILLTREEUI_SKILLPOINTS_72184D,0/3
UI_SKILLTREEUI_SKILLPOINTS_721F58,0/3
UI_SKILLTREEUI_SKILLPOINTS_722916,0/3
UI_SKILLTREEUI_SKILLPOINTS_723B7D,0/3
UI_SKILLTREEUI_SKILLPOINTS_725A07,0/3
UI_SKILLTREEUI_SKILLPOINTS_726243,0/3
UI_SKILLTREEUI_SKILLPOINTS_72629B,0/3
UI_SKILLTREEUI_SKILLPOINTS_727066,0/3
UI_SKILLTREEUI_SKILLPOINTS_7273E9,0/3
UI_SKILLTREEUI_SKILLPOINTS_729F11,0/3
UI_SKILLTREEUI_SKILLPOINTS_72D1E2,0/3
UI_SKILLTREEUI_SKILLPOINTS_72E9B9,0/3
UI_SKILLTREEUI_SKILLPOINTS_731489,0/3
UI_SKILLTREEUI_SKILLPOINTS_731EC0,0/3
UI_SKILLTREEUI_SKILLPOINTS_733674,0/3
UI_SKILLTREEUI_SKILLPOINTS_733928,0/3
UI_SKILLTREEUI_SKILLPOINTS_7347B9,0/3
UI_SKILLTREEUI_SKILLPOINTS_734B76,0/3
UI_SKILLTREEUI_SKILLPOINTS_735BB7,0/3
UI_SKILLTREEUI_SKILLPOINTS_738FD7,0/3
UI_SKILLTREEUI_SKILLPOINTS_73984D,0/3
UI_SKILLTREEUI_SKILLPOINTS_739A9E,0/3
UI_SKILLTREEUI_SKILLPOINTS_73E352,0/3
UI_SKILLTREEUI_SKILLPOINTS_73F0B8,0/3
UI_SKILLTREEUI_SKILLPOINTS_73FFE3,0/3
UI_SKILLTREEUI_SKILLPOINTS_740D2A,0/3
UI_SKILLTREEUI_SKILLPOINTS_741383,0/3
UI_SKILLTREEUI_SKILLPOINTS_7414B6,0/3
UI_SKILLTREEUI_SKILLPOINTS_742C93,0/3
UI_SKILLTREEUI_SKILLPOINTS_74419A,0/3
UI_SKILLTREEUI_SKILLPOINTS_744C66,0/3
UI_SKILLTREEUI_SKILLPOINTS_746BE2,0/3
UI_SKILLTREEUI_SKILLPOINTS_747960,0/3
UI_SKILLTREEUI_SKILLPOINTS_748578,0/3
UI_SKILLTREEUI_SKILLPOINTS_74858C,0/3
UI_SKILLTREEUI_SKILLPOINTS_748D39,0/3
UI_SKILLTREEUI_SKILLPOINTS_74AAFD,0/3
UI_SKILLTREEUI_SKILLPOINTS_74BE46,0/3
UI_SKILLTREEUI_SKILLPOINTS_74C304,0/3
UI_SKILLTREEUI_SKILLPOINTS_750954,0/3
UI_SKILLTREEUI_SKILLPOINTS_75149D,0/3
UI_SKILLTREEUI_SKILLPOINTS_752FB3,0/3
UI_SKILLTREEUI_SKILLPOINTS_75411F,0/3
UI_SKILLTREEUI_SKILLPOINTS_7544AD,0/3
UI_SKILLTREEUI_SKILLPOINTS_755CEA,0/3
UI_SKILLTREEUI_SKILLPOINTS_757F24,0/3
UI_SKILLTREEUI_SKILLPOINTS_759B80,0/3
UI_SKILLTREEUI_SKILLPOINTS_759D4E,0/3
UI_SKILLTREEUI_SKILLPOINTS_759D9D,0/3
UI_SKILLTREEUI_SKILLPOINTS_75A1EB,0/3
UI_SKILLTREEUI_SKILLPOINTS_75A8EC,0/3
UI_SKILLTREEUI_SKILLPOINTS_75C1E7,0/3
UI_SKILLTREEUI_SKILLPOINTS_75C48E,0/3
UI_SKILLTREEUI_SKILLPOINTS_75CFA2,0/3
UI_SKILLTREEUI_SKILLPOINTS_75D1C5,0/3
UI_SKILLTREEUI_SKILLPOINTS_75D343,0/3
UI_SKILLTREEUI_SKILLPOINTS_75E423,0/3
UI_SKILLTREEUI_SKILLPOINTS_75ECDC,0/3
UI_SKILLTREEUI_SKILLPOINTS_75F457,0/3
UI_SKILLTREEUI_SKILLPOINTS_75F586,0/3
UI_SKILLTREEUI_SKILLPOINTS_760776,0/3
UI_SKILLTREEUI_SKILLPOINTS_76082A,0/3
UI_SKILLTREEUI_SKILLPOINTS_76252C,0/3
UI_SKILLTREEUI_SKILLPOINTS_762F9A,0/3
UI_SKILLTREEUI_SKILLPOINTS_764279,0/3
UI_SKILLTREEUI_SKILLPOINTS_767A37,0/3
UI_SKILLTREEUI_SKILLPOINTS_767EC4,0/3
UI_SKILLTREEUI_SKILLPOINTS_768110,0/3
UI_SKILLTREEUI_SKILLPOINTS_768A3F,0/3
UI_SKILLTREEUI_SKILLPOINTS_768F21,0/3
UI_SKILLTREEUI_SKILLPOINTS_769204,0/3
UI_SKILLTREEUI_SKILLPOINTS_769567,0/3
UI_SKILLTREEUI_SKILLPOINTS_76B52E,0/3
UI_SKILLTREEUI_SKILLPOINTS_76D14F,0/3
UI_SKILLTREEUI_SKILLPOINTS_76DE2A,0/3
UI_SKILLTREEUI_SKILLPOINTS_771155,0/3
UI_SKILLTREEUI_SKILLPOINTS_771BD8,0/3
UI_SKILLTREEUI_SKILLPOINTS_773BFA,0/3
UI_SKILLTREEUI_SKILLPOINTS_774D76,0/3
UI_SKILLTREEUI_SKILLPOINTS_77599E,0/3
UI_SKILLTREEUI_SKILLPOINTS_776EBB,0/3
UI_SKILLTREEUI_SKILLPOINTS_776F46,0/3
UI_SKILLTREEUI_SKILLPOINTS_777CB3,0/3
UI_SKILLTREEUI_SKILLPOINTS_778921,0/3
UI_SKILLTREEUI_SKILLPOINTS_778CD0,0/3
UI_SKILLTREEUI_SKILLPOINTS_778F87,0/3
UI_SKILLTREEUI_SKILLPOINTS_779E8A,0/3
UI_SKILLTREEUI_SKILLPOINTS_77B46C,0/3
UI_SKILLTREEUI_SKILLPOINTS_77BD72,0/3
UI_SKILLTREEUI_SKILLPOINTS_77C310,0/3
UI_SKILLTREEUI_SKILLPOINTS_77E524,0/3
UI_SKILLTREEUI_SKILLPOINTS_77EC2B,0/3
UI_SKILLTREEUI_SKILLPOINTS_77FEA8,0/3
UI_SKILLTREEUI_SKILLPOINTS_7815E4,0/3
UI_SKILLTREEUI_SKILLPOINTS_7825A2,0/3
UI_SKILLTREEUI_SKILLPOINTS_783D93,0/3
UI_SKILLTREEUI_SKILLPOINTS_785112,0/3
UI_SKILLTREEUI_SKILLPOINTS_78569C,0/3
UI_SKILLTREEUI_SKILLPOINTS_785DA1,0/3
UI_SKILLTREEUI_SKILLPOINTS_785EAA,0/3
UI_SKILLTREEUI_SKILLPOINTS_787842,0/3
UI_SKILLTREEUI_SKILLPOINTS_787CA8,0/3
UI_SKILLTREEUI_SKILLPOINTS_788EA2,0/3
UI_SKILLTREEUI_SKILLPOINTS_789329,0/3
UI_SKILLTREEUI_SKILLPOINTS_78952F,0/3
UI_SKILLTREEUI_SKILLPOINTS_78AD72,0/3
UI_SKILLTREEUI_SKILLPOINTS_78B5C2,0/3
UI_SKILLTREEUI_SKILLPOINTS_78BF2C,0/3
UI_SKILLTREEUI_SKILLPOINTS_78C5B7,0/3
UI_SKILLTREEUI_SKILLPOINTS_78C764,0/3
UI_SKILLTREEUI_SKILLPOINTS_78C8CF,0/3
UI_SKILLTREEUI_SKILLPOINTS_78D0B2,0/3
UI_SKILLTREEUI_SKILLPOINTS_78FEEE,0/3
UI_SKILLTREEUI_SKILLPOINTS_790986,0/3
UI_SKILLTREEUI_SKILLPOINTS_791236,0/3
UI_SKILLTREEUI_SKILLPOINTS_79123D,0/3
UI_SKILLTREEUI_SKILLPOINTS_79147C,0/3
UI_SKILLTREEUI_SKILLPOINTS_792F77,0/3
UI_SKILLTREEUI_SKILLPOINTS_793CDC,0/3
UI_SKILLTREEUI_SKILLPOINTS_794E15,0/3
UI_SKILLTREEUI_SKILLPOINTS_796A96,0/3
UI_SKILLTREEUI_SKILLPOINTS_797520,0/3
UI_SKILLTREEUI_SKILLPOINTS_79A028,0/3
UI_SKILLTREEUI_SKILLPOINTS_79AC76,0/3
UI_SKILLTREEUI_SKILLPOINTS_79AFE0,0/3
UI_SKILLTREEUI_SKILLPOINTS_79B854,0/3
UI_SKILLTREEUI_SKILLPOINTS_79D438,0/3
UI_SKILLTREEUI_SKILLPOINTS_79D8AB,0/3
UI_SKILLTREEUI_SKILLPOINTS_79DA0F,0/3
UI_SKILLTREEUI_SKILLPOINTS_79EBCC,0/3
UI_SKILLTREEUI_SKILLPOINTS_7A227C,0/3
UI_SKILLTREEUI_SKILLPOINTS_7A26CD,0/3
UI_SKILLTREEUI_SKILLPOINTS_7A297A,0/3
UI_SKILLTREEUI_SKILLPOINTS_7A2DFA,0/3
UI_SKILLTREEUI_SKILLPOINTS_7A314E,0/3
UI_SKILLTREEUI_SKILLPOINTS_7A3A65,0/3
UI_SKILLTREEUI_SKILLPOINTS_7A3BCC,0/3
UI_SKILLTREEUI_SKILLPOINTS_7A54EA,0/3
UI_SKILLTREEUI_SKILLPOINTS_7A5574,0/3
UI_SKILLTREEUI_SKILLPOINTS_7A575B,0/3
UI_SKILLTREEUI_SKILLPOINTS_7A57A2,0/3
UI_SKILLTREEUI_SKILLPOINTS_7A6CAC,0/3
UI_SKILLTREEUI_SKILLPOINTS_7A7845,0/3
UI_SKILLTREEUI_SKILLPOINTS_7A9791,0/3
UI_SKILLTREEUI_SKILLPOINTS_7AAF7D,0/3
UI_SKILLTREEUI_SKILLPOINTS_7ACFA1,0/3
UI_SKILLTREEUI_SKILLPOINTS_7AD2FE,0/3
UI_SKILLTREEUI_SKILLPOINTS_7ADE89,0/3
UI_SKILLTREEUI_SKILLPOINTS_7AE90A,0/3
UI_SKILLTREEUI_SKILLPOINTS_7AF49E,0/3
UI_SKILLTREEUI_SKILLPOINTS_7B0216,0/3
UI_SKILLTREEUI_SKILLPOINTS_7B2EB5,0/3
UI_SKILLTREEUI_SKILLPOINTS_7B2F58,0/3
UI_SKILLTREEUI_SKILLPOINTS_7B3E89,0/3
UI_SKILLTREEUI_SKILLPOINTS_7B3F5A,0/3
UI_SKILLTREEUI_SKILLPOINTS_7B49F9,0/3
UI_SKILLTREEUI_SKILLPOINTS_7B4E5F,0/3
UI_SKILLTREEUI_SKILLPOINTS_7B5038,0/3
UI_SKILLTREEUI_SKILLPOINTS_7B682A,0/3
UI_SKILLTREEUI_SKILLPOINTS_7B717A,0/3
UI_SKILLTREEUI_SKILLPOINTS_7B8D65,0/3
UI_SKILLTREEUI_SKILLPOINTS_7BA13B,0/3
UI_SKILLTREEUI_SKILLPOINTS_7BBEBC,0/3
UI_SKILLTREEUI_SKILLPOINTS_7BBEFA,0/3
UI_SKILLTREEUI_SKILLPOINTS_7BCF0D,0/3
UI_SKILLTREEUI_SKILLPOINTS_7BD0A5,0/3
UI_SKILLTREEUI_SKILLPOINTS_7BD2B4,0/3
UI_SKILLTREEUI_SKILLPOINTS_7BD4CF,0/3
UI_SKILLTREEUI_SKILLPOINTS_7BF28A,0/3
UI_SKILLTREEUI_SKILLPOINTS_7BF374,0/3
UI_SKILLTREEUI_SKILLPOINTS_7C0200,0/3
UI_SKILLTREEUI_SKILLPOINTS_7C0529,0/3
UI_SKILLTREEUI_SKILLPOINTS_7C3BCD,0/3
UI_SKILLTREEUI_SKILLPOINTS_7C3CB3,0/3
UI_SKILLTREEUI_SKILLPOINTS_7C3DA8,0/3
UI_SKILLTREEUI_SKILLPOINTS_7C4A75,0/3
UI_SKILLTREEUI_SKILLPOINTS_7C4B2D,0/3
UI_SKILLTREEUI_SKILLPOINTS_7C657E,0/3
UI_SKILLTREEUI_SKILLPOINTS_7C6923,0/3
UI_SKILLTREEUI_SKILLPOINTS_7C777D,0/3
UI_SKILLTREEUI_SKILLPOINTS_7C7FE0,0/3
UI_SKILLTREEUI_SKILLPOINTS_7C9794,0/3
UI_SKILLTREEUI_SKILLPOINTS_7C9BDE,0/3
UI_SKILLTREEUI_SKILLPOINTS_7C9FF0,0/3
UI_SKILLTREEUI_SKILLPOINTS_7CC2BD,0/3
UI_SKILLTREEUI_SKILLPOINTS_7CC35F,0/3
UI_SKILLTREEUI_SKILLPOINTS_7CF297,0/3
UI_SKILLTREEUI_SKILLPOINTS_7D1F97,0/3
UI_SKILLTREEUI_SKILLPOINTS_7D2828,0/3
UI_SKILLTREEUI_SKILLPOINTS_7D3AA8,0/3
UI_SKILLTREEUI_SKILLPOINTS_7D455F,0/3
UI_SKILLTREEUI_SKILLPOINTS_7D46A1,0/3
UI_SKILLTREEUI_SKILLPOINTS_7D7476,0/3
UI_SKILLTREEUI_SKILLPOINTS_7D7F27,0/3
UI_SKILLTREEUI_SKILLPOINTS_7D83B0,0/3
UI_SKILLTREEUI_SKILLPOINTS_7D93D4,0/3
UI_SKILLTREEUI_SKILLPOINTS_7D95D2,0/3
UI_SKILLTREEUI_SKILLPOINTS_7D99EF,0/3
UI_SKILLTREEUI_SKILLPOINTS_7D9C82,0/3
UI_SKILLTREEUI_SKILLPOINTS_7DAD57,0/3
UI_SKILLTREEUI_SKILLPOINTS_7DAF71,0/3
UI_SKILLTREEUI_SKILLPOINTS_7DB271,0/3
UI_SKILLTREEUI_SKILLPOINTS_7DB8AC,0/3
UI_SKILLTREEUI_SKILLPOINTS_7DC249,0/3
UI_SKILLTREEUI_SKILLPOINTS_7DD2F3,0/3
UI_SKILLTREEUI_SKILLPOINTS_7DD73C,0/3
UI_SKILLTREEUI_SKILLPOINTS_7DDC0A,0/3
UI_SKILLTREEUI_SKILLPOINTS_7DE9C0,0/3
UI_SKILLTREEUI_SKILLPOINTS_7DF934,0/3
UI_SKILLTREEUI_SKILLPOINTS_7DFA1E,0/3
UI_SKILLTREEUI_SKILLPOINTS_7DFADE,0/3
UI_SKILLTREEUI_SKILLPOINTS_7DFED8,0/3
UI_SKILLTREEUI_SKILLPOINTS_7E1D44,0/3
UI_SKILLTREEUI_SKILLPOINTS_7E40E2,0/3
UI_SKILLTREEUI_SKILLPOINTS_7E5AC6,0/3
UI_SKILLTREEUI_SKILLPOINTS_7E5BDF,0/3
UI_SKILLTREEUI_SKILLPOINTS_7E5C32,0/3
UI_SKILLTREEUI_SKILLPOINTS_7E61EF,0/3
UI_SKILLTREEUI_SKILLPOINTS_7E624B,0/3
UI_SKILLTREEUI_SKILLPOINTS_7E64D8,0/3
UI_SKILLTREEUI_SKILLPOINTS_7E6C22,0/3
UI_SKILLTREEUI_SKILLPOINTS_7E78CD,0/3
UI_SKILLTREEUI_SKILLPOINTS_7E79CA,0/3
UI_SKILLTREEUI_SKILLPOINTS_7E874C,0/3
UI_SKILLTREEUI_SKILLPOINTS_7EBA44,0/3
UI_SKILLTREEUI_SKILLPOINTS_7EE689,0/3
UI_SKILLTREEUI_SKILLPOINTS_7EF6FE,0/3
UI_SKILLTREEUI_SKILLPOINTS_7EFB22,0/3
UI_SKILLTREEUI_SKILLPOINTS_7F004A,0/3
UI_SKILLTREEUI_SKILLPOINTS_7F0E69,0/3
UI_SKILLTREEUI_SKILLPOINTS_7F0F38,0/3
UI_SKILLTREEUI_SKILLPOINTS_7F108F,0/3
UI_SKILLTREEUI_SKILLPOINTS_7F20B6,0/3
UI_SKILLTREEUI_SKILLPOINTS_7F2EA2,0/3
UI_SKILLTREEUI_SKILLPOINTS_7F3D32,0/3
UI_SKILLTREEUI_SKILLPOINTS_7F425C,0/3
UI_SKILLTREEUI_SKILLPOINTS_7F4489,0/3
UI_SKILLTREEUI_SKILLPOINTS_7F4C46,0/3
UI_SKILLTREEUI_SKILLPOINTS_7F50BC,0/3
UI_SKILLTREEUI_SKILLPOINTS_7F534E,0/3
UI_SKILLTREEUI_SKILLPOINTS_7F713A,0/3
UI_SKILLTREEUI_SKILLPOINTS_7F7B63,0/3
UI_SKILLTREEUI_SKILLPOINTS_7F9515,0/3
UI_SKILLTREEUI_SKILLPOINTS_7F97F9,0/3
UI_SKILLTREEUI_SKILLPOINTS_7FA02B,0/3
UI_SKILLTREEUI_SKILLPOINTS_7FA1DE,0/3
UI_SKILLTREEUI_SKILLPOINTS_7FAFB7,0/3
UI_SKILLTREEUI_SKILLPOINTS_7FB328,0/3
UI_SKILLTREEUI_SKILLPOINTS_7FD17E,0/3
UI_SKILLTREEUI_SKILLPOINTS_7FD93B,0/3
UI_SKILLTREEUI_SKILLPOINTS_7FD956,0/3
UI_SKILLTREEUI_SKILLPOINTS_7FF14F,0/3
UI_SLEEP_SUMMARY_CROPS,Le colture sono cresciute
UI_SLEEP_SUMMARY_CROPS_ADVANCED,{0} è ancora in crescita
UI_SLEEP_SUMMARY_CROPS_READY,{0} pronto per il raccolto
UI_SLEEP_SUMMARY_ENCOUNTERS,Scontri azzerati
UI_SLEEP_SUMMARY_ENCOUNTERS_VALUE,{0} azzerato
UI_SLEEP_SUMMARY_HEADER_REST,Ti sei riposato
UI_SLEEP_SUMMARY_HEADER_SLEEP,Hai dormito fino alle {0}:00
UI_SLEEP_SUMMARY_ITEMS,Oggetti da combattimento ricaricati
UI_SLEEP_SUMMARY_ITEMS_VALUE,{0} ricaricato
UI_SLEEP_SUMMARY_MONSTERS,I mostri ricompaiono
UI_SLEEP_SUMMARY_MONSTERS_VALUE,{0} restituito
UI_SLEEP_SUMMARY_NOURISHMENT,Nutrimento esaurito
UI_SLEEP_SUMMARY_NOURISHMENT_VALUE,-{0}
UI_SLEEP_SUMMARY_RESTED,Ben riposato
UI_SLEEP_SUMMARY_RESTED_VALUE,"+{0}% XP, -{1}% decadimento"
UI_SLEEP_SUMMARY_XP,XP aumentati
UI_SLEEP_SUMMARY_XP_VALUE,+{0} XP
UI_SLIDER_NAME_753A2E,Volume principale
UI_SOCIAL_MENUHEADER,Sociale
UI_SOCIALSCREEN_ACTIONNAME_44A5CE,Indietro
UI_SOCIALSCREEN_ACTIONNAME_5BE7C1,Cambia il nome del gruppo
UI_SOCIALSCREEN_ACTIONNAME_65FA92,Apri finestra del profilo
UI_SOCIALSCREEN_ACTIONNAME_7013BA,Scegli
UI_SOCIALSCREEN_ITEM_457474,Esci
UI_SOCIALSCREEN_ITEM_7F5E4A,Sciogli
UI_SORT_ASCENDING,Crescente
UI_SORT_AUTO,Automatico
UI_SORT_DATE,Data
UI_SORT_DESCENDING,Decrescente
UI_SORT_RARITY,Rarità
UI_SORT_SET,Set
UI_SORT_WEIGHT,Peso
UI_SPECTATING,Stai osservando: {0}
UI_SPELL_ALREADY_UNLOCKED,Incantesimo già sbloccato
UI_SPELL_BUFF_SKILLPOINTS_7032A1,0/3
UI_SPELL_SKILLPOINTS_7032A1,0/3
UI_SPELLBOOK_ATTRIBUTE_HEADER,Attributo richiesto
UI_SPELLFILTER_ALL,Tutti gli incantesimi
UI_SPELLFILTER_ATTRIBUTES,Attributi
UI_SPELLFILTER_CLASS,Classe
UI_SPELLFILTER_DAMAGE,Danno
UI_SPELLFILTER_DEFENSE,Difesa
UI_SPELLFILTER_EFFECT,Effetto
UI_SPELLFILTER_RACE,Razza
UI_SPELLFILTER_SUPPORT,Supporto
UI_SPELLFILTER_UTILITY,Utilità
UI_SPELLS_MENUHEADER,Incantesimi
UI_SPELLSCREEN_ACTIONNAME_04D7C5,Scegli
UI_SPELLSCREEN_ACTIONNAME_0542C6,Azione
UI_SPELLSCREEN_ACTIONNAME_0E0856,Azione
UI_SPELLSCREEN_ACTIONNAME_1A9EF0,Azione
UI_SPELLSCREEN_ACTIONNAME_1DE9D5,Indietro
UI_SPELLSCREEN_ACTIONNAME_25E983,Azione
UI_SPELLSCREEN_ACTIONNAME_2B266A,Mostra/nascondi descrizioni
UI_SPELLSCREEN_ACTIONNAME_2E9ECE,Azione
UI_SPELLSCREEN_ACTIONNAME_387C3D,Indietro
UI_SPELLSCREEN_ACTIONNAME_4EF66C,Riassegna tutto
UI_SPELLSCREEN_ACTIONNAME_541FA2,Riordina
UI_SPELLSCREEN_ACTIONNAME_563609,Azione
UI_SPELLSCREEN_ACTIONNAME_5EBD9F,Cerca
UI_SPELLSCREEN_ACTIONNAME_618F24,Azione
UI_SPELLSCREEN_ACTIONNAME_665E1F,Azione
UI_SPELLSCREEN_ACTIONNAME_67E6BE,Azione
UI_SPELLSCREEN_ACTIONNAME_74BD8F,Scegli
UI_SPELLSCREEN_ACTIONNAME_7F32DD,Azione
UI_SPELLSCREEN_ITEM_1BDD6F,Riassegna tutto
UI_SPELLSCREEN_ITEM_742DD2,Riassegna tutto
UI_SPELLSPAGESCREE_ACTIONNAME_0E0856,Azione
UI_SPELLSPAGESCREE_ACTIONNAME_1BD7F8,Azione
UI_SPELLSPAGESCREE_ACTIONNAME_1DE9D5,Indietro
UI_SPELLSPAGESCREE_ACTIONNAME_26C4A2,Azione
UI_SPELLSPAGESCREE_ACTIONNAME_297D06,Azione
UI_SPELLSPAGESCREE_ACTIONNAME_2E9ECE,Azione
UI_SPELLSPAGESCREE_ACTIONNAME_338B63,Cerca
UI_SPELLSPAGESCREE_ACTIONNAME_3AF005,Azione
UI_SPELLSPAGESCREE_ACTIONNAME_41D646,Azione
UI_SPELLSPAGESCREE_ACTIONNAME_4C60C1,Azione
UI_SPELLSPAGESCREE_ACTIONNAME_541FA2,Riordina
UI_SPELLSPAGESCREE_ACTIONNAME_555E06,Azione
UI_SPELLSPAGESCREE_ACTIONNAME_563609,Azione
UI_SPELLSPAGESCREE_ACTIONNAME_5FBDF5,Azione
UI_SPELLSPAGESCREE_ACTIONNAME_665E1F,Mostra/nascondi descrizioni
UI_SPELLSPAGESCREE_ACTIONNAME_67E6BE,Azione
UI_SPELLSPAGESCREE_ACTIONNAME_710764,Azione
UI_SPELLSPAGESCREE_ACTIONNAME_74B1A2,Azione
UI_SPELLSPAGESCREE_ACTIONNAME_74BD8F,Scegli
UI_SPELLSPAGESCREE_ACTIONNAME_7F32DD,Azione
UI_SPENT_POINTS,Punti spesi
UI_SPLITMENU_ITEM_34D615,Conferma
UI_SPLITMENU_ITEM_5B4AFA,Annulla
UI_STAMINA,Vigore
UI_STAT_BUFF_SKILLPOINTS_7032A1,0/3
UI_STATS_LEVEL_BADGE,Liv
UI_STEAMFRIENDENTR_TMP_68603D,Unisciti
UI_STORAGESCREEN_ACTIONNAME_0131EB,Conferma
UI_STORAGESCREEN_ACTIONNAME_0370E4,Azione
UI_STORAGESCREEN_ACTIONNAME_03C97E,Dividi
UI_STORAGESCREEN_ACTIONNAME_03CC50,Azione
UI_STORAGESCREEN_ACTIONNAME_0787D5,Azione
UI_STORAGESCREEN_ACTIONNAME_08AAE2,Azione
UI_STORAGESCREEN_ACTIONNAME_0FC875,Azione
UI_STORAGESCREEN_ACTIONNAME_11201C,Prendi tutto
UI_STORAGESCREEN_ACTIONNAME_11AB87,Prendi tutto
UI_STORAGESCREEN_ACTIONNAME_11BB89,Azione
UI_STORAGESCREEN_ACTIONNAME_133EF7,Azione
UI_STORAGESCREEN_ACTIONNAME_154B70,Azione
UI_STORAGESCREEN_ACTIONNAME_1639A7,Azione
UI_STORAGESCREEN_ACTIONNAME_172027,Azione
UI_STORAGESCREEN_ACTIONNAME_19F800,Prendi tutto
UI_STORAGESCREEN_ACTIONNAME_1C329D,Azione
UI_STORAGESCREEN_ACTIONNAME_1CF9EA,Azione
UI_STORAGESCREEN_ACTIONNAME_1DB126,Prendi tutto
UI_STORAGESCREEN_ACTIONNAME_203633,Azione
UI_STORAGESCREEN_ACTIONNAME_294AEE,Azione
UI_STORAGESCREEN_ACTIONNAME_29B060,Invia la pila
UI_STORAGESCREEN_ACTIONNAME_2D5C2E,Azione
UI_STORAGESCREEN_ACTIONNAME_33F839,Azione
UI_STORAGESCREEN_ACTIONNAME_39D0F5,Getta la pila
UI_STORAGESCREEN_ACTIONNAME_39FBDC,Invia oggetto
UI_STORAGESCREEN_ACTIONNAME_3AEB29,Getta oggetto
UI_STORAGESCREEN_ACTIONNAME_404490,Annulla
UI_STORAGESCREEN_ACTIONNAME_43CA26,Azione
UI_STORAGESCREEN_ACTIONNAME_44D91F,Deposita tutto
UI_STORAGESCREEN_ACTIONNAME_4B44F0,Ordina
UI_STORAGESCREEN_ACTIONNAME_4B78E0,Invia oggetto
UI_STORAGESCREEN_ACTIONNAME_4C54C5,Prendi tutto
UI_STORAGESCREEN_ACTIONNAME_4CA415,Prendi tutto
UI_STORAGESCREEN_ACTIONNAME_4E208E,Getta la pila
UI_STORAGESCREEN_ACTIONNAME_568620,Getta oggetto
UI_STORAGESCREEN_ACTIONNAME_5B2805,Sposta oggetto
UI_STORAGESCREEN_ACTIONNAME_5B52D7,Prendi tutto
UI_STORAGESCREEN_ACTIONNAME_629006,Mostra/nascondi descrizioni
UI_STORAGESCREEN_ACTIONNAME_724C33,Azione
UI_STORAGESCREEN_ACTIONNAME_74378D,Indietro
UI_STORAGESCREEN_ACTIONNAME_759FEB,Menu oggetti
UI_STORAGESCREEN_ACTIONNAME_7C35C3,Prendi tutto
UI_STORAGESCREEN_BULKALLHINTX2_737018,x2
UI_STORAGESCREEN_BULKMATCHINGHIN_152196,x2
UI_STORAGESCREEN_DEPOSITMATCHING_76F0F9,x2
UI_STORAGESCREEN_TAKEMATCHINGHIN_47B00A,x2
UI_STORAGESCREEN_X2_1EA766,x2
UI_STORAGESCREEN_X2_73C6C9,x2
UI_STORAGEVIEW_ACTIONNAME_174E5A,Azione
UI_STORAGEVIEW_ACTIONNAME_178365,Prendi tutto
UI_STORAGEVIEW_ACTIONNAME_1F27C6,Prendi tutto
UI_STORAGEVIEW_ACTIONNAME_2218C6,Prendi tutto
UI_STORAGEVIEW_ACTIONNAME_37C478,Prendi tutto
UI_STORAGEVIEW_ACTIONNAME_46C7D2,Azione
UI_STORAGEVIEW_ACTIONNAME_6145BA,Prendi tutto
UI_STORAGEVIEW_ACTIONNAME_62655E,Prendi tutto
UI_STORAGEVIEW_ACTIONNAME_692B5A,Prendi tutto
UI_STORAGEVIEW_TMP_0BE979,Prendi tutto
UI_STORAGEVIEW_TMP_16D79A,Deposita tutto
UI_STORAGEVIEW_X2_10D4EE,x2
UI_STORAGEVIEW_X2_2DB33A,x2
UI_THIRST,Sete
UI_THIRST_WARNING,Hai sete. Vigore e concentrazione sono ridotti.
UI_TIMEDEVENTBAR_TMP_054F2C,00:00
UI_TOGGLE_NAME_753A2E,Schermo intero
UI_TOOL_AXE,Ascia
UI_TOOL_CUTTINGSHEERS,Cesoie
UI_TOOL_DONATION,Donazione
UI_TOOL_FISHINGROD,Canna da pesca
UI_TOOL_GLOVES,Guanti
UI_TOOL_GOLD,Oro
UI_TOOL_PICKAXE,Piccone
UI_TOOL_SHOVEL,Pala
UI_TOOLTIP_ACTIONNAME_646F0E,Segui missione
UI_TOOLTIP_DESCRIPTION_LABEL,Descrizione:
UI_TOOLTIPSUI_LEARNEDTEXT_4A4040,Appreso
UI_TOPLEVELTAB_TMP_054F2C,Tab
UI_TOTAL,Totale
UI_TUTORIALBUTTON_TMP_07097D,w
UI_TUTORIALBUTTON_TMP_7F55BB,RT
UI_TUTORIALENTRY_TMP_40558B,Movimento: premi  
UI_TUTORIALPOPUP_MESSAGE_4F68CF,"Grazie per aver giocato!\n\n\nHai sconfitto il Treant corrotto e completato la storia principale disponibile nella demo di Dimraeth.\n\n\nPuoi continuare a giocare per trovare altre missioni secondarie, potenziare il personaggio e rigiocare gli incarichi.\n\n\nSe il gioco ti è piaciuto, considera di lasciare una recensione. Ci aiuta a migliorare Dimraeth e a raggiungere più giocatori."
UI_TUTORIALPOPUP_MOVEMENT_MOUSE,Mouse
UI_TUTORIALPOPUP_MOVEMENT_WASD,WASD
UI_TUTORIALPOPUP_TMP_0439FD,Continua partita
UI_TUTORIALPOPUP_TMP_7CDB57,Dimraeth
UI_TUTORIALPOPUP_TRACKQUEST_TIP,Clicca questo pulsante per seguire la missione
UI_UIACTIONHINT_ACTIONNAME_73824F,Azione
UI_UIBUTTONVIEW_ITEM_6A0BC1,Pulsante
UI_UIROOT_ACTIONNAME_050FC6,Non nascondere i muri
UI_UIROOT_ACTIONNAME_54E8F0,Tieni premuto per costruire
UI_UIROOT_ACTIONNAME_640ECE,Premi per costruire
UI_UPGRADE_SKILLPOINTS_7032A1,0/3
UI_WAYPOINT_FAST_TRAVEL,Seleziona per il viaggio rapido
UI_WAYPOINT_FAST_TRAVEL_CONTROLLER,Seleziona per il viaggio rapido
UI_WAYPOINTFILTER_ITEM_33ED87,Varchi
UI_WORLD_AGE_DAY,Giorno
UI_WORLD_AGE_DAYS,Giorni
UI_WORLD_AGE_NEW,Nuovo
UI_WORLD_AGE_UNKNOWN,Età: sconosciuta
UI_WORLD_AGE_YEAR,Anno
UI_WORLD_AGE_YEARS,Anni
UI_WORLD_ALL_CHARACTERS_ALLOWED,Tutti i personaggi ammessi
UI_WORLD_NEW_CHARACTERS_ONLY,Solo nuovi personaggi
UI_WORLD_TYPE_MULTIPLAYER,Mondo multigiocatore
UI_WORLD_TYPE_SINGLEPLAYER,Mondo per giocatore singolo
UI_WORLDCREATIONSC_ACTIONNAME_002DD8,Regola il livello di difficoltà
UI_WORLDCREATIONSC_ACTIONNAME_3A0078,Azione
UI_WORLDCREATIONSC_ACTIONNAME_5282E9,Azione
UI_WORLDCREATIONSC_ACTIONNAME_5323B2,Azione
UI_WORLDCREATIONSC_ACTIONNAME_7782C5,Modifica nome
UI_WORLDCREATIONSC_ACTIONNAME_7F5B66,Azione
UI_WORLDSELECTIONS_ACTIONNAME_0B31A9,Azione
UI_WORLDSELECTIONS_ACTIONNAME_183C49,Azione
UI_WORLDSELECTIONS_ACTIONNAME_2BEA1F,Azione
UI_WORLDSELECTIONS_ACTIONNAME_512D1A,Elimina
UI_WORLDSELECTIONS_ACTIONNAME_5282E9,Azione
UI_WORLDSELECTIONS_ACTIONNAME_5323B2,Azione
UI_WORLDSELECTIONS_ACTIONNAME_7F5B66,Azione
UI_WORLDSLOT_WORLDNAME_760B3E,Il Nome Più Lungo
UI_XP,XP
